Production Year,Production Date Entered,Operator,County,Town,Field,Producing Formation,Active Oil Wells,Inactive Oil Wells,Active Gas Wells,Inactive Gas Wells,Injection Wells,Disposal Wells,Self-use Well,"Oil Produced, bbl","Gas Produced, Mcf","Water produced, bbl","Taxable Gas, Mcf",Purchaser Codes,Location
1983,1984-02-01,"Resource Exploration, Inc.",Chautauqua,NORTH HARMONY,NORTH HARMONY,BASS ISLAND,3,4,1,0,0,0,NO,14611,32962,0,0,,"NORTH HARMONY, NY
(42.094296, -79.374999)"
1983,1984-02-01,F & T Oil,Chautauqua,BUSTI,BUSTI,GLADE,1,0,0,0,0,0,NO,109,52,30,0,,"BUSTI, NY
(42.038067, -79.283549)"
1983,1984-02-07,Pennzoil Products Co.,Cattaraugus,CARROLLTON,CHIPMUNK,CHIPMUNK,366,24,0,0,297,0,NO,44040,678,1085208,0,,"CARROLLTON, NY
(42.023289, -78.628438)"
1983,1984-02-07,Pennzoil Products Co.,Cattaraugus,ALLEGANY,CHIPMUNK,CHIPMUNK,329,4,0,0,317,0,NO,57183,863,1382784,0,,"ALLEGANY, NY
(42.088061, -78.491258)"
1983,1984-02-07,Pennzoil Products Co.,Cattaraugus,ALLEGANY,BRADFORD,BRADFORD,167,33,0,0,167,0,NO,114238,1745,2328360,0,,"ALLEGANY, NY
(42.088061, -78.491258)"
1983,1984-02-07,Pennzoil Products Co.,Cattaraugus,OLEAN,BRADFORD,BRADFORD,9,50,0,0,59,0,NO,793,11,7600,0,,"OLEAN, NY
(42.077495, -78.429849)"
1983,1984-02-07,Pennzoil Products Co.,Cattaraugus,ALLEGANY,BRADFORD,BRADFORD,0,66,0,0,71,0,NO,1048,13,8990,0,,"ALLEGANY, NY
(42.088061, -78.491258)"
1983,1984-02-07,Pennzoil Products Co.,Cattaraugus,CARROLLTON,BRADFORD,BRADFORD,0,6,0,0,0,0,NO,450,7,9080,0,,"CARROLLTON, NY
(42.023289, -78.628438)"
1983,1984-02-07,Pennzoil Products Co.,Cattaraugus,CARROLLTON,CHIPMUNK,ONONDAGA,0,0,1,0,0,0,NO,3526,3869,0,0,,"CARROLLTON, NY
(42.023289, -78.628438)"
1983,1984-02-07,Pennzoil Products Co.,Cattaraugus,CARROLLTON,CHIPMUNK,ONONDAGA,0,0,2,0,0,0,NO,200,60,0,0,,"CARROLLTON, NY
(42.023289, -78.628438)"
1983,1984-02-07,Pennzoil Products Co.,Cattaraugus,OLEAN,BRADFORD,BRADFORD,0,4,0,0,0,0,INACTIVE,533,6,3980,0,,"OLEAN, NY
(42.077495, -78.429849)"
1983,1984-02-07,Pennzoil Products Co.,Cattaraugus,OLEAN,BRADFORD,ORISKANY,0,0,1,0,0,0,NO,4410,395000,0,0,,"OLEAN, NY
(42.077495, -78.429849)"
1983,1984-02-22,"Universal Resources Holdings, Incorporated",Chautauqua,CHARLOTTE,GERRY-CHARLOTTE,BASS ISLAND,1,0,0,0,0,0,NO,5714,67624,6701,0,,"CHARLOTTE, NY
(43.255001, -77.617203)"
1983,1984-02-28,"Ekas, David & Archer",Cattaraugus,CARROLLTON,BRADFORD,CHIPMUNK,15,1,0,0,0,0,NO,735,247,138,0,,"CARROLLTON, NY
(42.023289, -78.628438)"
1983,1984-03-05,J G & A Co-Venture,Allegany,ANDOVER,BEECH HILL-INDEPENDENCE,PENNY & FULMER VALLEY,2,7,0,0,0,0,NO,315,375,0,0,,"ANDOVER, NY
(42.156405, -77.795231)"
1983,1984-03-05,"Winger, Philip G. & Diane E.",Cattaraugus,CARROLLTON,BRADFORD,CHIPMUNK,1,0,0,0,0,0,NO,713,385,700,0,,"CARROLLTON, NY
(42.023289, -78.628438)"
1983,1984-03-06,National Fuel Gas Supply Corp.,Chautauqua,ELLERY,NASHVILLE,BASS ISLAND,1,0,0,0,0,0,NO,568,16963,0,0,,"ELLERY, NY
(42.159868, -79.393216)"
1983,1984-03-09,Potter Oil Co.,Allegany,INDEPENDENCE,BEECH HILL-INDEPENDENCE,FULMER VALLEY,29,5,0,0,6,0,NO,1553,15696,0,0,,"INDEPENDENCE, NY
(42.088045, -77.781386)"
1983,1984-03-09,"Arrowhead Gas Producers, Inc.",Cattaraugus,ALLEGANY,BRADFORD,BRADFORD,8,0,0,0,0,0,NO,5621,1800,4230,0,,"ALLEGANY, NY
(42.088061, -78.491258)"
1983,1984-03-26,"Beaver, Albert H",Cattaraugus,OLEAN,BRADFORD,BRADFORD,7,1,0,0,0,0,NO,142,10336,115,0,,"OLEAN, NY
(42.077495, -78.429849)"
1983,1984-03-26,"Roberts, Carl H",Allegany,CLARKSVILLE,CLARKSVILLE,CLARKSVILLE,5,0,0,0,0,0,NO,2259,14000,0,0,,"CLARKSVILLE, NY
(42.575802, -73.964401)"
1983,1984-03-26,"American Penn Energy,  Inc.",Chautauqua,NORTH HARMONY,NORTH HARMONY,BASS ISLAND,1,0,0,0,0,0,NO,3602,16328,0,0,,"NORTH HARMONY, NY
(42.094296, -79.374999)"
1983,1984-03-26,"Keystone Energy Oil & Gas, Inc",Cattaraugus,PERSIA,LAKESHORE,ONONDAGA,1,0,0,0,0,0,NO,7033,8175,0,0,,"PERSIA, NY
(42.384131, -78.936278)"
1983,1984-04-10,Richardson Petroleum Corp.,Allegany,INDEPENDENCE,BEECH HILL-INDEPENDENCE,FULMER VALLEY,199,0,0,0,68,0,NO,19790,113697,0,0,,"INDEPENDENCE, NY
(42.088045, -77.781386)"
1983,1984-04-10,Richardson Petroleum Corp.,Steuben,WEST UNION,BEECH HILL-INDEPENDENCE,FULMER VALLEY,13,0,0,0,0,0,NO,2452,9821,0,0,,"WEST UNION, NY
(42.094951, -77.725816)"
1983,1984-04-10,Miller Oil Co.,Cattaraugus,OLEAN,BRADFORD,BRADFORD,12,2,0,0,0,0,NO,624,1500,600,0,,"OLEAN, NY
(42.077495, -78.429849)"
1983,1984-04-10,Miller Oil Co.,Cattaraugus,ALLEGANY,BRADFORD,BRADFORD,10,0,0,0,0,0,NO,2232,450,30000,0,,"ALLEGANY, NY
(42.088061, -78.491258)"
1983,1984-04-10,Miller Drilling Co.,Cattaraugus,ALLEGANY,BRADFORD,BRADFORD,4,0,0,0,0,0,NO,138,200,300,0,,"ALLEGANY, NY
(42.088061, -78.491258)"
1983,1984-04-10,Columbia Gas Transmission Corp.,Chautauqua,NORTH HARMONY,NORTH HARMONY,BASS ISLAND,4,0,2,0,0,0,YES,7715,29435,0,0,,"NORTH HARMONY, NY
(42.094296, -79.374999)"
1983,1984-04-10,"Envirogas, Inc.",Chautauqua,CLYMER,CLYMER,BASS ISLAND/MEDINA,3,0,35,10,0,0,NO,632,137726,0,0,,"CLYMER, NY
(42.02082, -79.629966)"
1983,1984-04-10,Berea Oil & Gas Corp.,Chautauqua,ELLERY,LAKESHORE,BASS ISLAND/MEDINA,1,0,16,0,0,0,NO,1783,164906,0,0,,"ELLERY, NY
(42.159868, -79.393216)"
1983,1984-04-10,Berea Oil & Gas Corp.,Chautauqua,GERRY,LAKESHORE,BASS ISLAND/MEDINA,1,0,7,0,0,0,NO,4787,71536,0,0,,"GERRY, NY
(42.194749, -79.250394)"
1983,1984-04-10,Berea Oil & Gas Corp.,Chautauqua,GERRY,LAKESHORE,BASS ISLAND/MEDINA,1,0,30,0,0,0,NO,675,160598,0,0,,"GERRY, NY
(42.194749, -79.250394)"
1983,1984-04-11,Frank H. Stephan Oil Group,Cattaraugus,ALLEGANY,BRADFORD,BRADFORD,112,0,0,0,3,0,NO,4901,1000,0,0,,"ALLEGANY, NY
(42.088061, -78.491258)"
1983,1984-04-11,"Huntington, Barbara A.",Cattaraugus,CARROLLTON,BRADFORD,BRADFORD,26,3,0,0,0,0,NO,4677,42000,2700,0,,"CARROLLTON, NY
(42.023289, -78.628438)"
1983,1984-04-11,Rogor Petroleum Corp.,Cattaraugus,OLEAN,BRADFORD,BRADFORD,20,0,0,0,0,0,NO,1833,2700,1200,0,,"OLEAN, NY
(42.077495, -78.429849)"
1983,1984-04-11,"Dudar, John",Allegany,SCIO,RICHBURG,RICHBURG,7,0,1,0,0,0,NO,63,50,0,0,,"SCIO, NY
(42.171429, -77.97865)"
1983,1984-04-19,Quaker State Corp.,Cattaraugus,CARROLLTON,BRADFORD,BRADFORD,218,9,0,0,0,0,YES,42555,30800,4150,0,,"CARROLLTON, NY
(42.023289, -78.628438)"
1983,1984-04-19,Quaker State Corp.,Cattaraugus,OLEAN,FIVE MILE,BRADFORD,9,0,0,0,0,0,YES,413,400,40,0,,"OLEAN, NY
(42.077495, -78.429849)"
1983,1984-04-19,Quaker State Corp.,Cattaraugus,OLEAN,CHIPMUNK,BRADFORD,8,0,0,0,0,0,YES,508,500,50,0,,"OLEAN, NY
(42.077495, -78.429849)"
1983,1984-04-19,Don-Bess Energy Develop. Co.,Allegany,BOLIVAR,RICHBURG,WAUGH & PORTER,3,0,0,0,0,0,NO,596,2334,4184,0,,"BOLIVAR, NY
(42.066701, -78.167667)"
1983,1984-04-23,J and  R Oil Company,Allegany,ALMA,RICHBURG,RICHBURG,74,5,0,0,0,0,NO,972,3000,2600,0,,"ALMA, NY
(42.012207, -78.060759)"
1983,1984-04-23,"Tellinghuisen, George",Chautauqua,BUSTI,BUSTI,GLADE,9,3,0,0,0,0,NO,541,160000,68,0,,"BUSTI, NY
(42.038067, -79.283549)"
1983,1984-04-23,Estate of  Richard G Smith,Allegany,GENESEE,RICHBURG,RICHBURG,5,1,0,0,0,0,NO,308,395,200,0,,"GENESEE, NY
(42.02693, -78.205893)"
1983,1984-04-23,"Chautauqua Energy, Inc.",Chautauqua,GERRY,GERRY-CHARLOTTE,BASS ISLAND,2,0,1,0,0,0,NO,25429,342595,350,0,,"GERRY, NY
(42.194749, -79.250394)"
1983,1984-04-23,"Cooper, Brian C",Allegany,BOLIVAR,RICHBURG,RICHBURG,1,5,0,0,0,0,NO,75,20,1880,0,,"BOLIVAR, NY
(42.066701, -78.167667)"
1983,1984-05-07,Libra Petroleum Company,Chautauqua,BUSTI,BUSTI,GLADE,67,0,0,0,0,0,NO,3535,1920,1636,0,,"BUSTI, NY
(42.038067, -79.283549)"
1983,1984-05-07,Lenacre Oil Co.,Chautauqua,BUSTI,BUSTI,GLADE,52,0,0,0,0,0,NO,1867,933,1922,0,,"BUSTI, NY
(42.038067, -79.283549)"
1983,1984-05-07,C & R Oil & Gas Corp.,Cattaraugus,ALLEGANY,FIVE MILE,BRADFORD,42,3,0,0,0,0,NO,2976,2976,321,0,,"ALLEGANY, NY
(42.088061, -78.491258)"
1983,1984-05-07,"Yahn & Yahn, Inc.",Steuben,WEST UNION,BEECH HILL-INDEPENDENCE,FULMER VALLEY,29,9,0,0,2,0,NO,2847,1700,4660,0,,"WEST UNION, NY
(42.094951, -77.725816)"
1983,1984-05-07,Gemini Oil Company,Chautauqua,BUSTI,BUSTI,GLADE,23,0,0,0,0,0,NO,975,488,295,0,,"BUSTI, NY
(42.038067, -79.283549)"
1983,1984-05-07,"Curtis & Son Oil, Inc.",Chautauqua,BUSTI,BUSTI,GLADE,23,0,0,0,0,0,NO,770,385,1804,0,,"BUSTI, NY
(42.038067, -79.283549)"
1983,1984-05-07,"Yahn & Yahn, Inc.",Allegany,INDEPENDENCE,BEECH HILL-INDEPENDENCE,FULMER VALLEY,11,2,0,0,6,0,NO,1058,470,8100,0,,"INDEPENDENCE, NY
(42.088045, -77.781386)"
1983,1984-05-22,Moose Oil Co.,Allegany,BOLIVAR,RICHBURG,RICHBURG,38,56,0,0,76,0,NO,1648,686,19000,0,,"BOLIVAR, NY
(42.066701, -78.167667)"
1983,1984-05-22,"Stevenson, Scott R Jr",Cattaraugus,CARROLLTON,BRADFORD,BRADFORD,19,0,0,0,0,0,NO,693,250,550,0,,"CARROLLTON, NY
(42.023289, -78.628438)"
1983,1984-05-22,Bruce Ingalls & Son,Allegany,BOLIVAR,RICHBURG,RICHBURG,6,10,0,0,0,0,NO,311,325,100,0,,"BOLIVAR, NY
(42.066701, -78.167667)"
1983,1984-05-22,U S Energy Development Corp.,Chautauqua,GERRY,GERRY-CHARLOTTE,BASS ISLAND,1,0,0,0,0,0,NO,1763,18953,10,0,,"GERRY, NY
(42.194749, -79.250394)"
1983,1984-06-05,"Doran & Associates, Inc.",Chautauqua,CLYMER,CLYMER,BASS ISLAND,1,0,1,14,0,0,NO,4943,586,80,0,,"CLYMER, NY
(42.02082, -79.629966)"
1983,1984-08-21,Case Oil Corp.,Allegany,BOLIVAR,RICHBURG,RICHBURG,15,87,3,1,89,0,NO,550,250,0,0,,"BOLIVAR, NY
(42.066701, -78.167667)"
1983,1984-08-22,Messer Oil Corp.,Allegany,BOLIVAR,RICHBURG,RICHBURG,28,30,1,0,0,0,NO,1483,1800,0,0,,"BOLIVAR, NY
(42.066701, -78.167667)"
1983,1984-08-29,"Eclipse Energy Company, LLC",Chautauqua,SHERIDAN,LAKESHORE,MEDINA,1,0,8,1,0,0,NO,567,62666,0,0,,"SHERIDAN, NY
(42.485764, -79.241801)"
1983,1984-11-09,Berea Oil & Gas Corp.,Chautauqua,GERRY,GERRY-CHARLOTTE,BASS ISLAND,6,0,4,0,0,0,NO,70122,269481,0,0,,"GERRY, NY
(42.194749, -79.250394)"
1984,1985-04-02,Cal Ban Corp.,Cattaraugus,ALLEGANY,FIVE MILE,BRADFORD,35,0,0,0,0,0,NO,38335,38335,4259,0,OB,"ALLEGANY, NY
(42.088061, -78.491258)"
1984,1985-04-02,Rogor Petroleum Corp.,Cattaraugus,OLEAN,BRADFORD,BRADFORD,20,0,0,0,0,0,NO,1099,1600,700,0,OC,"OLEAN, NY
(42.077495, -78.429849)"
1984,1985-04-02,"Winger, Philip G. & Diane E.",Cattaraugus,CARROLLTON,BRADFORD,BRADFORD,2,0,0,0,0,0,NO,2130,550,1350,0,OB,"CARROLLTON, NY
(42.023289, -78.628438)"
1984,1985-04-02,"Hugoton Petroleum,  Inc.",Chautauqua,JAMESTOWN,ELLERY,ONONDAGA,2,0,1,0,0,0,NO,9384,100979,0,0,"GH,OC","JAMESTOWN, NY
(42.098961, -79.242051)"
1984,1985-04-02,"Keystone Energy Oil & Gas, Inc",Cattaraugus,PERSIA,LAKESHORE,ONONDAGA,1,0,0,0,0,0,NO,1767,3874,0,0,"GK,OC","PERSIA, NY
(42.384131, -78.936278)"
1984,1985-04-03,Moose Oil Co.,Allegany,BOLIVAR,RICHBURG,RICHBURG,40,41,0,0,75,0,NO,1634,738,18500,0,OB,"BOLIVAR, NY
(42.066701, -78.167667)"
1984,1985-04-03,Potter Oil Co.,Allegany,INDEPENDENCE,BEECH HILL-INDEPENDENCE,FULMER VALLEY,28,1,0,0,6,0,NO,1976,16919,0,0,"GK,OB","INDEPENDENCE, NY
(42.088045, -77.781386)"
1984,1985-04-03,"Plants and Goodwin, Inc.",Allegany,WIRT,RICHBURG,RICHBURG,18,0,0,0,0,0,NO,566,2640,1700,0,OB,"WIRT, NY
(42.137408, -78.150594)"
1984,1985-04-03,J G & A Co-Venture,Allegany,ANDOVER,BEECH HILL-INDEPENDENCE,PENNY & FULMER VALLEY,6,7,0,0,0,0,NO,351,507,0,0,"GK,OB","ANDOVER, NY
(42.156405, -77.795231)"
1984,1985-04-03,"Abarta Oil & Gas, Inc.",Allegany,ANDOVER,BEECH HILL-INDEPENDENCE,PENNY & FULMER VALLEY,4,1,0,0,0,0,NO,376,1789,0,0,"GK,OB","ANDOVER, NY
(42.156405, -77.795231)"
1984,1985-04-03,Don-Bess Energy Develop. Co.,Allegany,BOLIVAR,RICHBURG,WAUGH & PORTER,3,0,0,0,0,0,NO,471,2267,2725,0,"GK,OB","BOLIVAR, NY
(42.066701, -78.167667)"
1984,1985-04-03,"Lenape Resources Corp., The",Chautauqua,ELLERY,ELLERY,BASS ISLAND,3,0,4,6,0,0,NO,5609,5716,0,0,"GQ,OB","ELLERY, NY
(42.159868, -79.393216)"
1984,1985-04-03,F & T Oil,Chautauqua,BUSTI,BUSTI,GLADE,1,0,0,0,0,0,NO,108,37,12,0,"GX,OB","BUSTI, NY
(42.038067, -79.283549)"
1984,1985-04-04,"Ekas, David & Archer",Cattaraugus,CARROLLTON,BRADFORD,CHIPMUNK,15,1,0,0,0,0,NO,868,232,135,0,OC,"CARROLLTON, NY
(42.023289, -78.628438)"
1984,1985-04-04,U S Energy Development Corp.,Cattaraugus,OLEAN,FIVE MILE,BRADFORD,6,0,0,0,0,0,,1172,239,180,0,"GX,OB","OLEAN, NY
(42.077495, -78.429849)"
1984,1985-04-04,Penerex Corp.,Allegany,WELLSVILLE,FULMER VALLEY,FULMER VALLEY,2,0,0,0,0,0,NO,489,523,0,0,"GK,OB","WELLSVILLE, NY
(42.120693, -77.946058)"
1984,1985-04-04,"Universal Resources Holdings, Incorporated",Chautauqua,CHARLOTTE,GERRY-CHARLOTTE,ONONDAGA,1,0,0,0,0,0,NO,898,60426,1260,0,"GH,OX","CHARLOTTE, NY
(43.255001, -77.617203)"
1984,1985-04-04,"Park-Ohio Energy,  Inc.",Chautauqua,ELLERY,LAKESHORE,MEDINA,1,0,3,4,0,0,NO,11887,64303,3001,0,"GH,OA","ELLERY, NY
(42.159868, -79.393216)"
1984,1985-04-04,U S Energy Development Corp.,Chautauqua,GERRY,GERRY-CHARLOTTE,BASS ISLAND,1,0,0,0,0,0,NO,7091,12959,100,0,"GH,OA","GERRY, NY
(42.194749, -79.250394)"
1984,1985-04-04,"Eclipse Energy Company, LLC",Chautauqua,SHERIDAN,LAKESHORE,MEDINA,1,0,12,0,0,0,NO,262,60094,0,0,"GK,OX","SHERIDAN, NY
(42.485764, -79.241801)"
1984,1985-04-08,"Tellinghuisen, George",Chautauqua,BUSTI,BUSTI,GLADE,8,3,0,0,0,0,NO,429,144,24,0,OB,"BUSTI, NY
(42.038067, -79.283549)"
1984,1985-04-08,Bruce Ingalls & Son,Allegany,BOLIVAR,RICHBURG,RICHBURG,6,10,0,0,0,0,NO,311,314,0,0,OB,"BOLIVAR, NY
(42.066701, -78.167667)"
1984,1985-04-09,Miller Oil Co.,Cattaraugus,OLEAN,BRADFORD,BRADFORD,22,2,0,0,0,0,NO,2715,1900,20450,0,OA,"OLEAN, NY
(42.077495, -78.429849)"
1984,1985-04-09,Miller Drilling Co.,Cattaraugus,ALLEGANY,BRADFORD,BRADFORD,4,0,0,0,0,0,NO,96,300,300,0,OA,"ALLEGANY, NY
(42.088061, -78.491258)"
1984,1985-04-10,Pennzoil Products Co.,Cattaraugus,ALLEGANY,BRADFORD,BRADFORD,179,24,0,0,170,0,NO,99129,6940,1982580,0,OA,"ALLEGANY, NY
(42.088061, -78.491258)"
1984,1985-04-10,"Resource Exploration, Inc.",Chautauqua,NORTH HARMONY,NORTH HARMONY,BASS ISLAND,4,16,2,0,0,0,NO,49710,98457,0,0,"GH,OB","NORTH HARMONY, NY
(42.094296, -79.374999)"
1984,1985-04-10,"Gleason, Charlotte",Allegany,ANDOVER,ANDOVER,FULMER VALLEY,3,0,0,0,0,0,NO,53,5,3,0,OB,"ANDOVER, NY
(42.156405, -77.795231)"
1984,1985-04-10,"Chautauqua Energy, Inc.",Chautauqua,GERRY,GERRY-CHARLOTTE,BASS ISLAND,2,0,0,1,0,0,NO,15716,5050,0,0,"GX,OB","GERRY, NY
(42.194749, -79.250394)"
1984,1985-04-10,Pennzoil Products Co.,Cattaraugus,CARROLLTON,CHIPMUNK,ONONDAGA,0,0,0,4,0,0,INACTIVE,14,16,0,0,"GJ,OX","CARROLLTON, NY
(42.023289, -78.628438)"
1984,1985-04-10,Pennzoil Products Co.,Cattaraugus,OLEAN,BRADFORD,ONONDAGA,0,0,1,0,0,0,NO,400,54000,0,0,"GJ,OX","OLEAN, NY
(42.077495, -78.429849)"
1984,1985-04-11,Frank H. Stephan Oil Group,Cattaraugus,ALLEGANY,BRADFORD,BRADFORD,113,0,0,0,3,0,NO,4173,1000,0,0,OC,"ALLEGANY, NY
(42.088061, -78.491258)"
1984,1985-04-11,Columbia Gas Transmission Corp.,Chautauqua,NORTH HARMONY,NORTH HARMONY,BASS ISLAND,5,7,0,0,0,0,YES,20557,53009,0,0,OB,"NORTH HARMONY, NY
(42.094296, -79.374999)"
1984,1985-04-11,Columbia Gas Transmission Corp.,Chautauqua,CLYMER,FRENCH CREEK,BASS ISLAND,3,0,0,1,0,0,YES,4238,297,0,0,"GX,OX","CLYMER, NY
(42.02082, -79.629966)"
1984,1985-04-11,Columbia Gas Transmission Corp.,Chautauqua,SHERMAN,LAKESHORE,MEDINA,1,0,1,1,0,0,YES,1324,603,0,0,OB,"SHERMAN, NY
(42.159351, -79.595176)"
1984,1985-04-11,Berea Oil & Gas Corp.,Chautauqua,ELLERY,ELLERY,BASS ISLAND,0,0,2,0,0,0,NO,3635,53216,0,0,"GH,OB","ELLERY, NY
(42.159868, -79.393216)"
1984,1985-04-11,Berea Oil & Gas Corp.,Chautauqua,GERRY,GERRY-CHARLOTTE,BASS ISLAND,0,0,10,0,0,0,NO,29545,206660,0,0,"GH,OB","GERRY, NY
(42.194749, -79.250394)"
1984,1985-04-12,Richardson Petroleum Corp.,Allegany,INDEPENDENCE,RICHBURG,FULMER VALLEY,207,68,0,0,0,0,NO,16932,91828,55120,0,"GK,OB","INDEPENDENCE, NY
(42.088045, -77.781386)"
1984,1985-04-12,Libra Petroleum Company,Chautauqua,BUSTI,BUSTI,GLADE,68,7,0,0,0,0,NO,2106,1053,1421,0,OB,"BUSTI, NY
(42.038067, -79.283549)"
1984,1985-04-12,Lenacre Oil Co.,Chautauqua,BUSTI,BUSTI,GLADE,52,1,0,0,0,0,NO,1181,591,708,0,OB,"BUSTI, NY
(42.038067, -79.283549)"
1984,1985-04-12,"Huntington, Barbara A.",Cattaraugus,CARROLLTON,BRADFORD,BRADFORD,29,0,0,0,0,0,NO,2826,38,2600,0,OA,"CARROLLTON, NY
(42.023289, -78.628438)"
1984,1985-04-12,Gemini Oil Company,Chautauqua,BUSTI,BUSTI,GLADE,23,0,0,0,0,0,NO,880,440,278,0,OB,"BUSTI, NY
(42.038067, -79.283549)"
1984,1985-04-12,"Curtis & Son Oil, Inc.",Chautauqua,BUSTI,BUSTI,GLADE,23,0,0,0,0,0,NO,669,334,1039,0,OB,"BUSTI, NY
(42.038067, -79.283549)"
1984,1985-04-12,Richardson Petroleum Corp.,Steuben,WEST UNION,BEECH HILL-INDEPENDENCE,FULMER VALLEY,14,0,0,0,0,0,,2929,14297,0,0,"GK,OB","WEST UNION, NY
(42.094951, -77.725816)"
1984,1985-04-12,Estate of  Richard G Smith,Allegany,GENESEE,RICHBURG,RICHBURG,5,1,0,0,0,0,NO,354,395,200,0,OB,"GENESEE, NY
(42.02693, -78.205893)"
1984,1985-04-12,"Doran & Associates, Inc.",Chautauqua,CLYMER,CLYMER,BASS ISLAND,4,0,5,6,0,0,NO,37924,18455,22621,0,"GH,OB","CLYMER, NY
(42.02082, -79.629966)"
1984,1985-04-12,"Doran & Associates, Inc.",Chautauqua,CARROLL,CARROLL,MEDINA,2,0,31,9,0,0,NO,920,158120,2096,0,"GH,OB","CARROLL, NY
(42.054174, -79.15832)"
1984,1985-04-12,"American Penn Energy,  Inc.",Chautauqua,NORTH HARMONY,NORTH HARMONY,BASS ISLAND,1,4,0,0,0,0,NO,866,8122,0,0,"GH,OB","NORTH HARMONY, NY
(42.094296, -79.374999)"
1984,1985-04-15,Quaker State Corp.,Cattaraugus,CARROLLTON,BRADFORD,BRADFORD,221,0,0,0,0,0,YES,39999,31930,3630,0,OB,"CARROLLTON, NY
(42.023289, -78.628438)"
1984,1985-04-15,"Yahn & Yahn, Inc.",Steuben,WEST UNION,BEECH HILL-INDEPENDENCE,FULMER VALLEY,27,11,0,0,2,0,NO,2057,1300,2350,0,OB,"WEST UNION, NY
(42.094951, -77.725816)"
1984,1985-04-15,"Yahn & Yahn, Inc.",Allegany,INDEPENDENCE,BEECH HILL-INDEPENDENCE,FULMER VALLEY,11,7,0,0,1,0,NO,845,720,1850,0,OB,"INDEPENDENCE, NY
(42.088045, -77.781386)"
1984,1985-04-15,Quaker State Corp.,Cattaraugus,OLEAN,FIVE MILE,BRADFORD,9,0,0,0,0,0,YES,388,350,35,0,OB,"OLEAN, NY
(42.077495, -78.429849)"
1984,1985-04-15,Quaker State Corp.,Cattaraugus,CARROLLTON,CHIPMUNK,BRADFORD,8,0,0,0,0,0,YES,532,510,51,0,OB,"CARROLLTON, NY
(42.023289, -78.628438)"
1984,1985-04-15,"Envirogas, Inc.",Chautauqua,CLYMER,CLYMER,MEDINA,2,1,37,10,0,0,NO,86,534820,0,0,"GH,GK,OB","CLYMER, NY
(42.02082, -79.629966)"
1984,1985-04-15,Frisina Oil Co.,Cattaraugus,ALLEGANY,BRADFORD,BRADFORD,1,0,0,0,0,0,NO,138,6000,0,0,OA,"ALLEGANY, NY
(42.088061, -78.491258)"
1984,1985-06-06,"Arrowhead Gas Producers, Inc.",Cattaraugus,ALLEGANY,BRADFORD,BRADFORD,10,0,0,0,0,0,NO,6992,800,500,0,OB,"ALLEGANY, NY
(42.088061, -78.491258)"
1984,1985-06-06,Case Oil Corp.,Allegany,BOLIVAR,RICHBURG,RICHBURG,9,0,0,0,0,0,NO,214,100,0,0,OB,"BOLIVAR, NY
(42.066701, -78.167667)"
1984,1985-06-06,"Beaver, Albert H",Cattaraugus,OLEAN,BRADFORD,CHIPMUNK,7,1,0,0,0,0,,75,9800,160,0,"GK,OC","OLEAN, NY
(42.077495, -78.429849)"
1984,1985-06-06,McCaffery & Krampf Oil Co.,Cattaraugus,CARROLLTON,CHIPMUNK,CHIPMUNK,2,0,0,0,0,0,,2821,250,705,0,OA,"CARROLLTON, NY
(42.023289, -78.628438)"
1984,1985-06-07,"Stevenson, Scott R Jr",Cattaraugus,CARROLLTON,BRADFORD,BRADFORD,19,0,0,0,0,0,NO,1276,500,0,0,OA,"CARROLLTON, NY
(42.023289, -78.628438)"
1984,1985-11-27,Wightman Producing,Allegany,WIRT,RICHBURG,RICHBURG,9,0,0,0,0,0,NO,93,500,12,0,OB,"WIRT, NY
(42.137408, -78.150594)"
1984,1985-11-27,Joyce - Tullar Oil Co.,Allegany,WELLSVILLE,FULMER VALLEY,FULMER VALLEY,2,0,0,0,0,0,NO,774,807,0,0,"GK,OB","WELLSVILLE, NY
(42.120693, -77.946058)"
1985,1986-01-15,"Hungerford, Thomas E.",Allegany,BOLIVAR,RICHBURG,BRADFORD,8,0,0,0,0,0,NO,10,204,10,0,,"BOLIVAR, NY
(42.066701, -78.167667)"
1985,1986-01-15,F & T Oil,Chautauqua,BUSTI,BUSTI,GLADE,1,0,0,0,0,0,YES,16,100,20,0,,"BUSTI, NY
(42.038067, -79.283549)"
1985,1986-01-21,Joyce - Tullar Oil Co.,Allegany,WELLSVILLE,FULMER VALLEY,FULMER VALLEY,2,0,0,0,0,0,NO,662,1202,0,0,"GK,OB","WELLSVILLE, NY
(42.120693, -77.946058)"
1985,1986-01-31,Don-Bess Energy Develop. Co.,Allegany,BOLIVAR,RICHBURG,WAUGH & PORTER,3,0,0,0,0,0,NO,459,1023,2620,0,"GK,OB","BOLIVAR, NY
(42.066701, -78.167667)"
1985,1986-02-12,"Ekas, David & Archer",Cattaraugus,CARROLLTON,CHIPMUNK,CHIPMUNK,14,2,0,0,0,0,NO,507,162,118,0,,"CARROLLTON, NY
(42.023289, -78.628438)"
1985,1986-02-12,"Park-Ohio Energy,  Inc.",Chautauqua,ELLERY,ELLERY,ONONDAGA,6,0,0,0,0,0,NO,21438,28456,0,0,"OA,GH","ELLERY, NY
(42.159868, -79.393216)"
1985,1986-02-12,"Keystone Energy Oil & Gas, Inc",Cattaraugus,PERSIA,DAYTON,ONONDAGA,1,0,0,0,0,0,NO,1561,894,0,0,"GK,OC","PERSIA, NY
(42.384131, -78.936278)"
1985,1986-02-18,Quaker State Corp.,Cattaraugus,CARROLLTON,BRADFORD,BRADFORD,221,9,0,0,0,0,NO,34686,27800,3180,0,OB,"CARROLLTON, NY
(42.023289, -78.628438)"
1985,1986-02-18,Quaker State Corp.,Cattaraugus,OLEAN,FIVE MILE,BRADFORD,9,0,0,0,0,0,NO,333,300,30,0,OB,"OLEAN, NY
(42.077495, -78.429849)"
1985,1986-02-18,Quaker State Corp.,Cattaraugus,OLEAN,BRADFORD,BRADFORD,8,0,0,0,0,0,NO,465,445,45,0,OB,"OLEAN, NY
(42.077495, -78.429849)"
1985,1986-02-24,"Young, Douglas V.",Allegany,SCIO,RICHBURG,RICHBURG,34,0,0,0,21,0,NO,320,300,525,0,OB,"SCIO, NY
(42.171429, -77.97865)"
1985,1986-02-24,Potter Oil Co.,Allegany,INDEPENDENCE,BEECH HILL-INDEPENDENCE,FULMER VALLEY,28,1,0,0,0,0,NO,1281,11888,0,0,"GK,OB","INDEPENDENCE, NY
(42.088045, -77.781386)"
1985,1986-02-24,"Resource Exploration, Inc.",Chautauqua,NORTH HARMONY,NORTH HARMONY,BASS ISLAND,12,1,3,6,0,0,NO,29478,86654,0,0,"GH,OB","NORTH HARMONY, NY
(42.094296, -79.374999)"
1985,1986-02-24,J G & A Co-Venture,Allegany,ANDOVER,BEECH HILL-INDEPENDENCE,PENNY & FULMER VALLEY,7,8,0,0,0,0,NO,355,861,0,0,"GK,OB","ANDOVER, NY
(42.156405, -77.795231)"
1985,1986-02-24,"Abarta Oil & Gas, Inc.",Allegany,ANDOVER,BEECH HILL-INDEPENDENCE,PENNY & FULMER VALLEY,4,1,0,0,0,0,NO,821,1346,0,0,"GK,OB","ANDOVER, NY
(42.156405, -77.795231)"
1985,1986-02-24,"Hugoton Petroleum,  Inc.",Chautauqua,NORTH HARMONY,NORTH HARMONY,ONONDAGA,2,0,0,0,0,0,NO,8440,90625,100,0,"GH,OX","NORTH HARMONY, NY
(42.094296, -79.374999)"
1985,1986-02-24,"Universal Resources Holdings, Incorporated",Chautauqua,CHARLOTTE,GERRY-CHARLOTTE,ONONDAGA,1,0,0,0,0,0,NO,1840,65422,4200,0,"OA,GH","CHARLOTTE, NY
(43.255001, -77.617203)"
1985,1986-02-24,"Universal Resources Holdings, Incorporated",Chautauqua,GERRY,GERRY-CHARLOTTE,ONONDAGA,1,0,1,0,0,0,NO,597,29375,0,0,"OA,GH","GERRY, NY
(42.194749, -79.250394)"
1985,1986-02-24,"Resource Exploration, Inc.",Chautauqua,NORTH HARMONY,NORTH HARMONY,BASS ISLAND,1,0,0,0,0,0,NO,893,21080,0,0,"GH,OB","NORTH HARMONY, NY
(42.094296, -79.374999)"
1985,1986-02-28,Kinley Oil & Gas Corp.,Cattaraugus,ALLEGANY,BRADFORD,BRADFORD,94,0,0,0,0,0,NO,22142,4100,154485,0,OB,"ALLEGANY, NY
(42.088061, -78.491258)"
1985,1986-02-28,Moose Oil Co.,Allegany,BOLIVAR,RICHBURG,RICHBURG,35,55,0,0,75,0,NO,1510,700,15155,0,OB,"BOLIVAR, NY
(42.066701, -78.167667)"
1985,1986-02-28,"Templeton Energy,  Inc.",Chautauqua,ELLERY,ELLERY,BASS ISLAND,2,0,2,1,0,0,NO,11526,4959,0,0,"GK,GX,OB","ELLERY, NY
(42.159868, -79.393216)"
1985,1986-03-03,"Huntington, Barbara A.",Cattaraugus,CARROLLTON,BRADFORD,BRADFORD,26,3,0,0,0,0,NO,3895,38,2562,0,OA,"CARROLLTON, NY
(42.023289, -78.628438)"
1985,1986-03-03,"Arrowhead Gas Producers, Inc.",Cattaraugus,ALLEGANY,BRADFORD,BRADFORD,10,0,0,0,0,0,NO,2913,800,500,0,OB,"ALLEGANY, NY
(42.088061, -78.491258)"
1985,1986-03-03,"Chautauqua Energy, Inc.",Chautauqua,GERRY,GERRY-CHARLOTTE,ONONDAGA,1,1,1,0,0,0,NO,26751,64619,200,0,"GK,GX,OB","GERRY, NY
(42.194749, -79.250394)"
1985,1986-03-03,"Chautauqua Energy, Inc.",Chautauqua,NORTH HARMONY,NORTH HARMONY,ONONDAGA,1,0,0,2,0,0,NO,1655,160,2720,0,OB,"NORTH HARMONY, NY
(42.094296, -79.374999)"
1985,1986-03-06,Baker & Odonnell Dev. Co.,Allegany,ALMA,RICHBURG,RICHBURG,15,13,0,0,23,0,NO,94,450,450,0,OB,"ALMA, NY
(42.012207, -78.060759)"
1985,1986-03-11,Bucher Brothers,Cattaraugus,ALLEGANY,BRADFORD,BRADFORD,43,5,0,0,0,0,NO,531,10,1375,0,OA,"ALLEGANY, NY
(42.088061, -78.491258)"
1985,1986-03-11,"Black, Terry F",Cattaraugus,ALLEGANY,BRADFORD,BRADFORD,27,0,0,0,0,0,NO,2299,36,0,0,OA,"ALLEGANY, NY
(42.088061, -78.491258)"
1985,1986-03-24,Berea Oil & Gas Corp.,Chautauqua,GERRY,GERRY-CHARLOTTE,ONONDAGA,8,0,12,0,0,0,NO,126486,383691,0,0,"GH,OB","GERRY, NY
(42.194749, -79.250394)"
1985,1986-03-24,Berea Oil & Gas Corp.,Chautauqua,ELLERY,ELLERY,ONONDAGA,4,0,3,0,0,0,NO,45728,98803,0,0,"GH,OB","ELLERY, NY
(42.159868, -79.393216)"
1985,1986-03-24,Berea Oil & Gas Corp.,Chautauqua,CHARLOTTE,GERRY-CHARLOTTE,ONONDAGA,1,0,1,0,0,0,NO,1202,81514,0,0,"GH,OB","CHARLOTTE, NY
(43.255001, -77.617203)"
1985,1986-03-26,"Beaver, Albert H",Cattaraugus,OLEAN,BRADFORD,CHIPMUNK,7,1,0,0,0,0,NO,138,8375,148,0,"GK,OC","OLEAN, NY
(42.077495, -78.429849)"
1985,1986-03-26,U S Energy Development Corp.,Cattaraugus,OLEAN,FIVE MILE,BRADFORD,6,0,0,0,0,0,NO,2090,3163,1440,0,"GX,OB","OLEAN, NY
(42.077495, -78.429849)"
1985,1986-03-26,"Winger, Philip G. & Diane E.",Cattaraugus,CARROLLTON,BRADFORD,BRADFORD,3,0,0,0,0,0,NO,1400,350,1000,0,OB,"CARROLLTON, NY
(42.023289, -78.628438)"
1985,1986-03-26,U S Energy Development Corp.,Chautauqua,GERRY,GERRY-CHARLOTTE,BASS ISLAND,2,0,0,0,0,0,NO,4774,76721,510,0,"GH,GK,OB","GERRY, NY
(42.194749, -79.250394)"
1985,1986-03-28,Dragon Eye Oil Co.,Allegany,BOLIVAR,RICHBURG,RICHBURG,101,3,0,0,0,0,NO,849,3,1000,0,OB,"BOLIVAR, NY
(42.066701, -78.167667)"
1985,1986-03-28,Dragon Eye Oil Co.,Allegany,ALMA,FORD'S BROOK,RICHBURG,88,11,0,0,5,0,NO,945,2,1130,0,OB,"ALMA, NY
(42.012207, -78.060759)"
1985,1986-03-28,Miller Oil Co.,Cattaraugus,OLEAN,BRADFORD,BRADFORD,12,1,0,0,0,0,NO,572,1200,550,0,OA,"OLEAN, NY
(42.077495, -78.429849)"
1985,1986-03-28,Miller Oil Co.,Cattaraugus,ALLEGANY,BRADFORD,BRADFORD,11,0,0,0,0,0,NO,1914,385,22000,0,OA,"ALLEGANY, NY
(42.088061, -78.491258)"
1985,1986-03-28,"Lenape Resources Corp., The",Chautauqua,ELLERY,ELLERY,BASS ISLAND,10,1,1,3,0,0,NO,46753,247516,51318,0,"GQ,OB","ELLERY, NY
(42.159868, -79.393216)"
1985,1986-03-31,Pennzoil Products Co.,Cattaraugus,ALLEGANY,BRADFORD,BRADFORD,176,26,0,0,177,0,NO,87262,6091,1746640,0,OA,"ALLEGANY, NY
(42.088061, -78.491258)"
1985,1986-03-31,"Plants and Goodwin, Inc.",Allegany,WIRT,RICHBURG,RICHBURG,32,0,0,0,0,0,NO,924,600,2710,0,OB,"WIRT, NY
(42.137408, -78.150594)"
1985,1986-03-31,A. J. Lease Account,Cattaraugus,ALLEGANY,FIVE MILE,CHIPMUNK,4,1,0,0,0,0,NO,303,455,800,0,OC,"ALLEGANY, NY
(42.088061, -78.491258)"
1985,1986-04-07,Frank H. Stephan Oil Group,Cattaraugus,ALLEGANY,BRADFORD,BRADFORD,20,0,0,0,3,0,NO,3971,1000,0,0,OC,"ALLEGANY, NY
(42.088061, -78.491258)"
1985,1986-04-07,Richardson Petroleum Corp.,Steuben,WEST UNION,BEECH HILL-INDEPENDENCE,FULMER VALLEY,12,0,2,0,0,0,NO,1331,7236,0,0,"GK,OB","WEST UNION, NY
(42.094951, -77.725816)"
1985,1986-04-08,Richardson Petroleum Corp.,Allegany,INDEPENDENCE,BEECH HILL-INDEPENDENCE,FULMER VALLEY,170,0,0,0,20,0,NO,18370,114020,34127,0,"GK,OB","INDEPENDENCE, NY
(42.088045, -77.781386)"
1985,1986-04-08,Libra Petroleum Company,Chautauqua,BUSTI,BUSTI,GLADE,68,0,0,0,0,0,NO,1755,877,797,0,OB,"BUSTI, NY
(42.038067, -79.283549)"
1985,1986-04-08,Lenacre Oil Co.,Chautauqua,BUSTI,BUSTI,GLADE,43,0,0,0,0,0,NO,726,595,703,0,OB,"BUSTI, NY
(42.038067, -79.283549)"
1985,1986-04-08,"Curtis & Son Oil, Inc.",Chautauqua,BUSTI,BUSTI,GLADE,23,0,0,0,0,0,NO,604,302,878,0,OB,"BUSTI, NY
(42.038067, -79.283549)"
1985,1986-04-08,Gemini Oil Company,Chautauqua,BUSTI,BUSTI,GLADE,23,0,0,0,0,0,NO,844,422,474,0,OB,"BUSTI, NY
(42.038067, -79.283549)"
1985,1986-04-08,Lenacre Oil Co.,Chautauqua,BUSTI,BUSTI,GLADE,11,0,0,0,0,0,NO,466,233,65,0,OB,"BUSTI, NY
(42.038067, -79.283549)"
1985,1986-04-08,Estate of  Richard G Smith,Allegany,GENESEE,RICHBURG,RICHBURG,5,1,0,0,0,0,NO,302,395,200,0,OB,"GENESEE, NY
(42.02693, -78.205893)"
1985,1986-04-10,"Stark, Eric",Allegany,INDEPENDENCE,BEECH HILL-INDEPENDENCE,FULMER VALLEY,2,0,0,0,0,0,NO,36,11,16,0,OB,"INDEPENDENCE, NY
(42.088045, -77.781386)"
1985,1986-04-10,Berea Oil & Gas Corp.,Chautauqua,ELLERY,ELLERY,BASS ISLAND,1,0,0,0,0,0,NO,432,7070,0,0,"GH,OB","ELLERY, NY
(42.159868, -79.393216)"
1985,1986-04-11,"Envirogas, Inc.",Chautauqua,CLYMER,LAKESHORE,MEDINA,1,0,46,10,0,0,NO,76,634955,0,0,"GH,OB","CLYMER, NY
(42.02082, -79.629966)"
1985,1986-04-14,"Doran & Associates, Inc.",Chautauqua,CARROLL,LAKESHORE,MEDINA,2,0,35,0,0,0,NO,249,138611,2925,0,"GH,OB","CARROLL, NY
(42.054174, -79.15832)"
1985,1986-04-14,"Doran & Associates, Inc.",Chautauqua,CLYMER,CLYMER,BASS ISLAND,1,0,0,4,0,0,NO,1664,435,0,0,"GH,OB","CLYMER, NY
(42.02082, -79.629966)"
1985,1986-04-22,"Clark, Bruce N.",Allegany,ANDOVER,FULMER VALLEY,PENNY & FULMER VALLEY,9,0,0,0,0,0,NO,94,180,1,0,OB,"ANDOVER, NY
(42.156405, -77.795231)"
1985,1986-04-22,McKean Drilling Partnership,Allegany,GENESEE,RICHBURG,BRADFORD,2,0,0,0,0,0,NO,344,1500,0,0,OB,"GENESEE, NY
(42.02693, -78.205893)"
1985,1986-04-22,Pennzoil Products Co.,Cattaraugus,CARROLLTON,CARROLLTON,ONONDAGA,1,0,0,0,0,0,NO,237,76000,0,0,"GJ,OH","CARROLLTON, NY
(42.023289, -78.628438)"
1985,1986-04-22,"Doran & Associates, Inc.",Chautauqua,CLYMER,CLYMER,BASS ISLAND,1,2,0,0,0,0,NO,2447,414,5,0,"GH,OB","CLYMER, NY
(42.02082, -79.629966)"
1985,1986-04-22,Pennzoil Products Co.,Cattaraugus,OLEAN,BRADFORD,ONONDAGA,1,0,0,0,0,0,NO,3208,391000,0,0,"GJ,OH","OLEAN, NY
(42.077495, -78.429849)"
1985,1986-06-02,"Fitzgerald, Thomas J.",Allegany,CLARKSVILLE,RICHBURG,RICHBURG,1,0,2,2,0,0,NO,6,500,0,0,"GX,OB","CLARKSVILLE, NY
(42.575802, -73.964401)"
1985,1986-10-22,U S Energy Development Corp.,Allegany,BOLIVAR,RICHBURG,RICHBURG,1,9,0,0,0,0,NO,199,55,0,0,"GK,OB","BOLIVAR, NY
(42.066701, -78.167667)"
1984,1986-10-23,U S Energy Development Corp.,Allegany,BOLIVAR,RICHBURG,RICHBURG,1,7,0,0,0,0,NO,91,234,30,0,"GK,OB","BOLIVAR, NY
(42.066701, -78.167667)"
1986,1987-01-12,Potter Oil Co.,Allegany,INDEPENDENCE,BEECH HILL-INDEPENDENCE,FULMER VALLEY,28,1,0,0,0,0,NO,726,8134,0,0,"GK,OB","INDEPENDENCE, NY
(42.088045, -77.781386)"
1986,1987-01-23,"Roberts, Carl H",Allegany,CLARKSVILLE,CLARKSVILLE,CLARKSVILLE,5,0,0,0,0,0,NO,906,5000,0,0,OB,"CLARKSVILLE, NY
(42.575802, -73.964401)"
1986,1987-01-28,Joyce - Tullar Oil Co.,Allegany,WELLSVILLE,FULMER VALLEY,FULMER VALLEY,3,0,0,0,0,0,NO,811,1316,0,0,"GK,OB","WELLSVILLE, NY
(42.120693, -77.946058)"
1986,1987-02-06,"Keystone Energy Oil & Gas, Inc",Cattaraugus,PERSIA,DAYTON,ONONDAGA,1,0,0,0,0,0,NO,261,17,0,0,"GK,OC","PERSIA, NY
(42.384131, -78.936278)"
1986,1987-02-11,"Ekas, David & Archer",Cattaraugus,CARROLLTON,CHIPMUNK,CHIPMUNK,14,2,0,0,0,0,NO,369,131,147,0,OC,"CARROLLTON, NY
(42.023289, -78.628438)"
1986,1987-02-11,"Hungerford, Thomas E.",Allegany,BOLIVAR,RICHBURG,RICHBURG,8,0,0,0,0,0,NO,2153,106,365,0,"GK,OB","BOLIVAR, NY
(42.066701, -78.167667)"
1986,1987-02-11,"Hungerford, Thomas E.",Allegany,BOLIVAR,RICHBURG,RICHBURG,2,0,0,0,0,0,NO,143,334,90,0,"GK,OB","BOLIVAR, NY
(42.066701, -78.167667)"
1986,1987-02-13,"Dest Exploration, Inc.",Chautauqua,NORTH HARMONY,NORTH HARMONY,BASS ISLAND,1,0,0,0,0,0,NO,14382,3633,408,0,OB,"NORTH HARMONY, NY
(42.094296, -79.374999)"
1986,1987-02-19,Libra Petroleum Company,Chautauqua,BUSTI,BUSTI,GLADE,68,0,0,0,0,0,NO,1627,813,634,0,OB,"BUSTI, NY
(42.038067, -79.283549)"
1986,1987-02-19,Lenacre Oil Co.,Chautauqua,BUSTI,BUSTI,GLADE,48,2,0,0,0,0,NO,574,284,494,0,OB,"BUSTI, NY
(42.038067, -79.283549)"
1986,1987-02-19,Gemini Oil Company,Chautauqua,BUSTI,BUSTI,GLADE,23,0,0,0,0,0,NO,399,200,131,0,OB,"BUSTI, NY
(42.038067, -79.283549)"
1986,1987-02-19,"Curtis & Son Oil, Inc.",Chautauqua,BUSTI,BUSTI,GLADE,15,8,0,0,0,0,NO,410,205,641,0,OB,"BUSTI, NY
(42.038067, -79.283549)"
1986,1987-02-25,"Gleason, Charlotte",Allegany,ANDOVER,FULMER VALLEY,FULMER VALLEY,2,1,0,0,0,0,NO,42,3,2,0,OA,"ANDOVER, NY
(42.156405, -77.795231)"
1986,1987-02-27,Baker & Odonnell Dev. Co.,Allegany,ALMA,RICHBURG,RICHBURG,13,0,0,0,13,0,NO,76,450,275,0,OB,"ALMA, NY
(42.012207, -78.060759)"
1986,1987-03-05,"Universal Resources Holdings, Incorporated",Chautauqua,GERRY,GERRY-CHARLOTTE,ONONDAGA,1,0,1,0,0,0,NO,396,9126,0,0,"OA,GH","GERRY, NY
(42.194749, -79.250394)"
1986,1987-03-11,Quaker State Corp.,Cattaraugus,CARROLLTON,BRADFORD,BRADFORD,232,8,0,0,0,0,YES,45294,36590,3980,0,OB,"CARROLLTON, NY
(42.023289, -78.628438)"
1986,1987-03-11,Pennzoil Products Co.,Cattaraugus,ALLEGANY,BRADFORD,BRADFORD,180,88,0,0,242,0,YES,77571,5329,1788941,0,OA,"ALLEGANY, NY
(42.088061, -78.491258)"
1986,1987-03-11,Quaker State Corp.,Cattaraugus,OLEAN,FIVE MILE,BRADFORD,9,0,0,0,0,0,YES,342,310,31,0,OB,"OLEAN, NY
(42.077495, -78.429849)"
1986,1987-03-11,Quaker State Corp.,Cattaraugus,OLEAN,BRADFORD,CHIPMUNK,8,0,0,0,0,0,YES,462,440,40,0,OB,"OLEAN, NY
(42.077495, -78.429849)"
1986,1987-03-11,"Park-Ohio Energy,  Inc.",Chautauqua,ELLERY,ELLERY,BASS ISLAND,5,2,1,0,0,0,NO,28882,82312,0,0,"OA,GH","ELLERY, NY
(42.159868, -79.393216)"
1986,1987-03-11,Quaker State Corp.,Cattaraugus,CARROLLTON,BRADFORD,BRADFORD,2,0,0,0,0,0,YES,204,175,20,0,OB,"CARROLLTON, NY
(42.023289, -78.628438)"
1986,1987-03-11,"Hugoton Petroleum,  Inc.",Chautauqua,NORTH HARMONY,NORTH HARMONY,ONONDAGA,2,1,0,0,0,0,NO,21218,83628,0,0,"GH,OC","NORTH HARMONY, NY
(42.094296, -79.374999)"
1986,1987-03-11,"American Penn Energy,  Inc.",Chautauqua,GERRY,GERRY-CHARLOTTE,BASS ISLAND,1,0,0,0,0,0,NO,624,219,100,0,"GH,OB","GERRY, NY
(42.194749, -79.250394)"
1986,1987-03-18,Moose Oil Co.,Allegany,BOLIVAR,RICHBURG,RICHBURG,37,57,0,0,75,0,NO,1165,476,14916,0,OB,"BOLIVAR, NY
(42.066701, -78.167667)"
1986,1987-03-18,Frank H. Stephan Oil Group,Cattaraugus,ALLEGANY,BRADFORD,BRADFORD,20,3,0,0,0,0,NO,2597,1000,0,0,OC,"ALLEGANY, NY
(42.088061, -78.491258)"
1986,1987-03-19,Kinley Oil & Gas Corp.,Cattaraugus,ALLEGANY,BRADFORD,BRADFORD,94,0,0,0,0,0,NO,20934,3600,133155,0,OB,"ALLEGANY, NY
(42.088061, -78.491258)"
1986,1987-03-19,Berea Oil & Gas Corp.,Chautauqua,GERRY,GERRY-CHARLOTTE,ONONDAGA,10,1,6,0,0,0,NO,71716,399909,0,0,"GH,OB","GERRY, NY
(42.194749, -79.250394)"
1986,1987-03-19,J G & A Co-Venture,Allegany,ANDOVER,BEECH HILL-INDEPENDENCE,PENNY,7,8,0,0,0,0,NO,328,929,0,0,"GK,GX,OB","ANDOVER, NY
(42.156405, -77.795231)"
1986,1987-03-19,Berea Oil & Gas Corp.,Chautauqua,ELLERY,ELLERY,ONONDAGA,3,0,1,0,0,0,NO,12990,59549,0,0,"GH,OB","ELLERY, NY
(42.159868, -79.393216)"
1986,1987-03-19,Berea Oil & Gas Corp.,Chautauqua,ELLERY,ELLERY,ONONDAGA,3,0,0,0,0,0,NO,6319,42790,0,0,"GH,OB","ELLERY, NY
(42.159868, -79.393216)"
1986,1987-03-19,"Abarta Oil & Gas, Inc.",Allegany,ANDOVER,BEECH HILL-INDEPENDENCE,PENNY,2,1,0,0,0,0,NO,401,931,0,0,"GK,GX,OB","ANDOVER, NY
(42.156405, -77.795231)"
1986,1987-03-19,"Abarta Oil & Gas, Inc.",Allegany,ANDOVER,BEECH HILL-INDEPENDENCE,PENNY,1,0,0,0,0,0,NO,45,370,0,0,"GK,GX,OB","ANDOVER, NY
(42.156405, -77.795231)"
1986,1987-03-19,"Remington, Donald",Cattaraugus,CARROLLTON,CHIPMUNK,CHIPMUNK,1,0,0,0,0,0,NO,845,1000,100,0,OC,"CARROLLTON, NY
(42.023289, -78.628438)"
1986,1987-03-19,Berea Oil & Gas Corp.,Chautauqua,CHARLOTTE,GERRY-CHARLOTTE,ONONDAGA,1,0,1,0,0,0,NO,5093,109615,0,0,"GH,OB","CHARLOTTE, NY
(43.255001, -77.617203)"
1986,1987-03-19,Berea Oil & Gas Corp.,Chautauqua,CHARLOTTE,GERRY-CHARLOTTE,ONONDAGA,1,0,0,0,0,0,NO,148,1856,0,0,GH,"CHARLOTTE, NY
(43.255001, -77.617203)"
1986,1987-03-19,Berea Oil & Gas Corp.,Chautauqua,ELLERY,ELLERY,BASS ISLAND,1,0,0,0,0,0,NO,274,814,0,0,"GH,OB","ELLERY, NY
(42.159868, -79.393216)"
1986,1987-03-19,Berea Oil & Gas Corp.,Chautauqua,GERRY,GERRY-CHARLOTTE,ONONDAGA,1,0,0,0,0,0,NO,401,10639,0,0,"GH,OB","GERRY, NY
(42.194749, -79.250394)"
1986,1987-03-19,"Chautauqua Energy, Inc.",Chautauqua,GERRY,GERRY-CHARLOTTE,ONONDAGA,1,0,1,1,0,0,NO,13746,42697,490,0,"GK,GX,OB","GERRY, NY
(42.194749, -79.250394)"
1986,1987-03-19,Berea Oil & Gas Corp.,Chautauqua,GERRY,GERRY-CHARLOTTE,ONONDAGA,1,0,0,0,0,0,NO,258,4678,0,0,"GH,OB","GERRY, NY
(42.194749, -79.250394)"
1986,1987-03-26,"Huntington, Barbara A.",Cattaraugus,CARROLLTON,BRADFORD,BRADFORD,26,3,0,0,0,0,NO,3466,34,2130,0,OA,"CARROLLTON, NY
(42.023289, -78.628438)"
1986,1987-03-26,"Clark, Bruce N.",Allegany,ANDOVER,FULMER VALLEY,PENNY & FULMER VALLEY,9,0,0,0,0,0,NO,91,180,1,0,OB,"ANDOVER, NY
(42.156405, -77.795231)"
1986,1987-03-26,"American Penn Energy,  Inc.",Chautauqua,NORTH HARMONY,NORTH HARMONY,BASS ISLAND,1,1,1,2,0,0,NO,2610,23675,50,0,"GH,OB","NORTH HARMONY, NY
(42.094296, -79.374999)"
1986,1987-03-27,"Templeton Energy,  Inc.",Chautauqua,ELLERY,ELLERY,BASS ISLAND,1,0,0,0,0,0,NO,18196,2496,0,0,"GX,OB","ELLERY, NY
(42.159868, -79.393216)"
1986,1987-03-27,"Templeton Energy,  Inc.",Chautauqua,GERRY,GERRY-CHARLOTTE,BASS ISLAND,1,0,2,0,0,0,NO,2437,23807,0,0,"GH,OB","GERRY, NY
(42.194749, -79.250394)"
1986,1987-04-10,Richardson Petroleum Corp.,Allegany,WEST UNION,BEECH HILL-INDEPENDENCE,FULMER VALLEY,172,1,4,0,9,0,NO,16147,97990,5830,0,"GK,OB","WEST UNION, NY
(42.094951, -77.725816)"
1986,1987-04-10,Dragon Eye Oil Co.,Allegany,BOLIVAR,RICHBURG,RICHBURG,39,63,0,0,0,0,NO,634,70,750,0,OB,"BOLIVAR, NY
(42.066701, -78.167667)"
1986,1987-04-10,"Yahn & Yahn, Inc.",Steuben,WEST UNION,BEECH HILL-INDEPENDENCE,FULMER VALLEY,20,0,5,0,3,0,NO,733,750,600,0,OB,"WEST UNION, NY
(42.094951, -77.725816)"
1986,1987-04-10,"Resource Exploration, Inc.",Chautauqua,NORTH HARMONY,NORTH HARMONY,BASS ISLAND,14,2,5,0,0,0,NO,43529,322347,0,0,"GH,OB","NORTH HARMONY, NY
(42.094296, -79.374999)"
1986,1987-04-10,Richardson Petroleum Corp.,Steuben,WEST UNION,BEECH HILL-INDEPENDENCE,FULMER VALLEY,14,0,0,0,0,0,NO,918,4108,0,0,"GK,OB","WEST UNION, NY
(42.094951, -77.725816)"
1986,1987-04-10,"Yahn & Yahn, Inc.",Allegany,INDEPENDENCE,BEECH HILL-INDEPENDENCE,FULMER VALLEY,5,0,5,0,7,0,NO,649,400,800,0,OB,"INDEPENDENCE, NY
(42.088045, -77.781386)"
1986,1987-04-10,"Yahn & Yahn, Inc.",Steuben,WEST UNION,BEECH HILL-INDEPENDENCE,FULMER VALLEY,5,0,0,0,0,0,NO,321,200,150,0,,"WEST UNION, NY
(42.094951, -77.725816)"
1986,1987-04-10,"Winger, Philip G. & Diane E.",Cattaraugus,CARROLLTON,BRADFORD,CHIPMUNK,3,0,0,0,0,0,NO,1361,350,1300,0,OB,"CARROLLTON, NY
(42.023289, -78.628438)"
1986,1987-04-10,"Yahn & Yahn, Inc.",Steuben,WEST UNION,BEECH HILL-INDEPENDENCE,FULMER VALLEY,3,1,2,0,0,0,NO,60,100,80,0,OB,"WEST UNION, NY
(42.094951, -77.725816)"
1986,1987-04-10,"Stark, Eric",Allegany,INDEPENDENCE,BEECH HILL-INDEPENDENCE,FULMER VALLEY,2,0,0,0,0,0,NO,70,24,30,0,OB,"INDEPENDENCE, NY
(42.088045, -77.781386)"
1986,1987-04-10,Columbia Gas Transmission Corp.,Chautauqua,CLYMER,CLYMER,SALINA,1,0,0,0,0,0,YES,1118,4080,3398,0,"GH,OB","CLYMER, NY
(42.02082, -79.629966)"
1986,1987-04-10,"Yahn & Yahn, Inc.",Allegany,INDEPENDENCE,BEECH HILL-INDEPENDENCE,FULMER VALLEY,1,1,0,0,0,0,NO,28,30,30,0,OB,"INDEPENDENCE, NY
(42.088045, -77.781386)"
1986,1987-04-10,"Resource Exploration, Inc.",Chautauqua,NORTH HARMONY,NORTH HARMONY,BASS ISLAND,1,0,2,0,0,0,NO,3519,5592,0,0,"GH,OB","NORTH HARMONY, NY
(42.094296, -79.374999)"
1986,1987-04-10,"Resource Exploration, Inc.",Chautauqua,NORTH HARMONY,NORTH HARMONY,BASS ISLAND,1,0,0,0,0,0,NO,292,3566,0,0,"GH,OB","NORTH HARMONY, NY
(42.094296, -79.374999)"
1986,1987-04-13,U S Energy Development Corp.,Cattaraugus,OLEAN,FIVE MILE,BRADFORD,6,0,0,0,0,0,NO,980,154,1102,0,"GK,OB","OLEAN, NY
(42.077495, -78.429849)"
1986,1987-04-13,"Lenape Resources Corp., The",Chautauqua,ELLERY,ELLERY,BASS ISLAND,5,0,1,0,0,0,NO,17568,64637,7721,0,"GQ,OB","ELLERY, NY
(42.159868, -79.393216)"
1986,1987-04-13,"Lenape Resources Corp., The",Chautauqua,ELLERY,ELLERY,BASS ISLAND,2,0,1,0,0,0,NO,1321,12294,9612,0,"GQ,OB","ELLERY, NY
(42.159868, -79.393216)"
1986,1987-04-13,"Remington, Donald",Cattaraugus,CARROLLTON,CHIPMUNK,CHIPMUNK,1,0,0,0,0,0,NO,169,1000,100,0,OC,"CARROLLTON, NY
(42.023289, -78.628438)"
1986,1987-04-13,U S Energy Development Corp.,Chautauqua,CHARLOTTE,GERRY-CHARLOTTE,BASS ISLAND,1,0,0,0,0,0,NO,150,43690,10,0,"GH,GX,OB","CHARLOTTE, NY
(43.255001, -77.617203)"
1986,1987-04-13,"Lenape Resources Corp., The",Chautauqua,ELLERY,ELLERY,BASS ISLAND,1,0,0,0,0,0,NO,527,1276,651,0,"GQ,OB","ELLERY, NY
(42.159868, -79.393216)"
1986,1987-04-13,"Lenape Resources Corp., The",Chautauqua,ELLERY,ELLERY,BASS ISLAND,1,0,0,0,0,0,NO,582,3095,4277,0,"GQ,OB","ELLERY, NY
(42.159868, -79.393216)"
1986,1987-04-13,"Lenape Resources Corp., The",Chautauqua,ELLERY,ELLERY,BASS ISLAND,1,0,2,0,0,0,NO,264,10308,212,0,"GQ,OB","ELLERY, NY
(42.159868, -79.393216)"
1986,1987-04-13,U S Energy Development Corp.,Chautauqua,GERRY,GERRY-CHARLOTTE,BASS ISLAND,1,0,0,0,0,0,NO,2905,59433,1380,0,"GH,OB","GERRY, NY
(42.194749, -79.250394)"
1986,1987-04-13,U S Energy Development Corp.,Chautauqua,GERRY,GERRY-CHARLOTTE,BASS ISLAND,1,0,0,0,0,0,NO,363,11798,260,0,"GK,OB","GERRY, NY
(42.194749, -79.250394)"
1986,1987-04-13,A. J. Lease Account,Cattaraugus,ALLEGANY,FIVE MILE,CHIPMUNK,0,5,0,0,0,0,NO,925,10,200,0,OC,"ALLEGANY, NY
(42.088061, -78.491258)"
1986,1987-04-15,"Doran & Associates, Inc.",Chautauqua,CLYMER,CLYMER,BASS ISLAND,1,0,0,0,0,0,NO,89,2187,1073,0,"GH,OB","CLYMER, NY
(42.02082, -79.629966)"
1986,1987-04-15,"Doran & Associates, Inc.",Chautauqua,CLYMER,CLYMER,BASS ISLAND,1,0,1,2,0,0,NO,159,711,58,0,"GH,OB","CLYMER, NY
(42.02082, -79.629966)"
1986,1987-04-16,Pennzoil Products Co.,Cattaraugus,CARROLLTON,CHIPMUNK,ONONDAGA,1,0,1,2,0,0,NO,15,41000,0,0,"GJ,OX","CARROLLTON, NY
(42.023289, -78.628438)"
1986,1987-04-16,Pennzoil Products Co.,Cattaraugus,OLEAN,BRADFORD,ONONDAGA,0,0,1,0,0,0,NO,2573,373000,0,0,"GJ,OX","OLEAN, NY
(42.077495, -78.429849)"
1987,1988-02-29,"Huntington, Barbara A.",Cattaraugus,CARROLLTON,BRADFORD,BRADFORD,29,0,0,0,0,0,NO,3475,34,1652,0,OA,"CARROLLTON, NY
(42.023289, -78.628438)"
1987,1988-02-29,Potter Oil Co.,Allegany,INDEPENDENCE,BEECH HILL-INDEPENDENCE,FULMER VALLEY,28,1,0,0,0,0,NO,869,10544,730,0,"GK,OB","INDEPENDENCE, NY
(42.088045, -77.781386)"
1987,1988-02-29,"Hungerford, Thomas E.",Allegany,BOLIVAR,RICHBURG,RICHBURG,10,0,0,0,0,0,NO,523,705,455,0,"GK,OB","BOLIVAR, NY
(42.066701, -78.167667)"
1987,1988-02-29,"Gleason, Charlotte",Allegany,ANDOVER,FULMER VALLEY,FULMER VALLEY,2,1,0,0,0,0,NO,35,3,2,0,OB,"ANDOVER, NY
(42.156405, -77.795231)"
1987,1988-02-29,"Bucher, William C",Chautauqua,BUSTI,BUSTI,GLADE,1,0,0,0,0,0,NO,53,50,0,0,OB,"BUSTI, NY
(42.038067, -79.283549)"
1987,1988-03-01,"Park-Ohio Energy,  Inc.",Chautauqua,ELLERY,ELLERY,BASS ISLAND,5,0,1,2,0,0,NO,5111,39705,14675,0,"GH,OA","ELLERY, NY
(42.159868, -79.393216)"
1987,1988-03-01,Joyce - Tullar Oil Co.,Allegany,WELLSVILLE,FULMER VALLEY,FULMER VALLEY,2,1,0,0,0,0,NO,480,464,24,0,"GK,OB","WELLSVILLE, NY
(42.120693, -77.946058)"
1987,1988-03-01,"Dest Exploration, Inc.",Chautauqua,NORTH HARMONY,NORTH HARMONY,BASS ISLAND,1,0,0,0,0,0,NO,9138,1627,3847,0,OB,"NORTH HARMONY, NY
(42.094296, -79.374999)"
1987,1988-03-01,Templeton & Woods,Cattaraugus,CARROLLTON,BRADFORD,CHIPMUNK,0,0,1,0,0,0,NO,49,10,0,0,OC,"CARROLLTON, NY
(42.023289, -78.628438)"
1987,1988-03-21,Cal Ban Corp.,Cattaraugus,ALLEGANY,FIVE MILE,BRADFORD,45,0,0,0,0,0,NO,3140,3140,349,0,OA,"ALLEGANY, NY
(42.088061, -78.491258)"
1987,1988-03-21,"Ekas, David & Archer",Cattaraugus,CARROLLTON,BRADFORD,CHIPMUNK,16,0,0,0,0,0,NO,325,126,157,0,OC,"CARROLLTON, NY
(42.023289, -78.628438)"
1987,1988-03-21,"Clark, Bruce N.",Allegany,ANDOVER,FULMER VALLEY,PENNY & FULMER VALLEY,9,0,0,0,0,0,NO,60,90,1,0,OB,"ANDOVER, NY
(42.156405, -77.795231)"
1987,1988-03-22,"Lenape Resources Corp., The",Chautauqua,ELLERY,ELLERY,BASS ISLAND,8,10,0,0,0,0,NO,21720,54941,41741,0,"GK,GR,OB","ELLERY, NY
(42.159868, -79.393216)"
1987,1988-03-29,"Roberts, Carl H",Allegany,CLARKSVILLE,CLARKSVILLE,CLARKSVILLE,5,0,0,0,0,0,NO,812,5000,500,0,OB,"CLARKSVILLE, NY
(42.575802, -73.964401)"
1987,1988-03-29,"Desert Gas Exploration, Inc.",Chautauqua,GERRY,GERRY-CHARLOTTE,ONONDAGA-BASS ISLAND,0,0,1,0,0,0,NO,1,8727,70,0,GK,"GERRY, NY
(42.194749, -79.250394)"
1987,1988-04-01,"Curtis & Son Oil, Inc.",Chautauqua,BUSTI,BUSTI,GLADE,23,0,0,0,0,0,NO,530,270,799,0,OB,"BUSTI, NY
(42.038067, -79.283549)"
1987,1988-04-01,Gemini Oil Company,Chautauqua,BUSTI,BUSTI,GLADE,23,0,0,0,0,0,NO,451,276,142,0,OB,"BUSTI, NY
(42.038067, -79.283549)"
1987,1988-04-01,"Doran & Associates, Inc.",Chautauqua,CLYMER,CLYMER,BASS ISLAND,5,0,4,0,0,0,NO,10981,79822,23065,0,"GH,OB","CLYMER, NY
(42.02082, -79.629966)"
1987,1988-04-01,"Templeton Energy,  Inc.",Chautauqua,GERRY,GERRY-CHARLOTTE,BASS ISLAND,2,0,2,0,0,0,NO,3099,29170,662,0,"GH,OB","GERRY, NY
(42.194749, -79.250394)"
1987,1988-04-01,"Templeton Energy,  Inc.",Chautauqua,ELLERY,ELLERY,BASS ISLAND,1,0,0,0,0,0,NO,11645,2420,1314,0,"GX,OB","ELLERY, NY
(42.159868, -79.393216)"
1987,1988-04-13,Pennzoil Products Co.,Cattaraugus,ALLEGANY,BRADFORD,BRADFORD,180,88,0,0,244,0,YES,71352,371,1223735,0,OA,"ALLEGANY, NY
(42.088061, -78.491258)"
1987,1988-04-13,Libra Petroleum Company,Chautauqua,BUSTI,BUSTI,GLADE,68,0,0,0,0,0,NO,1299,649,525,0,OB,"BUSTI, NY
(42.038067, -79.283549)"
1987,1988-04-13,Lenacre Oil Co.,Chautauqua,BUSTI,BUSTI,GLADE,50,0,0,0,0,0,NO,782,391,324,0,OB,"BUSTI, NY
(42.038067, -79.283549)"
1987,1988-04-13,"Carls, Thomas A",Cattaraugus,ALLEGANY,BRADFORD,BRADFORD,30,5,0,0,0,0,NO,21,307,0,0,OA,"ALLEGANY, NY
(42.088061, -78.491258)"
1987,1988-04-13,"Yahn & Yahn, Inc.",Steuben,WEST UNION,BEECH HILL-INDEPENDENCE,FULMER VALLEY,18,16,0,0,1,0,NO,839,635,400,0,OB,"WEST UNION, NY
(42.094951, -77.725816)"
1987,1988-04-13,"Yahn & Yahn, Inc.",Allegany,INDEPENDENCE,BEECH HILL-INDEPENDENCE,FULMER VALLEY,11,2,0,0,6,0,NO,185,100,200,0,OB,"INDEPENDENCE, NY
(42.088045, -77.781386)"
1987,1988-04-13,Pennzoil Products Co.,Cattaraugus,OLEAN,BRADFORD,ONONDAGA,1,0,0,0,0,0,NO,1376,219000,0,0,"GJ,OX","OLEAN, NY
(42.077495, -78.429849)"
1987,1988-04-19,Cal Ban Corp.,Cattaraugus,ALLEGANY,FIVE MILE,BRADFORD,50,0,0,0,0,0,NO,13197,4690,521,0,"OA,OC","ALLEGANY, NY
(42.088061, -78.491258)"
1987,1988-04-19,"Renard Resources Co., Inc.",Allegany,BOLIVAR,RICHBURG,RICHBURG,15,0,0,0,0,0,NO,1956,1592,0,0,"OA,GI","BOLIVAR, NY
(42.066701, -78.167667)"
1987,1988-04-19,J G & A Co-Venture,Allegany,ANDOVER,BEECH HILL-INDEPENDENCE,PENNY & FULMER VALLEY,7,0,0,0,0,0,NO,260,662,11,0,"GK,GX,OR","ANDOVER, NY
(42.156405, -77.795231)"
1987,1988-04-19,"Abarta Oil & Gas, Inc.",Allegany,ANDOVER,BEECH HILL-INDEPENDENCE,PENNY & FULMER VALLEY,4,1,0,0,0,0,NO,457,555,19,0,"GK,GX,OB","ANDOVER, NY
(42.156405, -77.795231)"
1987,1988-04-19,U S Energy Development Corp.,Chautauqua,GERRY,GERRY-CHARLOTTE,BASS ISLAND,2,0,0,0,0,0,NO,1199,21008,2239,0,"GH,GK,OB","GERRY, NY
(42.194749, -79.250394)"
1987,1988-04-19,U S Energy Development Corp.,Chautauqua,CHARLOTTE,GERRY-CHARLOTTE,BASS ISLAND,1,0,1,0,0,0,NO,3850,32813,221,0,"GH,GK,OB","CHARLOTTE, NY
(43.255001, -77.617203)"
1987,1988-04-19,"Universal Resources Holdings, Incorporated",Chautauqua,GERRY,GERRY-CHARLOTTE,ONONDAGA-BASS ISLAND,1,0,0,1,0,0,NO,202,1124,0,0,GH,"GERRY, NY
(42.194749, -79.250394)"
1987,1988-04-21,Columbia Gas Transmission Corp.,Chautauqua,CLYMER,CLYMER,SALINA,0,0,1,0,0,0,YES,160,1698,40,0,"GH,OB","CLYMER, NY
(42.02082, -79.629966)"
1987,1988-04-22,Quaker State Corp.,Cattaraugus,CARROLLTON,BRADFORD,CHIPMUNK,232,8,0,0,0,0,YES,25900,32623,3010,0,OB,"CARROLLTON, NY
(42.023289, -78.628438)"
1987,1988-04-22,Richardson Petroleum Corp.,Allegany,INDEPENDENCE,BEECH HILL-INDEPENDENCE,FULMER VALLEY,167,1,14,0,9,0,NO,14306,93334,20535,0,"GK,OB","INDEPENDENCE, NY
(42.088045, -77.781386)"
1987,1988-04-22,Richardson Petroleum Corp.,Steuben,WEST UNION,BEECH HILL-INDEPENDENCE,FULMER VALLEY,16,0,0,0,0,0,NO,1049,5684,109,0,"GK,OB","WEST UNION, NY
(42.094951, -77.725816)"
1987,1988-04-22,"Resource Exploration, Inc.",Chautauqua,NORTH HARMONY,NORTH HARMONY,BASS ISLAND,14,0,12,2,0,0,NO,58274,461542,35000,0,"GH,OB","NORTH HARMONY, NY
(42.094296, -79.374999)"
1987,1988-04-22,Quaker State Corp.,Cattaraugus,OLEAN,FIVE MILE,BRADFORD,9,0,0,0,0,0,YES,313,300,30,0,OB,"OLEAN, NY
(42.077495, -78.429849)"
1987,1988-04-22,"Hugoton Petroleum,  Inc.",Chautauqua,NORTH HARMONY,NORTH HARMONY,ONONDAGA-BASS ISLAND,2,0,1,1,0,0,NO,14408,52693,680,0,"GH,OC","NORTH HARMONY, NY
(42.094296, -79.374999)"
1987,1988-04-22,Quaker State Corp.,Cattaraugus,OLEAN,CHIPMUNK,CHIPMUNK,0,0,0,0,0,0,YES,321,300,30,0,OB,"OLEAN, NY
(42.077495, -78.429849)"
1987,1988-04-25,"Middaugh, Vincent",Allegany,AMITY,CORBIN HILL,SCIO,1,0,1,0,0,0,NO,136,300,0,0,OB,"AMITY, NY
(41.268101, -74.455299)"
1987,1988-04-25,"Chautauqua Energy, Inc.",Chautauqua,GERRY,GERRY-CHARLOTTE,ONONDAGA-BASS ISLAND,1,1,1,0,0,0,NO,9991,13206,356,0,"GK,GX,OB","GERRY, NY
(42.194749, -79.250394)"
1987,1988-04-27,"Arrowhead Gas Producers, Inc.",Cattaraugus,ALLEGANY,BRADFORD,BRADFORD,10,0,0,0,0,0,NO,27759,1000,55,0,OB,"ALLEGANY, NY
(42.088061, -78.491258)"
1987,1988-04-27,"Winger, Philip G. & Diane E.",Cattaraugus,CARROLLTON,BRADFORD,CHIPMUNK,3,0,0,0,0,0,NO,597,280,600,0,OB,"CARROLLTON, NY
(42.023289, -78.628438)"
1987,1988-04-27,"Beaver, Albert H",Cattaraugus,OLEAN,BRADFORD,CHIPMUNK,2,0,6,0,0,0,NO,96,8001,66,0,"GK,OC","OLEAN, NY
(42.077495, -78.429849)"
1987,1988-04-27,"Arrowhead Gas Producers, Inc.",Chautauqua,ELLICOTT,LAKESHORE,MEDINA,0,1,2,1,0,0,NO,40,13729,255,0,"GH,OB","ELLICOTT, NY
(42.734402, -78.731697)"
1987,1988-05-17,Jos J Bucher Producing Co.,Allegany,BOLIVAR,RICHBURG,RICHBURG,37,7,0,0,15,0,NO,3220,200,106210,0,OB,"BOLIVAR, NY
(42.066701, -78.167667)"
1987,1988-05-17,Baker & Odonnell Dev. Co.,Allegany,ALMA,RICHBURG,RICHBURG,13,15,0,0,23,0,NO,11,212,60,0,OB,"ALMA, NY
(42.012207, -78.060759)"
1987,1988-05-17,Estate of  Richard G Smith,Allegany,GENESEE,RICHBURG,RICHBURG,5,1,0,0,0,0,NO,235,395,200,0,OB,"GENESEE, NY
(42.02693, -78.205893)"
1987,1988-05-17,Walker Exploration & Production Corp.,Chautauqua,CLYMER,LAKESHORE,MEDINA,1,0,28,8,0,0,NO,59,169796,259,0,"GH,GK","CLYMER, NY
(42.02082, -79.629966)"
1987,1988-05-25,Frank H. Stephan Oil Group,Cattaraugus,ALLEGANY,BRADFORD,BRADFORD,20,0,0,0,3,0,NO,3945,1000,0,0,OC,"ALLEGANY, NY
(42.088061, -78.491258)"
1987,1988-05-25,F & T Oil,Chautauqua,BUSTI,BUSTI,GLADE,0,0,1,0,0,0,NO,53,50,0,0,OB,"BUSTI, NY
(42.038067, -79.283549)"
1987,1988-07-01,"Bennett, Albert J",Cattaraugus,ALLEGANY,FOUR MILE,BRADFORD,9,1,0,0,0,0,NO,63,24,189,0,OC,"ALLEGANY, NY
(42.088061, -78.491258)"
1987,1988-07-01,Berea Oil & Gas Corp.,Chautauqua,GERRY,GERRY-CHARLOTTE,ONONDAGA-BASS ISLAND,4,4,11,3,0,0,NO,49350,230811,12610,0,"GH,OB","GERRY, NY
(42.194749, -79.250394)"
1987,1988-07-01,Berea Oil & Gas Corp.,Chautauqua,ELLERY,ELLERY,ONONDAGA-BASS ISLAND,3,0,2,0,0,0,NO,8098,49626,13614,0,"GH,OB","ELLERY, NY
(42.159868, -79.393216)"
1987,1988-07-01,Berea Oil & Gas Corp.,Chautauqua,CHARLOTTE,GERRY-CHARLOTTE,ONONDAGA-BASS ISLAND,2,0,2,0,0,0,NO,1419,28433,0,0,"GH,OB","CHARLOTTE, NY
(43.255001, -77.617203)"
1987,1988-07-01,Berea Oil & Gas Corp.,Allegany,CLARKSVILLE,CLARKSVILLE,CLARKSVILLE,1,0,2,2,0,0,NO,8,500,34,0,OB,"CLARKSVILLE, NY
(42.575802, -73.964401)"
1987,1988-07-12,"Kenco Oil & Gas, Inc.",Cattaraugus,ALLEGANY,FIVE MILE,CHIPMUNK,20,5,5,0,0,0,NO,11079,2944,1595,0,"GX,OB","ALLEGANY, NY
(42.088061, -78.491258)"
1987,1988-07-12,A. J. Lease Account,Cattaraugus,ALLEGANY,FIVE MILE,CHIPMUNK,0,5,0,0,0,0,NO,317,300,150,0,,"ALLEGANY, NY
(42.088061, -78.491258)"
1987,1988-09-16,"Buffington, Richard J. Jr.",Allegany,CLARKSVILLE,RICHBURG,CLARKSVILLE,4,0,0,0,0,0,NO,11,10,20,0,OB,"CLARKSVILLE, NY
(42.575802, -73.964401)"
1987,1988-09-20,"Fitzgerald, Thomas J.",Allegany,CLARKSVILLE,RICHBURG,RICHBURG,0,0,3,2,0,0,NO,8,500,34,0,"GX,OB","CLARKSVILLE, NY
(42.575802, -73.964401)"
1988,1989-03-13,Quaker State Corp.,Cattaraugus,CARROLLTON,BRADFORD,CHIPMUNK,232,8,0,0,0,0,NO,28116,21128,2504,0,OB,"CARROLLTON, NY
(42.023289, -78.628438)"
1988,1989-03-13,Potter Oil Co.,Allegany,INDEPENDENCE,BEECH HILL-INDEPENDENCE,FULMER VALLEY,28,1,0,0,0,0,,869,9085,2252,0,"GK,OB","INDEPENDENCE, NY
(42.088045, -77.781386)"
1988,1989-03-13,B & H Oil Co.,Allegany,BOLIVAR,RICHBURG,RICHBURG,10,0,0,0,0,0,NO,399,1854,220,0,"GK,OB","BOLIVAR, NY
(42.066701, -78.167667)"
1988,1989-03-13,Quaker State Corp.,Cattaraugus,OLEAN,FIVE MILE,BRADFORD,9,0,0,0,0,0,NO,206,172,17,0,OB,"OLEAN, NY
(42.077495, -78.429849)"
1988,1989-03-13,"Roberts, Carl H",Allegany,CLARKSVILLE,CLARKSVILLE,CLARKSVILLE,5,0,0,0,0,0,NO,592,5000,400,0,OB,"CLARKSVILLE, NY
(42.575802, -73.964401)"
1988,1989-03-22,"Ekas, David & Archer",Cattaraugus,CARROLLTON,BRADFORD,CHIPMUNK,16,0,0,0,0,0,,222,115,160,0,OC,"CARROLLTON, NY
(42.023289, -78.628438)"
1988,1989-03-22,"Ekas, David & Archer",Cattaraugus,CARROLLTON,BRADFORD,CHIPMUNK,16,0,0,0,0,0,NO,222,115,160,0,OC,"CARROLLTON, NY
(42.023289, -78.628438)"
1988,1989-03-22,Quaker State Corp.,Cattaraugus,OLEAN,CHIPMUNK,CHIPMUNK,8,0,0,0,0,0,NO,236,177,17,0,OB,"OLEAN, NY
(42.077495, -78.429849)"
1988,1989-03-22,A. J. Lease Account,Cattaraugus,ALLEGANY,FIVE MILE,CHIPMUNK,4,1,0,0,0,0,NO,211,200,75,0,OC,"ALLEGANY, NY
(42.088061, -78.491258)"
1988,1989-03-22,"Hugoton Petroleum,  Inc.",Chautauqua,NORTH HARMONY,NORTH HARMONY,ONONDAGA-BASS ISLAND,3,0,1,0,0,0,NO,14207,62613,7148,0,"GH,OC","NORTH HARMONY, NY
(42.094296, -79.374999)"
1988,1989-03-24,Dunning & Barnes Oil Co.,Allegany,GENESEE,RICHBURG,RICHBURG,9,0,0,0,0,0,NO,316,8,604,0,OB,"GENESEE, NY
(42.02693, -78.205893)"
1988,1989-03-24,William Barnes Drlg & Prod Co.,Allegany,FRIENDSHIP,NILE,WAUGH & PORTER,1,0,0,0,0,0,NO,158,2,281,0,OB,"FRIENDSHIP, NY
(42.207973, -78.133696)"
1988,1989-03-30,Kinley Oil & Gas Corp.,Cattaraugus,ALLEGANY,BRADFORD,BRADFORD,94,0,0,0,0,0,NO,16574,4000,109900,0,OB,"ALLEGANY, NY
(42.088061, -78.491258)"
1988,1989-03-30,Dragon Eye Oil Co.,Allegany,BOLIVAR,RICHBURG,RICHBURG,93,11,0,0,0,0,NO,359,120,23,0,OB,"BOLIVAR, NY
(42.066701, -78.167667)"
1988,1989-03-30,"Stark, Eric",Allegany,INDEPENDENCE,FULMER VALLEY,FULMER VALLEY,2,0,0,0,0,0,NO,51,80,10,0,OB,"INDEPENDENCE, NY
(42.088045, -77.781386)"
1988,1989-03-30,Fault Line Oil Corporation,Cattaraugus,ASHFORD,DUTCH HILL,ONONDAGA,1,0,0,0,0,0,NO,10917,1222,0,0,"GX,OA,OC","ASHFORD, NY
(42.403846, -78.612179)"
1988,1989-03-31,Columbia Gas Transmission Corp.,Chautauqua,CLYMER,CLYMER,ONONDAGA-BASS ISLAND,1,0,0,0,0,0,YES,425,1514,1600,0,"GH,OB","CLYMER, NY
(42.02082, -79.629966)"
1988,1989-03-31,TGX Corp.,Chautauqua,ELLERY,ELLERY,ONONDAGA-BASS ISLAND,1,0,0,0,0,0,NO,8941,927,0,0,"GX,OB","ELLERY, NY
(42.159868, -79.393216)"
1988,1989-03-31,"Winger, Philip G. & Diane E.",Cattaraugus,CARROLLTON,BRADFORD,CHIPMUNK,0,0,3,0,0,0,NO,494,250,495,0,OB,"CARROLLTON, NY
(42.023289, -78.628438)"
1988,1989-04-03,Cal Ban Corp.,Cattaraugus,ALLEGANY,FIVE MILE,BRADFORD,95,0,0,0,0,0,NO,11184,8000,1242,0,OA,"ALLEGANY, NY
(42.088061, -78.491258)"
1988,1989-04-03,Freeman Oil Co.,Allegany,AMITY,SCIO,SCIO,24,0,0,0,36,0,NO,625,1320,0,0,OB,"AMITY, NY
(41.268101, -74.455299)"
1988,1989-04-03,Richardson Petroleum Corp.,Steuben,WEST UNION,BEECH HILL-INDEPENDENCE,FULMER VALLEY,14,2,0,0,0,0,NO,2285,3159,209,0,"GK,OB","WEST UNION, NY
(42.094951, -77.725816)"
1988,1989-04-03,"Gleason, Charlotte",Allegany,ANDOVER,FULMER VALLEY,FULMER VALLEY,3,0,0,0,0,0,NO,21,3500,21,0,OB,"ANDOVER, NY
(42.156405, -77.795231)"
1988,1989-04-03,TGX Corp.,Chautauqua,GERRY,GERRY-CHARLOTTE,ONONDAGA-BASS ISLAND,2,0,2,0,0,0,NO,93,8671,1457,0,"GH,OB","GERRY, NY
(42.194749, -79.250394)"
1988,1989-04-04,Richardson Petroleum Corp.,Allegany,INDEPENDENCE,BEECH HILL-INDEPENDENCE,FULMER VALLEY,180,0,7,0,9,0,NO,11417,75462,18796,0,"GK,OB","INDEPENDENCE, NY
(42.088045, -77.781386)"
1988,1989-04-05,Libra Petroleum Company,Chautauqua,BUSTI,BUSTI,GLADE,68,0,0,0,0,0,NO,1364,632,484,0,OB,"BUSTI, NY
(42.038067, -79.283549)"
1988,1989-04-05,Lenacre Oil Co.,Chautauqua,BUSTI,BUSTI,GLADE,48,2,0,0,0,0,NO,869,278,475,0,OB,"BUSTI, NY
(42.038067, -79.283549)"
1988,1989-04-05,Gemini Oil Company,Chautauqua,BUSTI,BUSTI,GLADE,23,0,0,0,0,0,NO,462,231,140,0,OB,"BUSTI, NY
(42.038067, -79.283549)"
1988,1989-04-05,"Curtis & Son Oil, Inc.",Chautauqua,BUSTI,BUSTI,GLADE,15,8,0,0,0,0,NO,417,209,676,0,OB,"BUSTI, NY
(42.038067, -79.283549)"
1988,1989-04-05,"Clark, Bruce N.",Allegany,ANDOVER,FULMER VALLEY,PENNY & FULMER VALLEY,9,0,0,0,0,0,NO,85,90,0,0,OB,"ANDOVER, NY
(42.156405, -77.795231)"
1988,1989-04-05,U S Energy Development Corp.,Chautauqua,GERRY,GERRY-CHARLOTTE,ONONDAGA-BASS ISLAND,2,0,0,0,0,0,NO,548,19440,817,0,"GH,OB,GK","GERRY, NY
(42.194749, -79.250394)"
1988,1989-04-07,"Allegro Oil & Gas,  Inc.",Steuben,WEST UNION,MARSH,FULMER VALLEY,61,62,0,0,36,0,NO,1230,3,3225,0,OB,"WEST UNION, NY
(42.094951, -77.725816)"
1988,1989-04-07,Frank H. Stephan Oil Group,Cattaraugus,ALLEGANY,BRADFORD,BRADFORD,20,0,0,0,3,0,NO,3846,1000,7575,0,OC,"ALLEGANY, NY
(42.088061, -78.491258)"
1988,1989-04-07,"Yahn & Yahn, Inc.",Steuben,WEST UNION,BEECH HILL-INDEPENDENCE,FULMER VALLEY,20,0,15,0,1,0,NO,871,560,530,0,OB,"WEST UNION, NY
(42.094951, -77.725816)"
1988,1989-04-07,"Yahn & Yahn, Inc.",Allegany,INDEPENDENCE,BEECH HILL-INDEPENDENCE,FULMER VALLEY,13,0,0,0,6,0,NO,617,480,415,0,OB,"INDEPENDENCE, NY
(42.088045, -77.781386)"
1988,1989-04-07,"Lenape Resources Corp., The",Chautauqua,ELLERY,ELLERY,ONONDAGA-BASS ISLAND,8,10,0,0,0,0,NO,7046,42817,11216,0,"GK,GX,OB","ELLERY, NY
(42.159868, -79.393216)"
1988,1989-04-07,Estate of  Richard G Smith,Allegany,GENESEE,RICHBURG,RICHBURG,5,1,0,0,0,0,NO,333,25,200,0,OB,"GENESEE, NY
(42.02693, -78.205893)"
1988,1989-04-07,Lamar Exploration Corp.,Chautauqua,CLYMER,CLYMER,ONONDAGA-BASS ISLAND,1,0,0,0,0,0,NO,13032,8272,300,0,"GH,OB","CLYMER, NY
(42.02082, -79.629966)"
1988,1989-04-07,"Blessing, Harold O.",Cattaraugus,OLEAN,BRADFORD,BRADFORD,1,0,0,0,0,0,NO,518,3,0,0,OA,"OLEAN, NY
(42.077495, -78.429849)"
1988,1989-04-12,Pennzoil Products Co.,Cattaraugus,ALLEGANY,BRADFORD,BRADFORD,179,89,0,0,244,0,NO,63835,117,934739,0,OA,"ALLEGANY, NY
(42.088061, -78.491258)"
1988,1989-04-12,"Huntington, Barbara A.",Cattaraugus,CARROLLTON,BRADFORD,BRADFORD,26,3,0,0,0,0,NO,3192,42,1500,0,OA,"CARROLLTON, NY
(42.023289, -78.628438)"
1988,1989-04-12,"Resource Exploration, Inc.",Chautauqua,NORTH HARMONY,NORTH HARMONY,ONONDAGA-BASS ISLAND,8,0,16,3,0,0,NO,19230,309152,0,0,"GH,OB","NORTH HARMONY, NY
(42.094296, -79.374999)"
1988,1989-04-12,J G & A Co-Venture,Allegany,ANDOVER,BEECH HILL-INDEPENDENCE,PENNY & FULMER VALLEY,2,4,0,0,0,0,NO,232,527,9,0,"GK,OB","ANDOVER, NY
(42.156405, -77.795231)"
1988,1989-04-12,"Abarta Oil & Gas, Inc.",Allegany,ANDOVER,BEECH HILL-INDEPENDENCE,PENNY & FULMER VALLEY,2,3,0,0,0,0,NO,360,520,15,0,"GK,OB","ANDOVER, NY
(42.156405, -77.795231)"
1988,1989-04-12,Joyce - Tullar Oil Co.,Allegany,WELLSVILLE,FULMER VALLEY,FULMER VALLEY,2,1,0,0,0,0,NO,688,429,34,0,"GK,OB","WELLSVILLE, NY
(42.120693, -77.946058)"
1988,1989-04-12,"Chautauqua Energy, Inc.",Chautauqua,GERRY,GERRY-CHARLOTTE,ONONDAGA-BASS ISLAND,1,0,0,0,0,0,NO,7266,6100,300,0,OB,"GERRY, NY
(42.194749, -79.250394)"
1988,1989-04-12,Pennzoil Products Co.,Cattaraugus,OLEAN,BRADFORD,ONONDAGA,1,0,0,0,0,0,NO,1019,218823,0,0,"GJ,OX","OLEAN, NY
(42.077495, -78.429849)"
1988,1989-05-01,Berea Oil & Gas Corp.,Chautauqua,GERRY,GERRY-CHARLOTTE,ONONDAGA-BASS ISLAND,9,4,6,2,0,0,NO,24418,122672,7001,0,"GH,OB","GERRY, NY
(42.194749, -79.250394)"
1988,1989-05-01,Berea Oil & Gas Corp.,Chautauqua,ELLERY,ELLERY,ONONDAGA-BASS ISLAND,2,0,3,0,0,0,NO,719,25065,9003,0,"GH,OB","ELLERY, NY
(42.159868, -79.393216)"
1988,1989-07-13,"Doran & Associates, Inc.",Chautauqua,CLYMER,CLYMER,ONONDAGA-BASS ISLAND,1,0,5,3,0,0,NO,6449,41719,660,0,"GH,OB","CLYMER, NY
(42.02082, -79.629966)"
1988,1989-07-20,"Atwood Energy, Inc.",Chautauqua,ELLERY,ELLERY,ONONDAGA-BASS ISLAND,2,0,4,2,0,0,NO,1965,24185,2845,0,"GH,OA","ELLERY, NY
(42.159868, -79.393216)"
1988,1989-07-20,"American Penn Energy,  Inc.",Chautauqua,NORTH HARMONY,NORTH HARMONY,ONONDAGA-BASS ISLAND,1,1,0,0,0,0,NO,548,100,320,0,OB,"NORTH HARMONY, NY
(42.094296, -79.374999)"
1988,1989-07-20,"American Penn Energy,  Inc.",Chautauqua,SHERMAN,HARMONY,ONONDAGA-BASS ISLAND,1,0,0,0,0,0,NO,1746,100,800,0,OB,"SHERMAN, NY
(42.159351, -79.595176)"
1988,1989-07-24,"Bottoms, Ruth A",Allegany,GENESEE,CERES,WAUGH & PORTER,1,0,1,0,0,0,YES,20,7,120,0,,"GENESEE, NY
(42.02693, -78.205893)"
1989,1990-01-25,Potter Oil Co.,Allegany,INDEPENDENCE,BEECH HILL-INDEPENDENCE,FULMER VALLEY,26,2,0,0,0,0,NO,933,8127,950,0,"GK,OB","INDEPENDENCE, NY
(42.088045, -77.781386)"
1989,1990-02-01,"Ekas, David & Archer",Cattaraugus,CARROLLTON,BRADFORD,CHIPMUNK,16,0,0,0,0,0,NO,236,122,153,0,OC,"CARROLLTON, NY
(42.023289, -78.628438)"
1989,1990-02-08,Libra Petroleum Company,Chautauqua,BUSTI,BUSTI,GLADE,68,0,0,0,0,0,NO,450,250,171,0,OB,"BUSTI, NY
(42.038067, -79.283549)"
1989,1990-02-08,Lenacre Oil Co.,Chautauqua,BUSTI,BUSTI,GLADE,43,0,0,0,0,0,NO,360,181,156,0,OB,"BUSTI, NY
(42.038067, -79.283549)"
1989,1990-02-08,"Curtis & Son Oil, Inc.",Chautauqua,BUSTI,BUSTI,GLADE,24,0,0,0,0,0,NO,932,466,1121,0,OB,"BUSTI, NY
(42.038067, -79.283549)"
1989,1990-02-08,Gemini Oil Company,Chautauqua,BUSTI,BUSTI,GLADE,23,0,0,0,0,0,NO,258,129,74,0,OB,"BUSTI, NY
(42.038067, -79.283549)"
1989,1990-02-14,B & H Oil Co.,Allegany,BOLIVAR,RICHBURG,RICHBURG,10,0,0,0,0,0,NO,387,2163,180,0,"GK,OB","BOLIVAR, NY
(42.066701, -78.167667)"
1989,1990-03-06,A. J. Lease Account,Cattaraugus,ALLEGANY,FIVE MILE,CHIPMUNK,5,0,0,0,0,0,NO,200,200,75,0,OC,"ALLEGANY, NY
(42.088061, -78.491258)"
1989,1990-03-06,"Roberts, Carl H",Allegany,CLARKSVILLE,CLARKSVILLE,CLARKSVILLE,5,0,0,0,0,0,NO,998,5000,500,0,OB,"CLARKSVILLE, NY
(42.575802, -73.964401)"
1989,1990-03-12,"Resource America, Inc.",Chautauqua,NORTH HARMONY,NORTH HARMONY,ONONDAGA-BASS ISLAND,9,0,14,4,0,0,,14902,284056,0,0,"GH,OB","NORTH HARMONY, NY
(42.094296, -79.374999)"
1989,1990-03-16,"Middaugh, Vincent",Allegany,AMITY,CORBIN HILL,SCIO,5,0,4,0,0,0,NO,20,300,0,0,OB,"AMITY, NY
(41.268101, -74.455299)"
1989,1990-03-19,Pennsylvania General Energy,Cattaraugus,CARROLLTON,BRADFORD,CHIPMUNK,250,7,0,0,0,0,NO,25553,25553,2556,0,OB,"CARROLLTON, NY
(42.023289, -78.628438)"
1989,1990-03-19,Pennzoil Products Co.,Cattaraugus,ALLEGANY,BRADFORD,BRADFORD,159,88,0,0,223,0,NO,55420,1067,547232,0,OA,"ALLEGANY, NY
(42.088061, -78.491258)"
1989,1990-03-19,Kinley Oil & Gas Corp.,Cattaraugus,ALLEGANY,BRADFORD,BRADFORD,85,0,0,0,0,0,NO,17037,4000,116540,0,OB,"ALLEGANY, NY
(42.088061, -78.491258)"
1989,1990-03-19,"Clark, Bruce N.",Allegany,ANDOVER,FULMER VALLEY,PENNY & FULMER VALLEY,9,0,0,0,0,0,NO,79,90,0,0,OB,"ANDOVER, NY
(42.156405, -77.795231)"
1989,1990-03-19,Pennzoil Products Co.,Cattaraugus,OLEAN,BRADFORD,ONONDAGA,1,0,0,0,0,0,NO,809,288757,0,0,"GJ,OX","OLEAN, NY
(42.077495, -78.429849)"
1989,1990-03-26,Dragon Eye Oil Co.,Allegany,BOLIVAR,RICHBURG,RICHBURG,97,7,0,0,0,0,NO,460,110,250,0,OB,"BOLIVAR, NY
(42.066701, -78.167667)"
1989,1990-03-26,Berea Oil & Gas Corp.,Chautauqua,GERRY,GERRY-CHARLOTTE,ONONDAGA-BASS ISLAND,6,4,5,7,0,0,NO,14921,71642,4186,0,"GH,OB","GERRY, NY
(42.194749, -79.250394)"
1989,1990-03-26,Berea Oil & Gas Corp.,Chautauqua,ELLERY,ELLERY,ONONDAGA-BASS ISLAND,3,0,2,0,0,0,NO,1310,14677,3805,0,"GH,OB","ELLERY, NY
(42.159868, -79.393216)"
1989,1990-03-26,"Stark, Eric",Allegany,INDEPENDENCE,FULMER VALLEY,FULMER VALLEY,2,0,0,0,0,0,NO,99,80,20,0,OB,"INDEPENDENCE, NY
(42.088045, -77.781386)"
1989,1990-03-26,"Kidder Exploration, Inc.",Chautauqua,CARROLL,SPRAGUE HILL,ONONDAGA,1,0,0,0,0,0,NO,73,2651,0,0,"GK,OA","CARROLL, NY
(42.054174, -79.15832)"
1989,1990-03-26,"Kidder Exploration, Inc.",Chautauqua,POLAND,SPRAGUE HILL,ONONDAGA,1,0,1,0,0,0,NO,193,10494,0,0,"GK,OA","POLAND, NY
(43.226463, -75.062063)"
1989,1990-03-29,Richardson Petroleum Corp.,Allegany,INDEPENDENCE,BEECH HILL-INDEPENDENCE,FULMER VALLEY,167,0,2,1,16,0,NO,9332,46743,15861,0,,"INDEPENDENCE, NY
(42.088045, -77.781386)"
1989,1990-03-29,Frank H. Stephan Oil Group,Cattaraugus,ALLEGANY,BRADFORD,BRADFORD,18,0,0,0,3,0,NO,3937,1000,6298,0,OC,"ALLEGANY, NY
(42.088061, -78.491258)"
1989,1990-03-29,Richardson Petroleum Corp.,Steuben,WEST UNION,BEECH HILL-INDEPENDENCE,FULMER VALLEY,3,0,0,0,0,0,NO,443,1371,105,0,"GK,OB","WEST UNION, NY
(42.094951, -77.725816)"
1989,1990-04-06,"Huntington, Barbara A.",Cattaraugus,CARROLLTON,BRADFORD,BRADFORD,26,3,0,0,0,0,NO,3040,2550,980,0,OA,"CARROLLTON, NY
(42.023289, -78.628438)"
1989,1990-04-06,Dunning & Barnes Oil Co.,Allegany,GENESEE,RICHBURG,RICHBURG,9,0,0,0,0,0,NO,230,8,440,0,OB,"GENESEE, NY
(42.02693, -78.205893)"
1989,1990-04-06,"Winger, Philip G. & Diane E.",Cattaraugus,CARROLLTON,BRADFORD,CHIPMUNK,3,0,0,0,0,0,NO,406,240,400,0,OB,"CARROLLTON, NY
(42.023289, -78.628438)"
1989,1990-04-06,"Hugoton Petroleum,  Inc.",Chautauqua,NORTH HARMONY,NORTH HARMONY,ONONDAGA-BASS ISLAND,3,0,1,0,0,0,NO,11893,51281,23775,0,"GH,OC","NORTH HARMONY, NY
(42.094296, -79.374999)"
1989,1990-04-06,TGX Corp.,Chautauqua,ELLERY,ELLERY,ONONDAGA-BASS ISLAND,1,0,0,0,0,0,NO,8495,1866,0,0,"GX,OB","ELLERY, NY
(42.159868, -79.393216)"
1989,1990-04-06,William Barnes Drlg & Prod Co.,Allegany,FRIENDSHIP,NILE,WAUGH & PORTER,1,0,0,0,0,0,NO,137,2,244,0,OB,"FRIENDSHIP, NY
(42.207973, -78.133696)"
1989,1990-04-06,TGX Corp.,Chautauqua,GERRY,GERRY-CHARLOTTE,ONONDAGA-BASS ISLAND,1,1,3,0,0,0,NO,1029,9296,0,0,"GH,OB","GERRY, NY
(42.194749, -79.250394)"
1989,1990-04-09,"Lenape Resources Corp., The",Chautauqua,ELLERY,ELLERY,ONONDAGA-BASS ISLAND,6,5,1,6,0,0,NO,2685,26211,1688,0,"GK,OB","ELLERY, NY
(42.159868, -79.393216)"
1989,1990-04-09,Natural Resource Management Corp.,Cattaraugus,RANDOLPH,LAKESHORE,MEDINA,1,0,57,1,0,0,NO,325,180825,246,0,"GH,OB","RANDOLPH, NY
(42.161398, -78.978764)"
1989,1990-04-10,"Walchli, John W. Jr.",Allegany,INDEPENDENCE,BEECH HILL-INDEPENDENCE,FULMER VALLEY,13,0,2,0,0,0,NO,431,9935,20,0,"GK,OB","INDEPENDENCE, NY
(42.088045, -77.781386)"
1989,1990-04-10,"Walchli, John W. Jr.",Steuben,WEST UNION,BEECH HILL-INDEPENDENCE,FULMER VALLEY,11,2,0,0,0,0,NO,2047,1375,81,0,"GK,OB","WEST UNION, NY
(42.094951, -77.725816)"
1989,1990-04-10,"Buffington, Richard J. Jr.",Allegany,CLARKSVILLE,RICHBURG,RICHBURG,4,0,0,0,0,0,NO,10,33,31,0,,"CLARKSVILLE, NY
(42.575802, -73.964401)"
1989,1990-04-10,"Gleason, Charlotte",Allegany,ANDOVER,FULMER VALLEY,FULMER VALLEY,3,0,0,0,0,0,NO,25,3500,25,0,OB,"ANDOVER, NY
(42.156405, -77.795231)"
1989,1990-04-10,"Atwood Energy, Inc.",Chautauqua,ELLERY,ELLERY,BASS ISLAND,2,5,2,0,0,0,NO,751,12439,3806,0,"GH,GK","ELLERY, NY
(42.159868, -79.393216)"
1989,1990-04-10,Lamar Exploration Corp.,Chautauqua,CLYMER,CLYMER,BASS ISLAND,1,0,0,0,0,0,NO,553,1235,273,0,GH,"CLYMER, NY
(42.02082, -79.629966)"
1989,1990-04-10,"Bottoms, Ruth A",Allegany,GENESEE,CERES,WAUGH & PORTER,1,0,1,0,0,0,NO,20,7,120,0,,"GENESEE, NY
(42.02693, -78.205893)"
1989,1990-04-11,Estate of  Richard G Smith,Allegany,GENESEE,RICHBURG,RICHBURG,5,0,0,0,0,0,NO,210,25,180,0,OB,"GENESEE, NY
(42.02693, -78.205893)"
1989,1990-04-11,U S Energy Development Corp.,Chautauqua,GERRY,GERRY-CHARLOTTE,BASS ISLAND,1,0,1,0,0,0,NO,744,14083,1353,0,"GK,OB","GERRY, NY
(42.194749, -79.250394)"
1989,1990-04-11,"American Penn Energy,  Inc.",Chautauqua,NORTH HARMONY,NORTH HARMONY,ONONDAGA-BASS ISLAND,1,1,2,1,0,0,NO,168,22174,420,0,"GH,OA","NORTH HARMONY, NY
(42.094296, -79.374999)"
1989,1990-04-12,"Yahn & Yahn, Inc.",Steuben,WEST UNION,BEECH HILL-INDEPENDENCE,FULMER VALLEY,15,0,17,5,1,0,NO,625,370,340,0,OB,"WEST UNION, NY
(42.094951, -77.725816)"
1989,1990-04-12,"Yahn & Yahn, Inc.",Allegany,INDEPENDENCE,BEECH HILL-INDEPENDENCE,FULMER VALLEY,12,0,0,0,6,0,NO,300,250,300,0,OB,"INDEPENDENCE, NY
(42.088045, -77.781386)"
1989,1990-04-12,Fault Line Oil Corporation,Cattaraugus,ASHFORD,DUTCH HILL,ONONDAGA,1,0,0,0,0,0,NO,8114,11655,0,0,"GX,OA","ASHFORD, NY
(42.403846, -78.612179)"
1989,1990-04-12,"Fitzgerald, Thomas J.",Allegany,CLARKSVILLE,RICHBURG,RICHBURG,1,0,2,2,0,0,NO,10,300,0,0,GX,"CLARKSVILLE, NY
(42.575802, -73.964401)"
1989,1990-04-12,"Chautauqua Energy, Inc.",Chautauqua,CLYMER,CLYMER,ONONDAGA-BASS ISLAND,1,0,0,0,0,0,NO,17170,4676,0,0,"GX,OA","CLYMER, NY
(42.02082, -79.629966)"
1989,1990-04-12,"Chautauqua Energy, Inc.",Chautauqua,GERRY,GERRY-CHARLOTTE,ONONDAGA-BASS ISLAND,1,0,0,0,0,0,NO,6080,2569,0,0,"GX,OB","GERRY, NY
(42.194749, -79.250394)"
1989,1990-04-13,"Smith, Gerald G. J.",Allegany,GENESEE,RICHBURG,RICHBURG,5,14,0,0,0,0,NO,657,100,500,0,OB,"GENESEE, NY
(42.02693, -78.205893)"
1989,1990-04-13,Joyce - Tullar Oil Co.,Allegany,WELLSVILLE,FULMER VALLEY,FULMER VALLEY,3,0,0,0,0,0,NO,436,339,0,0,OB,"WELLSVILLE, NY
(42.120693, -77.946058)"
1989,1990-04-13,"Empire Exploration, Inc.",Chautauqua,CLYMER,CLYMER,ONONDAGA-BASS ISLAND,1,0,0,0,0,0,NO,1313,16,1200,0,"GH,OB","CLYMER, NY
(42.02082, -79.629966)"
1989,1990-04-13,Smith & Forness,Allegany,GENESEE,RICHBURG,RICHBURG,1,3,0,0,0,0,NO,231,10,250,0,OB,"GENESEE, NY
(42.02693, -78.205893)"
1989,1990-10-24,Wightman Producing,Allegany,WIRT,RICHBURG,RICHBURG,9,0,0,0,0,0,NO,35,5000,0,0,OB,"WIRT, NY
(42.137408, -78.150594)"
1990,1991-01-25,Potter Oil Co.,Allegany,INDEPENDENCE,BEECH HILL-INDEPENDENCE,FULMER VALLEY,28,0,0,0,0,0,NO,913,7026,1095,0,"GK,OB","INDEPENDENCE, NY
(42.088045, -77.781386)"
1990,1991-02-06,"Ekas, David & Archer",Cattaraugus,CARROLLTON,BRADFORD,CHIPMUNK,16,0,0,0,0,0,NO,234,126,157,0,OC,"CARROLLTON, NY
(42.023289, -78.628438)"
1990,1991-02-07,Frank H. Stephan Oil Group,Cattaraugus,ALLEGANY,BRADFORD,BRADFORD,18,0,0,0,3,0,NO,3552,1000,5328,0,OC,"ALLEGANY, NY
(42.088061, -78.491258)"
1990,1991-02-20,B & H Oil Co.,Allegany,BOLIVAR,RICHBURG,RICHBURG,10,0,0,0,0,0,NO,324,2068,180,0,"GK,OB","BOLIVAR, NY
(42.066701, -78.167667)"
1990,1991-02-28,Pennsylvania General Energy,Cattaraugus,CARROLLTON,BRADFORD,CHIPMUNK,251,7,0,0,0,0,NO,24760,24760,2477,0,OB,"CARROLLTON, NY
(42.023289, -78.628438)"
1990,1991-02-28,"Clark, Bruce N.",Allegany,ANDOVER,FULMER VALLEY,PENNY & FULMER VALLEY,9,0,0,0,0,0,NO,106,90,1,0,OB,"ANDOVER, NY
(42.156405, -77.795231)"
1990,1991-02-28,"Putnam, Joel",Allegany,INDEPENDENCE,BEECH HILL-INDEPENDENCE,FULMER VALLEY,2,0,0,0,0,0,NO,130,300,4,0,OB,"INDEPENDENCE, NY
(42.088045, -77.781386)"
1990,1991-03-05,"Hugoton Petroleum,  Inc.",Chautauqua,NORTH HARMONY,NORTH HARMONY,ONONDAGA-BASS ISLAND,3,0,1,0,0,0,NO,513,18628,0,0,"GH,OC","NORTH HARMONY, NY
(42.094296, -79.374999)"
1990,1991-03-14,"Resource America, Inc.",Chautauqua,NORTH HARMONY,NORTH HARMONY,ONONDAGA-BASS ISLAND,7,0,4,3,0,0,NO,7040,36794,3969,0,"GX,OB","NORTH HARMONY, NY
(42.094296, -79.374999)"
1990,1991-03-18,Fault Line Oil Corporation,Cattaraugus,ASHFORD,DUTCH HILL,ONONDAGA,1,0,0,0,0,0,NO,8114,11655,0,0,"GX,OA","ASHFORD, NY
(42.403846, -78.612179)"
1990,1991-03-18,"Vandermark Exploration, Inc.",Allegany,AMITY,GORDON BROOK,ORISKANY,0,0,3,0,0,0,NO,167,101418,431,0,"GH,OB","AMITY, NY
(41.268101, -74.455299)"
1990,1991-03-18,"Vandermark Exploration, Inc.",Allegany,SCIO,GORDON BROOK,ORISKANY,0,0,5,1,0,0,NO,232,107502,4494,0,"GH,OB","SCIO, NY
(42.171429, -77.97865)"
1990,1991-03-20,Pennzoil Products Co.,Cattaraugus,OLEAN,BRADFORD,ONONDAGA,0,0,1,0,0,0,NO,523,273563,0,0,"GK,OU","OLEAN, NY
(42.077495, -78.429849)"
1990,1991-03-21,Kinley Oil & Gas Corp.,Cattaraugus,ALLEGANY,BRADFORD,BRADFORD,94,0,0,0,0,0,NO,15995,4000,104340,0,OB,"ALLEGANY, NY
(42.088061, -78.491258)"
1990,1991-03-25,"Smith, Gerald G. J.",Allegany,GENESEE,RICHBURG,RICHBURG,5,14,0,0,0,0,NO,692,50,550,0,OB,"GENESEE, NY
(42.02693, -78.205893)"
1990,1991-03-25,"Empire Exploration, Inc.",Chautauqua,CLYMER,CLYMER,ONONDAGA-BASS ISLAND,1,0,0,0,0,0,NO,1049,63,1200,0,"GH,OB","CLYMER, NY
(42.02082, -79.629966)"
1990,1991-03-25,Smith & Forness,Allegany,GENESEE,RICHBURG,RICHBURG,1,3,0,0,0,0,NO,371,10,250,0,OB,"GENESEE, NY
(42.02693, -78.205893)"
1990,1991-03-25,"Desert Gas Exploration, Inc.",Chautauqua,POMFRET,FREDONIA,ONONDAGA,1,0,0,0,0,0,YES,2,1,0,0,,"POMFRET, NY
(42.439996, -79.331441)"
1990,1991-03-25,"Desert Gas Exploration, Inc.",Chautauqua,GERRY,GERRY-CHARLOTTE,ONONDAGA-BASS ISLAND,0,0,1,0,0,0,NO,143,13535,480,0,"GK,OB","GERRY, NY
(42.194749, -79.250394)"
1990,1991-03-25,Edisto Resources Corp.,Cattaraugus,RANDOLPH,LAKESHORE,MEDINA,0,0,57,2,0,0,NO,491,166747,423,0,"GH,OB","RANDOLPH, NY
(42.161398, -78.978764)"
1990,1991-03-26,"Yahn & Yahn, Inc.",Steuben,WEST UNION,BEECH HILL-INDEPENDENCE,FULMER VALLEY,24,0,9,0,1,0,NO,390,380,340,0,OB,"WEST UNION, NY
(42.094951, -77.725816)"
1990,1991-03-26,"Yahn & Yahn, Inc.",Allegany,INDEPENDENCE,BEECH HILL-INDEPENDENCE,FULMER VALLEY,10,2,2,0,5,0,NO,326,200,200,0,OB,"INDEPENDENCE, NY
(42.088045, -77.781386)"
1990,1991-03-27,Libra Petroleum Company,Chautauqua,BUSTI,BUSTI,GLADE,68,0,0,0,0,0,NO,403,201,134,0,OB,"BUSTI, NY
(42.038067, -79.283549)"
1990,1991-03-27,Lenacre Oil Co.,Chautauqua,BUSTI,BUSTI,GLADE,48,2,0,0,0,0,NO,541,232,461,0,OB,"BUSTI, NY
(42.038067, -79.283549)"
1990,1991-03-27,"Curtis & Son Oil, Inc.",Chautauqua,BUSTI,BUSTI,GLADE,24,0,0,0,0,0,NO,983,491,1172,0,OB,"BUSTI, NY
(42.038067, -79.283549)"
1990,1991-03-27,Gemini Oil Company,Chautauqua,BUSTI,BUSTI,GLADE,23,0,0,0,0,0,NO,299,70,150,0,OB,"BUSTI, NY
(42.038067, -79.283549)"
1990,1991-03-27,Berea Oil & Gas Corp.,Chautauqua,GERRY,GERRY-CHARLOTTE,ONONDAGA-BASS ISLAND,6,3,3,9,0,0,NO,14977,54721,3167,0,"GX,OB","GERRY, NY
(42.194749, -79.250394)"
1990,1991-03-29,TGX Corp.,Chautauqua,GERRY,GERRY-CHARLOTTE,ONONDAGA-BASS ISLAND,1,1,3,0,0,0,NO,575,12496,100,0,"GH,OB","GERRY, NY
(42.194749, -79.250394)"
1990,1991-03-31,Richardson Petroleum Corp.,Allegany,INDEPENDENCE,BEECH HILL-INDEPENDENCE,FULMER VALLEY,130,38,0,0,22,0,NO,7365,33590,13771,0,"GK,OB","INDEPENDENCE, NY
(42.088045, -77.781386)"
1990,1991-03-31,"Walchli, John W. Jr.",Allegany,INDEPENDENCE,BEECH HILL-INDEPENDENCE,FULMER VALLEY,13,0,2,0,0,0,NO,928,9723,29,0,"GK,OB","INDEPENDENCE, NY
(42.088045, -77.781386)"
1990,1991-03-31,"Walchli, John W. Jr.",Steuben,WEST UNION,BEECH HILL-INDEPENDENCE,FULMER VALLEY,11,2,0,0,0,0,NO,1335,1148,66,0,"GK,OB","WEST UNION, NY
(42.094951, -77.725816)"
1990,1991-03-31,A. J. Lease Account,Cattaraugus,ALLEGANY,FIVE MILE,BRADFORD,5,0,0,0,0,0,NO,305,300,5,0,OC,"ALLEGANY, NY
(42.088061, -78.491258)"
1990,1991-03-31,Richardson Petroleum Corp.,Steuben,WEST UNION,BEECH HILL-INDEPENDENCE,FULMER VALLEY,3,0,0,0,0,0,NO,511,1076,65,0,"GK,OB","WEST UNION, NY
(42.094951, -77.725816)"
1990,1991-04-01,Wood Oil Co.,Cattaraugus,OLEAN,BRADFORD,BRADFORD,10,0,0,0,1,0,NO,732,200,100,0,OA,"OLEAN, NY
(42.077495, -78.429849)"
1990,1991-04-01,U S Energy Development Corp.,Chautauqua,GERRY,GERRY-CHARLOTTE,ONONDAGA-BASS ISLAND,2,0,2,0,0,0,NO,656,13406,636,0,"GH,GK,OB","GERRY, NY
(42.194749, -79.250394)"
1990,1991-04-03,Cabot Oil & Gas Corp.,Chautauqua,CLYMER,CLYMER,ONONDAGA-BASS ISLAND,3,0,3,2,0,0,NO,2484,27527,8028,0,"GX,OA,OB","CLYMER, NY
(42.02082, -79.629966)"
1990,1991-04-04,"Lenape Resources Corp., The",Chautauqua,ELLERY,ELLERY,ONONDAGA-BASS ISLAND,6,2,4,7,0,0,NO,3931,20319,2232,0,"GK,OB","ELLERY, NY
(42.159868, -79.393216)"
1990,1991-04-04,"Winger, Philip G. & Diane E.",Cattaraugus,CARROLLTON,BRADFORD,CHIPMUNK,3,0,0,0,0,0,NO,284,240,285,0,OB,"CARROLLTON, NY
(42.023289, -78.628438)"
1990,1991-04-05,"Kidder Exploration, Inc.",Chautauqua,CARROLL,SPRAGUE HILL,ONONDAGA,1,0,0,0,0,0,NO,52,1022,0,0,GK,"CARROLL, NY
(42.054174, -79.15832)"
1990,1991-04-05,"Chautauqua Energy, Inc.",Chautauqua,CLYMER,CLYMER,ONONDAGA-BASS ISLAND,1,0,0,0,0,0,NO,1243,747,2170,0,"GX,OA","CLYMER, NY
(42.02082, -79.629966)"
1990,1991-04-05,"Chautauqua Energy, Inc.",Chautauqua,GERRY,GERRY-CHARLOTTE,ONONDAGA-BASS ISLAND,1,0,0,0,0,0,NO,6474,7147,545,0,"GX,OB","GERRY, NY
(42.194749, -79.250394)"
1990,1991-04-05,"Chautauqua Energy, Inc.",Chautauqua,NORTH HARMONY,NORTH HARMONY,ONONDAGA-BASS ISLAND,1,2,2,0,0,0,NO,6169,15597,362,0,"GX,OB","NORTH HARMONY, NY
(42.094296, -79.374999)"
1990,1991-04-08,"Huntington, Barbara A.",Cattaraugus,CARROLLTON,BRADFORD,BRADFORD,26,3,0,0,0,0,NO,3347,67,856,0,OA,"CARROLLTON, NY
(42.023289, -78.628438)"
1990,1991-04-08,Estate of  Richard G Smith,Allegany,GENESEE,RICHBURG,RICHBURG,3,3,0,0,0,0,NO,193,5,145,0,OB,"GENESEE, NY
(42.02693, -78.205893)"
1990,1991-04-11,Dragon Eye Oil Co.,Allegany,ALMA,ALMA,RICHBURG,121,18,0,0,0,0,NO,757,120,440,0,OB,"ALMA, NY
(42.012207, -78.060759)"
1990,1991-04-11,"Gleason, Charlotte",Allegany,ANDOVER,FULMER VALLEY,FULMER VALLEY,3,0,0,0,0,0,NO,29,3500,3,0,OB,"ANDOVER, NY
(42.156405, -77.795231)"
1990,1991-04-12,"Fitzgerald, Thomas J.",Allegany,CLARKSVILLE,RICHBURG,RICHBURG,3,2,0,0,0,0,NO,12,300,0,0,"GX,OB","CLARKSVILLE, NY
(42.575802, -73.964401)"
1990,1991-04-12,Joyce - Tullar Oil Co.,Allegany,WELLSVILLE,FULMER VALLEY,FULMER VALLEY,2,1,0,0,0,0,NO,1147,447,0,0,"GK,OB","WELLSVILLE, NY
(42.120693, -77.946058)"
1990,1991-04-18,Texas Meridian Operating Co.,Chautauqua,FRENCH CREEK,LAKESHORE,MEDINA,0,0,31,12,0,0,NO,1,94983,4765,0,"GH,GX","FRENCH CREEK, NY
(42.053599, -79.703602)"
1990,1991-04-23,Dunning & Barnes Oil Co.,Allegany,GENESEE,RICHBURG,RICHBURG,9,0,0,0,0,0,NO,239,8,456,0,OB,"GENESEE, NY
(42.02693, -78.205893)"
1990,1991-04-23,William Barnes Drlg & Prod Co.,Allegany,FRIENDSHIP,NILE,WAUGH & PORTER,1,0,0,0,0,0,NO,114,2,203,0,OB,"FRIENDSHIP, NY
(42.207973, -78.133696)"
1990,1991-05-29,"Atwood Energy, Inc.",Chautauqua,ELLERY,ELLERY,ONONDAGA-BASS ISLAND,3,0,0,0,0,0,NO,432,3849,0,0,OA,"ELLERY, NY
(42.159868, -79.393216)"
1990,1991-05-29,Berea Oil & Gas Corp.,Chautauqua,ELLERY,ELLERY,ONONDAGA-BASS ISLAND,2,0,2,2,0,0,NO,1272,12789,3804,0,"GX,OB","ELLERY, NY
(42.159868, -79.393216)"
1990,1991-08-16,"Kenco Oil & Gas, Inc.",Cattaraugus,ALLEGANY,FIVE MILE,CHIPMUNK,19,9,4,0,0,0,NO,3103,6265,272,0,"GX,OB","ALLEGANY, NY
(42.088061, -78.491258)"
1990,1991-10-07,TGX Corp.,Chautauqua,ELLERY,ELLERY,ONONDAGA-BASS ISLAND,1,0,0,0,0,0,NO,4431,1998,2892,0,"GX,OB","ELLERY, NY
(42.159868, -79.393216)"
1991,1992-01-28,"Ekas, David & Archer",Cattaraugus,CARROLLTON,BRADFORD,CHIPMUNK,16,0,0,0,0,0,NO,240,128,156,0,OC,"CARROLLTON, NY
(42.023289, -78.628438)"
1991,1992-01-28,"Fitzgerald, Thomas J.",Allegany,CLARKSVILLE,RICHBURG,RICHBURG,3,2,0,0,0,0,NO,12,280,0,0,OB,"CLARKSVILLE, NY
(42.575802, -73.964401)"
1991,1992-02-04,Potter Oil Co.,Allegany,INDEPENDENCE,BEECH HILL-INDEPENDENCE,FULMER VALLEY,30,1,0,0,0,0,NO,959,6558,0,0,"GK,OB","INDEPENDENCE, NY
(42.088045, -77.781386)"
1991,1992-02-11,Pennsylvania General Energy,Cattaraugus,CARROLLTON,BRADFORD,CHIPMUNK,258,0,0,0,0,0,NO,30667,30667,3069,0,OB,"CARROLLTON, NY
(42.023289, -78.628438)"
1991,1992-02-11,Pennsylvania General Energy,Cattaraugus,OLEAN,FIVE MILE,CHIPMUNK,9,0,0,0,0,0,NO,8,7,8,0,OB,"OLEAN, NY
(42.077495, -78.429849)"
1991,1992-02-12,B & H Oil Co.,Allegany,BOLIVAR,RICHBURG,RICHBURG,10,0,0,0,0,0,NO,250,1938,180,0,"GK,OB","BOLIVAR, NY
(42.066701, -78.167667)"
1991,1992-02-19,Pennzoil Products Co.,Cattaraugus,OLEAN,BRADFORD,ONONDAGA,1,0,0,0,0,0,NO,435,226937,0,0,"GK,OX","OLEAN, NY
(42.077495, -78.429849)"
1990,1992-02-25,"Dougherty, Charles and Carolyn",Allegany,ANDOVER,FULMER VALLEY,FULMER VALLEY,1,0,0,0,0,0,NO,94,300,0,0,OB,"ANDOVER, NY
(42.156405, -77.795231)"
1991,1992-03-17,Frank H. Stephan Oil Group,Cattaraugus,ALLEGANY,BRADFORD,BRADFORD,44,0,0,0,3,0,NO,2832,1000,3143,0,OC,"ALLEGANY, NY
(42.088061, -78.491258)"
1991,1992-03-17,Frank H. Stephan Oil Group,Cattaraugus,OLEAN,BRADFORD,BRADFORD,10,0,0,0,0,0,NO,1343,2000,68,0,OC,"OLEAN, NY
(42.077495, -78.429849)"
1991,1992-03-23,Libra Petroleum Company,Chautauqua,BUSTI,BUSTI,GLADE,68,7,0,0,0,0,NO,878,439,255,0,OB,"BUSTI, NY
(42.038067, -79.283549)"
1991,1992-03-23,Lenacre Oil Co.,Chautauqua,BUSTI,BUSTI,GLADE,50,1,0,0,0,0,NO,355,177,190,0,GK,"BUSTI, NY
(42.038067, -79.283549)"
1991,1992-03-23,"Yahn & Yahn, Inc.",Steuben,WEST UNION,BEECH HILL-INDEPENDENCE,FULMER VALLEY,35,0,2,0,4,0,NO,410,180,220,0,OB,"WEST UNION, NY
(42.094951, -77.725816)"
1991,1992-03-23,"Curtis & Son Oil, Inc.",Chautauqua,BUSTI,BUSTI,GLADE,24,0,0,0,0,0,NO,707,354,987,0,OB,"BUSTI, NY
(42.038067, -79.283549)"
1991,1992-03-23,Altimus & Associates,Allegany,GENESEE,RICHBURG,RICHBURG,18,0,0,0,0,0,NO,100,300,110,0,OB,"GENESEE, NY
(42.02693, -78.205893)"
1991,1992-03-23,"Yahn & Yahn, Inc.",Allegany,INDEPENDENCE,BEECH HILL-INDEPENDENCE,FULMER VALLEY,7,0,0,0,2,0,NO,386,150,280,0,OB,"INDEPENDENCE, NY
(42.088045, -77.781386)"
1991,1992-03-24,Berea Oil & Gas Corp.,Chautauqua,GERRY,GERRY-CHARLOTTE,ONONDAGA-BASS ISLAND,9,0,3,2,0,0,NO,12589,55676,4203,0,"GX,OB","GERRY, NY
(42.194749, -79.250394)"
1991,1992-03-24,Berea Oil & Gas Corp.,Chautauqua,ELLERY,ELLERY,ONONDAGA-BASS ISLAND,5,0,0,0,0,0,NO,4346,5098,3690,0,"GX,OB","ELLERY, NY
(42.159868, -79.393216)"
1991,1992-03-24,"Oil, Gas & Land Services, Inc.",Chautauqua,GERRY,GERRY-CHARLOTTE,ONONDAGA-BASS ISLAND,2,1,0,0,0,0,NO,7500,7198,2213,0,"GX,OA","GERRY, NY
(42.194749, -79.250394)"
1991,1992-03-24,"Empire Exploration, Inc.",Chautauqua,CLYMER,CLYMER,ONONDAGA-BASS ISLAND,1,0,0,0,0,0,NO,932,1,0,0,"GX,OA,OB","CLYMER, NY
(42.02082, -79.629966)"
1991,1992-03-24,"Empire Exploration, Inc.",Erie,CONCORD,CONCORD-ONONDAGA,ONONDAGA,1,0,3,0,0,0,NO,1092,117181,168,0,"GK,OA","CONCORD, NY
(42.535259, -78.731387)"
1991,1992-03-25,Dunning & Barnes Oil Co.,Allegany,GENESEE,RICHBURG,RICHBURG,9,0,0,0,0,0,NO,222,8,424,0,OB,"GENESEE, NY
(42.02693, -78.205893)"
1991,1992-03-25,William Barnes Drlg & Prod Co.,Allegany,FRIENDSHIP,NILE,WAUGH & PORTER,1,0,0,0,0,0,NO,120,2,213,0,OB,"FRIENDSHIP, NY
(42.207973, -78.133696)"
1991,1992-03-25,"Vandermark Exploration, Inc.",Allegany,AMITY,GORDON BROOK,ORISKANY,0,0,2,1,0,0,NO,98,71554,2071,0,"GH,OB","AMITY, NY
(41.268101, -74.455299)"
1991,1992-03-25,"Vandermark Exploration, Inc.",Allegany,SCIO,GORDON BROOK,ORISKANY,0,0,5,1,0,0,NO,91,104832,2498,0,"GH,OB","SCIO, NY
(42.171429, -77.97865)"
1991,1992-03-30,"Resource America, Inc.",Chautauqua,NORTH HARMONY,NORTH HARMONY,ONONDAGA-BASS ISLAND,6,0,5,4,0,0,NO,5690,41201,7515,0,"GX,OB","NORTH HARMONY, NY
(42.094296, -79.374999)"
1991,1992-03-30,"Atwood Energy, Inc.",Chautauqua,ELLERY,ELLERY,ONONDAGA-BASS ISLAND,0,0,2,0,0,0,NO,103,3848,0,0,"GX,OA","ELLERY, NY
(42.159868, -79.393216)"
1991,1992-03-31,Richardson Petroleum Corp.,Allegany,INDEPENDENCE,BEECH HILL-INDEPENDENCE,FULMER VALLEY,132,0,0,0,21,0,NO,6816,33652,12737,0,"GK,OB","INDEPENDENCE, NY
(42.088045, -77.781386)"
1991,1992-03-31,"Kenco Oil & Gas, Inc.",Cattaraugus,ALLEGANY,FIVE MILE,CHIPMUNK,18,10,4,0,0,0,NO,627,1412,49,0,"GX,OB","ALLEGANY, NY
(42.088061, -78.491258)"
1991,1992-03-31,Richardson Petroleum Corp.,Steuben,WEST UNION,BEECH HILL-INDEPENDENCE,FULMER VALLEY,3,0,0,0,0,0,NO,408,1911,58,0,"GK,OB","WEST UNION, NY
(42.094951, -77.725816)"
1991,1992-03-31,"Stedman Energy, Inc.",Chautauqua,ELLERY,ELLERY,ONONDAGA-BASS ISLAND,2,0,3,0,0,0,NO,511,10451,3295,0,"GK,OA","ELLERY, NY
(42.159868, -79.393216)"
1991,1992-04-01,Cabot Oil & Gas Corp.,Chautauqua,CLYMER,CLYMER,ONONDAGA-BASS ISLAND,4,1,3,1,0,0,NO,13143,26975,6276,0,"GH,OA,OB","CLYMER, NY
(42.02082, -79.629966)"
1991,1992-04-01,TGX Corp.,Chautauqua,GERRY,GERRY-CHARLOTTE,ONONDAGA-BASS ISLAND,3,1,2,0,0,0,NO,601,6181,490,0,"GH,OB","GERRY, NY
(42.194749, -79.250394)"
1991,1992-04-01,TGX Corp.,Chautauqua,ELLERY,ELLERY,ONONDAGA-BASS ISLAND,1,0,0,0,0,0,NO,5172,3767,6058,0,"OA,OB","ELLERY, NY
(42.159868, -79.393216)"
1991,1992-04-02,"Winger, Philip G. & Diane E.",Cattaraugus,CARROLLTON,BRADFORD,CHIPMUNK,3,0,0,0,0,0,NO,300,180,270,0,OB,"CARROLLTON, NY
(42.023289, -78.628438)"
1991,1992-04-02,Estate of  Richard G Smith,Allegany,GENESEE,RICHBURG,RICHBURG,3,3,0,0,0,0,NO,121,5,140,0,OB,"GENESEE, NY
(42.02693, -78.205893)"
1991,1992-04-03,"Walchli, John W. Jr.",Allegany,INDEPENDENCE,BEECH HILL-INDEPENDENCE,FULMER VALLEY,13,0,0,0,0,0,NO,735,7413,20,0,"GK,OB","INDEPENDENCE, NY
(42.088045, -77.781386)"
1991,1992-04-03,"Walchli, John W. Jr.",Steuben,WEST UNION,BEECH HILL-INDEPENDENCE,PENNY,13,0,0,0,0,0,NO,1011,780,48,0,"GK,OB","WEST UNION, NY
(42.094951, -77.725816)"
1991,1992-04-03,"Walchli, John W. Jr.",Steuben,WEST UNION,BEECH HILL-INDEPENDENCE,PENNY,13,0,0,0,0,0,,1011,16605,41,0,"GK,OB","WEST UNION, NY
(42.094951, -77.725816)"
1991,1992-04-03,"Smith, Gerald G. J.",Allegany,GENESEE,RICHBURG,RICHBURG,5,14,0,0,0,0,NO,545,50,525,0,OB,"GENESEE, NY
(42.02693, -78.205893)"
1991,1992-04-03,"Chautauqua Energy, Inc.",Chautauqua,CLYMER,CLYMER,ONONDAGA-BASS ISLAND,1,0,0,0,0,0,NO,1126,200,1167,0,OA,"CLYMER, NY
(42.02082, -79.629966)"
1991,1992-04-03,Smith & Forness,Allegany,GENESEE,RICHBURG,RICHBURG,1,3,0,0,0,0,NO,325,10,250,0,OB,"GENESEE, NY
(42.02693, -78.205893)"
1991,1992-04-03,"Chautauqua Energy, Inc.",Chautauqua,GERRY,GERRY-CHARLOTTE,ONONDAGA,1,0,0,0,0,0,NO,6074,8202,389,8202,"GX,OA","GERRY, NY
(42.194749, -79.250394)"
1991,1992-04-03,Eastern American Energy Corp.,Cattaraugus,RANDOLPH,LAKESHORE,MEDINA,0,0,57,1,0,0,NO,850,88994,1000,0,"GH,OB","RANDOLPH, NY
(42.161398, -78.978764)"
1991,1992-04-14,Fault Line Oil Corporation,Cattaraugus,ASHFORD,DUTCH HILL,ONONDAGA,1,0,0,0,0,0,NO,3733,2504,0,0,"GK,OA","ASHFORD, NY
(42.403846, -78.612179)"
1991,1992-04-14,Altimus & Associates,Chautauqua,POMFRET,FREDONIA,ONONDAGA,1,0,0,0,0,0,YES,3,1,0,0,,"POMFRET, NY
(42.439996, -79.331441)"
1991,1992-05-08,Gemini Oil Company,Chautauqua,BUSTI,BUSTI,GLADE,23,0,0,0,0,0,NO,243,121,58,0,OB,"BUSTI, NY
(42.038067, -79.283549)"
1991,1992-06-02,"Wightman, Robert N.",Allegany,WIRT,RICHBURG,RICHBURG,8,1,0,0,0,0,NO,45,8,0,0,OB,"WIRT, NY
(42.137408, -78.150594)"
1991,1992-07-13,"Lenape Resources Corp., The",Chautauqua,ELLERY,ELLERY,ONONDAGA-BASS ISLAND,11,5,0,0,0,0,NO,4741,15020,1555,15020,"GK,OB","ELLERY, NY
(42.159868, -79.393216)"
1992,1993-03-25,"Curtis & Son Oil, Inc.",Chautauqua,BUSTI,BUSTI,GLADE,24,0,0,0,0,0,,854,427,1133,0,"OB,OC","BUSTI, NY
(42.038067, -79.283549)"
1992,1993-03-25,B & H Oil Co.,Allegany,BOLIVAR,RICHBURG,RICHBURG,10,0,0,0,0,0,NO,270,2083,180,2083,"GK,OC","BOLIVAR, NY
(42.066701, -78.167667)"
1992,1993-03-25,Cabot Oil & Gas Corp.,Chautauqua,CLYMER,CLYMER,ONONDAGA-BASS ISLAND,1,0,2,0,0,0,NO,4481,5719,4045,5719,GH,"CLYMER, NY
(42.02082, -79.629966)"
1992,1993-03-25,Cabot Oil & Gas Corp.,Chautauqua,HARMONY,LAKESHORE,MEDINA,0,0,7,0,0,0,NO,3824,69243,3298,68376,GH,"HARMONY, NY
(42.074924, -79.486378)"
1992,1993-03-26,Libra Petroleum Company,Chautauqua,BUSTI,BUSTI,GLADE,67,6,0,0,0,0,,790,394,316,0,"OB,OC","BUSTI, NY
(42.038067, -79.283549)"
1992,1993-03-26,Lenacre Oil Co.,Chautauqua,BUSTI,BUSTI,GLADE,51,0,0,0,0,0,YES,629,314,309,0,"OB,OC","BUSTI, NY
(42.038067, -79.283549)"
1992,1993-03-29,Potter Oil Co.,Allegany,INDEPENDENCE,BEECH HILL-INDEPENDENCE,FULMER VALLEY,29,0,0,0,0,0,NO,816,5166,730,5166,"GK,OC","INDEPENDENCE, NY
(42.088045, -77.781386)"
1992,1993-03-30,Gemini Oil Company,Chautauqua,BUSTI,BUSTI,GLADE,23,0,0,0,0,0,NO,211,106,29,0,"OB,OC","BUSTI, NY
(42.038067, -79.283549)"
1992,1993-04-02,"Clark, Bruce N.",Allegany,ANDOVER,FULMER VALLEY,PENNY & FULMER VALLEY,9,0,0,0,0,0,NO,61,72,0,0,,"ANDOVER, NY
(42.156405, -77.795231)"
1992,1993-04-05,Pennsylvania General Energy,Cattaraugus,CARROLLTON,BRADFORD,BRADFORD,241,0,0,0,0,0,NO,26522,26522,2651,0,OC,"CARROLLTON, NY
(42.023289, -78.628438)"
1992,1993-04-05,"Oil, Gas & Land Services, Inc.",Chautauqua,GERRY,GERRY-CHARLOTTE,ONONDAGA-BASS ISLAND,10,0,5,0,0,0,NO,14348,76725,14547,76725,"GX,OA,OC","GERRY, NY
(42.194749, -79.250394)"
1992,1993-04-05,"Oil, Gas & Land Services, Inc.",Chautauqua,ELLERY,ELLERY,ONONDAGA-BASS ISLAND,5,0,0,0,0,0,NO,1188,2406,3460,2406,GX,"ELLERY, NY
(42.159868, -79.393216)"
1992,1993-04-05,U S Energy Development Corp.,Chautauqua,GERRY,GERRY-CHARLOTTE,ONONDAGA-BASS ISLAND,2,0,0,1,0,0,NO,401,17772,751,17772,"GH,GK,OB","GERRY, NY
(42.194749, -79.250394)"
1992,1993-04-05,U S Energy Development Corp.,Chautauqua,NORTH HARMONY,NORTH HARMONY,ONONDAGA-BASS ISLAND,1,0,1,1,0,0,NO,420,12298,645,12298,"GH,OB","NORTH HARMONY, NY
(42.094296, -79.374999)"
1992,1993-04-05,U S Energy Development Corp.,Chautauqua,SHERMAN,HARMONY,ONONDAGA-BASS ISLAND,1,0,0,0,0,0,NO,2264,1182,970,1182,GH,"SHERMAN, NY
(42.159351, -79.595176)"
1992,1993-04-05,Pennzoil Products Co.,Cattaraugus,OLEAN,BRADFORD,ONONDAGA,0,0,1,0,0,0,NO,274,219753,0,219753,"GK,OX","OLEAN, NY
(42.077495, -78.429849)"
1992,1993-04-06,"Wood, David A.",Cattaraugus,OLEAN,BRADFORD,BRADFORD,11,9,0,0,0,0,,583,7,48,0,OA,"OLEAN, NY
(42.077495, -78.429849)"
1992,1993-04-06,"Winger, Philip G. & Diane E.",Cattaraugus,CARROLLTON,BRADFORD,CHIPMUNK,3,0,0,0,0,0,,310,210,240,0,OC,"CARROLLTON, NY
(42.023289, -78.628438)"
1992,1993-04-06,"Stedman Energy, Inc.",Chautauqua,ELLERY,ELLERY,ONONDAGA-BASS ISLAND,2,0,0,0,0,0,NO,179,755,1005,755,"GK,OA","ELLERY, NY
(42.159868, -79.393216)"
1992,1993-04-06,"Empire Exploration, Inc.",Erie,CONCORD,CONCORD-ONONDAGA,ONONDAGA,1,0,3,1,0,0,NO,220,95518,465,95518,"GK,OA","CONCORD, NY
(42.535259, -78.731387)"
1992,1993-04-07,"Yahn & Yahn, Inc.",Allegany,INDEPENDENCE,BEECH HILL-INDEPENDENCE,FULMER VALLEY,12,1,0,0,3,0,YES,207,60,120,0,"OB,OC","INDEPENDENCE, NY
(42.088045, -77.781386)"
1992,1993-04-07,Estate of  Richard G Smith,Allegany,GENESEE,RICHBURG,RICHBURG,6,0,0,0,0,0,NO,115,5,110,0,OC,"GENESEE, NY
(42.02693, -78.205893)"
1992,1993-04-08,"Chautauqua Energy, Inc.",Chautauqua,NORTH HARMONY,NORTH HARMONY,ONONDAGA-BASS ISLAND,2,0,4,1,0,0,NO,3634,13591,5360,12391,"GA,OA","NORTH HARMONY, NY
(42.094296, -79.374999)"
1992,1993-04-08,"Chautauqua Energy, Inc.",Chautauqua,CLYMER,CLYMER,ONONDAGA-BASS ISLAND,1,0,0,0,0,0,NO,628,200,2550,0,"GA,OA","CLYMER, NY
(42.02082, -79.629966)"
1992,1993-04-08,"Chautauqua Energy, Inc.",Chautauqua,GERRY,GERRY-CHARLOTTE,ONONDAGA-BASS ISLAND,1,0,0,0,0,0,NO,5348,6508,60,6308,"GA,OA,OB","GERRY, NY
(42.194749, -79.250394)"
1992,1993-04-09,"Fitzgerald, Thomas J.",Allegany,CLARKSVILLE,RICHBURG,RICHBURG,5,0,0,0,0,0,NO,9,280,0,205,OC,"CLARKSVILLE, NY
(42.575802, -73.964401)"
1992,1993-04-13,Richardson Petroleum Corp.,Allegany,INDEPENDENCE,BEECH HILL-INDEPENDENCE,FULMER VALLEY,118,0,0,0,13,0,NO,16370,48065,13342,48065,"GK,OC","INDEPENDENCE, NY
(42.088045, -77.781386)"
1992,1993-04-13,Kinley Oil & Gas Corp.,Cattaraugus,ALLEGANY,BRADFORD,BRADFORD,94,0,0,0,0,0,NO,10061,2000,61520,0,"OB,OC","ALLEGANY, NY
(42.088061, -78.491258)"
1992,1993-04-13,Pennzoil Products Co.,Cattaraugus,CARROLLTON,CHIPMUNK,CHIPMUNK,31,51,1,0,21,0,NO,7175,3917,150942,3917,"GK,OA","CARROLLTON, NY
(42.023289, -78.628438)"
1992,1993-04-13,Richardson Petroleum Corp.,Steuben,WEST UNION,BEECH HILL-INDEPENDENCE,FULMER VALLEY,30,0,0,0,0,0,NO,24265,8002,2823,8002,"GK,OB,OC","WEST UNION, NY
(42.094951, -77.725816)"
1992,1993-04-13,"Otis Eastern Service, Inc.",Allegany,WIRT,RICHBURG,RICHBURG,16,0,0,0,0,0,NO,430,200,8,0,OC,"WIRT, NY
(42.137408, -78.150594)"
1992,1993-04-13,"Otis Eastern Service, Inc.",Allegany,ANDOVER,FULMER VALLEY,PENNY,7,0,0,0,0,0,NO,168,550,3,0,OC,"ANDOVER, NY
(42.156405, -77.795231)"
1992,1993-04-13,"Stark, Eric",Allegany,INDEPENDENCE,FULMER VALLEY,FULMER VALLEY,2,0,0,0,0,0,NO,53,1,20,0,OC,"INDEPENDENCE, NY
(42.088045, -77.781386)"
1992,1993-04-16,"Yahn & Yahn, Inc.",Steuben,WEST UNION,BEECH HILL-INDEPENDENCE,FULMER VALLEY,27,0,13,0,1,0,NO,991,250,375,0,"OB,OC","WEST UNION, NY
(42.094951, -77.725816)"
1992,1993-04-19,Cal Ban Corp.,Cattaraugus,ALLEGANY,FIVE MILE,BRADFORD,110,0,0,0,0,0,NO,8154,8154,904,0,OA,"ALLEGANY, NY
(42.088061, -78.491258)"
1992,1993-04-19,"Ekas, David & Archer",Cattaraugus,CARROLLTON,BRADFORD,CHIPMUNK,16,0,0,0,0,0,NO,239,126,158,0,OC,"CARROLLTON, NY
(42.023289, -78.628438)"
1992,1993-04-19,A. J. Lease Account,Cattaraugus,ALLEGANY,FIVE MILE,CHIPMUNK,2,0,0,1,0,0,NO,100,100,0,0,OA,"ALLEGANY, NY
(42.088061, -78.491258)"
1992,1993-04-19,Eastern American Energy Corp.,Cattaraugus,RANDOLPH,LAKESHORE,MEDINA,0,0,57,0,0,0,NO,596,116223,950,109642,"GH,OB,OC","RANDOLPH, NY
(42.161398, -78.978764)"
1992,1993-04-20,"Lenape Resources Corp., The",Chautauqua,ELLERY,ELLERY,ONONDAGA-BASS ISLAND,8,2,1,1,0,0,NO,1426,7706,1138,6743,"GK,OA,OB","ELLERY, NY
(42.159868, -79.393216)"
1992,1993-04-20,"Atwood Energy, Inc.",Chautauqua,ELLERY,ELLERY,ONONDAGA-BASS ISLAND,2,0,0,0,0,0,NO,178,13519,48,13519,GX,"ELLERY, NY
(42.159868, -79.393216)"
1992,1993-04-22,Fault Line Oil Corporation,Cattaraugus,ASHFORD,DUTCH HILL,ONONDAGA,1,0,0,0,0,0,,2103,1679,0,1679,"GX,OA","ASHFORD, NY
(42.403846, -78.612179)"
1992,1993-04-26,"Walchli, John W. Jr.",Allegany,INDEPENDENCE,BEECH HILL-INDEPENDENCE,FULMER VALLEY,13,0,0,0,0,0,,633,848,16,848,"GK,OB","INDEPENDENCE, NY
(42.088045, -77.781386)"
1992,1993-04-26,"Walchli, John W. Jr.",Steuben,WEST UNION,BEECH HILL-INDEPENDENCE,FULMER VALLEY,5,2,0,0,0,0,,236,5715,19,5715,"GK,OB","WEST UNION, NY
(42.094951, -77.725816)"
1992,1993-04-27,"GFS Energy, Inc.",Chautauqua,NORTH HARMONY,NORTH HARMONY,ONONDAGA-BASS ISLAND,2,1,0,3,0,0,NO,163,67052,1425,67052,"GH,OC","NORTH HARMONY, NY
(42.094296, -79.374999)"
1992,1993-04-28,"Kenco Oil & Gas, Inc.",Cattaraugus,ALLEGANY,FIVE MILE,CHIPMUNK,25,7,0,0,0,0,NO,802,938,63,938,"GX,OC","ALLEGANY, NY
(42.088061, -78.491258)"
1992,1993-04-30,Altimus & Associates,Allegany,GENESEE,RICHBURG,RICHBURG,18,0,0,0,0,0,NO,46,150,46,0,OB,"GENESEE, NY
(42.02693, -78.205893)"
1992,1993-05-06,TGX Corp.,Chautauqua,ELLERY,ELLERY,ONONDAGA-BASS ISLAND,1,0,1,0,0,0,NO,4541,4302,1809,4302,"GX,OA","ELLERY, NY
(42.159868, -79.393216)"
1992,1993-05-07,TGX Corp.,Chautauqua,GERRY,GERRY-CHARLOTTE,ONONDAGA-BASS ISLAND,2,0,2,0,0,0,NO,696,2231,548,2256,"GX,OA","GERRY, NY
(42.194749, -79.250394)"
1992,1993-06-10,"Gleason, Charlotte",Allegany,ANDOVER,FULMER VALLEY,FULMER VALLEY,3,0,0,0,0,0,NO,23,4,1,4,,"ANDOVER, NY
(42.156405, -77.795231)"
1992,1993-06-14,"Sinclairville Petroleum, Inc.",Chautauqua,BUSTI,BUSTI,GLADE,1,0,0,0,0,0,NO,123,3526,0,3526,GK,"BUSTI, NY
(42.038067, -79.283549)"
1992,1993-06-18,"Smith, Gerald G. J.",Allegany,GENESEE,RICHBURG,RICHBURG,6,17,0,0,0,0,NO,625,60,800,0,"OB,OC","GENESEE, NY
(42.02693, -78.205893)"
1992,1993-08-23,"Resource America, Inc.",Chautauqua,NORTH HARMONY,NORTH HARMONY,ONONDAGA-BASS ISLAND,8,0,2,0,0,0,,5798,27708,6374,27708,"GH,OC","NORTH HARMONY, NY
(42.094296, -79.374999)"
1993,1994-01-27,Potter Oil Co.,Allegany,INDEPENDENCE,BEECH HILL-INDEPENDENCE,FULMER VALLEY,25,1,0,0,5,0,NO,730,4526,0,4526,"GK,OC","INDEPENDENCE, NY
(42.088045, -77.781386)"
1993,1994-02-08,B & H Oil Co.,Allegany,BOLIVAR,RICHBURG,RICHBURG,10,0,0,0,0,0,NO,201,2021,180,2021,"GK,OC","BOLIVAR, NY
(42.066701, -78.167667)"
1993,1994-02-14,"Ekas, David & Archer",Cattaraugus,CARROLLTON,BRADFORD,CHIPMUNK,16,0,0,0,0,0,NO,117,111,103,0,OC,"CARROLLTON, NY
(42.023289, -78.628438)"
1993,1994-02-15,Libra Petroleum Company,Chautauqua,BUSTI,BUSTI,GLADE,68,0,0,0,0,0,NO,540,271,271,0,OC,"BUSTI, NY
(42.038067, -79.283549)"
1993,1994-02-15,Lenacre Oil Co.,Chautauqua,BUSTI,BUSTI,GLADE,43,7,0,0,0,0,NO,526,261,304,0,OC,"BUSTI, NY
(42.038067, -79.283549)"
1993,1994-02-15,"Curtis & Son Oil, Inc.",Chautauqua,BUSTI,BUSTI,GLADE,24,0,0,0,0,0,,581,291,814,0,OC,"BUSTI, NY
(42.038067, -79.283549)"
1993,1994-02-15,Gemini Oil Company,Chautauqua,BUSTI,BUSTI,GLADE,23,0,0,0,0,0,NO,279,140,91,0,OC,"BUSTI, NY
(42.038067, -79.283549)"
1993,1994-02-18,Cal Ban Corp.,Cattaraugus,ALLEGANY,FIVE MILE,BRADFORD,104,1,0,0,0,0,NO,5662,5662,619,0,OA,"ALLEGANY, NY
(42.088061, -78.491258)"
1993,1994-02-23,"Roberts, Carl H",Allegany,CLARKSVILLE,CLARKSVILLE,CLARKSVILLE,10,0,0,0,0,0,NO,748,40,100,0,OC,"CLARKSVILLE, NY
(42.575802, -73.964401)"
1993,1994-02-24,"Clark, Bruce N.",Allegany,ANDOVER,FULMER VALLEY,PENNY & FULMER VALLEY,9,0,0,0,0,0,NO,81,79,1,0,OC,"ANDOVER, NY
(42.156405, -77.795231)"
1993,1994-02-24,Cal Ban Corp.,Cattaraugus,OLEAN,FIVE MILE,BRADFORD,5,0,0,0,0,0,NO,467,467,51,0,OC,"OLEAN, NY
(42.077495, -78.429849)"
1993,1994-03-01,Pennsylvania General Energy,Cattaraugus,CARROLLTON,BRADFORD,BRADFORD,241,0,0,0,0,0,NO,28140,28140,2585,0,OC,"CARROLLTON, NY
(42.023289, -78.628438)"
1993,1994-03-14,"Otis Eastern Service, Inc.",Allegany,WIRT,RICHBURG,RICHBURG,16,0,0,0,0,0,NO,299,200,7,0,OC,"WIRT, NY
(42.137408, -78.150594)"
1993,1994-03-14,"Otis Eastern Service, Inc.",Allegany,ANDOVER,FULMER VALLEY,PENNY & FULMER VALLEY,9,3,0,0,0,0,NO,344,550,9,0,OC,"ANDOVER, NY
(42.156405, -77.795231)"
1993,1994-03-14,"Otis Eastern Service, Inc.",Allegany,INDEPENDENCE,FULMER VALLEY,PENNY,1,0,0,0,0,0,NO,35,50,1,0,OC,"INDEPENDENCE, NY
(42.088045, -77.781386)"
1993,1994-03-21,"Stedman Energy, Inc.",Chautauqua,ELLERY,ELLERY,ONONDAGA-BASS ISLAND,1,0,0,0,0,0,NO,86,747,60,747,"GK,OA","ELLERY, NY
(42.159868, -79.393216)"
1993,1994-03-21,"Universal Resources Holdings, Incorporated",Chautauqua,GERRY,GERRY-CHARLOTTE,MEDINA,0,0,1,0,0,0,NO,109,2775,0,2775,"GK,OB","GERRY, NY
(42.194749, -79.250394)"
1993,1994-03-21,Pennzoil Products Co.,Cattaraugus,OLEAN,BRADFORD,ONONDAGA,0,0,1,0,0,0,NO,203,110528,0,110528,GK,"OLEAN, NY
(42.077495, -78.429849)"
1993,1994-03-24,Richardson Petroleum Corp.,Allegany,INDEPENDENCE,BEECH HILL-INDEPENDENCE,FULMER VALLEY,127,0,0,0,12,0,NO,16475,51234,13740,51234,"GK,OC","INDEPENDENCE, NY
(42.088045, -77.781386)"
1993,1994-03-24,Richardson Petroleum Corp.,Steuben,WEST UNION,BEECH HILL-INDEPENDENCE,FULMER VALLEY,33,0,0,0,0,0,NO,13698,5881,1030,5881,"GK,OC","WEST UNION, NY
(42.094951, -77.725816)"
1993,1994-03-24,"Atwood Energy, Inc.",Chautauqua,ELLERY,LAKESHORE,MEDINA,0,0,10,2,0,0,NO,75,74492,412,74492,"GX,OX","ELLERY, NY
(42.159868, -79.393216)"
1993,1994-03-25,Cabot Oil & Gas Corp.,Chautauqua,CLYMER,CLYMER,ONONDAGA-BASS ISLAND,2,0,0,0,0,0,NO,10570,10681,5193,10681,"GH,OA","CLYMER, NY
(42.02082, -79.629966)"
1993,1994-03-28,"Yahn & Yahn, Inc.",Steuben,WEST UNION,BEECH HILL-INDEPENDENCE,FULMER VALLEY,39,0,0,0,0,0,NO,1363,290,350,0,OC,"WEST UNION, NY
(42.094951, -77.725816)"
1993,1994-03-28,"Oil, Gas & Land Services, Inc.",Chautauqua,GERRY,GERRY-CHARLOTTE,ONONDAGA-BASS ISLAND,11,0,4,1,0,0,NO,19647,57473,16547,57473,"GX,OA","GERRY, NY
(42.194749, -79.250394)"
1993,1994-03-28,"Yahn & Yahn, Inc.",Allegany,INDEPENDENCE,BEECH HILL-INDEPENDENCE,FULMER VALLEY,7,0,0,0,2,0,NO,921,180,450,0,OC,"INDEPENDENCE, NY
(42.088045, -77.781386)"
1993,1994-03-28,"Resource America, Inc.",Chautauqua,NORTH HARMONY,NORTH HARMONY,ONONDAGA-BASS ISLAND,4,0,6,1,0,0,NO,4232,43753,2756,43753,"GH,OB","NORTH HARMONY, NY
(42.094296, -79.374999)"
1993,1994-03-28,"Oil, Gas & Land Services, Inc.",Chautauqua,ELLERY,ELLERY,ONONDAGA-BASS ISLAND,2,3,1,0,0,0,NO,462,2315,1940,2315,"GX,OA","ELLERY, NY
(42.159868, -79.393216)"
1993,1994-03-28,TGX Corp.,Chautauqua,GERRY,GERRY-CHARLOTTE,ONONDAGA-BASS ISLAND,2,0,3,0,0,0,NO,618,2174,571,2245,"GH,OA,OB","GERRY, NY
(42.194749, -79.250394)"
1993,1994-03-28,TGX Corp.,Chautauqua,ELLERY,ELLERY,ONONDAGA-BASS ISLAND,1,0,2,0,0,0,NO,2778,5550,8530,5550,"GX,OA","ELLERY, NY
(42.159868, -79.393216)"
1993,1994-03-30,Wightman Producing,Allegany,WIRT,RICHBURG,RICHBURG,9,0,0,0,0,0,NO,30,300,0,0,OC,"WIRT, NY
(42.137408, -78.150594)"
1993,1994-03-30,"Chautauqua Energy, Inc.",Chautauqua,NORTH HARMONY,NORTH HARMONY,ONONDAGA-BASS ISLAND,3,0,0,0,0,0,,5091,6419,1430,5819,"GK,OA","NORTH HARMONY, NY
(42.094296, -79.374999)"
1993,1994-03-30,"Chautauqua Energy, Inc.",Chautauqua,GERRY,GERRY-CHARLOTTE,ONONDAGA-BASS ISLAND,2,0,0,0,0,0,NO,4335,13675,0,13275,"GK,OA","GERRY, NY
(42.194749, -79.250394)"
1993,1994-04-04,"Smith, Ronald L.",Allegany,GENESEE,RICHBURG,RICHBURG,5,18,0,0,0,0,YES,960,50,670,0,OC,"GENESEE, NY
(42.02693, -78.205893)"
1993,1994-04-04,"Winger, Philip G. & Diane E.",Cattaraugus,CARROLLTON,BRADFORD,CHIPMUNK,3,0,0,0,0,0,,200,150,210,0,,"CARROLLTON, NY
(42.023289, -78.628438)"
1993,1994-04-04,U S Energy Development Corp.,Chautauqua,NORTH HARMONY,LAKESHORE,ONONDAGA-BASS ISLAND,2,1,0,0,0,0,NO,499,13106,977,13106,"OA,GH","NORTH HARMONY, NY
(42.094296, -79.374999)"
1993,1994-04-04,U S Energy Development Corp.,Chautauqua,GERRY,GERRY-CHARLOTTE,ONONDAGA-BASS ISLAND,1,0,1,0,0,0,,457,1634,686,1634,"GH,OA","GERRY, NY
(42.194749, -79.250394)"
1993,1994-04-04,U S Energy Development Corp.,Chautauqua,SHERMAN,NORTH HARMONY,ONONDAGA-BASS ISLAND,1,0,0,0,0,0,NO,433,1749,1204,1749,"OA,GH","SHERMAN, NY
(42.159351, -79.595176)"
1993,1994-04-05,Estate of  Richard G Smith,Allegany,GENESEE,RICHBURG,RICHBURG,2,4,0,0,0,0,,61,5,70,0,GT,"GENESEE, NY
(42.02693, -78.205893)"
1993,1994-04-06,Dragon Eye Oil Co.,Allegany,BOLIVAR,RICHBURG,RICHBURG,103,1,0,0,0,0,YES,216,110,275,0,OC,"BOLIVAR, NY
(42.066701, -78.167667)"
1993,1994-04-06,"Stark, Eric",Allegany,INDEPENDENCE,BEECH HILL-INDEPENDENCE,FULMER VALLEY,2,0,0,0,0,0,YES,66,80,33,80,OC,"INDEPENDENCE, NY
(42.088045, -77.781386)"
1993,1994-04-08,Altimus & Associates,Chautauqua,POMFRET,FREDONIA,ONONDAGA,0,0,1,0,0,0,NO,1,1,0,0,,"POMFRET, NY
(42.439996, -79.331441)"
1993,1994-04-08,Eastern American Energy Corp.,Cattaraugus,RANDOLPH,LAKESHORE,MEDINA,0,0,57,0,0,0,NO,475,119356,425,111078,"GH,OC","RANDOLPH, NY
(42.161398, -78.978764)"
1993,1994-04-12,"GFS Energy, Inc.",Chautauqua,NORTH HARMONY,NORTH HARMONY,ONONDAGA-BASS ISLAND,1,1,2,0,0,0,NO,5,16249,1550,16249,"GH,OC","NORTH HARMONY, NY
(42.094296, -79.374999)"
1993,1994-04-13,"Fitzgerald, Thomas J.",Allegany,CLARKSVILLE,RICHBURG,RICHBURG,3,2,0,0,0,0,NO,1,285,0,257,GX,"CLARKSVILLE, NY
(42.575802, -73.964401)"
1980,1994-05-06,Richardson Petroleum Corp.,Allegany,INDEPENDENCE,BEECH HILL-INDEPENDENCE,FULMER VALLEY,194,0,0,0,64,0,NO,20164,60854,0,60854,"GK,OB","INDEPENDENCE, NY
(42.088045, -77.781386)"
1982,1994-05-06,"Ebenezer Oil Co., Inc.",Allegany,BOLIVAR,RICHBURG,RICHBURG,78,3,11,0,50,0,NO,8636,8035,0,8035,OB,"BOLIVAR, NY
(42.066701, -78.167667)"
1982,1994-05-06,"Kennemuth, R.L.",Allegany,BOLIVAR,RICHBURG,RICHBURG,54,32,0,0,76,0,NO,1599,91000,37000,91000,"GX,OX","BOLIVAR, NY
(42.066701, -78.167667)"
1982,1994-05-06,"Yahn & Yahn, Inc.",Allegany,INDEPENDENCE,BEECH HILL-INDEPENDENCE,FULMER VALLEY,11,1,0,0,6,0,NO,1318,760,7500,760,OB,"INDEPENDENCE, NY
(42.088045, -77.781386)"
1982,1994-05-06,Estate of  Richard G Smith,Allegany,GENESEE,RICHBURG,RICHBURG,5,7,0,0,0,0,NO,375,396,200,0,OB,"GENESEE, NY
(42.02693, -78.205893)"
1982,1994-05-06,J G & A Co-Venture,Allegany,ANDOVER,FULMER VALLEY,FULMER VALLEY,2,0,2,0,0,0,NO,566,535,0,535,OB,"ANDOVER, NY
(42.156405, -77.795231)"
1993,1994-05-17,"Walchli, John W. Jr.",Allegany,INDEPENDENCE,BEECH HILL-INDEPENDENCE,FULMER VALLEY,14,0,0,0,0,0,NO,484,8402,93,8402,"GK,OC","INDEPENDENCE, NY
(42.088045, -77.781386)"
1993,1994-05-17,"Walchli, John W. Jr.",Steuben,WEST UNION,BEECH HILL-INDEPENDENCE,FULMER VALLEY,13,0,0,0,0,0,NO,474,421,34,421,"GK,OC","WEST UNION, NY
(42.094951, -77.725816)"
1982,1994-05-18,"Yahn & Yahn, Inc.",Steuben,WEST UNION,BEECH HILL-INDEPENDENCE,FULMER VALLEY,29,10,0,0,2,0,NO,6169,3800,5050,1300,OB,"WEST UNION, NY
(42.094951, -77.725816)"
1982,1994-05-18,Richardson Petroleum Corp.,Steuben,WEST UNION,BEECH HILL-INDEPENDENCE,FULMER VALLEY,14,0,0,0,0,0,NO,2957,7432,0,7432,"GK,OB","WEST UNION, NY
(42.094951, -77.725816)"
1982,1994-05-26,"Envirogas, Inc.",Chautauqua,CLYMER,CLYMER,MEDINA,3,0,26,9,0,0,NO,3371,52370,3371,52370,GK,"CLYMER, NY
(42.02082, -79.629966)"
1982,1994-05-26,F & T Oil,Chautauqua,BUSTI,BUSTI,GLADE,1,0,0,0,0,0,NO,220,100,200,0,OB,"BUSTI, NY
(42.038067, -79.283549)"
1982,1994-05-27,"Arrowhead Gas Producers, Inc.",Cattaraugus,ALLEGANY,FIVE MILE,BRADFORD,5,5,0,0,0,0,NO,4284,1000,5000,1000,OB,"ALLEGANY, NY
(42.088061, -78.491258)"
1982,1994-05-27,"Allegro Oil & Gas,  Inc.",Cattaraugus,CARROLLTON,CHIPMUNK,CHIPMUNK,1,0,1,0,0,0,NO,315,505,100,500,OB,"CARROLLTON, NY
(42.023289, -78.628438)"
1982,1994-05-27,"Universal Resources Holdings, Incorporated",Chautauqua,CHARLOTTE,,BASS ISLAND,1,0,5,5,0,0,NO,1247,5171,0,5171,GX,"CHARLOTTE, NY
(43.255001, -77.617203)"
1982,1994-05-31,Pennzoil Products Co.,Cattaraugus,CARROLLTON,CHIPMUNK,CHIPMUNK,634,39,1,3,518,0,YES,75509,778,1163276,778,,"CARROLLTON, NY
(42.023289, -78.628438)"
1982,1994-05-31,Pennzoil Products Co.,Cattaraugus,ALLEGANY,BRADFORD,BRADFORD,621,37,0,0,582,0,YES,209042,2964,4191246,2964,,"ALLEGANY, NY
(42.088061, -78.491258)"
1982,1994-05-31,"P Y E Resources, Inc.",Cattaraugus,CARROLLTON,BRADFORD,BRADFORD,218,9,0,0,0,0,NO,53341,42600,5410,42600,OB,"CARROLLTON, NY
(42.023289, -78.628438)"
1982,1994-05-31,Frank H. Stephan Oil Group,Cattaraugus,ALLEGANY,BRADFORD,BRADFORD,116,0,0,0,0,0,YES,5258,900,4900,900,,"ALLEGANY, NY
(42.088061, -78.491258)"
1982,1994-05-31,Pennzoil Products Co.,Cattaraugus,OLEAN,BRADFORD,BRADFORD,63,0,1,0,0,0,YES,12843,722,20720,722,,"OLEAN, NY
(42.077495, -78.429849)"
1982,1994-05-31,Pennzoil Products Co.,Cattaraugus,OLEAN,BRADFORD,BRADFORD,59,0,1,0,59,0,YES,12340,713,14910,713,,"OLEAN, NY
(42.077495, -78.429849)"
1982,1994-05-31,"Huntington, Barbara A.",Cattaraugus,CARROLLTON,BRADFORD,BRADFORD,26,3,0,0,0,0,NO,4093,4200,2700,4200,OA,"CARROLLTON, NY
(42.023289, -78.628438)"
1982,1994-05-31,"P Y E Resources, Inc.",Cattaraugus,OLEAN,FIVE MILE,BRADFORD,23,0,0,0,0,0,NO,2296,800,90,800,GT,"OLEAN, NY
(42.077495, -78.429849)"
1982,1994-05-31,Miller Oil Co.,Cattaraugus,OLEAN,BRADFORD,BRADFORD,12,2,0,0,0,0,NO,595,1800,650,1800,OA,"OLEAN, NY
(42.077495, -78.429849)"
1982,1994-05-31,Miller Drilling Co.,Cattaraugus,ALLEGANY,BRADFORD,BRADFORD,4,0,0,0,0,0,NO,92,300,320,300,OA,"ALLEGANY, NY
(42.088061, -78.491258)"
1982,1994-05-31,"Winger, Philip G. & Diane E.",Cattaraugus,CARROLLTON,BRADFORD,CHIPMUNK,1,0,0,0,0,0,NO,1414,1080,500,1080,OB,"CARROLLTON, NY
(42.023289, -78.628438)"
1982,1994-05-31,Miller Oil Co.,Cattaraugus,ALLEGANY,BRADFORD,BRADFORD,0,0,0,0,10,0,NO,1772,450,3000,450,OA,"ALLEGANY, NY
(42.088061, -78.491258)"
1982,1994-05-31,"Ekas, David & Archer",Cattaraugus,CARROLLTON,BRADFORD,CHIPMUNK,0,0,15,1,0,0,NO,362,128,140,128,GT,"CARROLLTON, NY
(42.023289, -78.628438)"
1981,1994-06-01,"Desert Gas Exploration, Inc.",Chautauqua,POMFRET,LAKESHORE,MEDINA,1,0,13,0,0,0,NO,30,127693,0,127693,GK,"POMFRET, NY
(42.439996, -79.331441)"
1982,1994-06-01,Gypsum Energy Management Co.,Genesee,OAKFIELD,INDIAN FALLS,MEDINA,0,0,3,1,0,0,YES,500,1478,0,1478,,"OAKFIELD, NY
(42.971699, -78.968597)"
1981,1994-06-01,"Bounty Holdings, Incorporated",Chautauqua,BUSTI,BUSTI,MEDINA,0,0,19,28,0,0,NO,36,282238,0,282238,GK,"BUSTI, NY
(42.038067, -79.283549)"
1981,1994-06-01,Berea Oil & Gas Corp.,Chautauqua,GERRY,LAKESHORE,MEDINA,0,0,22,0,0,0,NO,4911,195128,0,195128,GH,"GERRY, NY
(42.194749, -79.250394)"
1981,1994-06-02,Seis-Ex Geophysical Ltd,Chautauqua,KIANTONE,LAKESHORE,MEDINA,4,1,2,1,0,0,NO,164,9809,1126,9809,"GK,OA","KIANTONE, NY
(42.021944, -79.198276)"
1981,1994-06-10,"Yahn & Yahn, Inc.",Steuben,WEST UNION,BEECH HILL-INDEPENDENCE,FULMER VALLEY,28,11,0,0,2,0,NO,11614,5900,4300,5900,,"WEST UNION, NY
(42.094951, -77.725816)"
1981,1994-06-10,Richardson Petroleum Corp.,Steuben,WEST UNION,BEECH HILL-INDEPENDENCE,ORISKANY,12,0,0,0,0,0,NO,3003,4938,0,4938,GK,"WEST UNION, NY
(42.094951, -77.725816)"
1982,1994-06-13,Richardson Petroleum Corp.,Allegany,INDEPENDENCE,BEECH HILL-INDEPENDENCE,FULMER VALLEY,193,0,0,0,0,0,NO,14628,59629,5329,59629,"GK,OB","INDEPENDENCE, NY
(42.088045, -77.781386)"
1980,1994-06-13,"Kennemuth, R.L.",Allegany,BOLIVAR,RICHBURG,RICHBURG,60,6,0,0,0,0,NO,1893,105000,43000,105000,GX,"BOLIVAR, NY
(42.066701, -78.167667)"
1980,1994-06-13,Messer Oil Corp.,Allegany,BOLIVAR,RICHBURG,RICHBURG,38,41,1,0,10,0,NO,1973,1800,0,1800,OB,"BOLIVAR, NY
(42.066701, -78.167667)"
1982,1994-06-13,Potter Oil Co.,Allegany,INDEPENDENCE,BEECH HILL-INDEPENDENCE,FULMER VALLEY,27,0,0,0,0,0,NO,1739,20548,0,0,"GK,OB","INDEPENDENCE, NY
(42.088045, -77.781386)"
1981,1994-06-13,"Fitzgerald, Thomas J.",Allegany,CLARKSVILLE,RICHBURG,RICHBURG,3,3,0,0,0,0,NO,9,9,0,0,OB,"CLARKSVILLE, NY
(42.575802, -73.964401)"
1979,1994-06-14,Pennzoil Products Co.,Cattaraugus,OLEAN,BRADFORD,BRADFORD,126,0,0,1,129,0,NO,7005,105,70500,105,OA,"OLEAN, NY
(42.077495, -78.429849)"
1980,1994-06-14,Frank H. Stephan Oil Group,Cattaraugus,ALLEGANY,BRADFORD,BRADFORD,111,0,0,0,0,0,NO,4514,900,40400,0,OC,"ALLEGANY, NY
(42.088061, -78.491258)"
1980,1994-06-14,Bucher Brothers,Cattaraugus,ALLEGANY,BRADFORD,BRADFORD,48,7,0,0,0,0,NO,1000,4070,51130,0,OA,"ALLEGANY, NY
(42.088061, -78.491258)"
1980,1994-06-14,"Huntington, Barbara A.",Cattaraugus,CARROLLTON,BRADFORD,BRADFORD,26,3,0,0,0,0,NO,4177,45000,2200,0,OA,"CARROLLTON, NY
(42.023289, -78.628438)"
1980,1994-06-14,Miller Oil Co.,Cattaraugus,ALLEGANY,BRADFORD,BRADFORD,19,5,0,0,0,0,NO,2183,2500,35700,0,OA,"ALLEGANY, NY
(42.088061, -78.491258)"
1980,1994-06-14,"Ekas, David & Archer",Cattaraugus,CARROLLTON,BRADFORD,CHIPMUNK,14,2,0,0,0,0,NO,243,100,90,0,OC,"CARROLLTON, NY
(42.023289, -78.628438)"
1980,1994-06-14,"Yahn & Yahn, Inc.",Allegany,INDEPENDENCE,BEECH HILL-INDEPENDENCE,FULMER VALLEY,12,0,0,0,6,0,NO,1763,870,8900,4120,OB,"INDEPENDENCE, NY
(42.088045, -77.781386)"
1980,1994-06-14,"Boudon, Adrian",Cattaraugus,ALLEGANY,CHIPMUNK,CHIPMUNK,8,10,0,0,0,0,NO,1499,100,10000,0,OA,"ALLEGANY, NY
(42.088061, -78.491258)"
1980,1994-06-14,Estate of  Richard G Smith,Allegany,GENESEE,,RICHBURG,4,7,4,7,0,0,NO,400,1000,810,1000,OB,"GENESEE, NY
(42.02693, -78.205893)"
1980,1994-06-15,Pennzoil Products Co.,Cattaraugus,CARROLLTON,CHIPMUNK,CHIPMUNK,940,57,0,1,814,0,NO,140870,1736,2778072,1736,OA,"CARROLLTON, NY
(42.023289, -78.628438)"
1980,1994-06-15,Pennzoil Products Co.,Cattaraugus,OLEAN,BRADFORD,BRADFORD,258,11,1,0,160,0,NO,212285,41914,3368660,41914,OA,"OLEAN, NY
(42.077495, -78.429849)"
1980,1994-06-15,Quaker State Corp.,Cattaraugus,CARROLLTON,BRADFORD,BRADFORD,217,9,0,0,0,0,NO,93383,75400,27400,75400,OA,"CARROLLTON, NY
(42.023289, -78.628438)"
1980,1994-06-15,Witco Corp.,Cattaraugus,ALLEGANY,BRADFORD,CHIPMUNK,182,0,0,0,188,0,NO,47748,3028,0,3028,GT,"ALLEGANY, NY
(42.088061, -78.491258)"
1980,1994-06-15,"W.H. Larson, Inc.",Cattaraugus,ALLEGANY,BRADFORD,CHIPMUNK,18,13,0,0,0,0,NO,578,1,1802,1,"GT,OA","ALLEGANY, NY
(42.088061, -78.491258)"
1980,1994-06-15,"Stevenson, Scott R Jr",Cattaraugus,CARROLLTON,BRADFORD,BRADFORD,18,1,0,0,0,0,NO,482,5400,550,5400,OA,"CARROLLTON, NY
(42.023289, -78.628438)"
1980,1994-06-15,Quaker State Corp.,Cattaraugus,OLEAN,FIVE MILE,BRADFORD,9,0,0,0,0,0,YES,571,400,100,400,,"OLEAN, NY
(42.077495, -78.429849)"
1980,1994-06-15,Quaker State Corp.,Cattaraugus,OLEAN,CHIPMUNK,BRADFORD,8,0,0,0,0,0,YES,591,500,100,250,,"OLEAN, NY
(42.077495, -78.429849)"
1993,1994-06-15,Fault Line Oil Corporation,Cattaraugus,ASHFORD,DUTCH HILL,ONONDAGA,1,0,0,0,0,0,NO,1757,1950,0,1950,"GK,OA","ASHFORD, NY
(42.403846, -78.612179)"
1981,1994-06-16,Richardson Petroleum Corp.,Allegany,INDEPENDENCE,FULMER VALLEY,FULMER VALLEY,190,0,0,0,64,0,NO,15795,55570,0,0,OB,"INDEPENDENCE, NY
(42.088045, -77.781386)"
1981,1994-06-16,"Ebenezer Oil Co., Inc.",Allegany,BOLIVAR,RICHBURG,RICHBURG,74,1,0,0,51,0,NO,11395,8469,0,8469,"GK,OB","BOLIVAR, NY
(42.066701, -78.167667)"
1981,1994-06-16,Bucher Brothers,Cattaraugus,ALLEGANY,BRADFORD,BRADFORD,49,7,0,0,0,0,NO,925,4640,14115,4640,OA,"ALLEGANY, NY
(42.088061, -78.491258)"
1981,1994-06-16,"Kennemuth, R.L.",Allegany,BOLIVAR,RICHBURG,RICHBURG,34,43,0,0,0,0,NO,1720,94000,38800,94000,GX,"BOLIVAR, NY
(42.066701, -78.167667)"
1981,1994-06-16,Messer Oil Corp.,Allegany,BOLIVAR,RICHBURG,RICHBURG,28,51,1,0,10,0,NO,1713,1800,0,1800,OB,"BOLIVAR, NY
(42.066701, -78.167667)"
1981,1994-06-16,Potter Oil Co.,Allegany,INDEPENDENCE,BEECH HILL-INDEPENDENCE,FULMER VALLEY,28,0,22,0,0,0,NO,2427,27133,0,0,"GK,OB","INDEPENDENCE, NY
(42.088045, -77.781386)"
1981,1994-06-16,"Yahn & Yahn, Inc.",Allegany,INDEPENDENCE,BEECH HILL-INDEPENDENCE,FULMER VALLEY,11,1,0,0,0,0,NO,1347,810,8350,810,OB,"INDEPENDENCE, NY
(42.088045, -77.781386)"
1981,1994-06-16,"Middaugh, Vincent",Allegany,AMITY,CORBIN HILL,RICHBURG,5,0,1,0,0,0,NO,323,136,0,136,"GK,OB","AMITY, NY
(41.268101, -74.455299)"
1981,1994-06-16,"Gens,  Ralph R.",Allegany,GENESEE,RICHBURG,RICHBURG,4,8,4,8,0,0,NO,391,375,200,375,OB,"GENESEE, NY
(42.02693, -78.205893)"
1981,1994-06-16,Apetco International,Cattaraugus,OLEAN,CHIPMUNK,CHIPMUNK,3,0,6,0,0,0,NO,457,13168,0,13168,"GK,GT","OLEAN, NY
(42.077495, -78.429849)"
1981,1994-06-17,"Huntington, Barbara A.",Cattaraugus,CARROLLTON,BRADFORD,BRADFORD,26,3,0,0,0,0,NO,4394,45000,3200,0,OA,"CARROLLTON, NY
(42.023289, -78.628438)"
1981,1994-06-17,Miller Oil Co.,Cattaraugus,ALLEGANY,BRADFORD,BRADFORD,22,2,0,0,0,0,NO,2166,2500,35700,2500,OA,"ALLEGANY, NY
(42.088061, -78.491258)"
1981,1994-06-17,"Ekas, David & Archer",Cattaraugus,CARROLLTON,BRADFORD,CHIPMUNK,14,0,0,0,0,0,NO,281,100,90,0,GT,"CARROLLTON, NY
(42.023289, -78.628438)"
1981,1994-06-17,Miller Drilling Co.,Cattaraugus,ALLEGANY,BRADFORD,BRADFORD,4,0,0,0,0,0,NO,138,350,350,350,OA,"ALLEGANY, NY
(42.088061, -78.491258)"
1981,1994-06-20,Pennzoil Products Co.,Cattaraugus,ALLEGANY,CHIPMUNK,CHIPMUNK,578,15,0,0,538,0,NO,226505,3397,4797648,3397,OA,"ALLEGANY, NY
(42.088061, -78.491258)"
1981,1994-06-20,Pennzoil Products Co.,Cattaraugus,CARROLLTON,BRADFORD,BRADFORD,372,25,0,0,303,0,NO,52229,783,1253496,783,OA,"CARROLLTON, NY
(42.023289, -78.628438)"
1981,1994-06-20,Quaker State Corp.,Cattaraugus,CARROLLTON,BRADFORD,BRADFORD,217,9,0,0,0,0,NO,71947,5740,0,5740,"OA,OB","CARROLLTON, NY
(42.023289, -78.628438)"
1981,1994-06-20,Pennzoil Products Co.,Cattaraugus,OLEAN,BRADFORD,BRADFORD,63,0,1,1,1,0,NO,23397,976,30340,976,OA,"OLEAN, NY
(42.077495, -78.429849)"
1980,1994-06-22,Seis-Ex Geophysical Ltd,Chautauqua,KIANTONE,LAKESHORE,MEDINA,3,5,1,1,0,0,YES,413,11098,3435,0,,"KIANTONE, NY
(42.021944, -79.198276)"
1993,1994-06-28,"Sinclairville Petroleum, Inc.",Chautauqua,BUSTI,LAKESHORE,MEDINA,0,1,9,3,0,0,NO,1435,365184,102,363884,"GK,OA","BUSTI, NY
(42.038067, -79.283549)"
1979,1994-06-29,Richardson Petroleum Corp.,Allegany,INDEPENDENCE,BEECH HILL-INDEPENDENCE,FULMER VALLEY,189,0,0,0,64,0,NO,20781,35111,0,35111,"GK,OB","INDEPENDENCE, NY
(42.088045, -77.781386)"
1979,1994-06-29,"Kennemuth, R.L.",Allegany,BOLIVAR,RICHBURG,RICHBURG,73,6,0,0,0,0,NO,2229,286000,52000,286000,GX,"BOLIVAR, NY
(42.066701, -78.167667)"
1979,1994-06-29,Bucher Brothers,Cattaraugus,ALLEGANY,BRADFORD,BRADFORD,51,7,0,0,0,0,NO,1061,5500,19330,5500,OA,"ALLEGANY, NY
(42.088061, -78.491258)"
1979,1994-06-29,Messer Oil Corp.,Allegany,BOLIVAR,RICHBURG,RICHBURG,39,40,1,0,10,0,NO,2200,1800,0,1800,OB,"BOLIVAR, NY
(42.066701, -78.167667)"
1979,1994-06-29,Potter Oil Co.,Allegany,INDEPENDENCE,BEECH HILL-INDEPENDENCE,FULMER VALLEY,24,1,0,0,0,0,NO,3416,23930,0,23930,"GK,OB","INDEPENDENCE, NY
(42.088045, -77.781386)"
1979,1994-06-29,"Ekas, David & Archer",Cattaraugus,CARROLLTON,BRADFORD,CHIPMUNK,14,2,0,0,0,0,NO,277,80,50,80,GT,"CARROLLTON, NY
(42.023289, -78.628438)"
1979,1994-06-29,"Yahn & Yahn, Inc.",Allegany,INDEPENDENCE,BEECH HILL-INDEPENDENCE,FULMER VALLEY,12,0,0,0,6,0,NO,2065,875,10200,0,OB,"INDEPENDENCE, NY
(42.088045, -77.781386)"
1979,1994-06-29,Estate of  Richard G Smith,Allegany,BOLIVAR,RICHBURG,RICHBURG,3,14,0,0,0,0,NO,526,365,200,365,OB,"BOLIVAR, NY
(42.066701, -78.167667)"
1979,1994-06-29,"Fitzgerald, Thomas J.",Allegany,CLARKSVILLE,RICHBURG,RICHBURG,3,2,0,0,0,0,NO,1159,1,0,0,OB,"CLARKSVILLE, NY
(42.575802, -73.964401)"
1979,1994-06-29,"Beaver, Albert H",Cattaraugus,OLEAN,BRADFORD,CHIPMUNK,2,1,3,1,0,0,NO,98,7869,0,7869,"GK,GX","OLEAN, NY
(42.077495, -78.429849)"
1979,1994-06-29,"Conewango Valley Mills, Inc.",Cattaraugus,CONEWANGO,HOTCHKISS HOLLOW,GLADE,1,1,3,0,0,0,NO,54,395,0,395,OA,"CONEWANGO, NY
(42.238697, -79.031066)"
1979,1994-06-30,Pennzoil Products Co.,Cattaraugus,CARROLLTON,CHIPMUNK,BRADFORD,666,62,0,1,543,0,NO,121572,1824,2917728,1824,OA,"CARROLLTON, NY
(42.023289, -78.628438)"
1979,1994-06-30,Pennzoil Products Co.,Cattaraugus,ALLEGANY,BRADFORD,BRADFORD,476,33,0,0,444,0,NO,231058,2412,3216820,2412,OA,"ALLEGANY, NY
(42.088061, -78.491258)"
1979,1994-06-30,Quaker State Corp.,Cattaraugus,CARROLLTON,FIVE MILE,BRADFORD,217,0,0,0,0,0,NO,122916,184540,61434,184540,OB,"CARROLLTON, NY
(42.023289, -78.628438)"
1979,1994-06-30,National Fuel Gas Supply Corp.,Cattaraugus,ALLEGANY,BRADFORD,BRADFORD,199,11,0,0,159,0,NO,160841,2412,3216820,2412,OA,"ALLEGANY, NY
(42.088061, -78.491258)"
1979,1994-06-30,Witco Corp.,Cattaraugus,ALLEGANY,BRADFORD,CHIPMUNK,176,22,0,0,181,0,NO,44502,241260,0,241260,GT,"ALLEGANY, NY
(42.088061, -78.491258)"
1979,1994-06-30,National Fuel Gas Supply Corp.,Cattaraugus,OLEAN,BRADFORD,BRADFORD,125,0,0,0,129,0,NO,7005,105,70500,105,OA,"OLEAN, NY
(42.077495, -78.429849)"
1979,1994-06-30,Frank H. Stephan Oil Group,Cattaraugus,ALLEGANY,BRADFORD,RICHBURG,109,0,0,0,0,0,NO,4046,900,40400,900,GT,"ALLEGANY, NY
(42.088061, -78.491258)"
1979,1994-06-30,"Huntington, Barbara A.",Cattaraugus,CARROLLTON,BRADFORD,BRADFORD,26,3,0,0,0,0,NO,3285,40000,3000,40000,OA,"CARROLLTON, NY
(42.023289, -78.628438)"
1979,1994-06-30,Miller Oil Co.,Cattaraugus,ALLEGANY,BRADFORD,BRADFORD,21,4,0,0,0,0,NO,2587,2200,35500,2200,OA,"ALLEGANY, NY
(42.088061, -78.491258)"
1979,1994-06-30,"W.H. Larson, Inc.",Cattaraugus,ALLEGANY,BRADFORD,CHIPMUNK,20,12,0,0,0,0,NO,410,1,1642,1,"GT,OA","ALLEGANY, NY
(42.088061, -78.491258)"
1979,1994-06-30,"Stevenson, Scott R Jr",Cattaraugus,ALLEGANY,BRADFORD,CHIPMUNK,18,1,0,0,0,0,NO,742,5400,550,0,OB,"ALLEGANY, NY
(42.088061, -78.491258)"
1979,1994-06-30,Quaker State Corp.,Cattaraugus,OLEAN,CHIPMUNK,BRADFORD,17,0,0,0,0,0,NO,1301,654,461,654,OB,"OLEAN, NY
(42.077495, -78.429849)"
1979,1994-06-30,"Stephan, Phillip D.",Cattaraugus,ALLEGANY,BRADFORD,BRADFORD,7,16,0,0,0,0,NO,135,235,152,235,OA,"ALLEGANY, NY
(42.088061, -78.491258)"
1978,1994-07-11,Richardson Petroleum Corp.,Allegany,WELLSVILLE,FULMER VALLEY,FULMER VALLEY,181,0,0,0,64,0,NO,21598,30916,0,30916,"GK,OB","WELLSVILLE, NY
(42.120693, -77.946058)"
1978,1994-07-11,Witco Corp.,Cattaraugus,ALLEGANY,BRADFORD,CHIPMUNK,176,22,0,0,181,0,NO,49967,267199,0,0,GT,"ALLEGANY, NY
(42.088061, -78.491258)"
1978,1994-07-11,Quaker State Corp.,Cattaraugus,CARROLLTON,BRADFORD,BRADFORD,132,9,0,0,0,0,YES,124200,186295,62120,186295,,"CARROLLTON, NY
(42.023289, -78.628438)"
1978,1994-07-11,Frank H. Stephan Oil Group,Cattaraugus,ALLEGANY,BRADFORD,BRADFORD,109,0,0,0,0,0,NO,3295,900,40400,900,GT,"ALLEGANY, NY
(42.088061, -78.491258)"
1978,1994-07-11,"Kennemuth, R.L.",Allegany,BOLIVAR,RICHBURG,RICHBURG,73,6,0,0,0,0,NO,2400,289000,55000,289000,GX,"BOLIVAR, NY
(42.066701, -78.167667)"
1978,1994-07-11,Bucher Brothers,Cattaraugus,ALLEGANY,BRADFORD,BRADFORD,51,7,0,0,0,0,NO,1124,562,21130,562,OA,"ALLEGANY, NY
(42.088061, -78.491258)"
1978,1994-07-11,Messer Oil Corp.,Allegany,BOLIVAR,RICHBURG,RICHBURG,40,40,0,0,10,0,NO,1800,2439,0,2439,OA,"BOLIVAR, NY
(42.066701, -78.167667)"
1978,1994-07-11,"Huntington, Barbara A.",Cattaraugus,CARROLLTON,BRADFORD,BRADFORD,26,3,0,0,0,0,NO,2959,40000,3000,40000,OA,"CARROLLTON, NY
(42.023289, -78.628438)"
1978,1994-07-11,Potter Oil Co.,Allegany,INDEPENDENCE,BEECH HILL-INDEPENDENCE,MEDINA,26,0,18,0,0,0,NO,3248,21890,0,21890,"GK,OB","INDEPENDENCE, NY
(42.088045, -77.781386)"
1978,1994-07-11,Oily Ann Oil And Gas Inc.,Cattaraugus,OLEAN,OLEAN,BRADFORD,24,0,1,0,0,0,NO,4366,2883,0,2883,"GK,GT,OB","OLEAN, NY
(42.077495, -78.429849)"
1978,1994-07-11,"Stevenson, Scott R Jr",Cattaraugus,ALLEGANY,BRADFORD,BRADFORD,19,1,0,0,0,0,NO,560,540,550,540,OA,"ALLEGANY, NY
(42.088061, -78.491258)"
1978,1994-07-11,"Ekas, David & Archer",Cattaraugus,CARROLLTON,BRADFORD,CHIPMUNK,12,3,0,0,0,0,NO,245,85,50,85,GX,"CARROLLTON, NY
(42.023289, -78.628438)"
1978,1994-07-11,Case Oil Corp.,Allegany,BOLIVAR,RICHBURG,RICHBURG,10,91,0,0,100,0,NO,600,300,400,300,GX,"BOLIVAR, NY
(42.066701, -78.167667)"
1978,1994-07-11,Tiggs Drilling Company,Cattaraugus,ALLEGANY,BRADFORD,BRADFORD,8,15,0,0,0,0,NO,131,235,160,235,OA,"ALLEGANY, NY
(42.088061, -78.491258)"
1978,1994-07-11,"Hopkins, Angela",Allegany,BOLIVAR,RICHBURG,RICHBURG,5,1,1,0,0,0,NO,273,12052,600,12052,"GK,OB","BOLIVAR, NY
(42.066701, -78.167667)"
1978,1994-07-11,Estate of  Richard G Smith,Allegany,BOLIVAR,RICHBURG,RICHBURG,3,16,0,0,0,0,NO,420,400,200,400,OB,"BOLIVAR, NY
(42.066701, -78.167667)"
1978,1994-07-15,"Yahn & Yahn, Inc.",Steuben,WEST UNION,BEECH HILL-INDEPENDENCE,FULMER VALLEY,18,3,0,0,1,0,NO,2742,370,4050,200,OB,"WEST UNION, NY
(42.094951, -77.725816)"
1978,1994-07-15,Flanigan Brothers,Steuben,CAMPBELL,SOUTH BRADFORD,ORISKANY,6,0,1,1,0,0,NO,1556,12301,0,12301,OA,"CAMPBELL, NY
(42.232892, -77.19693)"
1977,1994-08-10,"Ames, Harlan E.",Allegany,WIRT,RICHBURG,RICHBURG,11,0,0,0,20,1,NO,144,150,200,0,OB,"WIRT, NY
(42.137408, -78.150594)"
1977,1994-08-10,"Greene, Kenneth & Myrtle",Allegany,WIRT,RICHBURG,RICHBURG,10,0,0,0,0,0,NO,541,1027,0,1027,"GX,OB","WIRT, NY
(42.137408, -78.150594)"
1977,1994-08-10,Case Oil Corp.,Allegany,BOLIVAR,RICHBURG,RICHBURG,8,92,4,0,100,0,YES,600,300,400,0,OB,"BOLIVAR, NY
(42.066701, -78.167667)"
1977,1994-08-10,"Fitzgerald, Marie C.",Allegany,CLARKSVILLE,CLARKSVILLE,MEDINA,0,0,3,0,0,0,NO,12,414000,0,314000,OB,"CLARKSVILLE, NY
(42.575802, -73.964401)"
1977,1994-08-11,Moose Oil Co.,Allegany,BOLIVAR,RICHBURG,WAUGH & PORTER,62,0,0,0,0,0,NO,1709,222,51850,0,OB,"BOLIVAR, NY
(42.066701, -78.167667)"
1977,1994-08-11,Messer Oil Corp.,Allegany,BOLIVAR,RICHBURG,RICHBURG,39,40,1,0,10,0,NO,2666,1800,0,0,OB,"BOLIVAR, NY
(42.066701, -78.167667)"
1977,1994-08-11,Potter Oil Co.,Allegany,INDEPENDENCE,BEECH HILL-INDEPENDENCE,FULMER VALLEY,25,0,17,0,0,0,NO,2748,16000,0,15507,OB,"INDEPENDENCE, NY
(42.088045, -77.781386)"
1977,1994-08-11,Moose Oil Co.,Allegany,BOLIVAR,RICHBURG,RICHBURG,11,6,0,0,0,0,NO,1174,148,105,0,OB,"BOLIVAR, NY
(42.066701, -78.167667)"
1977,1994-08-12,Richardson Petroleum Corp.,Allegany,INDEPENDENCE,BEECH HILL-INDEPENDENCE,FULMER VALLEY,171,0,0,0,64,0,NO,23546,26590,0,15590,"GK,OB","INDEPENDENCE, NY
(42.088045, -77.781386)"
1977,1994-08-12,Bucher Brothers,Cattaraugus,ALLEGANY,BRADFORD,BRADFORD,51,7,0,0,0,0,NO,1099,618,20130,0,OA,"ALLEGANY, NY
(42.088061, -78.491258)"
1977,1994-08-12,Estate of  Richard G Smith,Allegany,GENESEE,RICHBURG,RICHBURG,3,3,0,0,0,0,NO,496,450,200,0,OB,"GENESEE, NY
(42.02693, -78.205893)"
1977,1994-08-12,Surprise Oil Co.,Allegany,,,RICHBURG-WAUGH & PORTER,2,12,4,0,2,0,NO,27,165,100,115,"GX,OB","NY
(42.826892, -75.544286)"
1977,1994-08-15,Pennzoil Products Co.,Cattaraugus,CARROLLTON,CHIPMUNK,CHIPMUNK,354,13,1,0,278,0,NO,49101,10748,0,9983,"GJ,OA","CARROLLTON, NY
(42.023289, -78.628438)"
1977,1994-08-15,Pennzoil Products Co.,Cattaraugus,ALLEGANY,BRADFORD,BRADFORD,178,11,0,0,169,0,NO,62789,865,1333980,0,OA,"ALLEGANY, NY
(42.088061, -78.491258)"
1977,1994-08-15,Frank H. Stephan Oil Group,Cattaraugus,ALLEGANY,BRADFORD,BRADFORD,109,0,0,0,0,0,NO,2520,900,40400,0,OC,"ALLEGANY, NY
(42.088061, -78.491258)"
1977,1994-08-15,Quaker State Corp.,Cattaraugus,CARROLLTON,BRADFORD,BRADFORD,107,71,0,0,0,0,NO,92698,121198,215300,79143,OB,"CARROLLTON, NY
(42.023289, -78.628438)"
1977,1994-08-15,Pennzoil Products Co.,Cattaraugus,OLEAN,BRADFORD,BRADFORD,63,0,0,1,53,0,NO,5412,1525,136634,0,OA,"OLEAN, NY
(42.077495, -78.429849)"
1977,1994-08-15,"Huntington, Barbara A.",Cattaraugus,CARROLLTON,BRADFORD,BRADFORD,25,4,0,0,0,0,NO,2556,40,3000,0,OA,"CARROLLTON, NY
(42.023289, -78.628438)"
1977,1994-08-15,Newman Oil Co.,Cattaraugus,CARROLLTON,CHIPMUNK,CHIPMUNK,22,6,1,0,8,0,NO,3782,1184,0,184,OC,"CARROLLTON, NY
(42.023289, -78.628438)"
1977,1994-08-15,"Stevenson, Scott R Jr",Cattaraugus,CARROLLTON,BRADFORD,BRADFORD,18,1,0,0,0,0,NO,444,540,550,0,OA,"CARROLLTON, NY
(42.023289, -78.628438)"
1977,1994-08-15,Miller Oil Co.,Cattaraugus,ALLEGANY,BRADFORD,BRADFORD,10,0,0,0,0,0,NO,2774,500,44000,0,OA,"ALLEGANY, NY
(42.088061, -78.491258)"
1977,1994-08-15,Quaker State Corp.,Cattaraugus,OLEAN,FIVE MILE,BRADFORD,9,0,0,0,0,0,NO,955,477,300,377,OB,"OLEAN, NY
(42.077495, -78.429849)"
1977,1994-08-15,Roy G. Stephan,Cattaraugus,OLEAN,BRADFORD,BRADFORD,8,15,8,15,0,0,NO,210,160,209,0,,"OLEAN, NY
(42.077495, -78.429849)"
1977,1994-08-15,Miller Oil Co.,Cattaraugus,OLEAN,BRADFORD,BRADFORD,5,9,0,0,0,0,NO,640,2000,700,0,OA,"OLEAN, NY
(42.077495, -78.429849)"
1977,1994-08-15,"Conewango Valley Mills, Inc.",Cattaraugus,CONEWANGO,HOTCHKISS HOLLOW,GLADE,1,1,3,1,0,0,NO,41,200,0,0,OA,"CONEWANGO, NY
(42.238697, -79.031066)"
1977,1994-08-16,Quaker State Corp.,Cattaraugus,OLEAN,CHIPMUNK,BRADFORD,8,0,0,0,0,0,NO,1885,900,600,600,OB,"OLEAN, NY
(42.077495, -78.429849)"
1976,1994-08-22,Moose Oil Co.,Allegany,BOLIVAR,RICHBURG,WAUGH & PORTER,63,0,0,0,0,0,NO,1715,225000,53950,0,OB,"BOLIVAR, NY
(42.066701, -78.167667)"
1976,1994-08-22,Messer Oil Corp.,Allegany,BOLIVAR,RICHBURG,RICHBURG,39,40,1,10,0,0,NO,2992,1800,0,1800,OB,"BOLIVAR, NY
(42.066701, -78.167667)"
1976,1994-08-22,Potter Oil Co.,Allegany,INDEPENDENCE,BEECH HILL-INDEPENDENCE,FULMER VALLEY,28,0,15,7,0,0,NO,3088,16211,0,16211,"GK,OB","INDEPENDENCE, NY
(42.088045, -77.781386)"
1976,1994-08-22,"Greene, Kenneth & Myrtle",Allegany,WIRT,RICHBURG,RICHBURG,15,0,15,0,0,0,NO,615,1138,0,1138,"GX,OB","WIRT, NY
(42.137408, -78.150594)"
1976,1994-08-22,Moose Oil Co.,Allegany,BOLIVAR,RICHBURG,RICHBURG,11,6,0,0,0,0,NO,1154,147600,10950,0,OB,"BOLIVAR, NY
(42.066701, -78.167667)"
1976,1994-08-22,"Ames, Harlan E.",Allegany,WIRT,RICHBURG,RICHBURG,10,2,0,0,0,0,NO,139,200,450,0,OB,"WIRT, NY
(42.137408, -78.150594)"
1976,1994-08-22,Surprise Oil Co.,Allegany,,,RICHBURG-WAUGH & PORTER,2,12,4,0,0,0,NO,22,300,80,128,"GX,OB","NY
(42.826892, -75.544286)"
1976,1994-08-23,Bucher Brothers,Cattaraugus,ALLEGANY,BRADFORD,BRADFORD,51,8,0,0,0,0,NO,1023,562,22130,0,OA,"ALLEGANY, NY
(42.088061, -78.491258)"
1976,1994-08-23,"Huntington, Barbara A.",Cattaraugus,CARROLLTON,BRADFORD,BRADFORD,25,4,0,0,0,0,NO,1409,30000,2800,1409,OA,"CARROLLTON, NY
(42.023289, -78.628438)"
1976,1994-08-23,"Ekas, David & Archer",Cattaraugus,CARROLLTON,BRADFORD,CHIPMUNK,14,1,0,0,0,0,NO,284,80,40,0,OC,"CARROLLTON, NY
(42.023289, -78.628438)"
1976,1994-08-23,Global Petroleum of PA. Inc.,Cattaraugus,,,CHIPMUNK,14,0,14,0,0,0,NO,1695,4414,0,4414,"GH,OB","NY
(42.826892, -75.544286)"
1976,1994-08-23,Miller Oil Co.,Cattaraugus,ALLEGANY,BRADFORD,BRADFORD,5,5,0,0,0,0,NO,1995,400,45000,0,OA,"ALLEGANY, NY
(42.088061, -78.491258)"
1976,1994-08-23,Miller Oil Co.,Cattaraugus,OLEAN,BRADFORD,BRADFORD,5,9,0,0,0,0,NO,615,2000,700,0,OA,"OLEAN, NY
(42.077495, -78.429849)"
1976,1994-08-23,"Cornell,  James R.",Cattaraugus,PORTVILLE,BRADFORD,BRADFORD,1,0,0,0,0,0,,4,5000,300,0,,"PORTVILLE, NY
(42.036015, -78.338463)"
1976,1994-08-24,Pennzoil Products Co.,Cattaraugus,CARROLLTON,CHIPMUNK,CHIPMUNK,951,18,1,0,798,0,NO,203239,54557,3858936,5062,"OA,OX","CARROLLTON, NY
(42.023289, -78.628438)"
1976,1994-08-24,Witco Corp.,Cattaraugus,ALLEGANY,BRADFORD,CHIPMUNK,174,26,0,0,0,0,NO,108253,3919,0,0,OC,"ALLEGANY, NY
(42.088061, -78.491258)"
1976,1994-08-24,Frank H. Stephan Oil Group,Cattaraugus,ALLEGANY,BRADFORD,BRADFORD,109,0,0,0,0,0,NO,3494,900,60400,900,OC,"ALLEGANY, NY
(42.088061, -78.491258)"
1976,1994-08-24,"Stevenson, Scott R Jr",Cattaraugus,CARROLLTON,BRADFORD,BRADFORD,18,1,0,0,0,0,NO,334,540,550,0,OA,"CARROLLTON, NY
(42.023289, -78.628438)"
1976,1994-08-24,Oily Ann Oil And Gas Inc.,Cattaraugus,OLEAN,OLEAN,MEDINA,13,0,1,0,0,0,NO,760,4878,0,4878,"OA,OC","OLEAN, NY
(42.077495, -78.429849)"
1976,1994-08-24,Roy G. Stephan,Cattaraugus,OLEAN,BRADFORD,BRADFORD,7,16,7,16,0,0,NO,217,168,260,168,OA,"OLEAN, NY
(42.077495, -78.429849)"
1975,1994-08-30,Richardson Petroleum Corp.,Allegany,INDEPENDENCE,BEECH HILL-INDEPENDENCE,FULMER VALLEY,163,0,64,0,0,0,NO,32035,31518,0,20518,"GK,OB","INDEPENDENCE, NY
(42.088045, -77.781386)"
1975,1994-08-30,Moose Oil Co.,Allegany,BOLIVAR,RICHBURG,WAUGH & PORTER,63,0,0,0,0,0,NO,1557,232,61500,232,OB,"BOLIVAR, NY
(42.066701, -78.167667)"
1975,1994-08-30,Bucher Brothers,Cattaraugus,ALLEGANY,BRADFORD,BRADFORD,58,12,0,0,0,0,NO,1272,620,22130,465,OA,"ALLEGANY, NY
(42.088061, -78.491258)"
1975,1994-08-30,Messer Oil Corp.,Allegany,BOLIVAR,RICHBURG,RICHBURG,39,40,1,10,0,0,NO,3678,1800,0,1800,OB,"BOLIVAR, NY
(42.066701, -78.167667)"
1975,1994-08-30,"Huntington, Barbara A.",Cattaraugus,CARROLLTON,BRADFORD,BRADFORD,25,4,0,0,0,0,NO,944,21000,2300,0,OA,"CARROLLTON, NY
(42.023289, -78.628438)"
1975,1994-08-30,Potter Oil Co.,Allegany,INDEPENDENCE,BEECH HILL-INDEPENDENCE,FULMER VALLEY,22,0,0,0,0,0,NO,3127,14026,0,14026,"GK,OB","INDEPENDENCE, NY
(42.088045, -77.781386)"
1975,1994-08-30,"Greene, Kenneth & Myrtle",Allegany,WIRT,RICHBURG,RICHBURG,16,0,0,0,0,0,NO,349,882,0,882,"GX,OB","WIRT, NY
(42.137408, -78.150594)"
1975,1994-08-30,"Ekas, David & Archer",Cattaraugus,CARROLLTON,BRADFORD,CHIPMUNK,14,2,0,0,0,0,NO,279,90,50,0,OC,"CARROLLTON, NY
(42.023289, -78.628438)"
1975,1994-08-30,Estate of  Richard G Smith,Allegany,BOLIVAR,RICHBURG,RICHBURG,13,1,0,0,0,0,NO,172,325,0,0,OB,"BOLIVAR, NY
(42.066701, -78.167667)"
1975,1994-08-30,Moose Oil Co.,Allegany,BOLIVAR,RICHBURG,RICHBURG,11,6,0,0,0,0,NO,1263,160,14000,160,OB,"BOLIVAR, NY
(42.066701, -78.167667)"
1975,1994-08-30,"Ames, Harlan E.",Allegany,WIRT,RICHBURG,RICHBURG,11,0,0,0,0,0,NO,162,350,800,0,OB,"WIRT, NY
(42.137408, -78.150594)"
1975,1994-08-30,Miller Oil Co.,Cattaraugus,ALLEGANY,BRADFORD,BRADFORD,9,0,0,0,0,0,NO,1797,350,40000,0,OA,"ALLEGANY, NY
(42.088061, -78.491258)"
1975,1994-08-30,Miller Oil Co.,Cattaraugus,OLEAN,BRADFORD,BRADFORD,4,10,0,0,0,0,NO,624,2000,700,0,OA,"OLEAN, NY
(42.077495, -78.429849)"
1975,1994-08-30,Miller Drilling Co.,Cattaraugus,ALLEGANY,BRADFORD,BRADFORD,3,0,0,0,0,0,NO,45,200,450,0,OA,"ALLEGANY, NY
(42.088061, -78.491258)"
1975,1994-08-30,Surprise Oil Co.,Allegany,,,RICHBURG,3,10,4,0,0,0,NO,19,400,100,200,OB,"NY
(42.826892, -75.544286)"
1975,1994-08-30,"Fitzgerald, Marie C.",Allegany,CLARKSVILLE,CLARKSVILLE,MEDINA,0,0,3,2,0,0,NO,14,1,0,0,OB,"CLARKSVILLE, NY
(42.575802, -73.964401)"
1975,1994-08-31,Witco Corp.,Cattaraugus,ALLEGANY,BRADFORD,CHIPMUNK,173,26,0,0,0,0,NO,110014,3655,0,0,OC,"ALLEGANY, NY
(42.088061, -78.491258)"
1975,1994-08-31,Frank H. Stephan Oil Group,Cattaraugus,ALLEGANY,BRADFORD,BRADFORD,109,0,0,0,0,0,NO,3882,1150,60400,0,OC,"ALLEGANY, NY
(42.088061, -78.491258)"
1975,1994-08-31,"Stevenson, Scott R Jr",Cattaraugus,CARROLLTON,BRADFORD,BRADFORD,18,1,0,0,0,0,NO,406,540,550,0,OA,"CARROLLTON, NY
(42.023289, -78.628438)"
1975,1994-08-31,Roy G. Stephan,Cattaraugus,OLEAN,BRADFORD,BRADFORD,7,17,6,18,0,0,NO,266,260,230,0,OA,"OLEAN, NY
(42.077495, -78.429849)"
1974,1994-09-07,Richardson Petroleum Corp.,Allegany,INDEPENDENCE,BEECH HILL-INDEPENDENCE,FULMER VALLEY,153,0,59,0,0,0,NO,33297,29928,0,10900,"GK,OB","INDEPENDENCE, NY
(42.088045, -77.781386)"
1974,1994-09-07,Moose Oil Co.,Allegany,BOLIVAR,RICHBURG,WAUGH & PORTER,54,12,0,0,0,0,NO,1857,426,73610,0,OB,"BOLIVAR, NY
(42.066701, -78.167667)"
1974,1994-09-07,Messer Oil Corp.,Allegany,BOLIVAR,RICHBURG,RICHBURG,39,40,1,10,0,0,NO,4068,1800,0,0,OB,"BOLIVAR, NY
(42.066701, -78.167667)"
1974,1994-09-07,Potter Oil Co.,Allegany,INDEPENDENCE,BEECH HILL-INDEPENDENCE,FULMER VALLEY,20,0,10,0,0,0,NO,1986,10519,0,10519,"GK,OB","INDEPENDENCE, NY
(42.088045, -77.781386)"
1974,1994-09-07,"Fowler, Ralph R. & Florence E.",Allegany,WIRT,RICHBURG,RICHBURG,16,0,0,0,0,0,NO,593,1022,0,1022,"GX,OB","WIRT, NY
(42.137408, -78.150594)"
1974,1994-09-07,Moose Oil Co.,Allegany,BOLIVAR,RICHBURG,RICHBURG,15,4,0,0,0,0,NO,1491,168,15000,0,OB,"BOLIVAR, NY
(42.066701, -78.167667)"
1974,1994-09-07,Estate of  Richard G Smith,Allegany,BOLIVAR,RICHBURG,RICHBURG,14,3,8,7,0,0,NO,265,300,2250,0,OB,"BOLIVAR, NY
(42.066701, -78.167667)"
1974,1994-09-07,"Ames, Harlan E.",Allegany,WIRT,RICHBURG,RICHBURG,11,0,0,0,0,0,NO,225,350,1450,0,OB,"WIRT, NY
(42.137408, -78.150594)"
1974,1994-09-07,Surprise Oil Co.,Allegany,,,RICHBURG,4,9,4,0,0,0,NO,30,250,300,200,"GX,OB","NY
(42.826892, -75.544286)"
1974,1994-09-07,"Cleveland, L.J. Estate",Allegany,ALMA,ALMA,RICHBURG,2,2,0,0,0,0,,36,13,49,0,,"ALMA, NY
(42.012207, -78.060759)"
1974,1994-09-07,"Brown, Maude S.",Allegany,WIRT,RICHBURG,RICHBURG,1,1,2,0,0,0,NO,10,12,0,0,OB,"WIRT, NY
(42.137408, -78.150594)"
1974,1994-09-08,Witco Corp.,Cattaraugus,ALLEGANY,BRADFORD,CHIPMUNK,183,26,0,0,0,0,NO,97540,3626,0,0,OC,"ALLEGANY, NY
(42.088061, -78.491258)"
1974,1994-09-08,Pennzoil Products Co.,Cattaraugus,ALLEGANY,BRADFORD,BRADFORD,170,3,0,1,0,0,NO,39690,95,0,0,OA,"ALLEGANY, NY
(42.088061, -78.491258)"
1974,1994-09-08,Frank H. Stephan Oil Group,Cattaraugus,ALLEGANY,BRADFORD,BRADFORD,107,0,0,0,0,0,NO,4874,1150,60400,0,OC,"ALLEGANY, NY
(42.088061, -78.491258)"
1974,1994-09-08,Bucher Brothers,Cattaraugus,ALLEGANY,BRADFORD,BRADFORD,53,8,0,0,0,0,NO,1188,420,24150,0,OA,"ALLEGANY, NY
(42.088061, -78.491258)"
1974,1994-09-08,"Huntington, Barbara A.",Cattaraugus,CARROLLTON,BRADFORD,BRADFORD,25,4,0,0,0,0,NO,799,21000,2300,0,OA,"CARROLLTON, NY
(42.023289, -78.628438)"
1974,1994-09-08,"Stevenson, Scott R Jr",Cattaraugus,CARROLLTON,BRADFORD,BRADFORD,18,1,0,0,0,0,NO,530,540,550,0,OA,"CARROLLTON, NY
(42.023289, -78.628438)"
1974,1994-09-08,"Ekas, David & Archer",Cattaraugus,CARROLLTON,BRADFORD,CHIPMUNK,14,1,0,0,0,0,NO,305,80,50,0,OC,"CARROLLTON, NY
(42.023289, -78.628438)"
1974,1994-09-08,Miller Oil Co.,Cattaraugus,ALLEGANY,BRADFORD,BRADFORD,9,0,0,0,0,0,NO,1562,350,40000,0,OA,"ALLEGANY, NY
(42.088061, -78.491258)"
1974,1994-09-08,Roy G. Stephan,Cattaraugus,OLEAN,BRADFORD,BRADFORD,9,13,0,0,0,0,NO,266,270,258,0,OA,"OLEAN, NY
(42.077495, -78.429849)"
1974,1994-09-08,Thomas A Miller Oil Co.,Cattaraugus,ALLEGANY,BRADFORD,BRADFORD,3,0,0,0,0,0,NO,43,50,3500,0,OA,"ALLEGANY, NY
(42.088061, -78.491258)"
1974,1994-09-08,Miller Oil Co.,Cattaraugus,OLEAN,BRADFORD,BRADFORD,3,11,0,0,0,0,NO,801,2000,700,0,OA,"OLEAN, NY
(42.077495, -78.429849)"
1974,1994-09-08,"Conewango Valley Mills, Inc.",Cattaraugus,CONEWANGO,HOTCHKISS HOLLOW,GLADE,2,0,3,0,0,0,NO,40,365,0,0,OA,"CONEWANGO, NY
(42.238697, -79.031066)"
1980,1994-09-13,"Yahn & Yahn, Inc.",Steuben,WEST UNION,BEECH HILL-INDEPENDENCE,FULMER VALLEY,22,4,0,0,2,0,NO,3708,3250,3910,900,OB,"WEST UNION, NY
(42.094951, -77.725816)"
1979,1994-09-13,"Yahn & Yahn, Inc.",Steuben,WEST UNION,BEECH HILL-INDEPENDENCE,FULMER VALLEY,22,3,0,0,2,0,NO,5704,6110,4750,0,OB,"WEST UNION, NY
(42.094951, -77.725816)"
1978,1994-09-13,"Yahn & Yahn, Inc.",Allegany,INDEPENDENCE,BEECH HILL-INDEPENDENCE,FULMER VALLEY,12,0,0,0,6,0,NO,2947,430,12100,0,OB,"INDEPENDENCE, NY
(42.088045, -77.781386)"
1973,1994-09-14,"Yahn & Yahn, Inc.",Steuben,WEST UNION,BEECH HILL-INDEPENDENCE,FULMER VALLEY,1,0,0,0,0,0,NO,213,250,0,150,OB,"WEST UNION, NY
(42.094951, -77.725816)"
1973,1994-09-15,Pennzoil Products Co.,Cattaraugus,CARROLLTON,CHIPMUNK,CHIPMUNK,350,13,0,0,0,0,NO,77031,3281,0,0,OA,"CARROLLTON, NY
(42.023289, -78.628438)"
1973,1994-09-15,Thornton Co.,Allegany,,,RICHBURG,263,36,0,0,0,0,NO,2297,42,86000,0,OB,"NY
(42.826892, -75.544286)"
1973,1994-09-15,Pennzoil Products Co.,Cattaraugus,ALLEGANY,BRADFORD,BRADFORD,172,2,1,0,0,0,NO,42655,3682,6514876,0,OA,"ALLEGANY, NY
(42.088061, -78.491258)"
1973,1994-09-15,Witco Corp.,Cattaraugus,ALLEGANY,BRADFORD,CHIPMUNK,161,30,0,0,0,0,NO,98550,3568,0,0,OC,"ALLEGANY, NY
(42.088061, -78.491258)"
1973,1994-09-15,Richardson Petroleum Corp.,Allegany,INDEPENDENCE,BEECH HILL-INDEPENDENCE,FULMER VALLEY,143,0,57,0,0,0,NO,31104,29314,0,18614,"GX,OG","INDEPENDENCE, NY
(42.088045, -77.781386)"
1973,1994-09-15,Frank H. Stephan Oil Group,Cattaraugus,ALLEGANY,BRADFORD,BRADFORD,109,0,0,0,0,0,NO,4237,1150,60400,0,OC,"ALLEGANY, NY
(42.088061, -78.491258)"
1973,1994-09-15,"Kennemuth, R.L.",Allegany,BOLIVAR,RICHBURG,RICHBURG,69,23,0,0,0,0,NO,4624,806600,137545,0,OB,"BOLIVAR, NY
(42.066701, -78.167667)"
1973,1994-09-15,Pennzoil Products Co.,Cattaraugus,OLEAN,BRADFORD,BRADFORD,63,0,1,0,0,0,,14781,3280,0,0,,"OLEAN, NY
(42.077495, -78.429849)"
1973,1994-09-15,Messer Oil Corp.,Allegany,BOLIVAR,RICHBURG,RICHBURG,54,45,1,10,0,0,NO,5498,1800,0,0,OB,"BOLIVAR, NY
(42.066701, -78.167667)"
1973,1994-09-15,Bucher Brothers,Cattaraugus,ALLEGANY,BRADFORD,BRADFORD,53,12,0,0,0,0,NO,1205,440,31052,0,OA,"ALLEGANY, NY
(42.088061, -78.491258)"
1973,1994-09-15,"Huntington, Barbara A.",Cattaraugus,CARROLLTON,BRADFORD,BRADFORD,21,8,0,0,0,0,NO,743,21,445,0,OA,"CARROLLTON, NY
(42.023289, -78.628438)"
1973,1994-09-15,Potter Oil Co.,Allegany,INDEPENDENCE,BEECH HILL-INDEPENDENCE,FULMER VALLEY,19,0,10,9,0,0,NO,1370,10573,0,10573,"GX,OB","INDEPENDENCE, NY
(42.088045, -77.781386)"
1973,1994-09-15,"Stevenson, Scott R Jr",Cattaraugus,CARROLLTON,BRADFORD,UPPER DEVONIAN,18,1,0,0,0,0,NO,567,540,550,0,OA,"CARROLLTON, NY
(42.023289, -78.628438)"
1973,1994-09-15,"Fowler, Ralph R. & Florence E.",Allegany,WIRT,RICHBURG,RICHBURG,16,0,0,0,0,0,NO,602,1101,0,701,"GX,OB","WIRT, NY
(42.137408, -78.150594)"
1973,1994-09-15,"Ekas, David & Archer",Cattaraugus,CARROLLTON,BRADFORD,CHIPMUNK,14,1,0,0,0,0,NO,319,80,45,0,OC,"CARROLLTON, NY
(42.023289, -78.628438)"
1973,1994-09-15,Estate of  Richard G Smith,Allegany,BOLIVAR,RICHBURG,RICHBURG,13,3,13,3,0,0,NO,365,9300,0,0,OB,"BOLIVAR, NY
(42.066701, -78.167667)"
1973,1994-09-15,Miller Oil Co.,Cattaraugus,OLEAN,BRADFORD,BRADFORD,11,3,0,0,0,0,NO,843,2000,700,0,OA,"OLEAN, NY
(42.077495, -78.429849)"
1973,1994-09-15,Miller Oil Co.,Cattaraugus,ALLEGANY,BRADFORD,BRADFORD,8,0,0,0,0,0,NO,726,350,25000,0,OA,"ALLEGANY, NY
(42.088061, -78.491258)"
1973,1994-09-15,Surprise Oil Co.,Allegany,,,RICHBURG,4,9,4,0,0,0,NO,41,130,200,90,"GX,OB","NY
(42.826892, -75.544286)"
1973,1994-09-15,"Fitzgerald, Marie C.",Allegany,CLARKSVILLE,CLARKSVILLE,MEDINA,0,0,3,2,0,0,NO,5,110,0,0,OB,"CLARKSVILLE, NY
(42.575802, -73.964401)"
1972,1994-09-20,Pennzoil Products Co.,Cattaraugus,CARROLLTON,CHIPMUNK,CHIPMUNK,350,13,0,0,0,0,NO,84380,3397,6688924,0,OA,"CARROLLTON, NY
(42.023289, -78.628438)"
1972,1994-09-20,Thornton Co.,Allegany,,,RICHBURG,263,36,0,0,0,0,NO,5604,110,143000,0,OB,"NY
(42.826892, -75.544286)"
1972,1994-09-20,Richardson Petroleum Corp.,Allegany,INDEPENDENCE,BEECH HILL-INDEPENDENCE,FULMER VALLEY,123,0,56,0,0,3,NO,30417,28128,0,17628,"GX,OB","INDEPENDENCE, NY
(42.088045, -77.781386)"
1972,1994-09-20,Frank H. Stephan Oil Group,Cattaraugus,ALLEGANY,BRADFORD,BRADFORD,107,0,0,0,0,0,NO,2984,1150,64400,0,OC,"ALLEGANY, NY
(42.088061, -78.491258)"
1972,1994-09-20,Robert Oil Company,Allegany,BOLIVAR,RICHBURG,RICHBURG,74,6,0,0,0,0,NO,7166,3285,71663,0,OB,"BOLIVAR, NY
(42.066701, -78.167667)"
1972,1994-09-20,Moose Oil Co.,Allegany,BOLIVAR,RICHBURG,WAUGH & PORTER,66,0,0,0,0,0,NO,3328,823,129020,0,OB,"BOLIVAR, NY
(42.066701, -78.167667)"
1972,1994-09-20,Pennzoil Products Co.,Cattaraugus,OLEAN,BRADFORD,BRADFORD,61,0,0,0,0,0,NO,14393,3311,0,0,OA,"OLEAN, NY
(42.077495, -78.429849)"
1972,1994-09-20,Messer Oil Corp.,Allegany,BOLIVAR,RICHBURG,RICHBURG,57,57,1,10,0,0,NO,6837,1800,0,0,OB,"BOLIVAR, NY
(42.066701, -78.167667)"
1972,1994-09-20,Bucher Brothers,Cattaraugus,ALLEGANY,BRADFORD,BRADFORD,53,12,0,0,0,0,NO,1103,450,450000,200,OA,"ALLEGANY, NY
(42.088061, -78.491258)"
1972,1994-09-20,Potter Oil Co.,Allegany,INDEPENDENCE,BEECH HILL-INDEPENDENCE,FULMER VALLEY,19,0,9,0,0,0,NO,1527,12062,0,12062,"GX,OB","INDEPENDENCE, NY
(42.088045, -77.781386)"
1972,1994-09-20,Moose Oil Co.,Allegany,BOLIVAR,RICHBURG,RICHBURG,18,8,0,0,0,0,NO,2031,280,29200,0,OB,"BOLIVAR, NY
(42.066701, -78.167667)"
1972,1994-09-20,"Stevenson, Scott R. & Ada J.",Cattaraugus,,BRADFORD,BRADFORD,18,1,0,0,0,0,NO,671,540,550,0,OA,"NY
(42.826892, -75.544286)"
1972,1994-09-20,"Cooley, Homer V.",Allegany,WIRT,RICHBURG,RICHBURG,16,0,0,0,0,0,NO,436,1691,0,0,"GX,OB","WIRT, NY
(42.137408, -78.150594)"
1972,1994-09-20,Estate of  Richard G Smith,Allegany,BOLIVAR,RICHBURG,RICHBURG,14,3,8,7,0,0,NO,315,500,3000,0,OB,"BOLIVAR, NY
(42.066701, -78.167667)"
1972,1994-09-20,"Huntington, Barbara A.",Cattaraugus,CARROLLTON,BRADFORD,BRADFORD,14,15,0,0,0,0,NO,218,21,150,0,OA,"CARROLLTON, NY
(42.023289, -78.628438)"
1972,1994-09-20,"Ekas, David & Archer",Cattaraugus,CARROLLTON,BRADFORD,CHIPMUNK,14,1,0,0,0,0,NO,314,80,35,0,OC,"CARROLLTON, NY
(42.023289, -78.628438)"
1972,1994-09-20,Miller Oil Co.,Cattaraugus,OLEAN,BRADFORD,BRADFORD,13,2,0,0,0,0,NO,1066,200,700,0,OA,"OLEAN, NY
(42.077495, -78.429849)"
1972,1994-09-20,"Dust Bowl Oil Company, Inc.",Allegany,WIRT,RICHBURG,RICHBURG,11,22,0,0,0,0,NO,231,365,923,0,OB,"WIRT, NY
(42.137408, -78.150594)"
1972,1994-09-20,"Bouquin, Fred C Jr",Cattaraugus,ALLEGANY,BRADFORD,CHIPMUNK,10,0,0,0,0,0,NO,2220,7,5,0,OC,"ALLEGANY, NY
(42.088061, -78.491258)"
1972,1994-09-20,Roy G. Stephan,Cattaraugus,OLEAN,BRADFORD,BRADFORD,9,13,6,16,0,0,NO,241,160,290,0,OA,"OLEAN, NY
(42.077495, -78.429849)"
1972,1994-09-20,"Ames, Harlan E.",Allegany,WIRT,RICHBURG,RICHBURG,7,4,0,0,0,0,NO,100,200,200,0,OB,"WIRT, NY
(42.137408, -78.150594)"
1972,1994-09-20,Miller Oil Co.,Cattaraugus,ALLEGANY,BRADFORD,BRADFORD,6,1,0,0,0,0,NO,384,350,14500,0,OA,"ALLEGANY, NY
(42.088061, -78.491258)"
1972,1994-09-20,Surprise Oil Co.,Allegany,,,RICHBURG,3,10,4,0,0,0,NO,20,200,60,50,"GX,OB","NY
(42.826892, -75.544286)"
1972,1994-09-20,"Fitzgerald, Marie C.",Allegany,CLARKSVILLE,CLARKSVILLE,MEDINA,0,0,3,2,0,0,NO,4,1100,0,1048,"GX,OB","CLARKSVILLE, NY
(42.575802, -73.964401)"
1971,1994-09-23,Witco Corp.,Cattaraugus,ALLEGANY,BRADFORD,BRADFORD,161,30,0,0,0,0,NO,122140,4102,0,0,OC,"ALLEGANY, NY
(42.088061, -78.491258)"
1971,1994-09-23,Richardson Petroleum Corp.,Allegany,INDEPENDENCE,BEECH HILL-INDEPENDENCE,FULMER VALLEY,123,0,0,0,56,0,NO,32531,15388,0,5588,"GX,OB","INDEPENDENCE, NY
(42.088045, -77.781386)"
1971,1994-09-23,Frank H. Stephan Oil Group,Cattaraugus,ALLEGANY,BRADFORD,BRADFORD,106,0,0,0,0,0,NO,3030,1150,60400,0,OC,"ALLEGANY, NY
(42.088061, -78.491258)"
1971,1994-09-23,Messer Oil Corp.,Allegany,BOLIVAR,RICHBURG,RICHBURG,54,57,1,10,0,0,NO,7400,1870,0,0,OB,"BOLIVAR, NY
(42.066701, -78.167667)"
1971,1994-09-23,Bucher Brothers,Cattaraugus,ALLEGANY,BRADFORD,BRADFORD,42,24,0,0,0,0,NO,1197,500,34000,0,OA,"ALLEGANY, NY
(42.088061, -78.491258)"
1971,1994-09-23,Potter Oil Co.,Allegany,INDEPENDENCE,BEECH HILL-INDEPENDENCE,FULMER VALLEY,20,0,20,0,0,0,NO,2021,14212,0,14212,"GX,OB","INDEPENDENCE, NY
(42.088045, -77.781386)"
1971,1994-09-23,"Stevenson, Scott R. & Ada J.",Cattaraugus,,BRADFORD,CHIPMUNK,18,1,0,0,0,0,NO,642,540,550,0,OA,"NY
(42.826892, -75.544286)"
1971,1994-09-23,"Ekas, David & Archer",Cattaraugus,CARROLLTON,BRADFORD,CHIPMUNK,14,1,0,0,0,0,NO,439,80,40,0,OC,"CARROLLTON, NY
(42.023289, -78.628438)"
1971,1994-09-23,Miller Oil Co.,Cattaraugus,OLEAN,BRADFORD,BRADFORD,14,1,0,0,0,0,NO,1089,2000,1200,0,OA,"OLEAN, NY
(42.077495, -78.429849)"
1971,1994-09-23,"Ames, Harlan E.",Allegany,WIRT,RICHBURG,RICHBURG,11,0,0,0,0,0,NO,197,300,200,0,OB,"WIRT, NY
(42.137408, -78.150594)"
1971,1994-09-23,Miller Oil Co.,Cattaraugus,ALLEGANY,BRADFORD,BRADFORD,8,1,0,0,0,0,NO,3003,350,4100,0,OA,"ALLEGANY, NY
(42.088061, -78.491258)"
1971,1994-09-23,"Boswell, Estate of James B.",Chautauqua,BUSTI,BUSTI,GLADE,7,0,7,0,0,0,NO,3607,1000,183,0,OA,"BUSTI, NY
(42.038067, -79.283549)"
1971,1994-09-23,"Anduson, George & Oscar",Cattaraugus,,,BRADFORD,4,1,0,0,0,0,NO,114,12,5,0,OC,"NY
(42.826892, -75.544286)"
1971,1994-09-23,Surprise Oil Co.,Allegany,,,RICHBURG,3,10,4,0,0,0,NO,11,450,44,350,"GX,OB","NY
(42.826892, -75.544286)"
1971,1994-09-23,"Fitzgerald, Marie C.",Allegany,CLARKSVILLE,CLARKSVILLE,MEDINA,0,0,3,2,0,0,NO,9,1000,0,500,"GX,OB","CLARKSVILLE, NY
(42.575802, -73.964401)"
1970,1994-09-28,Thornton Co.,Allegany,,,RICHBURG,263,36,0,0,0,0,NO,7667,255,164000,0,OB,"NY
(42.826892, -75.544286)"
1970,1994-09-28,Richardson Petroleum Corp.,Allegany,INDEPENDENCE,BEECH HILL-INDEPENDENCE,FULMER VALLEY,114,0,0,0,56,0,NO,31943,19128,0,19128,"GX,OB","INDEPENDENCE, NY
(42.088045, -77.781386)"
1970,1994-09-28,Messer Oil Corp.,Allegany,BOLIVAR,RICHBURG,RICHBURG,54,195,1,10,0,0,NO,8760,1870,0,0,OB,"BOLIVAR, NY
(42.066701, -78.167667)"
1970,1994-09-28,"Kennemuth, R.L.",Allegany,BOLIVAR,,RICHBURG,43,13,0,0,0,0,NO,4781,530,92020,0,OB,"BOLIVAR, NY
(42.066701, -78.167667)"
1970,1994-09-28,Moose Oil Co.,Allegany,BOLIVAR,RICHBURG,RICHBURG,40,2,0,0,0,0,NO,2927,350,88000,0,OB,"BOLIVAR, NY
(42.066701, -78.167667)"
1970,1994-09-28,Estate of  Richard G Smith,Allegany,,,RICHBURG,28,0,22,0,0,0,NO,910,4690,13900,0,OB,"NY
(42.826892, -75.544286)"
1970,1994-09-28,Potter Oil Co.,Allegany,INDEPENDENCE,BEECH HILL-INDEPENDENCE,FULMER VALLEY,20,0,20,0,0,0,NO,2842,14758,0,14758,"GX,OB","INDEPENDENCE, NY
(42.088045, -77.781386)"
1970,1994-09-28,"Cooley, Homer V.",Allegany,WIRT,RICHBURG,RICHBURG,16,0,0,0,0,0,NO,646,3023,0,2823,"GX,OB","WIRT, NY
(42.137408, -78.150594)"
1970,1994-09-28,"Riehl, Richard Estate",Allegany,ALMA,,RICHBURG,15,20,0,0,0,0,NO,89,27,800,0,OB,"ALMA, NY
(42.012207, -78.060759)"
1970,1994-09-28,L & S Oil Co.,Allegany,WELLSVILLE,FULMER VALLEY,FULMER VALLEY,13,0,0,0,0,0,NO,107,200,200,0,OB,"WELLSVILLE, NY
(42.120693, -77.946058)"
1970,1994-09-28,"Ames, Harlan E.",Allegany,WIRT,RICHBURG,RICHBURG,11,0,0,0,0,0,NO,144,400,200,0,OB,"WIRT, NY
(42.137408, -78.150594)"
1970,1994-09-28,"Campbell, Mott",Allegany,SCIO,RICHBURG,RICHBURG,10,0,0,0,0,0,NO,172,2000,30,0,OB,"SCIO, NY
(42.171429, -77.97865)"
1970,1994-09-28,Weatherby Oil,Allegany,BOLIVAR,,RICHBURG,8,0,0,0,0,0,NO,72,170,0,0,OB,"BOLIVAR, NY
(42.066701, -78.167667)"
1970,1994-09-28,Surprise Oil Co.,Allegany,,,RICHBURG,3,10,3,1,0,0,NO,19,300,25,0,OB,"NY
(42.826892, -75.544286)"
1970,1994-09-28,"Fitzgerald, Marie C.",Allegany,CLARKSVILLE,CLARKSVILLE,MEDINA,0,0,3,2,0,0,NO,17,1101,0,1000,,"CLARKSVILLE, NY
(42.575802, -73.964401)"
1970,1994-09-29,Pennzoil Products Co.,Cattaraugus,ALLEGANY,BRADFORD,BRADFORD,173,1,0,0,0,0,NO,50823,4547,8785920,0,OA,"ALLEGANY, NY
(42.088061, -78.491258)"
1970,1994-09-29,Witco Corp.,Cattaraugus,ALLEGANY,BRADFORD,BRADFORD,166,15,0,0,0,0,NO,138376,2700,0,0,OC,"ALLEGANY, NY
(42.088061, -78.491258)"
1970,1994-09-29,Frank H. Stephan Oil Group,Cattaraugus,ALLEGANY,BRADFORD,BRADFORD,106,0,0,0,0,0,NO,32822,1150,60400,0,OC,"ALLEGANY, NY
(42.088061, -78.491258)"
1970,1994-09-29,Bucher Brothers,Cattaraugus,ALLEGANY,BRADFORD,BRADFORD,47,16,0,0,0,0,NO,1394,544,35250,0,OA,"ALLEGANY, NY
(42.088061, -78.491258)"
1970,1994-09-29,"Marvin, Earnest & Aveh",Cattaraugus,,BRADFORD,BRADFORD,18,1,0,0,0,0,NO,649,540,550,0,OA,"NY
(42.826892, -75.544286)"
1970,1994-09-29,Miller Oil Co.,Cattaraugus,OLEAN,BRADFORD,BRADFORD,14,1,0,0,0,0,NO,1112,2000,1200,0,OA,"OLEAN, NY
(42.077495, -78.429849)"
1970,1994-09-29,"Ekas, David & Archer",Cattaraugus,CARROLLTON,BRADFORD,CHIPMUNK,12,3,0,0,0,0,NO,344,80,30,0,OC,"CARROLLTON, NY
(42.023289, -78.628438)"
1970,1994-09-29,"Bucher, Donald & Harold",Cattaraugus,,,CHIPMUNK,12,0,0,0,0,0,NO,321,16,352,0,OA,"NY
(42.826892, -75.544286)"
1970,1994-09-29,Miller Oil Co.,Cattaraugus,ALLEGANY,BRADFORD,BRADFORD,8,1,0,0,0,0,NO,226,350,4100,0,OA,"ALLEGANY, NY
(42.088061, -78.491258)"
1970,1994-09-29,"Anduson, George & Oscar",Cattaraugus,,,BRADFORD,4,1,0,0,0,0,NO,114,12,5,0,OC,"NY
(42.826892, -75.544286)"
1970,1994-09-29,Felmont Oil Corp.,Cattaraugus,,ALLEGANY STATE PARK,ORISKANY,0,0,8,3,0,0,NO,466,404631,0,404631,"OA,OC","NY
(42.826892, -75.544286)"
1969,1994-10-03,Thornton Co.,Allegany,,,RICHBURG,230,131,0,0,0,0,NO,8232,1820,278400,0,OB,"NY
(42.826892, -75.544286)"
1969,1994-10-03,Richardson Petroleum Corp.,Allegany,INDEPENDENCE,BEECH HILL-INDEPENDENCE,FULMER VALLEY,103,0,0,0,55,0,NO,29790,14140,0,14140,"GX,OB","INDEPENDENCE, NY
(42.088045, -77.781386)"
1969,1994-10-03,Messer Oil Corp.,Allegany,BOLIVAR,RICHBURG,RICHBURG,54,195,1,10,0,0,NO,7940,1870,0,0,OB,"BOLIVAR, NY
(42.066701, -78.167667)"
1969,1994-10-03,"Kennemuth, R.L.",Allegany,BOLIVAR,,RICHBURG,43,13,0,0,0,0,NO,4447,781,76220,0,OB,"BOLIVAR, NY
(42.066701, -78.167667)"
1969,1994-10-03,Moose Oil Co.,Allegany,BOLIVAR,RICHBURG,RICHBURG,40,2,0,0,0,0,NO,3288,60,35000,0,OB,"BOLIVAR, NY
(42.066701, -78.167667)"
1969,1994-10-03,"Riehl, Richard Estate",Allegany,ALMA,,RICHBURG,20,15,0,0,0,0,NO,452,270,700,0,OB,"ALMA, NY
(42.012207, -78.060759)"
1969,1994-10-03,Potter Oil Co.,Allegany,INDEPENDENCE,BEECH HILL-INDEPENDENCE,FULMER VALLEY,17,0,8,0,0,0,NO,1730,10280,0,10280,"GX,OB","INDEPENDENCE, NY
(42.088045, -77.781386)"
1969,1994-10-03,"Cooley, Homer V.",Allegany,WIRT,RICHBURG,RICHBURG,16,0,0,0,0,0,NO,693,4016,0,3616,OB,"WIRT, NY
(42.137408, -78.150594)"
1969,1994-10-03,"Ames, Harlan E.",Allegany,WIRT,RICHBURG,RICHBURG,13,11,4,0,0,0,NO,297,550,594,0,OB,"WIRT, NY
(42.137408, -78.150594)"
1969,1994-10-04,Pennzoil Products Co.,Cattaraugus,ALLEGANY,BRADFORD,BRADFORD,173,1,0,0,0,0,NO,57451,5473,10490436,0,OA,"ALLEGANY, NY
(42.088061, -78.491258)"
1969,1994-10-04,Witco Corp.,Cattaraugus,ALLEGANY,BRADFORD,BRADFORD,169,33,0,0,0,0,NO,162364,5206,0,3306,"GX,OC","ALLEGANY, NY
(42.088061, -78.491258)"
1969,1994-10-04,Frank H. Stephan Oil Group,Cattaraugus,ALLEGANY,BRADFORD,BRADFORD,106,0,0,0,0,0,NO,4599,1150,70500,0,OC,"ALLEGANY, NY
(42.088061, -78.491258)"
1969,1994-10-04,Bucher Brothers,Cattaraugus,ALLEGANY,BRADFORD,BRADFORD,56,12,0,0,0,0,NO,1456,544,33960,0,OA,"ALLEGANY, NY
(42.088061, -78.491258)"
1969,1994-10-04,Miller Oil Co.,Cattaraugus,OLEAN,BRADFORD,BRADFORD,14,0,0,0,0,0,NO,1100,2000,1200,0,OA,"OLEAN, NY
(42.077495, -78.429849)"
1969,1994-10-04,"Bucher, Donald & Harold",Cattaraugus,,,CHIPMUNK,13,0,0,0,0,0,NO,403,25000,1196,0,OA,"NY
(42.826892, -75.544286)"
1969,1994-10-04,Miller Oil Co.,Cattaraugus,ALLEGANY,BRADFORD,BRADFORD,8,1,0,0,0,0,NO,301,350,11000,0,OA,"ALLEGANY, NY
(42.088061, -78.491258)"
1969,1994-10-04,"Glass,  Theodore G.",Chautauqua,BUSTI,BUSTI,GLADE,6,1,0,0,0,0,NO,437,10,125,0,OB,"BUSTI, NY
(42.038067, -79.283549)"
1968,1994-10-05,Thornton Co.,Allegany,,,RICHBURG,200,94,0,0,0,0,NO,12465,1355,302000,0,OB,"NY
(42.826892, -75.544286)"
1968,1994-10-05,Pennzoil Products Co.,Cattaraugus,ALLEGANY,BRADFORD,BRADFORD,173,1,0,0,0,0,NO,60630,10388,8207016,0,OA,"ALLEGANY, NY
(42.088061, -78.491258)"
1968,1994-10-05,Witco Corp.,Cattaraugus,ALLEGANY,BRADFORD,BRADFORD,169,33,0,0,0,0,NO,187325,9119,0,9119,"GX,OC","ALLEGANY, NY
(42.088061, -78.491258)"
1968,1994-10-05,Messer Oil Corp.,Allegany,BOLIVAR,RICHBURG,RICHBURG,166,79,1,15,0,0,NO,8519,1870,0,0,OB,"BOLIVAR, NY
(42.066701, -78.167667)"
1968,1994-10-05,Frank H. Stephan Oil Group,Cattaraugus,ALLEGANY,BRADFORD,BRADFORD,106,0,0,0,0,0,NO,4599,1150,70500,0,OC,"ALLEGANY, NY
(42.088061, -78.491258)"
1968,1994-10-05,"Kennemuth, R.L.",Allegany,BOLIVAR,,RICHBURG,50,7,0,0,0,0,NO,6140,808,93281,808,OB,"BOLIVAR, NY
(42.066701, -78.167667)"
1968,1994-10-05,Miller Oil Co.,Cattaraugus,ALLEGANY,BRADFORD,BRADFORD,22,4,0,0,0,0,NO,1613,600,5300,0,OA,"ALLEGANY, NY
(42.088061, -78.491258)"
1968,1994-10-05,Oily Ann Oil And Gas Inc.,Cattaraugus,OLEAN,OLEAN,BRADFORD,22,0,0,0,0,0,NO,1859,9406,0,9406,"GX,OB","OLEAN, NY
(42.077495, -78.429849)"
1968,1994-10-05,"Glass,  Theodore G.",Chautauqua,BUSTI,BUSTI,GLADE,6,1,0,0,0,0,NO,1004,20,150,0,OB,"BUSTI, NY
(42.038067, -79.283549)"
1967,1994-10-07,Thornton Co.,Allegany,,,RICHBURG,200,94,0,0,0,0,NO,14439,1820,301700,0,OB,"NY
(42.826892, -75.544286)"
1967,1994-10-07,Pennzoil Products Co.,Cattaraugus,CARROLLTON,,,58,0,0,0,7,0,NO,3147,7665,8670375,0,OA,"CARROLLTON, NY
(42.023289, -78.628438)"
1967,1994-10-07,"Kennemuth, R.L.",Allegany,BOLIVAR,RICHBURG,RICHBURG,49,7,0,0,0,0,NO,7000,930500,89791,0,OB,"BOLIVAR, NY
(42.066701, -78.167667)"
1967,1994-10-07,Miller Oil Co.,Cattaraugus,OLEAN,BRADFORD,BRADFORD,13,1,0,0,0,0,NO,1205,1400,500,0,OA,"OLEAN, NY
(42.077495, -78.429849)"
1967,1994-10-07,Miller Oil Co.,Cattaraugus,ALLEGANY,BRADFORD,BRADFORD,8,6,0,0,0,0,NO,380,600,12800,0,OA,"ALLEGANY, NY
(42.088061, -78.491258)"
1967,1994-10-07,"Glass,  Theodore G.",Chautauqua,BUSTI,BUSTI,GLADE,7,0,0,0,0,0,NO,2350,50,100,0,OB,"BUSTI, NY
(42.038067, -79.283549)"
1967,1994-10-07,"Yahn & Yahn, Inc.",Allegany,INDEPENDENCE,BEECH HILL-INDEPENDENCE,FULMER VALLEY,7,0,0,0,0,0,NO,2323,3750,2100,0,OB,"INDEPENDENCE, NY
(42.088045, -77.781386)"
1967,1994-10-07,"Boswell, Estate of James B.",Chautauqua,BUSTI,BUSTI,GLADE,1,0,0,0,0,0,NO,2793,360,0,0,OA,"BUSTI, NY
(42.038067, -79.283549)"
1992,1994-11-04,"Roberts, Carl H",Allegany,CLARKSVILLE,CLARKSVILLE,CLARKSVILLE,10,0,0,0,0,0,NO,900,100,100,0,OC,"CLARKSVILLE, NY
(42.575802, -73.964401)"
1991,1994-11-04,"Roberts, Carl H",Allegany,CLARKSVILLE,CLARKSVILLE,CLARKSVILLE,10,0,0,0,0,0,NO,1008,100,100,0,OB,"CLARKSVILLE, NY
(42.575802, -73.964401)"
1990,1994-11-04,"Roberts, Carl H",Allegany,CLARKSVILLE,CLARKSVILLE,CLARKSVILLE,10,0,0,0,0,0,NO,1016,100,100,0,OB,"CLARKSVILLE, NY
(42.575802, -73.964401)"
1980,1994-12-29,Pennzoil Products Co.,Cattaraugus,OLEAN,BRADFORD,ONONDAGA,1,0,0,0,0,0,NO,39388,1070000,0,1070000,GJ,"OLEAN, NY
(42.077495, -78.429849)"
1994,1995-01-25,"Wood, David A.",Cattaraugus,OLEAN,BRADFORD,BRADFORD,12,10,0,0,1,0,NO,1004,6,60,0,OA,"OLEAN, NY
(42.077495, -78.429849)"
1994,1995-02-09,Libra Petroleum Company,Chautauqua,BUSTI,BUSTI,GLADE,64,4,0,0,0,0,NO,523,261,253,0,OC,"BUSTI, NY
(42.038067, -79.283549)"
1994,1995-02-09,Lenacre Oil Co.,Chautauqua,BUSTI,BUSTI,GLADE,48,2,0,0,0,0,NO,460,229,349,0,OC,"BUSTI, NY
(42.038067, -79.283549)"
1994,1995-02-09,"Curtis & Son Oil, Inc.",Chautauqua,BUSTI,BUSTI,GLADE,24,0,0,0,0,0,NO,486,244,851,0,OC,"BUSTI, NY
(42.038067, -79.283549)"
1994,1995-02-09,Gemini Oil Company,Chautauqua,BUSTI,BUSTI,GLADE,23,0,0,0,0,0,NO,177,88,74,0,OC,"BUSTI, NY
(42.038067, -79.283549)"
1994,1995-02-14,B & H Oil Co.,Allegany,BOLIVAR,RICHBURG,RICHBURG,11,0,0,0,0,0,NO,310,1981,160,1981,"GK,OC","BOLIVAR, NY
(42.066701, -78.167667)"
1994,1995-02-17,Potter Oil Co.,Allegany,INDEPENDENCE,BEECH HILL-INDEPENDENCE,FULMER VALLEY,26,1,0,0,0,0,NO,924,3858,0,3858,"GK,OC","INDEPENDENCE, NY
(42.088045, -77.781386)"
1994,1995-02-22,Pennzoil Products Co.,Cattaraugus,OLEAN,BRADFORD,ONONDAGA,0,0,1,0,0,0,NO,341,135237,0,135237,"GK,OA","OLEAN, NY
(42.077495, -78.429849)"
1994,1995-02-24,"Hogan Energy, Inc.",Allegany,CLARKSVILLE,CLARKSVILLE,CLARKSVILLE,10,0,0,0,0,0,NO,353,40,100,0,OC,"CLARKSVILLE, NY
(42.575802, -73.964401)"
1994,1995-03-06,KCS Lenape Resources Corp.,Chautauqua,ELLERY,ELLERY,ONONDAGA-BASS ISLAND,9,2,1,0,0,0,NO,657,8341,80,7386,"GK,OA","ELLERY, NY
(42.159868, -79.393216)"
1994,1995-03-09,"Yahn & Yahn, Inc.",Steuben,WEST UNION,BEECH HILL-INDEPENDENCE,FULMER VALLEY,31,2,0,0,0,0,NO,1489,360,1550,0,OC,"WEST UNION, NY
(42.094951, -77.725816)"
1994,1995-03-09,"Yahn & Yahn, Inc.",Allegany,INDEPENDENCE,BEECH HILL-INDEPENDENCE,FULMER VALLEY,13,5,0,0,0,0,NO,836,130,945,0,OC,"INDEPENDENCE, NY
(42.088045, -77.781386)"
1994,1995-03-10,Cabot Oil & Gas Corp.,Chautauqua,CLYMER,CLYMER,ONONDAGA-BASS ISLAND,2,0,0,0,0,0,NO,6249,6831,0,6831,"GH,OA","CLYMER, NY
(42.02082, -79.629966)"
1994,1995-03-14,Pennsylvania General Energy,Cattaraugus,CARROLLTON,BRADFORD,CHIPMUNK,246,0,0,0,0,0,NO,21833,21833,2183,0,OC,"CARROLLTON, NY
(42.023289, -78.628438)"
1994,1995-03-15,"Otis Eastern Service, Inc.",Allegany,ANDOVER,BEECH HILL-INDEPENDENCE,PENNY & FULMER VALLEY,11,0,0,0,0,0,NO,364,140,3,0,OC,"ANDOVER, NY
(42.156405, -77.795231)"
1994,1995-03-17,Richardson Petroleum Corp.,Allegany,INDEPENDENCE,BEECH HILL-INDEPENDENCE,FULMER VALLEY,127,0,0,0,12,0,NO,12731,75939,8235,75939,"GK,OC","INDEPENDENCE, NY
(42.088045, -77.781386)"
1994,1995-03-17,Cal Ban Corp.,Cattaraugus,ALLEGANY,FIVE MILE,BRADFORD,105,0,0,0,0,0,NO,3867,3867,423,0,OA,"ALLEGANY, NY
(42.088061, -78.491258)"
1994,1995-03-17,Richardson Petroleum Corp.,Steuben,WEST UNION,BEECH HILL-INDEPENDENCE,FULMER VALLEY,39,0,0,0,0,0,NO,10450,5766,947,5766,"GK,OC","WEST UNION, NY
(42.094951, -77.725816)"
1994,1995-03-17,Cal Ban Corp.,Cattaraugus,OLEAN,FIVE MILE,CHIPMUNK,5,0,0,0,0,0,NO,372,372,40,0,OA,"OLEAN, NY
(42.077495, -78.429849)"
1994,1995-03-23,Seneca Resources Corporation,Chautauqua,POLAND,LAKESHORE,MEDINA,0,0,10,0,0,0,NO,73,45710,0,44817,GK,"POLAND, NY
(43.226463, -75.062063)"
1994,1995-03-27,"Resource America, Inc.",Chautauqua,NORTH HARMONY,NORTH HARMONY,ONONDAGA-BASS ISLAND,9,2,5,1,0,0,NO,2760,29904,1703,29904,"GH,OB","NORTH HARMONY, NY
(42.094296, -79.374999)"
1994,1995-03-30,Altimus & Associates,Chautauqua,POMFRET,FREDONIA,ONONDAGA,1,0,0,0,0,0,YES,1,1,0,0,,"POMFRET, NY
(42.439996, -79.331441)"
1994,1995-03-30,"Desert Gas Exploration, Inc.",Chautauqua,GERRY,GERRY-CHARLOTTE,ONONDAGA-BASS ISLAND,0,0,1,0,0,0,YES,1,170,30,0,,"GERRY, NY
(42.194749, -79.250394)"
1994,1995-03-31,"Chautauqua Energy, Inc.",Chautauqua,GERRY,GERRY-CHARLOTTE,ONONDAGA-BASS ISLAND,1,0,1,0,0,0,NO,3818,4238,200,3828,"GK,OA","GERRY, NY
(42.194749, -79.250394)"
1994,1995-04-04,"Chautauqua Energy, Inc.",Chautauqua,NORTH HARMONY,NORTH HARMONY,ONONDAGA-BASS ISLAND,3,0,1,0,0,0,NO,6125,3294,1025,2694,"GX,OA","NORTH HARMONY, NY
(42.094296, -79.374999)"
1994,1995-04-05,"Sinclairville Petroleum, Inc.",Chautauqua,BUSTI,BUSTI,GLADE,11,0,0,0,0,0,,15908,3547,1832,3547,"GK,OA","BUSTI, NY
(42.038067, -79.283549)"
1994,1995-04-05,"Oil, Gas & Land Services, Inc.",Chautauqua,GERRY,GERRY-CHARLOTTE,ONONDAGA-BASS ISLAND,10,0,7,1,0,0,NO,9140,55602,12735,51465,"GC,GX,OC","GERRY, NY
(42.194749, -79.250394)"
1994,1995-04-05,"Oil, Gas & Land Services, Inc.",Chautauqua,ELLERY,ELLERY,ONONDAGA-BASS ISLAND,1,3,1,0,0,0,NO,96,1582,730,1439,"GX,OA","ELLERY, NY
(42.159868, -79.393216)"
1994,1995-04-05,U S Energy Development Corp.,Chautauqua,GERRY,GERRY-CHARLOTTE,ONONDAGA-BASS ISLAND,1,1,0,0,0,0,NO,569,565,68,565,"GH,OA","GERRY, NY
(42.194749, -79.250394)"
1994,1995-04-05,U S Energy Development Corp.,Chautauqua,SHERMAN,HARMONY,ONONDAGA-BASS ISLAND,1,0,0,0,0,0,NO,1769,852,1155,852,"GH,OA","SHERMAN, NY
(42.159351, -79.595176)"
1994,1995-04-05,"Oil, Gas & Land Services, Inc.",Chautauqua,ELLERY,ELLERY,AKRON,0,0,1,0,0,0,YES,78,121,0,0,,"ELLERY, NY
(42.159868, -79.393216)"
1994,1995-04-06,"Winger, Philip G. & Diane E.",Cattaraugus,CARROLLTON,BRADFORD,CHIPMUNK,3,0,0,0,0,0,NO,206,150,210,150,OC,"CARROLLTON, NY
(42.023289, -78.628438)"
1994,1995-04-07,"Smith, Ronald L.",Allegany,GENESEE,RICHBURG,RICHBURG,5,18,0,0,0,0,YES,818,50,650,0,OC,"GENESEE, NY
(42.02693, -78.205893)"
1994,1995-04-07,Belden & Blake Corporation,Chautauqua,ELLERY,ELLERY,ONONDAGA-BASS ISLAND,1,0,3,0,0,0,NO,3010,11538,2739,11538,"GX,OA","ELLERY, NY
(42.159868, -79.393216)"
1994,1995-04-07,Belden & Blake Corporation,Chautauqua,GERRY,GERRY-CHARLOTTE,ONONDAGA-BASS ISLAND,1,0,3,1,0,0,NO,139,2557,59,2557,"GH,OB","GERRY, NY
(42.194749, -79.250394)"
1994,1995-04-11,Fault Line Oil Corporation,Cattaraugus,ASHFORD,DUTCH HILL,ONONDAGA,1,0,0,0,0,0,NO,1744,3323,0,3323,"GX,OA","ASHFORD, NY
(42.403846, -78.612179)"
1994,1995-04-24,"Wightman, Robert N.",Allegany,WIRT,RICHBURG,RICHBURG,9,0,0,0,0,0,NO,39,300,0,300,"GX,OC","WIRT, NY
(42.137408, -78.150594)"
1994,1995-05-11,Eastern American Energy Corp.,Cattaraugus,RANDOLPH,LAKESHORE,MEDINA,1,0,57,0,0,0,NO,692,105340,0,101734,"GH,OC","RANDOLPH, NY
(42.161398, -78.978764)"
1994,1995-07-03,"Fitzgerald, Thomas J.",Allegany,CLARKSVILLE,RICHBURG,RICHBURG,1,0,1,3,0,0,NO,1,270,0,245,GX,"CLARKSVILLE, NY
(42.575802, -73.964401)"
1994,1995-09-19,Dragon Eye Oil Co.,Allegany,BOLIVAR,RICHBURG,RICHBURG,101,3,0,0,0,0,NO,107,125,175,0,OC,"BOLIVAR, NY
(42.066701, -78.167667)"
1994,1995-09-19,"Stark, Eric",Allegany,INDEPENDENCE,BEECH HILL-INDEPENDENCE,FULMER VALLEY,2,0,0,0,0,0,NO,61,80,12,0,OC,"INDEPENDENCE, NY
(42.088045, -77.781386)"
1994,1995-09-28,"Walchli, John W. Jr.",Allegany,INDEPENDENCE,BEECH HILL-INDEPENDENCE,FULMER VALLEY,13,0,0,0,0,0,NO,385,612,69,612,"GK,OC","INDEPENDENCE, NY
(42.088045, -77.781386)"
1994,1995-09-28,"Walchli, John W. Jr.",Steuben,WEST UNION,BEECH HILL-INDEPENDENCE,FULMER VALLEY,5,2,0,0,0,0,NO,41,1471,58,1471,"GK,OC","WEST UNION, NY
(42.094951, -77.725816)"
1995,1996-01-24,"Bottoms, Ruth A",Allegany,GENESEE,CERES,WAUGH & PORTER,1,0,1,0,0,0,NO,11,5000,120,0,OC,"GENESEE, NY
(42.02693, -78.205893)"
1995,1996-01-26,"Wood, David A.",Cattaraugus,OLEAN,BRADFORD,BRADFORD,22,0,0,0,1,0,NO,867,12,60,0,OA,"OLEAN, NY
(42.077495, -78.429849)"
1995,1996-01-30,Pennzoil Products Co.,Cattaraugus,OLEAN,BRADFORD,ONONDAGA,0,0,1,0,0,0,NO,580,188373,0,188373,"GK,OU","OLEAN, NY
(42.077495, -78.429849)"
1995,1996-02-09,Potter Oil Co.,Allegany,INDEPENDENCE,BEECH HILL-INDEPENDENCE,FULMER VALLEY,26,0,0,0,0,0,NO,1764,5785,350,4785,"GK,OC","INDEPENDENCE, NY
(42.088045, -77.781386)"
1995,1996-02-16,"Ebenezer Oil Co., Inc.",Allegany,BOLIVAR,RICHBURG,RICHBURG,37,0,0,0,0,0,NO,1470,414,10076,414,"GK,OC","BOLIVAR, NY
(42.066701, -78.167667)"
1995,1996-02-22,Cal Ban Corp.,Cattaraugus,ALLEGANY,FIVE MILE,BRADFORD,110,0,0,0,0,0,NO,4698,4698,513,0,OA,"ALLEGANY, NY
(42.088061, -78.491258)"
1995,1996-02-22,"Clark, Bruce N.",Allegany,ANDOVER,FULMER VALLEY,FULMER VALLEY,9,0,0,0,0,0,NO,79,81,0,0,OC,"ANDOVER, NY
(42.156405, -77.795231)"
1995,1996-02-22,Cabot Oil & Gas Corp.,Chautauqua,CLYMER,CLYMER,BASS ISLAND,2,0,0,0,0,0,NO,4326,3738,0,3738,"GH,OA","CLYMER, NY
(42.02082, -79.629966)"
1995,1996-03-11,"Otis Eastern Service, Inc.",Allegany,ANDOVER,FULMER VALLEY,FULMER VALLEY,22,0,0,0,0,0,NO,2523,95,30,0,OC,"ANDOVER, NY
(42.156405, -77.795231)"
1995,1996-03-11,"Otis Eastern Service, Inc.",Allegany,ANDOVER,BEECH HILL-INDEPENDENCE,PENNY & FULMER VALLEY,9,0,0,0,0,0,NO,288,50,5,0,OC,"ANDOVER, NY
(42.156405, -77.795231)"
1995,1996-03-11,"Lenape Resources, Inc.",Chautauqua,ELLERY,ELLERY,BASS ISLAND,9,2,1,0,0,0,NO,1236,5017,80,3981,"GK,OA","ELLERY, NY
(42.159868, -79.393216)"
1995,1996-03-18,Richardson Petroleum Corp.,Steuben,WEST UNION,BEECH HILL-INDEPENDENCE,FULMER VALLEY,53,0,0,0,0,0,NO,9233,9723,981,9723,"GK,OC","WEST UNION, NY
(42.094951, -77.725816)"
1995,1996-03-18,Libra Petroleum Company,Chautauqua,BUSTI,BUSTI,GLADE,0,0,68,6,0,0,NO,269,135,141,0,OC,"BUSTI, NY
(42.038067, -79.283549)"
1995,1996-03-18,Lenacre Oil Co.,Chautauqua,BUSTI,BUSTI,GLADE,0,0,48,2,0,0,NO,211,106,213,0,OC,"BUSTI, NY
(42.038067, -79.283549)"
1995,1996-03-19,Pennsylvania General Energy,Cattaraugus,CARROLLTON,BRADFORD,CHIPMUNK,246,0,0,0,0,0,NO,19665,19665,1966,0,OC,"CARROLLTON, NY
(42.023289, -78.628438)"
1995,1996-03-19,Richardson Petroleum Corp.,Allegany,INDEPENDENCE,BEECH HILL-INDEPENDENCE,FULMER VALLEY,136,0,0,0,7,0,NO,11910,43643,6242,43643,"GK,OC","INDEPENDENCE, NY
(42.088045, -77.781386)"
1995,1996-03-19,"Curtis & Son Oil, Inc.",Chautauqua,BUSTI,BUSTI,GLADE,24,1,0,0,0,0,NO,908,453,1345,0,OC,"BUSTI, NY
(42.038067, -79.283549)"
1995,1996-03-19,Gemini Oil Company,Chautauqua,BUSTI,BUSTI,GLADE,23,0,0,0,0,0,NO,232,116,76,0,OC,"BUSTI, NY
(42.038067, -79.283549)"
1995,1996-03-28,"Chautauqua Energy, Inc.",Chautauqua,NORTH HARMONY,NORTH HARMONY,ONONDAGA,2,0,1,2,0,0,NO,9491,3484,2710,3084,GX,"NORTH HARMONY, NY
(42.094296, -79.374999)"
1995,1996-03-28,"Chautauqua Energy, Inc.",Chautauqua,GERRY,GERRY-CHARLOTTE,ONONDAGA,1,0,1,0,0,0,NO,2868,4873,280,4373,GK,"GERRY, NY
(42.194749, -79.250394)"
1995,1996-03-29,"Yahn & Yahn, Inc.",Steuben,WEST UNION,BEECH HILL-INDEPENDENCE,FULMER VALLEY,30,0,0,0,4,0,NO,1198,290,50,0,OC,"WEST UNION, NY
(42.094951, -77.725816)"
1995,1996-03-29,"Yahn & Yahn, Inc.",Allegany,INDEPENDENCE,BEECH HILL-INDEPENDENCE,FULMER VALLEY,12,0,0,0,5,0,NO,1444,220,1144,0,OC,"INDEPENDENCE, NY
(42.088045, -77.781386)"
1995,1996-04-01,Lomak Operating Company,Chautauqua,MINA,LAKESHORE,MEDINA,0,0,1,0,0,0,NO,3,1177,2,1177,GK,"MINA, NY
(42.130114, -79.694407)"
1995,1996-04-01,"Resource America, Inc.",Chautauqua,NORTH HARMONY,NORTH HARMONY,BASS ISLAND,0,0,14,2,0,0,NO,2985,29580,4810,29580,"GH,OB","NORTH HARMONY, NY
(42.094296, -79.374999)"
1995,1996-04-02,"Oil, Gas & Land Services, Inc.",Chautauqua,GERRY,GERRY-CHARLOTTE,ONONDAGA,3,0,0,0,0,0,NO,2346,24767,1581,24287,"GH,OA","GERRY, NY
(42.194749, -79.250394)"
1995,1996-04-02,"Stedman Energy, Inc.",Chautauqua,ELLERY,ELLERY,BASS ISLAND,1,0,0,0,0,0,NO,95,840,130,840,"GK,OA","ELLERY, NY
(42.159868, -79.393216)"
1995,1996-04-02,"Winger, Philip G. & Diane E.",Cattaraugus,CARROLLTON,BRADFORD,CHIPMUNK,0,0,3,0,0,0,NO,211,100,200,0,OC,"CARROLLTON, NY
(42.023289, -78.628438)"
1995,1996-04-02,"Oil, Gas & Land Services, Inc.",Chautauqua,GERRY,LAKESHORE,MEDINA,0,0,35,6,0,0,NO,2242,146442,1296,144471,"GH,OA","GERRY, NY
(42.194749, -79.250394)"
1995,1996-04-04,B & H Oil Co.,Allegany,BOLIVAR,RICHBURG,RICHBURG,9,0,0,0,0,0,NO,196,1814,140,1814,"GK,OC","BOLIVAR, NY
(42.066701, -78.167667)"
1995,1996-04-04,Belden & Blake Corporation,Chautauqua,ELLERY,ELLERY,BASS ISLAND,1,0,0,0,0,0,,2966,4007,4432,4007,OA,"ELLERY, NY
(42.159868, -79.393216)"
1995,1996-04-04,Belden & Blake Corporation,Chautauqua,SHERMAN,HARMONY,BASS ISLAND,1,0,0,0,0,0,,715,812,573,812,OA,"SHERMAN, NY
(42.159351, -79.595176)"
1995,1996-04-04,Belden & Blake Corporation,Chautauqua,CHARLOTTE,GERRY-CHARLOTTE,BASS ISLAND,0,0,1,1,0,0,,4966,5081,2,5081,GX,"CHARLOTTE, NY
(43.255001, -77.617203)"
1995,1996-04-04,Belden & Blake Corporation,Chautauqua,NORTH HARMONY,LAKESHORE,MEDINA,0,0,13,2,0,0,,96,38374,74,38374,GH,"NORTH HARMONY, NY
(42.094296, -79.374999)"
1995,1996-04-09,Eastern American Energy Corp.,Cattaraugus,RANDOLPH,LAKESHORE,MEDINA,0,0,58,0,0,0,NO,631,121549,0,115222,"GH,OC","RANDOLPH, NY
(42.161398, -78.978764)"
1995,1996-04-10,"Oil, Gas & Land Services, Inc.",Chautauqua,GERRY,GERRY-CHARLOTTE,BASS ISLAND,8,0,5,4,0,0,NO,10100,47896,2798,43392,"GH,OA","GERRY, NY
(42.194749, -79.250394)"
1995,1996-04-11,"Pefley Oil & Gas, Inc.",Chautauqua,BUSTI,BUSTI,GLADE,4,4,0,0,0,0,NO,10501,3832,0,3832,"GK,OA","BUSTI, NY
(42.038067, -79.283549)"
1995,1996-04-15,"Universal Resources Holdings, Incorporated",Chautauqua,GERRY,FOLSOM CREEK,ONONDAGA,1,0,0,0,0,0,NO,208,713,0,713,"GK,OA","GERRY, NY
(42.194749, -79.250394)"
1995,1996-05-07,"Stark, Eric",Allegany,INDEPENDENCE,BEECH HILL-INDEPENDENCE,FULMER VALLEY,2,0,0,0,0,0,NO,53,50,0,0,OC,"INDEPENDENCE, NY
(42.088045, -77.781386)"
1995,1996-05-13,"Hogan Energy, Inc.",Allegany,CLARKSVILLE,CLARKSVILLE,CLARKSVILLE,10,0,0,0,0,0,NO,554,40,60,0,OC,"CLARKSVILLE, NY
(42.575802, -73.964401)"
1995,1996-10-21,"Walchli, John W. Jr.",Allegany,INDEPENDENCE,BEECH HILL-INDEPENDENCE,FULMER VALLEY,12,0,0,0,0,0,NO,386,735,2,735,"GK,OC","INDEPENDENCE, NY
(42.088045, -77.781386)"
1995,1996-10-21,"Walchli, John W. Jr.",Steuben,WEST UNION,BEECH HILL-INDEPENDENCE,FULMER VALLEY,5,2,0,0,0,0,NO,237,1591,13,1591,"GK,OC","WEST UNION, NY
(42.094951, -77.725816)"
1996,1997-01-21,"Wood, David A.",Cattaraugus,OLEAN,BRADFORD,BRADFORD,8,14,0,0,1,0,NO,920,8,40,0,OA,"OLEAN, NY
(42.077495, -78.429849)"
1996,1997-01-24,Potter Oil Co.,Allegany,INDEPENDENCE,BEECH HILL-INDEPENDENCE,FULMER VALLEY,25,0,0,0,0,0,NO,1837,5594,0,4594,"GK,OC","INDEPENDENCE, NY
(42.088045, -77.781386)"
1996,1997-02-07,Pennsylvania General Energy,Cattaraugus,CARROLLTON,BRADFORD,CHIPMUNK,231,0,0,0,0,0,NO,17640,17640,1715,0,OC,"CARROLLTON, NY
(42.023289, -78.628438)"
1996,1997-02-07,Pennsylvania General Energy,Cattaraugus,OLEAN,BRADFORD,ONONDAGA,1,0,0,0,0,0,NO,608,100485,0,100485,"GX,OU","OLEAN, NY
(42.077495, -78.429849)"
1996,1997-02-10,Libra Petroleum Company,Chautauqua,BUSTI,BUSTI,GLADE,70,2,0,0,0,0,NO,2019,1009,340,0,OC,"BUSTI, NY
(42.038067, -79.283549)"
1996,1997-02-10,Lenacre Oil Co.,Chautauqua,BUSTI,BUSTI,GLADE,43,7,0,0,0,0,NO,386,193,160,0,OC,"BUSTI, NY
(42.038067, -79.283549)"
1996,1997-02-10,"Curtis & Son Oil, Inc.",Chautauqua,BUSTI,BUSTI,GLADE,25,0,0,0,0,0,NO,1109,554,1274,0,OC,"BUSTI, NY
(42.038067, -79.283549)"
1996,1997-02-10,Gemini Oil Company,Chautauqua,BUSTI,BUSTI,GLADE,23,0,0,0,0,0,NO,101,50,55,0,OC,"BUSTI, NY
(42.038067, -79.283549)"
1996,1997-02-11,B & H Oil Co.,Allegany,BOLIVAR,RICHBURG,RICHBURG,9,0,0,0,0,0,NO,136,1615,140,1615,"GK,OC","BOLIVAR, NY
(42.066701, -78.167667)"
1996,1997-02-21,"Clark, Bruce N.",Allegany,ANDOVER,FULMER VALLEY,FULMER VALLEY,9,0,0,0,0,0,NO,72,81,0,0,OC,"ANDOVER, NY
(42.156405, -77.795231)"
1996,1997-03-06,Cabot Oil & Gas Corp.,Chautauqua,CLYMER,CLYMER,BASS ISLAND,2,0,0,0,0,0,NO,4175,3502,1275,3502,"GH,OA","CLYMER, NY
(42.02082, -79.629966)"
1996,1997-03-06,Cabot Oil & Gas Corp.,Chautauqua,CLYMER,HARMONY,ONONDAGA,1,0,0,0,0,0,NO,1992,1627,1564,1627,GH,"CLYMER, NY
(42.02082, -79.629966)"
1996,1997-03-06,Cabot Oil & Gas Corp.,Chautauqua,CLYMER,LAKESHORE,MEDINA,0,0,38,2,0,0,NO,2112,309211,6792,309211,GH,"CLYMER, NY
(42.02082, -79.629966)"
1996,1997-03-07,Eastern American Energy Corp.,Cattaraugus,RANDOLPH,LAKESHORE,MEDINA,0,0,54,3,0,0,NO,704,92583,0,92583,"GH,OC","RANDOLPH, NY
(42.161398, -78.978764)"
1996,1997-03-14,"Plants and Goodwin, Inc.",Allegany,WIRT,RICHBURG,RICHBURG,38,0,0,0,0,0,NO,216,181,907,0,OC,"WIRT, NY
(42.137408, -78.150594)"
1996,1997-03-18,Fault Line Oil Corporation,Cattaraugus,ASHFORD,DUTCH HILL,ONONDAGA,1,0,0,0,0,0,NO,1233,2065,0,2065,"GX,OA","ASHFORD, NY
(42.403846, -78.612179)"
1996,1997-03-18,Belden & Blake Corporation,Chautauqua,CHARLOTTE,GERRY-CHARLOTTE,BASS ISLAND,1,0,2,0,0,0,NO,2857,21095,97,21095,"GH,OA","CHARLOTTE, NY
(43.255001, -77.617203)"
1996,1997-03-18,Belden & Blake Corporation,Chautauqua,ELLERY,ELLERY,BASS ISLAND,1,0,0,0,0,0,NO,3254,3989,5289,3989,"GX,OA","ELLERY, NY
(42.159868, -79.393216)"
1996,1997-03-18,Belden & Blake Corporation,Chautauqua,SHERMAN,HARMONY,BASS ISLAND,1,0,0,0,0,0,NO,587,1255,738,1255,"GH,OA","SHERMAN, NY
(42.159351, -79.595176)"
1996,1997-03-19,"Otis Eastern Service, Inc.",Allegany,ANDOVER,BEECH HILL-INDEPENDENCE,PENNY,16,0,0,0,0,0,NO,217,75,3,0,OC,"ANDOVER, NY
(42.156405, -77.795231)"
1996,1997-03-19,"Otis Eastern Service, Inc.",Allegany,ANDOVER,BEECH HILL-INDEPENDENCE,PENNY & FULMER VALLEY,14,0,0,0,0,0,NO,435,80,7,0,OC,"ANDOVER, NY
(42.156405, -77.795231)"
1996,1997-03-20,"Yahn & Yahn, Inc.",Allegany,INDEPENDENCE,BEECH HILL-INDEPENDENCE,FULMER VALLEY,13,0,0,0,5,0,NO,1049,175,1600,0,OC,"INDEPENDENCE, NY
(42.088045, -77.781386)"
1996,1997-03-20,"Universal Resources Holdings, Incorporated",Chautauqua,GERRY,FOLSOM CREEK,ONONDAGA,1,0,0,0,0,0,NO,208,870,0,870,"GK,OA","GERRY, NY
(42.194749, -79.250394)"
1996,1997-03-21,"Yahn & Yahn, Inc.",Steuben,WEST UNION,BEECH HILL-INDEPENDENCE,FULMER VALLEY,33,4,0,0,0,0,NO,812,210,1470,0,OC,"WEST UNION, NY
(42.094951, -77.725816)"
1996,1997-03-24,Cal Ban Corp.,Cattaraugus,ALLEGANY,FIVE MILE,BRADFORD,110,0,0,0,0,0,NO,3753,3753,409,0,OA,"ALLEGANY, NY
(42.088061, -78.491258)"
1996,1997-03-26,Seneca Resources Corporation,Chautauqua,POLAND,SPRAGUE HILL,ONONDAGA,2,0,0,0,0,0,NO,65,7930,0,7930,"GK,OA","POLAND, NY
(43.226463, -75.062063)"
1996,1997-03-27,"Stedman Energy, Inc.",Chautauqua,ELLERY,ELLERY,BASS ISLAND,1,0,0,0,0,0,NO,90,736,140,736,GK,"ELLERY, NY
(42.159868, -79.393216)"
1996,1997-04-01,"Lenape Resources, Inc.",Chautauqua,ELLERY,ELLERY,BASS ISLAND,5,0,6,1,0,0,NO,1817,12017,360,10783,"GK,OA","ELLERY, NY
(42.159868, -79.393216)"
1996,1997-04-04,Richardson Petroleum Corp.,Steuben,WEST UNION,BEECH HILL-INDEPENDENCE,FULMER VALLEY,85,0,0,0,12,0,NO,35126,40306,15168,40306,"GK,OC","WEST UNION, NY
(42.094951, -77.725816)"
1996,1997-04-04,"Smith, Ronald L.",Allegany,GENESEE,RICHBURG,RICHBURG,4,60,0,0,20,0,NO,714,40,550,0,OC,"GENESEE, NY
(42.02693, -78.205893)"
1996,1997-04-07,"Pefley Oil & Gas, Inc.",Chautauqua,BUSTI,BUSTI,GLADE,18,8,0,0,0,0,NO,28673,17767,0,17767,OA,"BUSTI, NY
(42.038067, -79.283549)"
1996,1997-04-08,"Resource America, Inc.",Chautauqua,NORTH HARMONY,NORTH HARMONY,BASS ISLAND,4,0,7,5,0,0,NO,2940,24530,3047,24530,"GH,OB","NORTH HARMONY, NY
(42.094296, -79.374999)"
1996,1997-04-08,"GFS Energy, Inc.",Chautauqua,NORTH HARMONY,NORTH HARMONY,BASS ISLAND,2,0,1,0,0,0,NO,312,150,300,150,"GH,OA","NORTH HARMONY, NY
(42.094296, -79.374999)"
1996,1997-04-08,"Desert Gas Exploration, Inc.",Chautauqua,GERRY,GERRY-CHARLOTTE,ONONDAGA,0,0,1,0,0,0,YES,1,150,25,150,,"GERRY, NY
(42.194749, -79.250394)"
1996,1997-04-09,"Oil, Gas & Land Services, Inc.",Chautauqua,GERRY,GERRY-CHARLOTTE,BASS ISLAND,7,2,5,2,0,0,NO,6826,51574,6145,46137,"GH,OA","GERRY, NY
(42.194749, -79.250394)"
1996,1997-04-09,"Chautauqua Energy, Inc.",Chautauqua,NORTH HARMONY,NORTH HARMONY,ONONDAGA,3,0,1,1,0,0,NO,6598,2627,952,1827,GK,"NORTH HARMONY, NY
(42.094296, -79.374999)"
1996,1997-04-09,"Oil, Gas & Land Services, Inc.",Chautauqua,ELLERY,ELLERY,BASS ISLAND,1,4,0,0,0,0,NO,52,1209,380,1040,,"ELLERY, NY
(42.159868, -79.393216)"
1996,1997-04-09,"GFS Energy, Inc.",Chautauqua,GERRY,GERRY-CHARLOTTE,BASS ISLAND,1,0,0,0,0,0,NO,74,4753,155,4753,"GK,OC","GERRY, NY
(42.194749, -79.250394)"
1996,1997-04-09,"Oil, Gas & Land Services, Inc.",Chautauqua,GERRY,GERRY-CHARLOTTE,ONONDAGA,1,0,2,0,0,0,NO,624,9104,3341,7289,"GH,OA","GERRY, NY
(42.194749, -79.250394)"
1996,1997-04-10,"Chautauqua Energy, Inc.",Chautauqua,GERRY,GERRY-CHARLOTTE,ONONDAGA,1,0,1,0,0,0,NO,3937,2960,45,2560,GK,"GERRY, NY
(42.194749, -79.250394)"
1996,1997-04-11,"Oil, Gas & Land Services, Inc.",Chautauqua,GERRY,LAKESHORE,BASS ISLAND,1,0,0,0,0,0,NO,557,425,945,37,"GH,OA","GERRY, NY
(42.194749, -79.250394)"
1996,1997-04-17,Richardson Petroleum Corp.,Allegany,INDEPENDENCE,BEECH HILL-INDEPENDENCE,FULMER VALLEY,107,0,0,0,7,0,NO,6026,45216,1178,45216,"GK,OC","INDEPENDENCE, NY
(42.088045, -77.781386)"
1996,1997-05-08,"Winger, Philip G. & Diane E.",Cattaraugus,CARROLLTON,BRADFORD,CHIPMUNK,3,0,0,0,0,0,,200,90,200,0,OC,"CARROLLTON, NY
(42.023289, -78.628438)"
1978,1997-11-20,Pennzoil Products Co.,Cattaraugus,ALLEGANY,CHIPMUNK,CHIPMUNK,1273,22,0,0,1108,0,NO,250987,1960,3136368,0,OA,"ALLEGANY, NY
(42.088061, -78.491258)"
1978,1997-11-20,Pennzoil Products Co.,Cattaraugus,OLEAN,BRADFORD,BRADFORD THIRD,325,2,0,0,273,0,NO,124149,3338,2482980,0,OA,"OLEAN, NY
(42.077495, -78.429849)"
1996,1997-12-02,"Walchli, John W. Jr.",Allegany,INDEPENDENCE,BEECH HILL-INDEPENDENCE,FULMER VALLEY,9,0,0,0,0,0,NO,45,270,0,270,"GK,OC","INDEPENDENCE, NY
(42.088045, -77.781386)"
1996,1997-12-02,"Walchli, John W. Jr.",Steuben,WEST UNION,BEECH HILL-INDEPENDENCE,FULMER VALLEY,7,0,0,0,0,0,NO,96,465,0,465,"GK,OC","WEST UNION, NY
(42.094951, -77.725816)"
1997,1997-12-29,"Fitzgerald, Thomas J.",Allegany,CLARKSVILLE,RICHBURG,RICHBURG,5,0,0,0,0,0,NO,2,270,0,91,GX,"CLARKSVILLE, NY
(42.575802, -73.964401)"
1996,1997-12-29,"Fitzgerald, Thomas J.",Allegany,CLARKSVILLE,RICHBURG,RICHBURG,5,0,0,0,0,0,NO,3,260,0,98,GX,"CLARKSVILLE, NY
(42.575802, -73.964401)"
1997,1998-01-20,Potter Oil Co.,Allegany,INDEPENDENCE,BEECH HILL-INDEPENDENCE,FULMER VALLEY,25,0,0,0,0,0,NO,1116,8564,0,7564,"GK,OD","INDEPENDENCE, NY
(42.088045, -77.781386)"
1997,1998-01-22,"Wood, David A.",Cattaraugus,OLEAN,BRADFORD,BRADFORD,8,14,0,0,1,0,NO,899,8,40,0,OA,"OLEAN, NY
(42.077495, -78.429849)"
1997,1998-02-17,Pennsylvania General Energy,Cattaraugus,ALLEGANY,BRADFORD,CHIPMUNK,258,0,1,0,0,0,NO,20458,20458,2042,0,OD,"ALLEGANY, NY
(42.088061, -78.491258)"
1997,1998-02-17,"Plants and Goodwin, Inc.",Allegany,BOLIVAR,RICHBURG,RICHBURG,91,0,0,0,31,0,NO,2837,151,22696,151,"GX,OD","BOLIVAR, NY
(42.066701, -78.167667)"
1997,1998-02-17,"Plants and Goodwin, Inc.",Allegany,INDEPENDENCE,BEECH HILL-INDEPENDENCE,FULMER VALLEY,38,0,0,0,14,0,NO,3538,5711,28304,5711,"GX,OD","INDEPENDENCE, NY
(42.088045, -77.781386)"
1997,1998-02-17,Pennsylvania General Energy,Cattaraugus,CARROLLTON,BRADFORD,CHIPMUNK,0,0,3,0,0,0,NO,636,636,63,0,OD,"CARROLLTON, NY
(42.023289, -78.628438)"
1997,1998-02-17,Pennsylvania General Energy,Cattaraugus,OLEAN,BRADFORD,ONONDAGA,0,0,1,0,0,0,NO,1496,139598,0,139598,"GX,OD","OLEAN, NY
(42.077495, -78.429849)"
1997,1998-03-10,"Otis Eastern Service, Inc.",Allegany,ANDOVER,FULMER VALLEY,FULMER VALLEY,53,0,0,0,0,0,NO,3076,155,53,0,"OC,OD","ANDOVER, NY
(42.156405, -77.795231)"
1997,1998-03-10,"Otis Eastern Service, Inc.",Allegany,ANDOVER,ANDOVER,PENNY,16,0,0,0,0,0,NO,206,55,8,0,OD,"ANDOVER, NY
(42.156405, -77.795231)"
1997,1998-03-18,Lomak Operating Company,Chautauqua,CLYMER,CLYMER,BASS ISLAND,2,0,0,0,0,0,NO,3134,2580,845,2580,"GH,OA","CLYMER, NY
(42.02082, -79.629966)"
1997,1998-03-19,"Clark, Bruce N.",Allegany,ANDOVER,FULMER VALLEY,FULMER VALLEY,9,0,0,0,0,0,NO,85,75,0,0,OD,"ANDOVER, NY
(42.156405, -77.795231)"
1997,1998-03-19,"Universal Resources Holdings, Incorporated",Chautauqua,GERRY,FOLSOM CREEK,ONONDAGA,1,0,0,0,0,0,NO,98,722,0,722,"GK,OA","GERRY, NY
(42.194749, -79.250394)"
1997,1998-03-23,Cal Ban Corp.,Cattaraugus,ALLEGANY,FIVE MILE,BRADFORD,118,0,0,0,0,0,NO,2655,2655,254,0,OA,"ALLEGANY, NY
(42.088061, -78.491258)"
1997,1998-03-23,"Yahn & Yahn, Inc.",Steuben,WEST UNION,BEECH HILL-INDEPENDENCE,FULMER VALLEY,36,0,0,0,1,0,NO,859,215,645,0,OD,"WEST UNION, NY
(42.094951, -77.725816)"
1997,1998-03-23,"Yahn & Yahn, Inc.",Allegany,INDEPENDENCE,BEECH HILL-INDEPENDENCE,FULMER VALLEY,12,0,0,0,5,0,NO,758,75,850,0,OD,"INDEPENDENCE, NY
(42.088045, -77.781386)"
1997,1998-03-23,A. J. Lease Account,Cattaraugus,ASHFORD,DUTCH HILL,ONONDAGA,1,0,1,0,0,0,NO,2297,3682,1,3682,"GX,OA","ASHFORD, NY
(42.403846, -78.612179)"
1997,1998-03-23,A. J. Lease Account,Cattaraugus,FREEDOM,BIXBY HILL,ONONDAGA,0,0,1,0,0,0,NO,5398,1468,1,1468,"GX,OA","FREEDOM, NY
(42.484662, -78.330681)"
1997,1998-03-26,Richardson Petroleum Corp.,Allegany,INDEPENDENCE,BEECH HILL-INDEPENDENCE,FULMER VALLEY,143,0,0,0,0,0,NO,12607,58083,37127,58083,"GK,OD","INDEPENDENCE, NY
(42.088045, -77.781386)"
1997,1998-03-26,Richardson Petroleum Corp.,Steuben,WEST UNION,BEECH HILL-INDEPENDENCE,FULMER VALLEY,101,0,0,0,0,0,NO,34953,45967,26226,45967,"GK,OC","WEST UNION, NY
(42.094951, -77.725816)"
1997,1998-03-26,Emerald Oil Company,Cattaraugus,FARMERSVILLE,FARMERSVILLE,UPPER DEVONIAN,3,1,0,0,0,0,NO,35,1,35,0,OD,"FARMERSVILLE, NY
(42.387259, -78.377183)"
1997,1998-03-26,Emerald Oil Company,Allegany,WIRT,RICHBURG,RICHBURG,0,26,0,0,0,0,NO,100,50,50,0,OD,"WIRT, NY
(42.137408, -78.150594)"
1997,1998-03-31,"Resource America, Inc.",Chautauqua,NORTH HARMONY,NORTH HARMONY,BASS ISLAND,8,1,5,2,0,0,NO,2631,22513,3272,22513,"GH,OB,OX","NORTH HARMONY, NY
(42.094296, -79.374999)"
1997,1998-04-01,Seneca Resources Corporation,Chautauqua,POLAND,SPRAGUE HILL,ONONDAGA,2,0,0,0,0,0,NO,73,6540,0,6132,"GK,OA","POLAND, NY
(43.226463, -75.062063)"
1997,1998-04-02,"Lenape Resources, Inc.",Chautauqua,ELLERY,ELLERY,BASS ISLAND,9,0,2,1,0,0,NO,1422,9785,1644,8772,"GK,OD","ELLERY, NY
(42.159868, -79.393216)"
1997,1998-04-06,"Johnson, Mark & Troy",Chautauqua,BUSTI,BUSTI,GLADE,32,0,0,0,0,0,NO,934,935,0,0,OD,"BUSTI, NY
(42.038067, -79.283549)"
1997,1998-04-06,B & H Oil Co.,Allegany,BOLIVAR,RICHBURG,RICHBURG,9,0,0,0,0,0,NO,173,1503,130,1503,"GK,OD","BOLIVAR, NY
(42.066701, -78.167667)"
1997,1998-04-06,"Chautauqua Energy, Inc.",Chautauqua,NORTH HARMONY,NORTH HARMONY,ONONDAGA,2,0,3,0,0,0,NO,2698,2570,460,1570,"GK,OA","NORTH HARMONY, NY
(42.094296, -79.374999)"
1997,1998-04-06,"Chautauqua Energy, Inc.",Chautauqua,GERRY,GERRY-CHARLOTTE,ONONDAGA,1,0,1,0,0,0,NO,3569,1205,0,805,"GK,OA","GERRY, NY
(42.194749, -79.250394)"
1997,1998-04-06,"Chautauqua Energy, Inc.",Chautauqua,NORTH HARMONY,LAKESHORE,MEDINA,1,0,2,0,0,0,NO,157,3035,275,2435,"GK,OA","NORTH HARMONY, NY
(42.094296, -79.374999)"
1997,1998-04-07,"Smith, Ronald L.",Allegany,GENESEE,RICHBURG,RICHBURG,17,48,0,0,20,0,NO,750,30,720,0,OD,"GENESEE, NY
(42.02693, -78.205893)"
1997,1998-04-07,"Winger, Philip G. & Diane E.",Cattaraugus,CARROLLTON,BRADFORD,CHIPMUNK,3,0,0,0,0,0,NO,204,90,200,0,OD,"CARROLLTON, NY
(42.023289, -78.628438)"
1997,1998-04-07,Belden & Blake Corporation,Chautauqua,ELLERY,ELLERY,BASS ISLAND,1,0,0,0,0,0,NO,3246,4420,3253,4420,OA,"ELLERY, NY
(42.159868, -79.393216)"
1997,1998-04-07,Belden & Blake Corporation,Chautauqua,GERRY,GERRY-CHARLOTTE,BASS ISLAND,1,0,3,0,0,0,NO,174,1548,649,1315,"GH,OA","GERRY, NY
(42.194749, -79.250394)"
1997,1998-04-07,Belden & Blake Corporation,Chautauqua,GERRY,LAKESHORE,MEDINA,1,0,29,2,0,0,NO,204,64997,1209,64206,"GH,GK,OA","GERRY, NY
(42.194749, -79.250394)"
1997,1998-04-07,Belden & Blake Corporation,Chautauqua,SHERMAN,HARMONY,BASS ISLAND,1,0,0,0,0,0,NO,471,985,767,985,"GH,OA","SHERMAN, NY
(42.159351, -79.595176)"
1997,1998-04-07,"Desert Gas Exploration, Inc.",Chautauqua,GERRY,GERRY-CHARLOTTE,ONONDAGA,0,0,1,0,0,0,NO,1,100,30,0,,"GERRY, NY
(42.194749, -79.250394)"
1997,1998-04-08,"Pefley Oil & Gas, Inc.",Chautauqua,BUSTI,BUSTI,GLADE,11,2,0,0,0,0,NO,23894,19541,0,19541,"GK,OA","BUSTI, NY
(42.038067, -79.283549)"
1997,1998-04-08,"Oil, Gas & Land Services, Inc.",Chautauqua,GERRY,GERRY-CHARLOTTE,BASS ISLAND,7,3,2,3,0,0,NO,8282,34664,4331,28643,"GH,OD","GERRY, NY
(42.194749, -79.250394)"
1998,1999-01-25,"Wood, David A.",Cattaraugus,OLEAN,BRADFORD,BRADFORD,7,15,0,0,1,0,NO,732,7,35,0,OD,"OLEAN, NY
(42.077495, -78.429849)"
1998,1999-02-04,Potter Oil Co.,Allegany,INDEPENDENCE,BEECH HILL-INDEPENDENCE,FULMER VALLEY,24,0,0,0,0,0,NO,647,5643,0,4643,"GK,OD","INDEPENDENCE, NY
(42.088045, -77.781386)"
1998,1999-02-08,"Plants and Goodwin, Inc.",Allegany,BOLIVAR,RICHBURG,RICHBURG,103,0,0,0,30,0,NO,1190,333,6545,333,"GX,OD","BOLIVAR, NY
(42.066701, -78.167667)"
1998,1999-02-08,"Plants and Goodwin, Inc.",Allegany,INDEPENDENCE,BEECH HILL-INDEPENDENCE,FULMER VALLEY,39,15,0,0,0,0,NO,2630,8498,13150,8498,"GX,OD","INDEPENDENCE, NY
(42.088045, -77.781386)"
1998,1999-03-01,"Clark, Bruce N.",Allegany,ANDOVER,FULMER VALLEY,FULMER VALLEY,9,0,0,0,0,0,NO,70,66,1,0,OD,"ANDOVER, NY
(42.156405, -77.795231)"
1998,1999-03-03,"Yahn & Yahn, Inc.",Steuben,WEST UNION,BEECH HILL-INDEPENDENCE,FULMER VALLEY,26,0,0,0,7,0,NO,478,300,305,0,OD,"WEST UNION, NY
(42.094951, -77.725816)"
1998,1999-03-03,"Yahn & Yahn, Inc.",Allegany,INDEPENDENCE,BEECH HILL-INDEPENDENCE,FULMER VALLEY,13,0,0,0,5,0,NO,732,125,900,125,OD,"INDEPENDENCE, NY
(42.088045, -77.781386)"
1998,1999-03-05,"Woods Oil Company, Inc.",Cattaraugus,CARROLLTON,BRADFORD,BRADFORD,12,0,0,0,0,0,NO,10082,1729,1111,1729,"GX,OA","CARROLLTON, NY
(42.023289, -78.628438)"
1998,1999-03-05,Lomak Operating Company,Chautauqua,CLYMER,CLYMER,BASS ISLAND,1,0,1,0,0,0,NO,1574,3004,0,3004,"GH,GK,OA","CLYMER, NY
(42.02082, -79.629966)"
1998,1999-03-09,Emerald Oil Company,Allegany,WIRT,NILE,WAUGH & PORTER,14,0,0,0,0,0,NO,10,4,10,0,OD,"WIRT, NY
(42.137408, -78.150594)"
1998,1999-03-10,"Otis Eastern Service, Inc.",Allegany,ANDOVER,FULMER VALLEY,FULMER VALLEY,19,0,0,0,0,0,NO,2372,1619,28,1619,"GK,OD","ANDOVER, NY
(42.156405, -77.795231)"
1998,1999-03-10,"Otis Eastern Service, Inc.",Allegany,ANDOVER,FULMER VALLEY,PENNY & FULMER VALLEY,12,0,0,0,0,0,NO,1199,1368,17,1333,"GK,OD","ANDOVER, NY
(42.156405, -77.795231)"
1998,1999-03-10,"Otis Eastern Service, Inc.",Allegany,ANDOVER,BEECH HILL-INDEPENDENCE,FULMER VALLEY,10,0,0,0,0,0,NO,316,262,7,262,"GK,OD","ANDOVER, NY
(42.156405, -77.795231)"
1998,1999-03-10,"Otis Eastern Service, Inc.",Allegany,ANDOVER,FULMER VALLEY,PENNY,10,0,0,0,0,0,NO,367,497,9,497,"GK,OD","ANDOVER, NY
(42.156405, -77.795231)"
1998,1999-03-10,"Otis Eastern Service, Inc.",Allegany,WELLSVILLE,FULMER VALLEY,FULMER VALLEY,5,0,0,0,0,0,NO,1619,414,12,414,"GK,OD","WELLSVILLE, NY
(42.120693, -77.946058)"
1998,1999-03-10,"Otis Eastern Service, Inc.",Allegany,ANDOVER,RICHBURG,FULMER VALLEY,3,0,0,0,0,0,NO,316,265,5,265,"GK,OD","ANDOVER, NY
(42.156405, -77.795231)"
1998,1999-03-18,A. J. Lease Account,Cattaraugus,ASHFORD,DUTCH HILL,ONONDAGA,1,0,1,0,0,0,NO,1587,3238,1,3238,GX,"ASHFORD, NY
(42.403846, -78.612179)"
1998,1999-03-19,Cal Ban Corp.,Cattaraugus,ALLEGANY,FIVE MILE,BRADFORD,102,0,0,0,0,0,NO,1620,1620,76,0,OD,"ALLEGANY, NY
(42.088061, -78.491258)"
1998,1999-03-19,Cal Ban Corp.,Cattaraugus,OLEAN,FIVE MILE,BRADFORD,5,0,0,0,0,0,NO,86,86,8,0,OD,"OLEAN, NY
(42.077495, -78.429849)"
1998,1999-03-22,"Desert Gas Exploration, Inc.",Chautauqua,GERRY,GERRY-CHARLOTTE,ONONDAGA,1,0,0,0,0,0,NO,1,100,30,0,,"GERRY, NY
(42.194749, -79.250394)"
1998,1999-03-26,Eastern American Energy Corp.,Cattaraugus,RANDOLPH,UNNAMED,ONONDAGA,1,0,0,0,0,0,NO,414,861,0,861,"GH,OD","RANDOLPH, NY
(42.161398, -78.978764)"
1998,1999-03-30,"Resource America, Inc.",Chautauqua,NORTH HARMONY,NORTH HARMONY,BASS ISLAND,9,0,5,1,0,0,NO,3678,21809,1175,21809,GH,"NORTH HARMONY, NY
(42.094296, -79.374999)"
1998,1999-03-31,Belden & Blake Corporation,Chautauqua,GERRY,GERRY-CHARLOTTE,BASS ISLAND,3,0,1,0,0,0,NO,634,1658,339,1658,"GH,OA","GERRY, NY
(42.194749, -79.250394)"
1998,1999-03-31,Belden & Blake Corporation,Chautauqua,CHARLOTTE,GERRY-CHARLOTTE,BASS ISLAND,1,0,2,0,0,0,NO,996,13651,26,13651,"GH,OA","CHARLOTTE, NY
(43.255001, -77.617203)"
1998,1999-03-31,Belden & Blake Corporation,Chautauqua,ELLERY,ELLERY,BASS ISLAND,1,0,0,0,0,0,NO,2744,1879,911,1879,"GX,OA","ELLERY, NY
(42.159868, -79.393216)"
1998,1999-03-31,"REI-NY, LLC",Chautauqua,GERRY,LAKESHORE,BASS ISLAND,1,0,1,0,0,0,NO,602,559,1630,559,"GK,OD","GERRY, NY
(42.194749, -79.250394)"
1998,1999-03-31,Belden & Blake Corporation,Chautauqua,NORTH HARMONY,LAKESHORE,MEDINA,1,0,10,0,0,0,NO,156,49611,264,49611,GH,"NORTH HARMONY, NY
(42.094296, -79.374999)"
1998,1999-04-05,Richardson Petroleum Corp.,Allegany,INDEPENDENCE,BEECH HILL-INDEPENDENCE,FULMER VALLEY,119,2,0,0,7,0,NO,11144,50190,32960,50190,"GK,OD","INDEPENDENCE, NY
(42.088045, -77.781386)"
1998,1999-04-05,Richardson Petroleum Corp.,Steuben,WEST UNION,BEECH HILL-INDEPENDENCE,FULMER VALLEY,90,0,0,0,12,0,NO,14987,31345,23814,31345,"GK,OD","WEST UNION, NY
(42.094951, -77.725816)"
1998,1999-04-06,"Chautauqua Energy, Inc.",Chautauqua,NORTH HARMONY,NORTH HARMONY,ONONDAGA,3,0,2,0,0,0,NO,958,2879,985,1879,"GK,OD","NORTH HARMONY, NY
(42.094296, -79.374999)"
1998,1999-04-06,"Chautauqua Energy, Inc.",Chautauqua,GERRY,GERRY-CHARLOTTE,ONONDAGA,2,0,0,0,0,0,NO,4101,1233,155,833,"GK,OD","GERRY, NY
(42.194749, -79.250394)"
1998,1999-04-07,"Pefley Oil & Gas, Inc.",Chautauqua,BUSTI,BUSTI,GLADE,23,0,0,0,0,0,NO,11845,13144,0,13144,"GK,OA","BUSTI, NY
(42.038067, -79.283549)"
1998,1999-04-07,"Pefley Oil & Gas, Inc.",Chautauqua,BUSTI,UNNAMED,NONE SPECIFIED,3,0,0,0,0,0,NO,1681,1865,0,1865,"GK,OA","BUSTI, NY
(42.038067, -79.283549)"
1998,1999-04-07,"Pefley Oil & Gas, Inc.",Chautauqua,BUSTI,UNNAMED,GLADE,2,0,0,0,0,0,NO,1584,1758,0,1758,"GK,OA","BUSTI, NY
(42.038067, -79.283549)"
1998,1999-04-07,"Pefley Oil & Gas, Inc.",Chautauqua,BUSTI,BUSTI,NONE SPECIFIED,1,0,0,0,0,0,NO,1038,1152,0,1152,GK,"BUSTI, NY
(42.038067, -79.283549)"
1998,1999-04-07,Belden & Blake Corporation,Chautauqua,SHERMAN,HARMONY,BASS ISLAND,1,0,0,0,0,0,NO,746,666,575,666,"GH,OA","SHERMAN, NY
(42.159351, -79.595176)"
1998,1999-04-13,A. J. Lease Account,Cattaraugus,FREEDOM,BIXBY HILL,ONONDAGA,1,0,0,0,0,0,NO,3602,3476,0,3476,"GX,OA","FREEDOM, NY
(42.484662, -78.330681)"
1998,1999-04-15,"REI-NY, LLC",Chautauqua,GERRY,GERRY-CHARLOTTE,BASS ISLAND,8,6,4,1,0,0,NO,4597,35951,6285,35951,"GH,OD","GERRY, NY
(42.194749, -79.250394)"
1998,1999-05-25,Libra Petroleum Company,Chautauqua,BUSTI,BUSTI,GLADE,51,24,0,0,0,0,NO,849,255,105,0,OD,"BUSTI, NY
(42.038067, -79.283549)"
1998,1999-05-25,Lenacre Oil Co.,Chautauqua,BUSTI,BUSTI,GLADE,43,7,0,0,0,0,NO,261,205,160,0,OD,"BUSTI, NY
(42.038067, -79.283549)"
1998,1999-05-25,"Curtis & Son Oil, Inc.",Chautauqua,BUSTI,BUSTI,GLADE,25,3,0,0,0,0,NO,334,352,174,0,OD,"BUSTI, NY
(42.038067, -79.283549)"
1998,1999-05-25,Gemini Oil Company,Chautauqua,BUSTI,BUSTI,GLADE,23,0,0,0,0,0,NO,108,90,70,0,OD,"BUSTI, NY
(42.038067, -79.283549)"
1998,1999-06-01,"Winger, Philip G. & Diane E.",Cattaraugus,CARROLLTON,BRADFORD,CHIPMUNK,3,0,0,0,0,0,NO,193,90,200,0,OD,"CARROLLTON, NY
(42.023289, -78.628438)"
1999,2000-02-07,"Bottoms, Ruth A",Allegany,GENESEE,CERES,WAUGH & PORTER,1,0,1,0,0,0,YES,4,120,0,0,OD,"GENESEE, NY
(42.02693, -78.205893)"
1999,2000-02-09,"Wood, David A.",Cattaraugus,OLEAN,BRADFORD,BRADFORD,4,3,0,0,0,0,NO,424,4,20,0,OD,"OLEAN, NY
(42.077495, -78.429849)"
1999,2000-02-09,"Wood, David A.",Cattaraugus,OLEAN,BRADFORD,BRADFORD SECOND,1,8,0,0,0,0,NO,106,1,5,0,OD,"OLEAN, NY
(42.077495, -78.429849)"
1999,2000-02-09,"Wood, David A.",Cattaraugus,OLEAN,BRADFORD,BRADFORD THIRD,1,3,0,0,1,0,NO,106,1,5,0,OD,"OLEAN, NY
(42.077495, -78.429849)"
1999,2000-02-10,"Clark, Bruce N.",Allegany,ANDOVER,FULMER VALLEY,FULMER VALLEY,9,0,0,0,0,0,NO,75,65,0,0,OD,"ANDOVER, NY
(42.156405, -77.795231)"
1999,2000-02-14,"Synergy Oil & Gas, Inc.",Cattaraugus,CARROLLTON,BRADFORD,CHIPMUNK,257,0,0,0,0,0,NO,13399,13399,1341,0,OD,"CARROLLTON, NY
(42.023289, -78.628438)"
1999,2000-02-18,"Plants and Goodwin, Inc.",Allegany,BOLIVAR,RICHBURG,RICHBURG,92,0,0,0,8,0,NO,606,462,1818,462,"GX,OD","BOLIVAR, NY
(42.066701, -78.167667)"
1999,2000-02-22,"Plants and Goodwin, Inc.",Allegany,INDEPENDENCE,BEECH HILL-INDEPENDENCE,FULMER VALLEY,38,1,0,0,8,0,NO,2461,8155,7383,8155,"GX,OD","INDEPENDENCE, NY
(42.088045, -77.781386)"
1999,2000-03-09,"Universal Resources Holdings, Incorporated",Chautauqua,GERRY,FOLSOM CREEK,ONONDAGA,1,0,0,0,0,0,NO,154,703,0,703,"GK,OD","GERRY, NY
(42.194749, -79.250394)"
1999,2000-03-17,"Woods Oil Company, Inc.",Cattaraugus,CARROLLTON,CHIPMUNK,CHIPMUNK & BRADFORD 2ND,12,0,0,0,0,0,NO,8222,1191,761,1191,"GX,OD","CARROLLTON, NY
(42.023289, -78.628438)"
1999,2000-03-17,"Woods Oil Company, Inc.",Cattaraugus,CARROLLTON,BRADFORD,BRADFORD,5,0,0,0,0,0,NO,5995,840,595,840,"GX,OD","CARROLLTON, NY
(42.023289, -78.628438)"
1999,2000-03-20,Emerald Oil Company,Allegany,WIRT,RICHBURG,RICHBURG,26,0,0,0,0,0,NO,443,20,443,0,OD,"WIRT, NY
(42.137408, -78.150594)"
1999,2000-03-20,Emerald Oil Company,Allegany,WIRT,NILE,WAUGH & PORTER,14,0,0,0,0,0,NO,15,10,15,0,OD,"WIRT, NY
(42.137408, -78.150594)"
1999,2000-03-20,Emerald Oil Company,Cattaraugus,FARMERSVILLE,FARMERSVILLE,UPPER DEVONIAN,4,0,0,0,0,0,NO,50,1,50,0,OD,"FARMERSVILLE, NY
(42.387259, -78.377183)"
1999,2000-03-21,"Otis Eastern Service, Inc.",Allegany,ANDOVER,FULMER VALLEY,PENNY & FULMER VALLEY,20,0,0,0,0,0,NO,2403,1580,24,1548,"GK,OD","ANDOVER, NY
(42.156405, -77.795231)"
1999,2000-03-21,"Otis Eastern Service, Inc.",Allegany,ANDOVER,BEECH HILL-INDEPENDENCE,PENNY & FULMER VALLEY,8,0,0,0,0,0,NO,326,65,3,0,OD,"ANDOVER, NY
(42.156405, -77.795231)"
1999,2000-03-21,"Otis Eastern Service, Inc.",Allegany,WELLSVILLE,FULMER VALLEY,FULMER VALLEY,5,0,0,0,0,0,NO,1200,387,11,387,"GK,OD","WELLSVILLE, NY
(42.120693, -77.946058)"
1999,2000-03-22,"Otis Eastern Service, Inc.",Allegany,ANDOVER,FULMER VALLEY,FULMER VALLEY,19,0,0,0,0,0,NO,1013,442,21,387,"GK,OD","ANDOVER, NY
(42.156405, -77.795231)"
1999,2000-03-23,Wyckoff Development Co.,Steuben,JASPER,WYCKOFF,ONONDAGA,1,0,0,0,0,0,NO,2,11995,0,11955,GK,"JASPER, NY
(42.12254, -77.503328)"
1999,2000-03-24,A. J. Lease Account,Cattaraugus,FREEDOM,BIXBY HILL,ONONDAGA,1,0,0,0,0,0,NO,3073,2417,0,2417,"GX,OA","FREEDOM, NY
(42.484662, -78.330681)"
1999,2000-03-24,A. J. Lease Account,Cattaraugus,ASHFORD,DUTCH HILL,ONONDAGA,0,0,1,1,0,0,NO,2310,3675,0,3675,"GX,OD","ASHFORD, NY
(42.403846, -78.612179)"
1999,2000-03-27,Richardson Petroleum Corp.,Allegany,INDEPENDENCE,BEECH HILL-INDEPENDENCE,FULMER VALLEY,148,3,0,0,7,0,NO,8571,43117,34796,43117,"GK,OD","INDEPENDENCE, NY
(42.088045, -77.781386)"
1999,2000-03-27,Richardson Petroleum Corp.,Steuben,WEST UNION,BEECH HILL-INDEPENDENCE,FULMER VALLEY,89,0,0,0,12,0,NO,10640,24029,45257,24029,"GK,OD","WEST UNION, NY
(42.094951, -77.725816)"
1999,2000-03-29,"Weil Resources, Inc.",Erie,ORCHARD PARK,TRAVERS,ONONDAGA,1,0,0,0,0,0,NO,66,66,0,66,"GK,OD","ORCHARD PARK, NY
(42.767456, -78.743906)"
1999,2000-03-30,"Stedman Energy, Inc.",Chautauqua,ELLERY,ELLERY,BASS ISLAND,1,0,0,0,0,0,NO,70,692,0,692,"GK,OA","ELLERY, NY
(42.159868, -79.393216)"
1999,2000-04-03,"Yahn & Yahn, Inc.",Steuben,WEST UNION,BEECH HILL-INDEPENDENCE,FULMER VALLEY,38,0,0,0,0,0,NO,872,620,925,364,OA,"WEST UNION, NY
(42.094951, -77.725816)"
1999,2000-04-03,"Yahn & Yahn, Inc.",Allegany,INDEPENDENCE,BEECH HILL-INDEPENDENCE,FULMER VALLEY,13,0,0,0,5,0,NO,580,115,895,0,OA,"INDEPENDENCE, NY
(42.088045, -77.781386)"
1999,2000-04-03,"Desert Gas Exploration, Inc.",Chautauqua,GERRY,GERRY-CHARLOTTE,ONONDAGA,1,0,0,0,0,0,NO,1,100,30,0,,"GERRY, NY
(42.194749, -79.250394)"
1999,2000-04-04,"Chautauqua Energy, Inc.",Chautauqua,NORTH HARMONY,NORTH HARMONY,ONONDAGA,2,0,3,0,0,0,NO,190,1408,190,408,"GK,OD","NORTH HARMONY, NY
(42.094296, -79.374999)"
1999,2000-04-04,"Chautauqua Energy, Inc.",Chautauqua,GERRY,GERRY-CHARLOTTE,ONONDAGA,1,0,1,0,0,0,NO,3086,737,0,337,"GK,OD","GERRY, NY
(42.194749, -79.250394)"
1999,2000-04-04,"Chautauqua Energy, Inc.",Chautauqua,NORTH HARMONY,NORTH HARMONY,BASS ISLAND,1,0,0,0,0,0,NO,241,853,22,653,"GK,OD","NORTH HARMONY, NY
(42.094296, -79.374999)"
1999,2000-04-05,Eastern American Energy Corp.,Cattaraugus,RANDOLPH,MUD CREEK,ONONDAGA,1,0,0,0,0,0,NO,314,1765,0,1765,"GH,OD","RANDOLPH, NY
(42.161398, -78.978764)"
1999,2000-04-06,Belden & Blake Corporation,Chautauqua,GERRY,GERRY-CHARLOTTE,BASS ISLAND,4,0,0,0,0,0,NO,445,14689,934,14689,"GH,GK,OA","GERRY, NY
(42.194749, -79.250394)"
1999,2000-04-06,Belden & Blake Corporation,Chautauqua,ELLERY,ELLERY,BASS ISLAND,1,0,0,0,0,0,NO,2418,1430,1392,1430,"GK,OA","ELLERY, NY
(42.159868, -79.393216)"
1999,2000-04-06,Belden & Blake Corporation,Chautauqua,NORTH HARMONY,LAKESHORE,MEDINA,1,0,10,0,0,0,NO,140,48600,810,48600,GK,"NORTH HARMONY, NY
(42.094296, -79.374999)"
1999,2000-04-06,Belden & Blake Corporation,Chautauqua,SHERMAN,LAKESHORE,BASS ISLAND,1,0,0,0,0,0,NO,295,653,255,653,"GK,OA","SHERMAN, NY
(42.159351, -79.595176)"
1999,2000-04-07,"Resource America, Inc.",Chautauqua,NORTH HARMONY,NORTH HARMONY,BASS ISLAND,4,3,6,0,0,0,NO,4780,17478,615,17478,"GH,OD","NORTH HARMONY, NY
(42.094296, -79.374999)"
1999,2000-04-07,Great Lakes Energy Partners,Chautauqua,CLYMER,LAKESHORE,MEDINA,1,0,96,7,0,0,NO,1409,342388,0,342388,"GH,GK,OA","CLYMER, NY
(42.02082, -79.629966)"
1999,2000-04-10,Cal Ban Corp.,Cattaraugus,ALLEGANY,FIVE MILE,BRADFORD,105,0,0,0,0,0,NO,2353,350,38,0,OD,"ALLEGANY, NY
(42.088061, -78.491258)"
1999,2000-04-10,Cal Ban Corp.,Cattaraugus,OLEAN,FIVE MILE,BRADFORD,5,0,0,0,0,0,NO,200,2003,220,0,OD,"OLEAN, NY
(42.077495, -78.429849)"
1999,2000-04-10,"GFS Energy, Inc.",Chautauqua,NORTH HARMONY,NORTH HARMONY,BASS ISLAND,1,0,1,1,0,0,NO,187,1154,99,1154,"GH,OD","NORTH HARMONY, NY
(42.094296, -79.374999)"
1999,2000-04-10,"GFS Energy, Inc.",Chautauqua,NORTH HARMONY,NORTH HARMONY,ONONDAGA,1,0,0,0,0,0,NO,180,933,74,933,"GH,OD","NORTH HARMONY, NY
(42.094296, -79.374999)"
1999,2000-04-10,"Copper Ridge Oil, Inc.",Chautauqua,ELLICOTT,LAKESHORE,MEDINA,0,0,3,1,0,0,NO,20,3350,40,3350,GX,"ELLICOTT, NY
(42.734402, -78.731697)"
1999,2000-04-11,Libra Petroleum Company,Chautauqua,BUSTI,BUSTI,GLADE,51,24,0,0,0,0,NO,2797,350,320,0,OD,"BUSTI, NY
(42.038067, -79.283549)"
1999,2000-04-11,Lenacre Oil Co.,Chautauqua,BUSTI,BUSTI,GLADE,43,7,0,0,0,0,NO,217,137,169,0,OD,"BUSTI, NY
(42.038067, -79.283549)"
1999,2000-04-11,"Curtis & Son Oil, Inc.",Chautauqua,BUSTI,BUSTI,GLADE,25,3,0,0,0,0,NO,628,438,327,0,OD,"BUSTI, NY
(42.038067, -79.283549)"
1999,2000-04-11,Gemini Oil Company,Chautauqua,BUSTI,BUSTI,GLADE,17,6,0,0,0,0,NO,46,52,30,0,OD,"BUSTI, NY
(42.038067, -79.283549)"
1999,2000-04-11,"Lenape Resources, Inc.",Chautauqua,ELLERY,LAKESHORE,MEDINA,6,0,5,1,0,0,NO,1196,8774,696,8098,"GK,OD","ELLERY, NY
(42.159868, -79.393216)"
1999,2000-04-12,"REI-NY, LLC",Chautauqua,GERRY,GERRY-CHARLOTTE,BASS ISLAND,4,4,2,6,0,0,NO,1583,33227,2460,33227,"GH,OA,OD","GERRY, NY
(42.194749, -79.250394)"
1999,2000-04-12,"Winger, Philip G. & Diane E.",Cattaraugus,CARROLLTON,CHIPMUNK,CHIPMUNK,3,0,0,0,0,0,NO,146,75,150,0,OD,"CARROLLTON, NY
(42.023289, -78.628438)"
1999,2000-04-12,"REI-NY, LLC",Chautauqua,GERRY,GERRY-CHARLOTTE,ORISKANY,1,0,0,0,0,0,NO,430,860,1140,860,"GH,OD","GERRY, NY
(42.194749, -79.250394)"
1999,2000-04-12,"REI-NY, LLC",Chautauqua,GERRY,LAKESHORE,BASS ISLAND,1,0,1,0,0,0,NO,459,157,245,157,"GH,OD","GERRY, NY
(42.194749, -79.250394)"
1999,2000-05-31,CNG Transmission Corp.,Cattaraugus,OLEAN,BRADFORD,ONONDAGA,0,0,1,0,0,0,NO,19916,52153,0,52153,"GX,OX","OLEAN, NY
(42.077495, -78.429849)"
1998,2001-08-13,"Lenape Resources, Inc.",Chautauqua,ELLERY,ELLERY,BASS ISLAND,9,3,0,0,0,0,,777,7465,480,5088,"GK,OD","ELLERY, NY
(42.159868, -79.393216)"
1991,2001-08-22,"Chautauqua Energy, Inc.",Chautauqua,NORTH HARMONY,NORTH HARMONY,ONONDAGA,0,0,4,0,0,0,NO,4595,5257,2168,5257,GK,"NORTH HARMONY, NY
(42.094296, -79.374999)"
