country_name,type,product,flow,year,value
Australia,Balance,Crude oil,Industrial Production,2021,18029.678
Austria,Balance,Crude oil,Industrial Production,2021,561.852
Belgium,Balance,Crude oil,Industrial Production,2021,0.0
Canada,Balance,Crude oil,Industrial Production,2021,266630.18
Chile,Balance,Crude oil,Industrial Production,2021,340.997
Czech Republic,Balance,Crude oil,Industrial Production,2021,87.0
Denmark,Balance,Crude oil,Industrial Production,2021,3239.0
Estonia,Balance,Crude oil,Industrial Production,2021,0.0
Finland,Balance,Crude oil,Industrial Production,2021,0.0
France,Balance,Crude oil,Industrial Production,2021,874.0
Germany,Balance,Crude oil,Industrial Production,2021,3085.15
Greece,Balance,Crude oil,Industrial Production,2021,58.754
Hungary,Balance,Crude oil,Industrial Production,2021,1095.0
Iceland,Balance,Crude oil,Industrial Production,2021,0.0
Ireland,Balance,Crude oil,Industrial Production,2021,0.0
Israel,Balance,Crude oil,Industrial Production,2021,168.0
Italy,Balance,Crude oil,Industrial Production,2021,5831.078
Japan,Balance,Crude oil,Industrial Production,2021,383.249
South Korea,Balance,Crude oil,Industrial Production,2021,1078.892
Latvia,Balance,Crude oil,Industrial Production,2021,0.0
Lithuania,Balance,Crude oil,Industrial Production,2021,28.6
Luxembourg,Balance,Crude oil,Industrial Production,2021,0.0
Mexico,Balance,Crude oil,Industrial Production,2021,95425.431
Netherlands,Balance,Crude oil,Industrial Production,2021,1121.065
Norway,Balance,Crude oil,Industrial Production,2021,95055.743
New Zealand,Balance,Crude oil,Industrial Production,2021,975.0
Poland,Balance,Crude oil,Industrial Production,2021,895.294
Portugal,Balance,Crude oil,Industrial Production,2021,0.0
Slovakia,Balance,Crude oil,Industrial Production,2021,4.557
Slovenia,Balance,Crude oil,Industrial Production,2021,0.0
Spain,Balance,Crude oil,Industrial Production,2021,5.816
Sweden,Balance,Crude oil,Industrial Production,2021,0.0
Switzerland,Balance,Crude oil,Industrial Production,2021,0.0
Türkiye,Balance,Crude oil,Industrial Production,2021,3441.66
United Kingdom,Balance,Crude oil,Industrial Production,2021,40865.0
United States,Balance,Crude oil,Industrial Production,2021,702512.0
Australia,Balance,Crude oil,Industrial Production,2021,16725.052
Austria,Balance,Crude oil,Industrial Production,2021,515.782
Belgium,Balance,Crude oil,Industrial Production,2021,0.0
Canada,Balance,Crude oil,Industrial Production,2021,274365.886
Chile,Balance,Crude oil,Industrial Production,2021,378.02
Czech Republic,Balance,Crude oil,Industrial Production,2021,78.0
Denmark,Balance,Crude oil,Industrial Production,2021,3186.0
Estonia,Balance,Crude oil,Industrial Production,2021,0.0
Finland,Balance,Crude oil,Industrial Production,2021,0.0
France,Balance,Crude oil,Industrial Production,2021,887.0
Germany,Balance,Crude oil,Industrial Production,2021,2917.057
Greece,Balance,Crude oil,Industrial Production,2021,0.0
Hungary,Balance,Crude oil,Industrial Production,2021,1080.0
Iceland,Balance,Crude oil,Industrial Production,2021,0.0
Ireland,Balance,Crude oil,Industrial Production,2021,0.0
Israel,Balance,Crude oil,Industrial Production,2021,168.0
Italy,Balance,Crude oil,Industrial Production,2021,5077.739
Japan,Balance,Crude oil,Industrial Production,2021,327.153
South Korea,Balance,Crude oil,Industrial Production,2021,1174.823
Latvia,Balance,Crude oil,Industrial Production,2021,0.0
Lithuania,Balance,Crude oil,Industrial Production,2021,26.5
Luxembourg,Balance,Crude oil,Industrial Production,2021,0.0
Mexico,Balance,Crude oil,Industrial Production,2021,95823.0
Netherlands,Balance,Crude oil,Industrial Production,2021,713.054
Norway,Balance,Crude oil,Industrial Production,2021,89970.464
New Zealand,Balance,Crude oil,Industrial Production,2021,875.0
Poland,Balance,Crude oil,Industrial Production,2021,901.99
Portugal,Balance,Crude oil,Industrial Production,2021,0.0
Slovakia,Balance,Crude oil,Industrial Production,2021,2.143
Slovenia,Balance,Crude oil,Industrial Production,2021,0.0
Spain,Balance,Crude oil,Industrial Production,2021,0.912
Sweden,Balance,Crude oil,Industrial Production,2021,0.0
Switzerland,Balance,Crude oil,Industrial Production,2021,0.0
Türkiye,Balance,Crude oil,Industrial Production,2021,3583.113
United Kingdom,Balance,Crude oil,Industrial Production,2021,37750.743
United States,Balance,Crude oil,Industrial Production,2021,749969.0
Australia,Balance,Liquified Petroleum Gas,Net Deliveries,2021,836.0
Austria,Balance,Liquified Petroleum Gas,Net Deliveries,2021,81.893
Belgium,Balance,Liquified Petroleum Gas,Net Deliveries,2021,2211.3
Canada,Balance,Liquified Petroleum Gas,Net Deliveries,2021,6518.472
Chile,Balance,Liquified Petroleum Gas,Net Deliveries,2021,1382.13
Czech Republic,Balance,Liquified Petroleum Gas,Net Deliveries,2021,432.0
Denmark,Balance,Liquified Petroleum Gas,Net Deliveries,2021,62.0
Estonia,Balance,Liquified Petroleum Gas,Net Deliveries,2021,15.0
Finland,Balance,Liquified Petroleum Gas,Net Deliveries,2021,944.0
France,Balance,Liquified Petroleum Gas,Net Deliveries,2021,3548.0
Germany,Balance,Liquified Petroleum Gas,Net Deliveries,2021,3555.466
Greece,Balance,Liquified Petroleum Gas,Net Deliveries,2021,498.758
Hungary,Balance,Liquified Petroleum Gas,Net Deliveries,2021,572.0
Iceland,Balance,Liquified Petroleum Gas,Net Deliveries,2021,2.115
Ireland,Balance,Liquified Petroleum Gas,Net Deliveries,2021,158.117
Israel,Balance,Liquified Petroleum Gas,Net Deliveries,2021,557.0
Italy,Balance,Liquified Petroleum Gas,Net Deliveries,2021,2863.519
Japan,Balance,Liquified Petroleum Gas,Net Deliveries,2021,10491.586
South Korea,Balance,Liquified Petroleum Gas,Net Deliveries,2021,9888.434
Latvia,Balance,Liquified Petroleum Gas,Net Deliveries,2021,72.75
Lithuania,Balance,Liquified Petroleum Gas,Net Deliveries,2021,124.9
Luxembourg,Balance,Liquified Petroleum Gas,Net Deliveries,2021,0.0
Mexico,Balance,Liquified Petroleum Gas,Net Deliveries,2021,4563.0
Netherlands,Balance,Liquified Petroleum Gas,Net Deliveries,2021,2043.103
Norway,Balance,Liquified Petroleum Gas,Net Deliveries,2021,1588.504
New Zealand,Balance,Liquified Petroleum Gas,Net Deliveries,2021,164.0
Poland,Balance,Liquified Petroleum Gas,Net Deliveries,2021,2506.043
Portugal,Balance,Liquified Petroleum Gas,Net Deliveries,2021,842.981
Slovakia,Balance,Liquified Petroleum Gas,Net Deliveries,2021,81.159
Slovenia,Balance,Liquified Petroleum Gas,Net Deliveries,2021,82.0
Spain,Balance,Liquified Petroleum Gas,Net Deliveries,2021,1801.062
Sweden,Balance,Liquified Petroleum Gas,Net Deliveries,2021,895.853
Switzerland,Balance,Liquified Petroleum Gas,Net Deliveries,2021,161.188
Türkiye,Balance,Liquified Petroleum Gas,Net Deliveries,2021,3918.819
United Kingdom,Balance,Liquified Petroleum Gas,Net Deliveries,2021,2489.0
United States,Balance,Liquified Petroleum Gas,Net Deliveries,2021,32652.0
Australia,Balance,Liquified Petroleum Gas,Net Deliveries,2021,810.0
Austria,Balance,Liquified Petroleum Gas,Net Deliveries,2021,85.57
Belgium,Balance,Liquified Petroleum Gas,Net Deliveries,2021,2378.1
Canada,Balance,Liquified Petroleum Gas,Net Deliveries,2021,7217.096
Chile,Balance,Liquified Petroleum Gas,Net Deliveries,2021,1373.065
Czech Republic,Balance,Liquified Petroleum Gas,Net Deliveries,2021,422.0
Denmark,Balance,Liquified Petroleum Gas,Net Deliveries,2021,64.0
Estonia,Balance,Liquified Petroleum Gas,Net Deliveries,2021,13.0
Finland,Balance,Liquified Petroleum Gas,Net Deliveries,2021,1093.0
France,Balance,Liquified Petroleum Gas,Net Deliveries,2021,2989.0
Germany,Balance,Liquified Petroleum Gas,Net Deliveries,2021,3135.731
Greece,Balance,Liquified Petroleum Gas,Net Deliveries,2021,549.112
Hungary,Balance,Liquified Petroleum Gas,Net Deliveries,2021,428.0
Iceland,Balance,Liquified Petroleum Gas,Net Deliveries,2021,3.257
Ireland,Balance,Liquified Petroleum Gas,Net Deliveries,2021,165.055
Israel,Balance,Liquified Petroleum Gas,Net Deliveries,2021,611.0
Italy,Balance,Liquified Petroleum Gas,Net Deliveries,2021,2925.339
Japan,Balance,Liquified Petroleum Gas,Net Deliveries,2021,11212.492
South Korea,Balance,Liquified Petroleum Gas,Net Deliveries,2021,10570.128
Latvia,Balance,Liquified Petroleum Gas,Net Deliveries,2021,79.936
Lithuania,Balance,Liquified Petroleum Gas,Net Deliveries,2021,133.5
Luxembourg,Balance,Liquified Petroleum Gas,Net Deliveries,2021,0.0
Mexico,Balance,Liquified Petroleum Gas,Net Deliveries,2021,4791.0
Netherlands,Balance,Liquified Petroleum Gas,Net Deliveries,2021,1966.19
Norway,Balance,Liquified Petroleum Gas,Net Deliveries,2021,1088.276
New Zealand,Balance,Liquified Petroleum Gas,Net Deliveries,2021,187.0
Poland,Balance,Liquified Petroleum Gas,Net Deliveries,2021,2509.984
Portugal,Balance,Liquified Petroleum Gas,Net Deliveries,2021,827.249
Slovakia,Balance,Liquified Petroleum Gas,Net Deliveries,2021,97.146
Slovenia,Balance,Liquified Petroleum Gas,Net Deliveries,2021,79.0
Spain,Balance,Liquified Petroleum Gas,Net Deliveries,2021,1971.43
Sweden,Balance,Liquified Petroleum Gas,Net Deliveries,2021,711.718
Switzerland,Balance,Liquified Petroleum Gas,Net Deliveries,2021,150.916
Türkiye,Balance,Liquified Petroleum Gas,Net Deliveries,2021,3868.285
United Kingdom,Balance,Liquified Petroleum Gas,Net Deliveries,2021,2562.0
United States,Balance,Liquified Petroleum Gas,Net Deliveries,2021,32777.0
Australia,Balance,Naphtha,Net Deliveries,2021,0.0
Austria,Balance,Naphtha,Net Deliveries,2021,1081.534
Belgium,Balance,Naphtha,Net Deliveries,2021,4938.3
Canada,Balance,Naphtha,Net Deliveries,2021,688.231
Chile,Balance,Naphtha,Net Deliveries,2021,43.371
Czech Republic,Balance,Naphtha,Net Deliveries,2021,1026.0
Denmark,Balance,Naphtha,Net Deliveries,2021,0.0
Estonia,Balance,Naphtha,Net Deliveries,2021,0.0
Finland,Balance,Naphtha,Net Deliveries,2021,0.0
France,Balance,Naphtha,Net Deliveries,2021,5793.0
Germany,Balance,Naphtha,Net Deliveries,2021,13405.757
Greece,Balance,Naphtha,Net Deliveries,2021,29.531
Hungary,Balance,Naphtha,Net Deliveries,2021,1124.0
Iceland,Balance,Naphtha,Net Deliveries,2021,0.0
Ireland,Balance,Naphtha,Net Deliveries,2021,0.459
Israel,Balance,Naphtha,Net Deliveries,2021,456.0
Italy,Balance,Naphtha,Net Deliveries,2021,3881.445
Japan,Balance,Naphtha,Net Deliveries,2021,31403.459
South Korea,Balance,Naphtha,Net Deliveries,2021,42037.115
Latvia,Balance,Naphtha,Net Deliveries,2021,0.0
Lithuania,Balance,Naphtha,Net Deliveries,2021,0.0
Luxembourg,Balance,Naphtha,Net Deliveries,2021,0.0
Mexico,Balance,Naphtha,Net Deliveries,2021,1260.0
Netherlands,Balance,Naphtha,Net Deliveries,2021,6852.826
Norway,Balance,Naphtha,Net Deliveries,2021,0.0
New Zealand,Balance,Naphtha,Net Deliveries,2021,0.0
Poland,Balance,Naphtha,Net Deliveries,2021,985.803
Portugal,Balance,Naphtha,Net Deliveries,2021,644.677
Slovakia,Balance,Naphtha,Net Deliveries,2021,576.485
Slovenia,Balance,Naphtha,Net Deliveries,2021,0.0
Spain,Balance,Naphtha,Net Deliveries,2021,1594.786
Sweden,Balance,Naphtha,Net Deliveries,2021,387.769
Switzerland,Balance,Naphtha,Net Deliveries,2021,13.715
Türkiye,Balance,Naphtha,Net Deliveries,2021,1841.0
United Kingdom,Balance,Naphtha,Net Deliveries,2021,155.0
United States,Balance,Naphtha,Net Deliveries,2021,7977.0
Australia,Balance,Naphtha,Net Deliveries,2021,0.0
Austria,Balance,Naphtha,Net Deliveries,2021,832.786
Belgium,Balance,Naphtha,Net Deliveries,2021,3992.5
Canada,Balance,Naphtha,Net Deliveries,2021,863.561
Chile,Balance,Naphtha,Net Deliveries,2021,58.649
Czech Republic,Balance,Naphtha,Net Deliveries,2021,1002.0
Denmark,Balance,Naphtha,Net Deliveries,2021,0.0
Estonia,Balance,Naphtha,Net Deliveries,2021,0.0
Finland,Balance,Naphtha,Net Deliveries,2021,33.0
France,Balance,Naphtha,Net Deliveries,2021,4078.0
Germany,Balance,Naphtha,Net Deliveries,2021,11955.695
Greece,Balance,Naphtha,Net Deliveries,2021,10.663
Hungary,Balance,Naphtha,Net Deliveries,2021,880.0
Iceland,Balance,Naphtha,Net Deliveries,2021,0.0
Ireland,Balance,Naphtha,Net Deliveries,2021,0.379
Israel,Balance,Naphtha,Net Deliveries,2021,359.0
Italy,Balance,Naphtha,Net Deliveries,2021,3153.575
Japan,Balance,Naphtha,Net Deliveries,2021,27999.608
South Korea,Balance,Naphtha,Net Deliveries,2021,40771.611
Latvia,Balance,Naphtha,Net Deliveries,2021,0.0
Lithuania,Balance,Naphtha,Net Deliveries,2021,2.5
Luxembourg,Balance,Naphtha,Net Deliveries,2021,0.0
Mexico,Balance,Naphtha,Net Deliveries,2021,1289.0
Netherlands,Balance,Naphtha,Net Deliveries,2021,6160.96
Norway,Balance,Naphtha,Net Deliveries,2021,0.0
New Zealand,Balance,Naphtha,Net Deliveries,2021,0.0
Poland,Balance,Naphtha,Net Deliveries,2021,1421.198
Portugal,Balance,Naphtha,Net Deliveries,2021,391.966
Slovakia,Balance,Naphtha,Net Deliveries,2021,493.175
Slovenia,Balance,Naphtha,Net Deliveries,2021,0.0
Spain,Balance,Naphtha,Net Deliveries,2021,1662.177
Sweden,Balance,Naphtha,Net Deliveries,2021,204.805
Switzerland,Balance,Naphtha,Net Deliveries,2021,20.971
Türkiye,Balance,Naphtha,Net Deliveries,2021,1297.189
United Kingdom,Balance,Naphtha,Net Deliveries,2021,53.0
United States,Balance,Naphtha,Net Deliveries,2021,5925.0
Australia,Balance,Total gas oil production,Net Deliveries,2021,11540.348
Austria,Balance,Total gas oil production,Net Deliveries,2021,1442.387
Belgium,Balance,Total gas oil production,Net Deliveries,2021,1997.2
Canada,Balance,Total gas oil production,Net Deliveries,2021,30268.63
Chile,Balance,Total gas oil production,Net Deliveries,2021,3737.065
Czech Republic,Balance,Total gas oil production,Net Deliveries,2021,1518.0
Denmark,Balance,Total gas oil production,Net Deliveries,2021,1280.0
Estonia,Balance,Total gas oil production,Net Deliveries,2021,207.0
Finland,Balance,Total gas oil production,Net Deliveries,2021,1342.0
France,Balance,Total gas oil production,Net Deliveries,2021,8317.0
Germany,Balance,Total gas oil production,Net Deliveries,2021,15606.152
Greece,Balance,Total gas oil production,Net Deliveries,2021,2037.322
Hungary,Balance,Total gas oil production,Net Deliveries,2021,1478.0
Iceland,Balance,Total gas oil production,Net Deliveries,2021,101.757
Ireland,Balance,Total gas oil production,Net Deliveries,2021,608.716
Israel,Balance,Total gas oil production,Net Deliveries,2021,3256.0
Italy,Balance,Total gas oil production,Net Deliveries,2021,7288.852
Japan,Balance,Total gas oil production,Net Deliveries,2021,28387.82
South Korea,Balance,Total gas oil production,Net Deliveries,2021,8537.202
Latvia,Balance,Total gas oil production,Net Deliveries,2021,159.538
Lithuania,Balance,Total gas oil production,Net Deliveries,2021,257.1
Luxembourg,Balance,Total gas oil production,Net Deliveries,2021,339.076
Mexico,Balance,Total gas oil production,Net Deliveries,2021,24039.342
Netherlands,Balance,Total gas oil production,Net Deliveries,2021,3819.776
Norway,Balance,Total gas oil production,Net Deliveries,2021,718.443
New Zealand,Balance,Total gas oil production,Net Deliveries,2021,2198.0
Poland,Balance,Total gas oil production,Net Deliveries,2021,4789.835
Portugal,Balance,Total gas oil production,Net Deliveries,2021,960.985
Slovakia,Balance,Total gas oil production,Net Deliveries,2021,553.011
Slovenia,Balance,Total gas oil production,Net Deliveries,2021,370.0
Spain,Balance,Total gas oil production,Net Deliveries,2021,5247.091
Sweden,Balance,Total gas oil production,Net Deliveries,2021,2169.276
Switzerland,Balance,Total gas oil production,Net Deliveries,2021,2132.692
Türkiye,Balance,Total gas oil production,Net Deliveries,2021,1677.854
United Kingdom,Balance,Total gas oil production,Net Deliveries,2021,10817.0
United States,Balance,Total gas oil production,Net Deliveries,2021,379625.411
Australia,Balance,Total gas oil production,Net Deliveries,2021,11898.631
Austria,Balance,Total gas oil production,Net Deliveries,2021,1501.374
Belgium,Balance,Total gas oil production,Net Deliveries,2021,2138.9
Canada,Balance,Total gas oil production,Net Deliveries,2021,31044.769
Chile,Balance,Total gas oil production,Net Deliveries,2021,4088.833
Czech Republic,Balance,Total gas oil production,Net Deliveries,2021,1595.0
Denmark,Balance,Total gas oil production,Net Deliveries,2021,1276.0
Estonia,Balance,Total gas oil production,Net Deliveries,2021,201.0
Finland,Balance,Total gas oil production,Net Deliveries,2021,1260.0
France,Balance,Total gas oil production,Net Deliveries,2021,9451.0
Germany,Balance,Total gas oil production,Net Deliveries,2021,15618.214
Greece,Balance,Total gas oil production,Net Deliveries,2021,2074.16
Hungary,Balance,Total gas oil production,Net Deliveries,2021,1531.0
Iceland,Balance,Total gas oil production,Net Deliveries,2021,109.481
Ireland,Balance,Total gas oil production,Net Deliveries,2021,687.878
Israel,Balance,Total gas oil production,Net Deliveries,2021,3436.0
Italy,Balance,Total gas oil production,Net Deliveries,2021,7907.435
Japan,Balance,Total gas oil production,Net Deliveries,2021,28339.304
South Korea,Balance,Total gas oil production,Net Deliveries,2021,8644.716
Latvia,Balance,Total gas oil production,Net Deliveries,2021,154.393
Lithuania,Balance,Total gas oil production,Net Deliveries,2021,282.1
Luxembourg,Balance,Total gas oil production,Net Deliveries,2021,344.89
Mexico,Balance,Total gas oil production,Net Deliveries,2021,28040.0
Netherlands,Balance,Total gas oil production,Net Deliveries,2021,3928.73
Norway,Balance,Total gas oil production,Net Deliveries,2021,683.177
New Zealand,Balance,Total gas oil production,Net Deliveries,2021,2204.0
Poland,Balance,Total gas oil production,Net Deliveries,2021,5177.748
Portugal,Balance,Total gas oil production,Net Deliveries,2021,1103.646
Slovakia,Balance,Total gas oil production,Net Deliveries,2021,661.125
Slovenia,Balance,Total gas oil production,Net Deliveries,2021,423.0
Spain,Balance,Total gas oil production,Net Deliveries,2021,5755.096
Sweden,Balance,Total gas oil production,Net Deliveries,2021,2157.023
Switzerland,Balance,Total gas oil production,Net Deliveries,2021,2087.706
Türkiye,Balance,Total gas oil production,Net Deliveries,2021,2199.258
United Kingdom,Balance,Total gas oil production,Net Deliveries,2021,11882.0
United States,Balance,Total gas oil production,Net Deliveries,2021,379378.851
Australia,Balance,Total kerosene production,Net Deliveries,2021,2928.885
Austria,Balance,Total kerosene production,Net Deliveries,2021,404.516
Belgium,Balance,Total kerosene production,Net Deliveries,2021,1489.4
Canada,Balance,Total kerosene production,Net Deliveries,2021,3993.818
Chile,Balance,Total kerosene production,Net Deliveries,2021,824.11
Czech Republic,Balance,Total kerosene production,Net Deliveries,2021,168.0
Denmark,Balance,Total kerosene production,Net Deliveries,2021,462.0
Estonia,Balance,Total kerosene production,Net Deliveries,2021,49.0
Finland,Balance,Total kerosene production,Net Deliveries,2021,318.0
France,Balance,Total kerosene production,Net Deliveries,2021,4267.0
Germany,Balance,Total kerosene production,Net Deliveries,2021,6154.784
Greece,Balance,Total kerosene production,Net Deliveries,2021,910.143
Hungary,Balance,Total kerosene production,Net Deliveries,2021,135.0
Iceland,Balance,Total kerosene production,Net Deliveries,2021,76.792
Ireland,Balance,Total kerosene production,Net Deliveries,2021,1312.324
Israel,Balance,Total kerosene production,Net Deliveries,2021,745.0
Italy,Balance,Total kerosene production,Net Deliveries,2021,2979.067
Japan,Balance,Total kerosene production,Net Deliveries,2021,17160.966
South Korea,Balance,Total kerosene production,Net Deliveries,2021,6675.778
Latvia,Balance,Total kerosene production,Net Deliveries,2021,75.651
Lithuania,Balance,Total kerosene production,Net Deliveries,2021,69.0
Luxembourg,Balance,Total kerosene production,Net Deliveries,2021,503.75
Mexico,Balance,Total kerosene production,Net Deliveries,2021,2827.0
Netherlands,Balance,Total kerosene production,Net Deliveries,2021,2424.087
Norway,Balance,Total kerosene production,Net Deliveries,2021,330.326
New Zealand,Balance,Total kerosene production,Net Deliveries,2021,559.0
Poland,Balance,Total kerosene production,Net Deliveries,2021,574.464
Portugal,Balance,Total kerosene production,Net Deliveries,2021,807.545
Slovakia,Balance,Total kerosene production,Net Deliveries,2021,21.614
Slovenia,Balance,Total kerosene production,Net Deliveries,2021,12.0
Spain,Balance,Total kerosene production,Net Deliveries,2021,3357.302
Sweden,Balance,Total kerosene production,Net Deliveries,2021,364.778
Switzerland,Balance,Total kerosene production,Net Deliveries,2021,786.994
Türkiye,Balance,Total kerosene production,Net Deliveries,2021,3507.406
United Kingdom,Balance,Total kerosene production,Net Deliveries,2021,8071.0
United States,Balance,Total kerosene production,Net Deliveries,2021,63327.0
Australia,Balance,Total kerosene production,Net Deliveries,2021,4950.512
Austria,Balance,Total kerosene production,Net Deliveries,2021,610.129
Belgium,Balance,Total kerosene production,Net Deliveries,2021,1710.1
Canada,Balance,Total kerosene production,Net Deliveries,2021,6209.252
Chile,Balance,Total kerosene production,Net Deliveries,2021,900.131
Czech Republic,Balance,Total kerosene production,Net Deliveries,2021,276.0
Denmark,Balance,Total kerosene production,Net Deliveries,2021,765.0
Estonia,Balance,Total kerosene production,Net Deliveries,2021,56.0
Finland,Balance,Total kerosene production,Net Deliveries,2021,593.0
France,Balance,Total kerosene production,Net Deliveries,2021,5700.0
Germany,Balance,Total kerosene production,Net Deliveries,2021,9093.137
Greece,Balance,Total kerosene production,Net Deliveries,2021,1474.606
Hungary,Balance,Total kerosene production,Net Deliveries,2021,265.0
Iceland,Balance,Total kerosene production,Net Deliveries,2021,244.37
Ireland,Balance,Total kerosene production,Net Deliveries,2021,1710.854
Israel,Balance,Total kerosene production,Net Deliveries,2021,1119.0
Italy,Balance,Total kerosene production,Net Deliveries,2021,4119.525
Japan,Balance,Total kerosene production,Net Deliveries,2021,17763.75
South Korea,Balance,Total kerosene production,Net Deliveries,2021,7277.924
Latvia,Balance,Total kerosene production,Net Deliveries,2021,137.968
Lithuania,Balance,Total kerosene production,Net Deliveries,2021,108.4
Luxembourg,Balance,Total kerosene production,Net Deliveries,2021,553.951
Mexico,Balance,Total kerosene production,Net Deliveries,2021,3995.0
Netherlands,Balance,Total kerosene production,Net Deliveries,2021,3146.141
Norway,Balance,Total kerosene production,Net Deliveries,2021,681.053
New Zealand,Balance,Total kerosene production,Net Deliveries,2021,843.0
Poland,Balance,Total kerosene production,Net Deliveries,2021,978.428
Portugal,Balance,Total kerosene production,Net Deliveries,2021,1494.792
Slovakia,Balance,Total kerosene production,Net Deliveries,2021,44.752
Slovenia,Balance,Total kerosene production,Net Deliveries,2021,19.0
Spain,Balance,Total kerosene production,Net Deliveries,2021,5871.01
Sweden,Balance,Total kerosene production,Net Deliveries,2021,712.171
Switzerland,Balance,Total kerosene production,Net Deliveries,2021,1385.389
Türkiye,Balance,Total kerosene production,Net Deliveries,2021,4936.892
United Kingdom,Balance,Total kerosene production,Net Deliveries,2021,12539.0
United States,Balance,Total kerosene production,Net Deliveries,2021,71876.0
Australia,Balance,Gasoline and diesel,Net Deliveries,2021,25935.536
Austria,Balance,Gasoline and diesel,Net Deliveries,2021,7447.889
Belgium,Balance,Gasoline and diesel,Net Deliveries,2021,9352.0
Canada,Balance,Gasoline and diesel,Net Deliveries,2021,27628.413
Chile,Balance,Gasoline and diesel,Net Deliveries,2021,9178.457
Czech Republic,Balance,Gasoline and diesel,Net Deliveries,2021,5137.0
Denmark,Balance,Gasoline and diesel,Net Deliveries,2021,3676.0
Estonia,Balance,Gasoline and diesel,Net Deliveries,2021,763.0
Finland,Balance,Gasoline and diesel,Net Deliveries,2021,4203.0
France,Balance,Gasoline and diesel,Net Deliveries,2021,41894.0
Germany,Balance,Gasoline and diesel,Net Deliveries,2021,47235.773
Greece,Balance,Gasoline and diesel,Net Deliveries,2021,4157.004
Hungary,Balance,Gasoline and diesel,Net Deliveries,2021,3796.0
Iceland,Balance,Gasoline and diesel,Net Deliveries,2021,350.988
Ireland,Balance,Gasoline and diesel,Net Deliveries,2021,3709.629
Israel,Balance,Gasoline and diesel,Net Deliveries,2021,3192.0
Italy,Balance,Gasoline and diesel,Net Deliveries,2021,26582.197
Japan,Balance,Gasoline and diesel,Net Deliveries,2021,35525.276
South Korea,Balance,Gasoline and diesel,Net Deliveries,2021,21650.177
Latvia,Balance,Gasoline and diesel,Net Deliveries,2021,1062.199
Lithuania,Balance,Gasoline and diesel,Net Deliveries,2021,1885.3
Luxembourg,Balance,Gasoline and diesel,Net Deliveries,2021,1698.036
Mexico,Balance,Gasoline and diesel,Net Deliveries,2021,10652.0
Netherlands,Balance,Gasoline and diesel,Net Deliveries,2021,6297.338
Norway,Balance,Gasoline and diesel,Net Deliveries,2021,4912.694
New Zealand,Balance,Gasoline and diesel,Net Deliveries,2021,3150.0
Poland,Balance,Gasoline and diesel,Net Deliveries,2021,18750.413
Portugal,Balance,Gasoline and diesel,Net Deliveries,2021,4619.407
Slovakia,Balance,Gasoline and diesel,Net Deliveries,2021,1889.311
Slovenia,Balance,Gasoline and diesel,Net Deliveries,2021,1511.0
Spain,Balance,Gasoline and diesel,Net Deliveries,2021,28528.656
Sweden,Balance,Gasoline and diesel,Net Deliveries,2021,5399.307
Switzerland,Balance,Gasoline and diesel,Net Deliveries,2021,5125.653
Türkiye,Balance,Gasoline and diesel,Net Deliveries,2021,25131.7
United Kingdom,Balance,Gasoline and diesel,Net Deliveries,2021,27867.0
United States,Balance,Gasoline and diesel,Net Deliveries,2021,188284.815
Australia,Balance,Gasoline and diesel,Net Deliveries,2021,26337.065
Austria,Balance,Gasoline and diesel,Net Deliveries,2021,7017.216
Belgium,Balance,Gasoline and diesel,Net Deliveries,2021,8976.0
Canada,Balance,Gasoline and diesel,Net Deliveries,2021,28738.092
Chile,Balance,Gasoline and diesel,Net Deliveries,2021,9459.054
Czech Republic,Balance,Gasoline and diesel,Net Deliveries,2021,5181.0
Denmark,Balance,Gasoline and diesel,Net Deliveries,2021,3706.0
Estonia,Balance,Gasoline and diesel,Net Deliveries,2021,779.0
Finland,Balance,Gasoline and diesel,Net Deliveries,2021,4236.0
France,Balance,Gasoline and diesel,Net Deliveries,2021,40998.0
Germany,Balance,Gasoline and diesel,Net Deliveries,2021,47776.64
Greece,Balance,Gasoline and diesel,Net Deliveries,2021,4525.043
Hungary,Balance,Gasoline and diesel,Net Deliveries,2021,3977.0
Iceland,Balance,Gasoline and diesel,Net Deliveries,2021,391.884
Ireland,Balance,Gasoline and diesel,Net Deliveries,2021,3872.601
Israel,Balance,Gasoline and diesel,Net Deliveries,2021,3790.0
Italy,Balance,Gasoline and diesel,Net Deliveries,2021,26644.628
Japan,Balance,Gasoline and diesel,Net Deliveries,2021,35919.242
South Korea,Balance,Gasoline and diesel,Net Deliveries,2021,21151.843
Latvia,Balance,Gasoline and diesel,Net Deliveries,2021,1087.157
Lithuania,Balance,Gasoline and diesel,Net Deliveries,2021,1774.9
Luxembourg,Balance,Gasoline and diesel,Net Deliveries,2021,1425.854
Mexico,Balance,Gasoline and diesel,Net Deliveries,2021,15486.0
Netherlands,Balance,Gasoline and diesel,Net Deliveries,2021,5977.425
Norway,Balance,Gasoline and diesel,Net Deliveries,2021,4936.937
New Zealand,Balance,Gasoline and diesel,Net Deliveries,2021,3392.0
Poland,Balance,Gasoline and diesel,Net Deliveries,2021,18674.21
Portugal,Balance,Gasoline and diesel,Net Deliveries,2021,4826.55
Slovakia,Balance,Gasoline and diesel,Net Deliveries,2021,2044.335
Slovenia,Balance,Gasoline and diesel,Net Deliveries,2021,1770.0
Spain,Balance,Gasoline and diesel,Net Deliveries,2021,28797.864
Sweden,Balance,Gasoline and diesel,Net Deliveries,2021,5149.352
Switzerland,Balance,Gasoline and diesel,Net Deliveries,2021,4809.939
Türkiye,Balance,Gasoline and diesel,Net Deliveries,2021,24974.235
United Kingdom,Balance,Gasoline and diesel,Net Deliveries,2021,28029.0
United States,Balance,Gasoline and diesel,Net Deliveries,2021,190136.556
Australia,Balance,Residual fuel oil,Net Deliveries,2021,195.404
Austria,Balance,Residual fuel oil,Net Deliveries,2021,65.507
Belgium,Balance,Residual fuel oil,Net Deliveries,2021,48.0
Canada,Balance,Residual fuel oil,Net Deliveries,2021,2459.029
Chile,Balance,Residual fuel oil,Net Deliveries,2021,571.322
Czech Republic,Balance,Residual fuel oil,Net Deliveries,2021,64.0
Denmark,Balance,Residual fuel oil,Net Deliveries,2021,50.0
Estonia,Balance,Residual fuel oil,Net Deliveries,2021,22.0
Finland,Balance,Residual fuel oil,Net Deliveries,2021,438.0
France,Balance,Residual fuel oil,Net Deliveries,2021,813.0
Germany,Balance,Residual fuel oil,Net Deliveries,2021,2243.857
Greece,Balance,Residual fuel oil,Net Deliveries,2021,1270.124
Hungary,Balance,Residual fuel oil,Net Deliveries,2021,3.0
Iceland,Balance,Residual fuel oil,Net Deliveries,2021,0.0
Ireland,Balance,Residual fuel oil,Net Deliveries,2021,362.444
Israel,Balance,Residual fuel oil,Net Deliveries,2021,453.0
Italy,Balance,Residual fuel oil,Net Deliveries,2021,868.086
Japan,Balance,Residual fuel oil,Net Deliveries,2021,7100.906
South Korea,Balance,Residual fuel oil,Net Deliveries,2021,1632.354
Latvia,Balance,Residual fuel oil,Net Deliveries,2021,0.199
Lithuania,Balance,Residual fuel oil,Net Deliveries,2021,15.7
Luxembourg,Balance,Residual fuel oil,Net Deliveries,2021,0.178
Mexico,Balance,Residual fuel oil,Net Deliveries,2021,4443.0
Netherlands,Balance,Residual fuel oil,Net Deliveries,2021,0.0
Norway,Balance,Residual fuel oil,Net Deliveries,2021,27.906
New Zealand,Balance,Residual fuel oil,Net Deliveries,2021,59.0
Poland,Balance,Residual fuel oil,Net Deliveries,2021,192.249
Portugal,Balance,Residual fuel oil,Net Deliveries,2021,334.056
Slovakia,Balance,Residual fuel oil,Net Deliveries,2021,-34.965
Slovenia,Balance,Residual fuel oil,Net Deliveries,2021,0.0
Spain,Balance,Residual fuel oil,Net Deliveries,2021,1692.696
Sweden,Balance,Residual fuel oil,Net Deliveries,2021,356.453
Switzerland,Balance,Residual fuel oil,Net Deliveries,2021,0.0
Türkiye,Balance,Residual fuel oil,Net Deliveries,2021,268.636
United Kingdom,Balance,Residual fuel oil,Net Deliveries,2021,256.0
United States,Balance,Residual fuel oil,Net Deliveries,2021,3304.0
Australia,Balance,Residual fuel oil,Net Deliveries,2021,219.085
Austria,Balance,Residual fuel oil,Net Deliveries,2021,54.118
Belgium,Balance,Residual fuel oil,Net Deliveries,2021,30.5
Canada,Balance,Residual fuel oil,Net Deliveries,2021,2804.956
Chile,Balance,Residual fuel oil,Net Deliveries,2021,378.812
Czech Republic,Balance,Residual fuel oil,Net Deliveries,2021,58.0
Denmark,Balance,Residual fuel oil,Net Deliveries,2021,65.0
Estonia,Balance,Residual fuel oil,Net Deliveries,2021,30.0
Finland,Balance,Residual fuel oil,Net Deliveries,2021,436.0
France,Balance,Residual fuel oil,Net Deliveries,2021,963.0
Germany,Balance,Residual fuel oil,Net Deliveries,2021,1885.552
Greece,Balance,Residual fuel oil,Net Deliveries,2021,1305.461
Hungary,Balance,Residual fuel oil,Net Deliveries,2021,7.0
Iceland,Balance,Residual fuel oil,Net Deliveries,2021,0.0
Ireland,Balance,Residual fuel oil,Net Deliveries,2021,224.774
Israel,Balance,Residual fuel oil,Net Deliveries,2021,566.0
Italy,Balance,Residual fuel oil,Net Deliveries,2021,1064.882
Japan,Balance,Residual fuel oil,Net Deliveries,2021,8426.283
South Korea,Balance,Residual fuel oil,Net Deliveries,2021,1414.478
Latvia,Balance,Residual fuel oil,Net Deliveries,2021,0.0
Lithuania,Balance,Residual fuel oil,Net Deliveries,2021,38.7
Luxembourg,Balance,Residual fuel oil,Net Deliveries,2021,0.007
Mexico,Balance,Residual fuel oil,Net Deliveries,2021,3882.0
Netherlands,Balance,Residual fuel oil,Net Deliveries,2021,0.013
Norway,Balance,Residual fuel oil,Net Deliveries,2021,32.528
New Zealand,Balance,Residual fuel oil,Net Deliveries,2021,66.0
Poland,Balance,Residual fuel oil,Net Deliveries,2021,290.333
Portugal,Balance,Residual fuel oil,Net Deliveries,2021,727.672
Slovakia,Balance,Residual fuel oil,Net Deliveries,2021,-25.756
Slovenia,Balance,Residual fuel oil,Net Deliveries,2021,3.0
Spain,Balance,Residual fuel oil,Net Deliveries,2021,1769.511
Sweden,Balance,Residual fuel oil,Net Deliveries,2021,306.075
Switzerland,Balance,Residual fuel oil,Net Deliveries,2021,0.0
Türkiye,Balance,Residual fuel oil,Net Deliveries,2021,329.527
United Kingdom,Balance,Residual fuel oil,Net Deliveries,2021,324.346
United States,Balance,Residual fuel oil,Net Deliveries,2021,3490.0
Australia,Balance,Other oil products,Net Deliveries,2021,1851.196
Austria,Balance,Other oil products,Net Deliveries,2021,589.49
Belgium,Balance,Other oil products,Net Deliveries,2021,692.1
Canada,Balance,Other oil products,Net Deliveries,2021,20420.618
Chile,Balance,Other oil products,Net Deliveries,2021,585.197
Czech Republic,Balance,Other oil products,Net Deliveries,2021,1231.0
Denmark,Balance,Other oil products,Net Deliveries,2021,404.0
Estonia,Balance,Other oil products,Net Deliveries,2021,0.0
Finland,Balance,Other oil products,Net Deliveries,2021,195.0
France,Balance,Other oil products,Net Deliveries,2021,5362.0
Germany,Balance,Other oil products,Net Deliveries,2021,4089.004
Greece,Balance,Other oil products,Net Deliveries,2021,836.143
Hungary,Balance,Other oil products,Net Deliveries,2021,681.0
Iceland,Balance,Other oil products,Net Deliveries,2021,6.934
Ireland,Balance,Other oil products,Net Deliveries,2021,509.999
Israel,Balance,Other oil products,Net Deliveries,2021,571.0
Italy,Balance,Other oil products,Net Deliveries,2021,4197.267
Japan,Balance,Other oil products,Net Deliveries,2021,10565.358
South Korea,Balance,Other oil products,Net Deliveries,2021,5101.705
Latvia,Balance,Other oil products,Net Deliveries,2021,58.211
Lithuania,Balance,Other oil products,Net Deliveries,2021,226.0
Luxembourg,Balance,Other oil products,Net Deliveries,2021,74.531
Mexico,Balance,Other oil products,Net Deliveries,2021,2852.0
Netherlands,Balance,Other oil products,Net Deliveries,2021,2876.097
Norway,Balance,Other oil products,Net Deliveries,2021,2243.386
New Zealand,Balance,Other oil products,Net Deliveries,2021,355.0
Poland,Balance,Other oil products,Net Deliveries,2021,3116.052
Portugal,Balance,Other oil products,Net Deliveries,2021,601.439
Slovakia,Balance,Other oil products,Net Deliveries,2021,40.826
Slovenia,Balance,Other oil products,Net Deliveries,2021,197.0
Spain,Balance,Other oil products,Net Deliveries,2021,3707.287
Sweden,Balance,Other oil products,Net Deliveries,2021,814.857
Switzerland,Balance,Other oil products,Net Deliveries,2021,331.951
Türkiye,Balance,Other oil products,Net Deliveries,2021,8318.325
United Kingdom,Balance,Other oil products,Net Deliveries,2021,3542.0
United States,Balance,Other oil products,Net Deliveries,2021,100967.0
Australia,Balance,Other oil products,Net Deliveries,2021,1774.44
Austria,Balance,Other oil products,Net Deliveries,2021,506.077
Belgium,Balance,Other oil products,Net Deliveries,2021,208.7
Canada,Balance,Other oil products,Net Deliveries,2021,19803.959
Chile,Balance,Other oil products,Net Deliveries,2021,801.325
Czech Republic,Balance,Other oil products,Net Deliveries,2021,1330.0
Denmark,Balance,Other oil products,Net Deliveries,2021,402.0
Estonia,Balance,Other oil products,Net Deliveries,2021,0.0
Finland,Balance,Other oil products,Net Deliveries,2021,159.0
France,Balance,Other oil products,Net Deliveries,2021,4967.0
Germany,Balance,Other oil products,Net Deliveries,2021,4311.862
Greece,Balance,Other oil products,Net Deliveries,2021,923.45
Hungary,Balance,Other oil products,Net Deliveries,2021,629.0
Iceland,Balance,Other oil products,Net Deliveries,2021,13.462
Ireland,Balance,Other oil products,Net Deliveries,2021,488.208
Israel,Balance,Other oil products,Net Deliveries,2021,512.0
Italy,Balance,Other oil products,Net Deliveries,2021,4009.857
Japan,Balance,Other oil products,Net Deliveries,2021,10244.38
South Korea,Balance,Other oil products,Net Deliveries,2021,4425.944
Latvia,Balance,Other oil products,Net Deliveries,2021,77.179
Lithuania,Balance,Other oil products,Net Deliveries,2021,194.7
Luxembourg,Balance,Other oil products,Net Deliveries,2021,33.607
Mexico,Balance,Other oil products,Net Deliveries,2021,2741.0
Netherlands,Balance,Other oil products,Net Deliveries,2021,3041.479
Norway,Balance,Other oil products,Net Deliveries,2021,1651.752
New Zealand,Balance,Other oil products,Net Deliveries,2021,311.0
Poland,Balance,Other oil products,Net Deliveries,2021,2912.673
Portugal,Balance,Other oil products,Net Deliveries,2021,599.388
Slovakia,Balance,Other oil products,Net Deliveries,2021,7.056
Slovenia,Balance,Other oil products,Net Deliveries,2021,155.0
Spain,Balance,Other oil products,Net Deliveries,2021,2950.446
Sweden,Balance,Other oil products,Net Deliveries,2021,684.276
Switzerland,Balance,Other oil products,Net Deliveries,2021,317.209
Türkiye,Balance,Other oil products,Net Deliveries,2021,8714.7
United Kingdom,Balance,Other oil products,Net Deliveries,2021,3289.0
United States,Balance,Other oil products,Net Deliveries,2021,107089.0
Australia,Balance,Total oil products production,Net Deliveries,2021,43287.369
Austria,Balance,Total oil products production,Net Deliveries,2021,11113.216
Belgium,Balance,Total oil products production,Net Deliveries,2021,20728.3
Canada,Balance,Total oil products production,Net Deliveries,2021,91977.211
Chile,Balance,Total oil products production,Net Deliveries,2021,16321.652
Czech Republic,Balance,Total oil products production,Net Deliveries,2021,9576.0
Denmark,Balance,Total oil products production,Net Deliveries,2021,5934.0
Estonia,Balance,Total oil products production,Net Deliveries,2021,1056.0
Finland,Balance,Total oil products production,Net Deliveries,2021,7440.0
France,Balance,Total oil products production,Net Deliveries,2021,69994.0
Germany,Balance,Total oil products production,Net Deliveries,2021,92290.793
Greece,Balance,Total oil products production,Net Deliveries,2021,9739.025
Hungary,Balance,Total oil products production,Net Deliveries,2021,7789.0
Iceland,Balance,Total oil products production,Net Deliveries,2021,538.586
Ireland,Balance,Total oil products production,Net Deliveries,2021,6661.688
Israel,Balance,Total oil products production,Net Deliveries,2021,9230.0
Italy,Balance,Total oil products production,Net Deliveries,2021,48660.433
Japan,Balance,Total oil products production,Net Deliveries,2021,140635.371
South Korea,Balance,Total oil products production,Net Deliveries,2021,95522.765
Latvia,Balance,Total oil products production,Net Deliveries,2021,1428.548
Lithuania,Balance,Total oil products production,Net Deliveries,2021,2578.0
Luxembourg,Balance,Total oil products production,Net Deliveries,2021,2615.571
Mexico,Balance,Total oil products production,Net Deliveries,2021,50636.342
Netherlands,Balance,Total oil products production,Net Deliveries,2021,24313.227
Norway,Balance,Total oil products production,Net Deliveries,2021,9821.259
New Zealand,Balance,Total oil products production,Net Deliveries,2021,6485.0
Poland,Balance,Total oil products production,Net Deliveries,2021,30914.859
Portugal,Balance,Total oil products production,Net Deliveries,2021,8811.09
Slovakia,Balance,Total oil products production,Net Deliveries,2021,3127.441
Slovenia,Balance,Total oil products production,Net Deliveries,2021,2172.0
Spain,Balance,Total oil products production,Net Deliveries,2021,45928.88
Sweden,Balance,Total oil products production,Net Deliveries,2021,10388.293
Switzerland,Balance,Total oil products production,Net Deliveries,2021,8552.193
Türkiye,Balance,Total oil products production,Net Deliveries,2021,44663.74
United Kingdom,Balance,Total oil products production,Net Deliveries,2021,53197.0
United States,Balance,Total oil products production,Net Deliveries,2021,776137.226
Australia,Balance,Total oil products production,Net Deliveries,2021,45989.733
Austria,Balance,Total oil products production,Net Deliveries,2021,10607.27
Belgium,Balance,Total oil products production,Net Deliveries,2021,19434.8
Canada,Balance,Total oil products production,Net Deliveries,2021,96681.685
Chile,Balance,Total oil products production,Net Deliveries,2021,17059.869
Czech Republic,Balance,Total oil products production,Net Deliveries,2021,9864.0
Denmark,Balance,Total oil products production,Net Deliveries,2021,6278.0
Estonia,Balance,Total oil products production,Net Deliveries,2021,1079.0
Finland,Balance,Total oil products production,Net Deliveries,2021,7810.0
France,Balance,Total oil products production,Net Deliveries,2021,69146.0
Germany,Balance,Total oil products production,Net Deliveries,2021,93776.831
Greece,Balance,Total oil products production,Net Deliveries,2021,10862.495
Hungary,Balance,Total oil products production,Net Deliveries,2021,7717.0
Iceland,Balance,Total oil products production,Net Deliveries,2021,762.454
Ireland,Balance,Total oil products production,Net Deliveries,2021,7149.749
Israel,Balance,Total oil products production,Net Deliveries,2021,10393.0
Italy,Balance,Total oil products production,Net Deliveries,2021,49825.241
Japan,Balance,Total oil products production,Net Deliveries,2021,139905.059
South Korea,Balance,Total oil products production,Net Deliveries,2021,94256.644
Latvia,Balance,Total oil products production,Net Deliveries,2021,1536.633
Lithuania,Balance,Total oil products production,Net Deliveries,2021,2534.8
Luxembourg,Balance,Total oil products production,Net Deliveries,2021,2358.309
Mexico,Balance,Total oil products production,Net Deliveries,2021,60224.0
Netherlands,Balance,Total oil products production,Net Deliveries,2021,24220.938
Norway,Balance,Total oil products production,Net Deliveries,2021,9073.723
New Zealand,Balance,Total oil products production,Net Deliveries,2021,7003.0
Poland,Balance,Total oil products production,Net Deliveries,2021,31964.574
Portugal,Balance,Total oil products production,Net Deliveries,2021,9971.263
Slovakia,Balance,Total oil products production,Net Deliveries,2021,3321.833
Slovenia,Balance,Total oil products production,Net Deliveries,2021,2449.0
Spain,Balance,Total oil products production,Net Deliveries,2021,48777.534
Sweden,Balance,Total oil products production,Net Deliveries,2021,9925.42
Switzerland,Balance,Total oil products production,Net Deliveries,2021,8772.13
Türkiye,Balance,Total oil products production,Net Deliveries,2021,46320.086
United Kingdom,Balance,Total oil products production,Net Deliveries,2021,58678.346
United States,Balance,Total oil products production,Net Deliveries,2021,790672.407
Australia,Balance,Total oil production,Consumption Pattern,2021,4973.127
Austria,Balance,Total oil production,Consumption Pattern,2021,2771.875
Belgium,Balance,Total oil production,Consumption Pattern,2021,5782.5
Canada,Balance,Total oil production,Consumption Pattern,2021,16735.657
Chile,Balance,Total oil production,Consumption Pattern,2021,1379.215
Czech Republic,Balance,Total oil production,Consumption Pattern,2021,2764.0
Denmark,Balance,Total oil production,Consumption Pattern,2021,2986.0
Estonia,Balance,Total oil production,Consumption Pattern,2021,332.0
Finland,Balance,Total oil production,Consumption Pattern,2021,4772.0
France,Balance,Total oil production,Consumption Pattern,2021,20173.0
Germany,Balance,Total oil production,Consumption Pattern,2021,35720.37
Greece,Balance,Total oil production,Consumption Pattern,2021,4256.708
Hungary,Balance,Total oil production,Consumption Pattern,2021,3281.0
Iceland,Balance,Total oil production,Consumption Pattern,2021,0.0
Ireland,Balance,Total oil production,Consumption Pattern,2021,1422.942
Israel,Balance,Total oil production,Consumption Pattern,2021,0.0
Italy,Balance,Total oil production,Consumption Pattern,2021,15125.573
Japan,Balance,Total oil production,Consumption Pattern,2021,68057.234
South Korea,Balance,Total oil production,Consumption Pattern,2021,23386.141
Latvia,Balance,Total oil production,Consumption Pattern,2021,347.819
Lithuania,Balance,Total oil production,Consumption Pattern,2021,1081.7
Luxembourg,Balance,Total oil production,Consumption Pattern,2021,75.961
Mexico,Balance,Total oil production,Consumption Pattern,2021,4886.0
Netherlands,Balance,Total oil production,Consumption Pattern,2021,11948.81
Norway,Balance,Total oil production,Consumption Pattern,2021,2739.575
New Zealand,Balance,Total oil production,Consumption Pattern,2021,913.0
Poland,Balance,Total oil production,Consumption Pattern,2021,10358.823
Portugal,Balance,Total oil production,Consumption Pattern,2021,2808.742
Slovakia,Balance,Total oil production,Consumption Pattern,2021,1407.144
Slovenia,Balance,Total oil production,Consumption Pattern,2021,670.0
Spain,Balance,Total oil production,Consumption Pattern,2021,14228.319
Sweden,Balance,Total oil production,Consumption Pattern,2021,4135.173
Switzerland,Balance,Total oil production,Consumption Pattern,2021,3896.801
Türkiye,Balance,Total oil production,Consumption Pattern,2021,11784.675
United Kingdom,Balance,Total oil production,Consumption Pattern,2021,9474.0
United States,Balance,Total oil production,Consumption Pattern,2021,197026.0
Australia,Balance,Total oil production,Consumption Pattern,2021,4971.319
Austria,Balance,Total oil production,Consumption Pattern,2021,2828.824
Belgium,Balance,Total oil production,Consumption Pattern,2021,6011.1
Canada,Balance,Total oil production,Consumption Pattern,2021,16600.13
Chile,Balance,Total oil production,Consumption Pattern,2021,1337.793
Czech Republic,Balance,Total oil production,Consumption Pattern,2021,2843.0
Denmark,Balance,Total oil production,Consumption Pattern,2021,3151.0
Estonia,Balance,Total oil production,Consumption Pattern,2021,453.0
Finland,Balance,Total oil production,Consumption Pattern,2021,4963.0
France,Balance,Total oil production,Consumption Pattern,2021,20175.0
Germany,Balance,Total oil production,Consumption Pattern,2021,35873.935
Greece,Balance,Total oil production,Consumption Pattern,2021,4538.612
Hungary,Balance,Total oil production,Consumption Pattern,2021,3514.0
Iceland,Balance,Total oil production,Consumption Pattern,2021,0.0
Ireland,Balance,Total oil production,Consumption Pattern,2021,1497.844
Israel,Balance,Total oil production,Consumption Pattern,2021,0.0
Italy,Balance,Total oil production,Consumption Pattern,2021,16151.41
Japan,Balance,Total oil production,Consumption Pattern,2021,66569.0
South Korea,Balance,Total oil production,Consumption Pattern,2021,23718.869
Latvia,Balance,Total oil production,Consumption Pattern,2021,384.036
Lithuania,Balance,Total oil production,Consumption Pattern,2021,1072.2
Luxembourg,Balance,Total oil production,Consumption Pattern,2021,68.113
Mexico,Balance,Total oil production,Consumption Pattern,2021,4862.0
Netherlands,Balance,Total oil production,Consumption Pattern,2021,16309.994
Norway,Balance,Total oil production,Consumption Pattern,2021,3464.987
New Zealand,Balance,Total oil production,Consumption Pattern,2021,736.0
Poland,Balance,Total oil production,Consumption Pattern,2021,10766.89
Portugal,Balance,Total oil production,Consumption Pattern,2021,2661.918
Slovakia,Balance,Total oil production,Consumption Pattern,2021,1525.913
Slovenia,Balance,Total oil production,Consumption Pattern,2021,633.0
Spain,Balance,Total oil production,Consumption Pattern,2021,14848.813
Sweden,Balance,Total oil production,Consumption Pattern,2021,4687.903
Switzerland,Balance,Total oil production,Consumption Pattern,2021,3401.196
Türkiye,Balance,Total oil production,Consumption Pattern,2021,11995.079
United Kingdom,Balance,Total oil production,Consumption Pattern,2021,8801.0
United States,Balance,Total oil production,Consumption Pattern,2021,168007.0
Australia,Balance,Crude oil,Consumption Pattern,2021,1354.909
Austria,Balance,Crude oil,Consumption Pattern,2021,1090.5
Belgium,Balance,Crude oil,Consumption Pattern,2021,950.8
Canada,Balance,Crude oil,Consumption Pattern,2021,10494.175
Chile,Balance,Crude oil,Consumption Pattern,2021,447.852
Czech Republic,Balance,Crude oil,Consumption Pattern,2021,1209.0
Denmark,Balance,Crude oil,Consumption Pattern,2021,645.0
Estonia,Balance,Crude oil,Consumption Pattern,2021,25.0
Finland,Balance,Crude oil,Consumption Pattern,2021,1653.0
France,Balance,Crude oil,Consumption Pattern,2021,6813.0
Germany,Balance,Crude oil,Consumption Pattern,2021,20250.774
Greece,Balance,Crude oil,Consumption Pattern,2021,1661.395
Hungary,Balance,Crude oil,Consumption Pattern,2021,1563.0
Iceland,Balance,Crude oil,Consumption Pattern,2021,0.0
Ireland,Balance,Crude oil,Consumption Pattern,2021,134.613
Israel,Balance,Crude oil,Consumption Pattern,2021,0.0
Italy,Balance,Crude oil,Consumption Pattern,2021,6251.532
Japan,Balance,Crude oil,Consumption Pattern,2021,55473.024
South Korea,Balance,Crude oil,Consumption Pattern,2021,14704.577
Latvia,Balance,Crude oil,Consumption Pattern,2021,0.0
Lithuania,Balance,Crude oil,Consumption Pattern,2021,444.3
Luxembourg,Balance,Crude oil,Consumption Pattern,2021,0.0
Mexico,Balance,Crude oil,Consumption Pattern,2021,2711.0
Netherlands,Balance,Crude oil,Consumption Pattern,2021,3400.534
Norway,Balance,Crude oil,Consumption Pattern,2021,1807.852
New Zealand,Balance,Crude oil,Consumption Pattern,2021,232.0
Poland,Balance,Crude oil,Consumption Pattern,2021,6676.967
Portugal,Balance,Crude oil,Consumption Pattern,2021,920.824
Slovakia,Balance,Crude oil,Consumption Pattern,2021,781.996
Slovenia,Balance,Crude oil,Consumption Pattern,2021,0.0
Spain,Balance,Crude oil,Consumption Pattern,2021,4848.188
Sweden,Balance,Crude oil,Consumption Pattern,2021,1093.457
Switzerland,Balance,Crude oil,Consumption Pattern,2021,41.559
Türkiye,Balance,Crude oil,Consumption Pattern,2021,6792.344
United Kingdom,Balance,Crude oil,Consumption Pattern,2021,4591.0
United States,Balance,Crude oil,Consumption Pattern,2021,131548.0
Australia,Balance,Crude oil,Consumption Pattern,2021,1301.929
Austria,Balance,Crude oil,Consumption Pattern,2021,1157.987
Belgium,Balance,Crude oil,Consumption Pattern,2021,881.2
Canada,Balance,Crude oil,Consumption Pattern,2021,10266.605
Chile,Balance,Crude oil,Consumption Pattern,2021,397.067
Czech Republic,Balance,Crude oil,Consumption Pattern,2021,1244.0
Denmark,Balance,Crude oil,Consumption Pattern,2021,564.0
Estonia,Balance,Crude oil,Consumption Pattern,2021,110.0
Finland,Balance,Crude oil,Consumption Pattern,2021,1586.0
France,Balance,Crude oil,Consumption Pattern,2021,7029.0
Germany,Balance,Crude oil,Consumption Pattern,2021,20181.074
Greece,Balance,Crude oil,Consumption Pattern,2021,1665.244
Hungary,Balance,Crude oil,Consumption Pattern,2021,1960.0
Iceland,Balance,Crude oil,Consumption Pattern,2021,0.0
Ireland,Balance,Crude oil,Consumption Pattern,2021,213.175
Israel,Balance,Crude oil,Consumption Pattern,2021,0.0
Italy,Balance,Crude oil,Consumption Pattern,2021,6926.404
Japan,Balance,Crude oil,Consumption Pattern,2021,53896.619
South Korea,Balance,Crude oil,Consumption Pattern,2021,15754.452
Latvia,Balance,Crude oil,Consumption Pattern,2021,0.0
Lithuania,Balance,Crude oil,Consumption Pattern,2021,419.2
Luxembourg,Balance,Crude oil,Consumption Pattern,2021,0.0
Mexico,Balance,Crude oil,Consumption Pattern,2021,2750.0
Netherlands,Balance,Crude oil,Consumption Pattern,2021,6592.451
Norway,Balance,Crude oil,Consumption Pattern,2021,1879.216
New Zealand,Balance,Crude oil,Consumption Pattern,2021,107.0
Poland,Balance,Crude oil,Consumption Pattern,2021,6976.614
Portugal,Balance,Crude oil,Consumption Pattern,2021,813.026
Slovakia,Balance,Crude oil,Consumption Pattern,2021,846.433
Slovenia,Balance,Crude oil,Consumption Pattern,2021,0.0
Spain,Balance,Crude oil,Consumption Pattern,2021,5195.292
Sweden,Balance,Crude oil,Consumption Pattern,2021,1649.712
Switzerland,Balance,Crude oil,Consumption Pattern,2021,55.716
Türkiye,Balance,Crude oil,Consumption Pattern,2021,7021.057
United Kingdom,Balance,Crude oil,Consumption Pattern,2021,4137.0
United States,Balance,Crude oil,Consumption Pattern,2021,102567.0
Australia,Balance,Total oil products production,Consumption Pattern,2021,3618.218
Austria,Balance,Total oil products production,Consumption Pattern,2021,1681.375
Belgium,Balance,Total oil products production,Consumption Pattern,2021,4831.7
Canada,Balance,Total oil products production,Consumption Pattern,2021,6241.482
Chile,Balance,Total oil products production,Consumption Pattern,2021,931.363
Czech Republic,Balance,Total oil products production,Consumption Pattern,2021,1555.0
Denmark,Balance,Total oil products production,Consumption Pattern,2021,2341.0
Estonia,Balance,Total oil products production,Consumption Pattern,2021,307.0
Finland,Balance,Total oil products production,Consumption Pattern,2021,3119.0
France,Balance,Total oil products production,Consumption Pattern,2021,13360.0
Germany,Balance,Total oil products production,Consumption Pattern,2021,15469.596
Greece,Balance,Total oil products production,Consumption Pattern,2021,2595.313
Hungary,Balance,Total oil products production,Consumption Pattern,2021,1718.0
Iceland,Balance,Total oil products production,Consumption Pattern,2021,0.0
Ireland,Balance,Total oil products production,Consumption Pattern,2021,1288.329
Israel,Balance,Total oil products production,Consumption Pattern,2021,0.0
Italy,Balance,Total oil products production,Consumption Pattern,2021,8874.041
Japan,Balance,Total oil products production,Consumption Pattern,2021,12584.21
South Korea,Balance,Total oil products production,Consumption Pattern,2021,8681.564
Latvia,Balance,Total oil products production,Consumption Pattern,2021,347.819
Lithuania,Balance,Total oil products production,Consumption Pattern,2021,637.4
Luxembourg,Balance,Total oil products production,Consumption Pattern,2021,75.961
Mexico,Balance,Total oil products production,Consumption Pattern,2021,2175.0
Netherlands,Balance,Total oil products production,Consumption Pattern,2021,8548.276
Norway,Balance,Total oil products production,Consumption Pattern,2021,931.723
New Zealand,Balance,Total oil products production,Consumption Pattern,2021,681.0
Poland,Balance,Total oil products production,Consumption Pattern,2021,3681.856
Portugal,Balance,Total oil products production,Consumption Pattern,2021,1887.918
Slovakia,Balance,Total oil products production,Consumption Pattern,2021,625.148
Slovenia,Balance,Total oil products production,Consumption Pattern,2021,670.0
Spain,Balance,Total oil products production,Consumption Pattern,2021,9380.131
Sweden,Balance,Total oil products production,Consumption Pattern,2021,3041.716
Switzerland,Balance,Total oil products production,Consumption Pattern,2021,3855.242
Türkiye,Balance,Total oil products production,Consumption Pattern,2021,4992.331
United Kingdom,Balance,Total oil products production,Consumption Pattern,2021,4883.0
United States,Balance,Total oil products production,Consumption Pattern,2021,65478.0
Australia,Balance,Total oil products production,Consumption Pattern,2021,3669.39
Austria,Balance,Total oil products production,Consumption Pattern,2021,1670.837
Belgium,Balance,Total oil products production,Consumption Pattern,2021,5129.9
Canada,Balance,Total oil products production,Consumption Pattern,2021,6333.525
Chile,Balance,Total oil products production,Consumption Pattern,2021,940.726
Czech Republic,Balance,Total oil products production,Consumption Pattern,2021,1599.0
Denmark,Balance,Total oil products production,Consumption Pattern,2021,2587.0
Estonia,Balance,Total oil products production,Consumption Pattern,2021,343.0
Finland,Balance,Total oil products production,Consumption Pattern,2021,3377.0
France,Balance,Total oil products production,Consumption Pattern,2021,13146.0
Germany,Balance,Total oil products production,Consumption Pattern,2021,15692.861
Greece,Balance,Total oil products production,Consumption Pattern,2021,2873.368
Hungary,Balance,Total oil products production,Consumption Pattern,2021,1554.0
Iceland,Balance,Total oil products production,Consumption Pattern,2021,0.0
Ireland,Balance,Total oil products production,Consumption Pattern,2021,1284.669
Israel,Balance,Total oil products production,Consumption Pattern,2021,0.0
Italy,Balance,Total oil products production,Consumption Pattern,2021,9225.006
Japan,Balance,Total oil products production,Consumption Pattern,2021,12672.381
South Korea,Balance,Total oil products production,Consumption Pattern,2021,7964.417
Latvia,Balance,Total oil products production,Consumption Pattern,2021,384.036
Lithuania,Balance,Total oil products production,Consumption Pattern,2021,653.0
Luxembourg,Balance,Total oil products production,Consumption Pattern,2021,68.113
Mexico,Balance,Total oil products production,Consumption Pattern,2021,2112.0
Netherlands,Balance,Total oil products production,Consumption Pattern,2021,9717.543
Norway,Balance,Total oil products production,Consumption Pattern,2021,1585.771
New Zealand,Balance,Total oil products production,Consumption Pattern,2021,629.0
Poland,Balance,Total oil products production,Consumption Pattern,2021,3790.276
Portugal,Balance,Total oil products production,Consumption Pattern,2021,1848.892
Slovakia,Balance,Total oil products production,Consumption Pattern,2021,679.48
Slovenia,Balance,Total oil products production,Consumption Pattern,2021,633.0
Spain,Balance,Total oil products production,Consumption Pattern,2021,9653.521
Sweden,Balance,Total oil products production,Consumption Pattern,2021,3038.191
Switzerland,Balance,Total oil products production,Consumption Pattern,2021,3345.48
Türkiye,Balance,Total oil products production,Consumption Pattern,2021,4974.022
United Kingdom,Balance,Total oil products production,Consumption Pattern,2021,4664.0
United States,Balance,Total oil products production,Consumption Pattern,2021,65440.0
Australia,Balance,Total gas oil production,Consumption Pattern,2021,783.598
Austria,Balance,Total gas oil production,Consumption Pattern,2021,288.886
Belgium,Balance,Total gas oil production,Consumption Pattern,2021,487.6
Canada,Balance,Total gas oil production,Consumption Pattern,2021,1867.25
Chile,Balance,Total gas oil production,Consumption Pattern,2021,171.943
Czech Republic,Balance,Total gas oil production,Consumption Pattern,2021,402.0
Denmark,Balance,Total gas oil production,Consumption Pattern,2021,356.0
Estonia,Balance,Total gas oil production,Consumption Pattern,2021,85.0
Finland,Balance,Total gas oil production,Consumption Pattern,2021,283.0
France,Balance,Total gas oil production,Consumption Pattern,2021,1761.0
Germany,Balance,Total gas oil production,Consumption Pattern,2021,3115.408
Greece,Balance,Total gas oil production,Consumption Pattern,2021,322.83
Hungary,Balance,Total gas oil production,Consumption Pattern,2021,549.0
Iceland,Balance,Total gas oil production,Consumption Pattern,2021,0.0
Ireland,Balance,Total gas oil production,Consumption Pattern,2021,177.339
Israel,Balance,Total gas oil production,Consumption Pattern,2021,0.0
Italy,Balance,Total gas oil production,Consumption Pattern,2021,1546.033
Japan,Balance,Total gas oil production,Consumption Pattern,2021,1652.428
South Korea,Balance,Total gas oil production,Consumption Pattern,2021,877.897
Latvia,Balance,Total gas oil production,Consumption Pattern,2021,19.461
Lithuania,Balance,Total gas oil production,Consumption Pattern,2021,88.9
Luxembourg,Balance,Total gas oil production,Consumption Pattern,2021,5.82
Mexico,Balance,Total gas oil production,Consumption Pattern,2021,887.0
Netherlands,Balance,Total gas oil production,Consumption Pattern,2021,1016.793
Norway,Balance,Total gas oil production,Consumption Pattern,2021,143.382
New Zealand,Balance,Total gas oil production,Consumption Pattern,2021,237.0
Poland,Balance,Total gas oil production,Consumption Pattern,2021,750.392
Portugal,Balance,Total gas oil production,Consumption Pattern,2021,248.965
Slovakia,Balance,Total gas oil production,Consumption Pattern,2021,192.587
Slovenia,Balance,Total gas oil production,Consumption Pattern,2021,160.0
Spain,Balance,Total gas oil production,Consumption Pattern,2021,1213.619
Sweden,Balance,Total gas oil production,Consumption Pattern,2021,464.137
Switzerland,Balance,Total gas oil production,Consumption Pattern,2021,980.138
Türkiye,Balance,Total gas oil production,Consumption Pattern,2021,336.438
United Kingdom,Balance,Total gas oil production,Consumption Pattern,2021,1188.0
United States,Balance,Total gas oil production,Consumption Pattern,2021,22298.0
Australia,Balance,Total gas oil production,Consumption Pattern,2021,842.388
Austria,Balance,Total gas oil production,Consumption Pattern,2021,349.824
Belgium,Balance,Total gas oil production,Consumption Pattern,2021,504.7
Canada,Balance,Total gas oil production,Consumption Pattern,2021,1789.443
Chile,Balance,Total gas oil production,Consumption Pattern,2021,166.29
Czech Republic,Balance,Total gas oil production,Consumption Pattern,2021,420.0
Denmark,Balance,Total gas oil production,Consumption Pattern,2021,367.0
Estonia,Balance,Total gas oil production,Consumption Pattern,2021,88.0
Finland,Balance,Total gas oil production,Consumption Pattern,2021,303.0
France,Balance,Total gas oil production,Consumption Pattern,2021,1582.0
Germany,Balance,Total gas oil production,Consumption Pattern,2021,3266.918
Greece,Balance,Total gas oil production,Consumption Pattern,2021,458.174
Hungary,Balance,Total gas oil production,Consumption Pattern,2021,540.0
Iceland,Balance,Total gas oil production,Consumption Pattern,2021,0.0
Ireland,Balance,Total gas oil production,Consumption Pattern,2021,178.127
Israel,Balance,Total gas oil production,Consumption Pattern,2021,0.0
Italy,Balance,Total gas oil production,Consumption Pattern,2021,1536.298
Japan,Balance,Total gas oil production,Consumption Pattern,2021,1616.626
South Korea,Balance,Total gas oil production,Consumption Pattern,2021,933.982
Latvia,Balance,Total gas oil production,Consumption Pattern,2021,17.085
Lithuania,Balance,Total gas oil production,Consumption Pattern,2021,101.5
Luxembourg,Balance,Total gas oil production,Consumption Pattern,2021,7.283
Mexico,Balance,Total gas oil production,Consumption Pattern,2021,891.0
Netherlands,Balance,Total gas oil production,Consumption Pattern,2021,1184.045
Norway,Balance,Total gas oil production,Consumption Pattern,2021,185.386
New Zealand,Balance,Total gas oil production,Consumption Pattern,2021,209.0
Poland,Balance,Total gas oil production,Consumption Pattern,2021,749.436
Portugal,Balance,Total gas oil production,Consumption Pattern,2021,197.884
Slovakia,Balance,Total gas oil production,Consumption Pattern,2021,175.984
Slovenia,Balance,Total gas oil production,Consumption Pattern,2021,139.0
Spain,Balance,Total gas oil production,Consumption Pattern,2021,1244.918
Sweden,Balance,Total gas oil production,Consumption Pattern,2021,450.242
Switzerland,Balance,Total gas oil production,Consumption Pattern,2021,927.538
Türkiye,Balance,Total gas oil production,Consumption Pattern,2021,358.966
United Kingdom,Balance,Total gas oil production,Consumption Pattern,2021,982.0
United States,Balance,Total gas oil production,Consumption Pattern,2021,21285.0
Australia,Balance,Middle distillates,Consumption Pattern,2021,1936.134
Austria,Balance,Middle distillates,Consumption Pattern,2021,1186.67
Belgium,Balance,Middle distillates,Consumption Pattern,2021,3136.7
Canada,Balance,Middle distillates,Consumption Pattern,2021,2497.532
Chile,Balance,Middle distillates,Consumption Pattern,2021,299.552
Czech Republic,Balance,Middle distillates,Consumption Pattern,2021,995.0
Denmark,Balance,Middle distillates,Consumption Pattern,2021,1599.0
Estonia,Balance,Middle distillates,Consumption Pattern,2021,143.0
Finland,Balance,Middle distillates,Consumption Pattern,2021,2238.0
France,Balance,Middle distillates,Consumption Pattern,2021,10771.0
Germany,Balance,Middle distillates,Consumption Pattern,2021,9581.031
Greece,Balance,Middle distillates,Consumption Pattern,2021,1072.756
Hungary,Balance,Middle distillates,Consumption Pattern,2021,897.0
Iceland,Balance,Middle distillates,Consumption Pattern,2021,0.0
Ireland,Balance,Middle distillates,Consumption Pattern,2021,1040.727
Israel,Balance,Middle distillates,Consumption Pattern,2021,0.0
Italy,Balance,Middle distillates,Consumption Pattern,2021,4772.44
Japan,Balance,Middle distillates,Consumption Pattern,2021,5012.758
South Korea,Balance,Middle distillates,Consumption Pattern,2021,2892.028
Latvia,Balance,Middle distillates,Consumption Pattern,2021,316.263
Lithuania,Balance,Middle distillates,Consumption Pattern,2021,392.2
Luxembourg,Balance,Middle distillates,Consumption Pattern,2021,70.141
Mexico,Balance,Middle distillates,Consumption Pattern,2021,664.0
Netherlands,Balance,Middle distillates,Consumption Pattern,2021,3134.133
Norway,Balance,Middle distillates,Consumption Pattern,2021,458.836
New Zealand,Balance,Middle distillates,Consumption Pattern,2021,254.0
Poland,Balance,Middle distillates,Consumption Pattern,2021,2681.487
Portugal,Balance,Middle distillates,Consumption Pattern,2021,1091.412
Slovakia,Balance,Middle distillates,Consumption Pattern,2021,274.55
Slovenia,Balance,Middle distillates,Consumption Pattern,2021,477.0
Spain,Balance,Middle distillates,Consumption Pattern,2021,6138.075
Sweden,Balance,Middle distillates,Consumption Pattern,2021,1596.656
Switzerland,Balance,Middle distillates,Consumption Pattern,2021,2783.191
Türkiye,Balance,Middle distillates,Consumption Pattern,2021,2660.466
United Kingdom,Balance,Middle distillates,Consumption Pattern,2021,2584.0
United States,Balance,Middle distillates,Consumption Pattern,2021,19945.0
Australia,Balance,Middle distillates,Consumption Pattern,2021,1981.457
Austria,Balance,Middle distillates,Consumption Pattern,2021,1084.896
Belgium,Balance,Middle distillates,Consumption Pattern,2021,3218.4
Canada,Balance,Middle distillates,Consumption Pattern,2021,2457.379
Chile,Balance,Middle distillates,Consumption Pattern,2021,404.645
Czech Republic,Balance,Middle distillates,Consumption Pattern,2021,981.0
Denmark,Balance,Middle distillates,Consumption Pattern,2021,1453.0
Estonia,Balance,Middle distillates,Consumption Pattern,2021,186.0
Finland,Balance,Middle distillates,Consumption Pattern,2021,2447.0
France,Balance,Middle distillates,Consumption Pattern,2021,10542.0
Germany,Balance,Middle distillates,Consumption Pattern,2021,9713.968
Greece,Balance,Middle distillates,Consumption Pattern,2021,1169.736
Hungary,Balance,Middle distillates,Consumption Pattern,2021,738.0
Iceland,Balance,Middle distillates,Consumption Pattern,2021,0.0
Ireland,Balance,Middle distillates,Consumption Pattern,2021,987.487
Israel,Balance,Middle distillates,Consumption Pattern,2021,0.0
Italy,Balance,Middle distillates,Consumption Pattern,2021,4773.719
Japan,Balance,Middle distillates,Consumption Pattern,2021,4809.54
South Korea,Balance,Middle distillates,Consumption Pattern,2021,2523.572
Latvia,Balance,Middle distillates,Consumption Pattern,2021,354.723
Lithuania,Balance,Middle distillates,Consumption Pattern,2021,408.9
Luxembourg,Balance,Middle distillates,Consumption Pattern,2021,60.83
Mexico,Balance,Middle distillates,Consumption Pattern,2021,614.0
Netherlands,Balance,Middle distillates,Consumption Pattern,2021,3467.359
Norway,Balance,Middle distillates,Consumption Pattern,2021,892.471
New Zealand,Balance,Middle distillates,Consumption Pattern,2021,279.0
Poland,Balance,Middle distillates,Consumption Pattern,2021,2692.496
Portugal,Balance,Middle distillates,Consumption Pattern,2021,1263.795
Slovakia,Balance,Middle distillates,Consumption Pattern,2021,339.861
Slovenia,Balance,Middle distillates,Consumption Pattern,2021,462.0
Spain,Balance,Middle distillates,Consumption Pattern,2021,5961.072
Sweden,Balance,Middle distillates,Consumption Pattern,2021,1678.099
Switzerland,Balance,Middle distillates,Consumption Pattern,2021,2340.109
Türkiye,Balance,Middle distillates,Consumption Pattern,2021,2129.122
United Kingdom,Balance,Middle distillates,Consumption Pattern,2021,2536.0
United States,Balance,Middle distillates,Consumption Pattern,2021,18218.0
Australia,Balance,Residual fuel oil,Consumption Pattern,2021,135.096
Austria,Balance,Residual fuel oil,Consumption Pattern,2021,99.854
Belgium,Balance,Residual fuel oil,Consumption Pattern,2021,555.1
Canada,Balance,Residual fuel oil,Consumption Pattern,2021,301.166
Chile,Balance,Residual fuel oil,Consumption Pattern,2021,118.115
Czech Republic,Balance,Residual fuel oil,Consumption Pattern,2021,29.0
Denmark,Balance,Residual fuel oil,Consumption Pattern,2021,315.0
Estonia,Balance,Residual fuel oil,Consumption Pattern,2021,78.0
Finland,Balance,Residual fuel oil,Consumption Pattern,2021,386.0
France,Balance,Residual fuel oil,Consumption Pattern,2021,415.0
Germany,Balance,Residual fuel oil,Consumption Pattern,2021,1302.791
Greece,Balance,Residual fuel oil,Consumption Pattern,2021,624.778
Hungary,Balance,Residual fuel oil,Consumption Pattern,2021,31.0
Iceland,Balance,Residual fuel oil,Consumption Pattern,2021,0.0
Ireland,Balance,Residual fuel oil,Consumption Pattern,2021,55.496
Israel,Balance,Residual fuel oil,Consumption Pattern,2021,0.0
Italy,Balance,Residual fuel oil,Consumption Pattern,2021,1136.531
Japan,Balance,Residual fuel oil,Consumption Pattern,2021,1090.266
South Korea,Balance,Residual fuel oil,Consumption Pattern,2021,1517.956
Latvia,Balance,Residual fuel oil,Consumption Pattern,2021,0.0
Lithuania,Balance,Residual fuel oil,Consumption Pattern,2021,125.5
Luxembourg,Balance,Residual fuel oil,Consumption Pattern,2021,0.0
Mexico,Balance,Residual fuel oil,Consumption Pattern,2021,451.0
Netherlands,Balance,Residual fuel oil,Consumption Pattern,2021,2144.571
Norway,Balance,Residual fuel oil,Consumption Pattern,2021,17.996
New Zealand,Balance,Residual fuel oil,Consumption Pattern,2021,9.0
Poland,Balance,Residual fuel oil,Consumption Pattern,2021,57.074
Portugal,Balance,Residual fuel oil,Consumption Pattern,2021,283.038
Slovakia,Balance,Residual fuel oil,Consumption Pattern,2021,83.403
Slovenia,Balance,Residual fuel oil,Consumption Pattern,2021,0.0
Spain,Balance,Residual fuel oil,Consumption Pattern,2021,779.191
Sweden,Balance,Residual fuel oil,Consumption Pattern,2021,519.854
Switzerland,Balance,Residual fuel oil,Consumption Pattern,2021,62.454
Türkiye,Balance,Residual fuel oil,Consumption Pattern,2021,790.482
United Kingdom,Balance,Residual fuel oil,Consumption Pattern,2021,201.0
United States,Balance,Residual fuel oil,Consumption Pattern,2021,5202.0
Australia,Balance,Residual fuel oil,Consumption Pattern,2021,98.618
Austria,Balance,Residual fuel oil,Consumption Pattern,2021,140.234
Belgium,Balance,Residual fuel oil,Consumption Pattern,2021,503.9
Canada,Balance,Residual fuel oil,Consumption Pattern,2021,353.408
Chile,Balance,Residual fuel oil,Consumption Pattern,2021,61.409
Czech Republic,Balance,Residual fuel oil,Consumption Pattern,2021,35.0
Denmark,Balance,Residual fuel oil,Consumption Pattern,2021,725.0
Estonia,Balance,Residual fuel oil,Consumption Pattern,2021,68.0
Finland,Balance,Residual fuel oil,Consumption Pattern,2021,335.0
France,Balance,Residual fuel oil,Consumption Pattern,2021,526.0
Germany,Balance,Residual fuel oil,Consumption Pattern,2021,1360.773
Greece,Balance,Residual fuel oil,Consumption Pattern,2021,659.766
Hungary,Balance,Residual fuel oil,Consumption Pattern,2021,31.0
Iceland,Balance,Residual fuel oil,Consumption Pattern,2021,0.0
Ireland,Balance,Residual fuel oil,Consumption Pattern,2021,102.706
Israel,Balance,Residual fuel oil,Consumption Pattern,2021,0.0
Italy,Balance,Residual fuel oil,Consumption Pattern,2021,1364.929
Japan,Balance,Residual fuel oil,Consumption Pattern,2021,1068.116
South Korea,Balance,Residual fuel oil,Consumption Pattern,2021,1410.601
Latvia,Balance,Residual fuel oil,Consumption Pattern,2021,0.0
Lithuania,Balance,Residual fuel oil,Consumption Pattern,2021,103.6
Luxembourg,Balance,Residual fuel oil,Consumption Pattern,2021,0.0
Mexico,Balance,Residual fuel oil,Consumption Pattern,2021,476.0
Netherlands,Balance,Residual fuel oil,Consumption Pattern,2021,2233.854
Norway,Balance,Residual fuel oil,Consumption Pattern,2021,73.16
New Zealand,Balance,Residual fuel oil,Consumption Pattern,2021,19.0
Poland,Balance,Residual fuel oil,Consumption Pattern,2021,72.032
Portugal,Balance,Residual fuel oil,Consumption Pattern,2021,167.086
Slovakia,Balance,Residual fuel oil,Consumption Pattern,2021,88.166
Slovenia,Balance,Residual fuel oil,Consumption Pattern,2021,0.0
Spain,Balance,Residual fuel oil,Consumption Pattern,2021,1107.932
Sweden,Balance,Residual fuel oil,Consumption Pattern,2021,464.63
Switzerland,Balance,Residual fuel oil,Consumption Pattern,2021,50.997
Türkiye,Balance,Residual fuel oil,Consumption Pattern,2021,1237.216
United Kingdom,Balance,Residual fuel oil,Consumption Pattern,2021,239.0
United States,Balance,Residual fuel oil,Consumption Pattern,2021,5842.0
Australia,Balance,Crude oil,Industrial Production,2022,1469.537
Austria,Balance,Crude oil,Industrial Production,2022,41.264
Belgium,Balance,Crude oil,Industrial Production,2022,0.0
Canada,Balance,Crude oil,Industrial Production,2022,23736.898
Chile,Balance,Crude oil,Industrial Production,2022,29.395
Czech Republic,Balance,Crude oil,Industrial Production,2022,8.0
Denmark,Balance,Crude oil,Industrial Production,2022,248.0
Estonia,Balance,Crude oil,Industrial Production,2022,0.0
Finland,Balance,Crude oil,Industrial Production,2022,0.0
France,Balance,Crude oil,Industrial Production,2022,66.0
Germany,Balance,Crude oil,Industrial Production,2022,242.485
Greece,Balance,Crude oil,Industrial Production,2022,0.0
Hungary,Balance,Crude oil,Industrial Production,2022,94.0
Iceland,Balance,Crude oil,Industrial Production,2022,0.0
Ireland,Balance,Crude oil,Industrial Production,2022,0.0
Israel,Balance,Crude oil,Industrial Production,2022,14.0
Italy,Balance,Crude oil,Industrial Production,2022,406.72
Japan,Balance,Crude oil,Industrial Production,2022,27.859
South Korea,Balance,Crude oil,Industrial Production,2022,95.974
Latvia,Balance,Crude oil,Industrial Production,2022,0.0
Lithuania,Balance,Crude oil,Industrial Production,2022,2.2
Luxembourg,Balance,Crude oil,Industrial Production,2022,0.0
Mexico,Balance,Crude oil,Industrial Production,2022,8085.0
Netherlands,Balance,Crude oil,Industrial Production,2022,41.845
Norway,Balance,Crude oil,Industrial Production,2022,8035.956
New Zealand,Balance,Crude oil,Industrial Production,2022,72.0
Poland,Balance,Crude oil,Industrial Production,2022,81.101
Portugal,Balance,Crude oil,Industrial Production,2022,0.0
Slovakia,Balance,Crude oil,Industrial Production,2022,0.124
Slovenia,Balance,Crude oil,Industrial Production,2022,0.0
Spain,Balance,Crude oil,Industrial Production,2022,0.086
Sweden,Balance,Crude oil,Industrial Production,2022,0.0
Switzerland,Balance,Crude oil,Industrial Production,2022,0.0
Türkiye,Balance,Crude oil,Industrial Production,2022,322.391
United Kingdom,Balance,Crude oil,Industrial Production,2022,2997.0
United States,Balance,Crude oil,Industrial Production,2022,63868.0
Australia,Balance,Crude oil,Industrial Production,2023,1345.061
Austria,Balance,Crude oil,Industrial Production,2023,38.864
Belgium,Balance,Crude oil,Industrial Production,2023,0.0
Canada,Balance,Crude oil,Industrial Production,2023,25648.94
Chile,Balance,Crude oil,Industrial Production,2023,37.72
Czech Republic,Balance,Crude oil,Industrial Production,2023,6.0
Denmark,Balance,Crude oil,Industrial Production,2023,243.0
Estonia,Balance,Crude oil,Industrial Production,2023,0.0
Finland,Balance,Crude oil,Industrial Production,2023,0.0
France,Balance,Crude oil,Industrial Production,2023,94.0
Germany,Balance,Crude oil,Industrial Production,2023,238.652
Greece,Balance,Crude oil,Industrial Production,2023,5.0
Hungary,Balance,Crude oil,Industrial Production,2023,105.0
Iceland,Balance,Crude oil,Industrial Production,2023,0.0
Ireland,Balance,Crude oil,Industrial Production,2023,0.0
Israel,Balance,Crude oil,Industrial Production,2023,14.0
Italy,Balance,Crude oil,Industrial Production,2023,395.618
Japan,Balance,Crude oil,Industrial Production,2023,27.251
South Korea,Balance,Crude oil,Industrial Production,2023,105.545
Latvia,Balance,Crude oil,Industrial Production,2023,0.0
Lithuania,Balance,Crude oil,Industrial Production,2023,2.0
Luxembourg,Balance,Crude oil,Industrial Production,2023,0.0
Mexico,Balance,Crude oil,Industrial Production,2023,8257.0
Netherlands,Balance,Crude oil,Industrial Production,2023,58.477
Norway,Balance,Crude oil,Industrial Production,2023,8531.343
New Zealand,Balance,Crude oil,Industrial Production,2023,77.0
Poland,Balance,Crude oil,Industrial Production,2023,77.739
Portugal,Balance,Crude oil,Industrial Production,2023,0.0
Slovakia,Balance,Crude oil,Industrial Production,2023,0.124
Slovenia,Balance,Crude oil,Industrial Production,2023,0.0
Spain,Balance,Crude oil,Industrial Production,2023,0.138
Sweden,Balance,Crude oil,Industrial Production,2023,0.0
Switzerland,Balance,Crude oil,Industrial Production,2023,0.0
Türkiye,Balance,Crude oil,Industrial Production,2023,394.424
United Kingdom,Balance,Crude oil,Industrial Production,2023,2769.0
United States,Balance,Crude oil,Industrial Production,2023,71118.0
Australia,Balance,Liquified Petroleum Gas,Net Deliveries,2022,58.0
Austria,Balance,Liquified Petroleum Gas,Net Deliveries,2022,7.008
Belgium,Balance,Liquified Petroleum Gas,Net Deliveries,2022,204.7
Canada,Balance,Liquified Petroleum Gas,Net Deliveries,2022,745.87
Chile,Balance,Liquified Petroleum Gas,Net Deliveries,2022,93.559
Czech Republic,Balance,Liquified Petroleum Gas,Net Deliveries,2022,31.0
Denmark,Balance,Liquified Petroleum Gas,Net Deliveries,2022,6.0
Estonia,Balance,Liquified Petroleum Gas,Net Deliveries,2022,1.0
Finland,Balance,Liquified Petroleum Gas,Net Deliveries,2022,73.0
France,Balance,Liquified Petroleum Gas,Net Deliveries,2022,207.0
Germany,Balance,Liquified Petroleum Gas,Net Deliveries,2022,243.614
Greece,Balance,Liquified Petroleum Gas,Net Deliveries,2022,48.746
Hungary,Balance,Liquified Petroleum Gas,Net Deliveries,2022,32.0
Iceland,Balance,Liquified Petroleum Gas,Net Deliveries,2022,0.252
Ireland,Balance,Liquified Petroleum Gas,Net Deliveries,2022,17.094
Israel,Balance,Liquified Petroleum Gas,Net Deliveries,2022,52.0
Italy,Balance,Liquified Petroleum Gas,Net Deliveries,2022,294.613
Japan,Balance,Liquified Petroleum Gas,Net Deliveries,2022,1277.354
South Korea,Balance,Liquified Petroleum Gas,Net Deliveries,2022,934.948
Latvia,Balance,Liquified Petroleum Gas,Net Deliveries,2022,8.23
Lithuania,Balance,Liquified Petroleum Gas,Net Deliveries,2022,12.1
Luxembourg,Balance,Liquified Petroleum Gas,Net Deliveries,2022,0.0
Mexico,Balance,Liquified Petroleum Gas,Net Deliveries,2022,466.0
Netherlands,Balance,Liquified Petroleum Gas,Net Deliveries,2022,198.02
Norway,Balance,Liquified Petroleum Gas,Net Deliveries,2022,113.109
New Zealand,Balance,Liquified Petroleum Gas,Net Deliveries,2022,15.0
Poland,Balance,Liquified Petroleum Gas,Net Deliveries,2022,233.572
Portugal,Balance,Liquified Petroleum Gas,Net Deliveries,2022,41.531
Slovakia,Balance,Liquified Petroleum Gas,Net Deliveries,2022,11.233
Slovenia,Balance,Liquified Petroleum Gas,Net Deliveries,2022,8.0
Spain,Balance,Liquified Petroleum Gas,Net Deliveries,2022,203.192
Sweden,Balance,Liquified Petroleum Gas,Net Deliveries,2022,72.565
Switzerland,Balance,Liquified Petroleum Gas,Net Deliveries,2022,12.845
Türkiye,Balance,Liquified Petroleum Gas,Net Deliveries,2022,356.949
United Kingdom,Balance,Liquified Petroleum Gas,Net Deliveries,2022,200.0
United States,Balance,Liquified Petroleum Gas,Net Deliveries,2022,3066.0
Australia,Balance,Liquified Petroleum Gas,Net Deliveries,2023,50.0
Austria,Balance,Liquified Petroleum Gas,Net Deliveries,2023,6.332
Belgium,Balance,Liquified Petroleum Gas,Net Deliveries,2023,213.9
Canada,Balance,Liquified Petroleum Gas,Net Deliveries,2023,805.848
Chile,Balance,Liquified Petroleum Gas,Net Deliveries,2023,104.653
Czech Republic,Balance,Liquified Petroleum Gas,Net Deliveries,2023,37.0
Denmark,Balance,Liquified Petroleum Gas,Net Deliveries,2023,6.0
Estonia,Balance,Liquified Petroleum Gas,Net Deliveries,2023,1.0
Finland,Balance,Liquified Petroleum Gas,Net Deliveries,2023,73.0
France,Balance,Liquified Petroleum Gas,Net Deliveries,2023,288.0
Germany,Balance,Liquified Petroleum Gas,Net Deliveries,2023,216.074
Greece,Balance,Liquified Petroleum Gas,Net Deliveries,2023,47.0
Hungary,Balance,Liquified Petroleum Gas,Net Deliveries,2023,32.0
Iceland,Balance,Liquified Petroleum Gas,Net Deliveries,2023,0.136
Ireland,Balance,Liquified Petroleum Gas,Net Deliveries,2023,17.313
Israel,Balance,Liquified Petroleum Gas,Net Deliveries,2023,44.0
Italy,Balance,Liquified Petroleum Gas,Net Deliveries,2023,310.035
Japan,Balance,Liquified Petroleum Gas,Net Deliveries,2023,1191.432
South Korea,Balance,Liquified Petroleum Gas,Net Deliveries,2023,802.443
Latvia,Balance,Liquified Petroleum Gas,Net Deliveries,2023,10.534
Lithuania,Balance,Liquified Petroleum Gas,Net Deliveries,2023,16.0
Luxembourg,Balance,Liquified Petroleum Gas,Net Deliveries,2023,0.0
Mexico,Balance,Liquified Petroleum Gas,Net Deliveries,2023,521.0
Netherlands,Balance,Liquified Petroleum Gas,Net Deliveries,2023,204.692
Norway,Balance,Liquified Petroleum Gas,Net Deliveries,2023,237.771
New Zealand,Balance,Liquified Petroleum Gas,Net Deliveries,2023,15.0
Poland,Balance,Liquified Petroleum Gas,Net Deliveries,2023,203.18
Portugal,Balance,Liquified Petroleum Gas,Net Deliveries,2023,43.872
Slovakia,Balance,Liquified Petroleum Gas,Net Deliveries,2023,9.612
Slovenia,Balance,Liquified Petroleum Gas,Net Deliveries,2023,7.0
Spain,Balance,Liquified Petroleum Gas,Net Deliveries,2023,187.44
Sweden,Balance,Liquified Petroleum Gas,Net Deliveries,2023,75.997
Switzerland,Balance,Liquified Petroleum Gas,Net Deliveries,2023,12.282
Türkiye,Balance,Liquified Petroleum Gas,Net Deliveries,2023,340.967
United Kingdom,Balance,Liquified Petroleum Gas,Net Deliveries,2023,184.0
United States,Balance,Liquified Petroleum Gas,Net Deliveries,2023,1612.0
Australia,Balance,Naphtha,Net Deliveries,2022,0.0
Austria,Balance,Naphtha,Net Deliveries,2022,78.529
Belgium,Balance,Naphtha,Net Deliveries,2022,304.2
Canada,Balance,Naphtha,Net Deliveries,2022,94.944
Chile,Balance,Naphtha,Net Deliveries,2022,2.384
Czech Republic,Balance,Naphtha,Net Deliveries,2022,80.0
Denmark,Balance,Naphtha,Net Deliveries,2022,0.0
Estonia,Balance,Naphtha,Net Deliveries,2022,0.0
Finland,Balance,Naphtha,Net Deliveries,2022,0.0
France,Balance,Naphtha,Net Deliveries,2022,295.0
Germany,Balance,Naphtha,Net Deliveries,2022,800.016
Greece,Balance,Naphtha,Net Deliveries,2022,4.48
Hungary,Balance,Naphtha,Net Deliveries,2022,95.0
Iceland,Balance,Naphtha,Net Deliveries,2022,0.0
Ireland,Balance,Naphtha,Net Deliveries,2022,0.0
Israel,Balance,Naphtha,Net Deliveries,2022,42.0
Italy,Balance,Naphtha,Net Deliveries,2022,246.517
Japan,Balance,Naphtha,Net Deliveries,2022,2499.256
South Korea,Balance,Naphtha,Net Deliveries,2022,3436.807
Latvia,Balance,Naphtha,Net Deliveries,2022,0.0
Lithuania,Balance,Naphtha,Net Deliveries,2022,0.0
Luxembourg,Balance,Naphtha,Net Deliveries,2022,0.0
Mexico,Balance,Naphtha,Net Deliveries,2022,85.0
Netherlands,Balance,Naphtha,Net Deliveries,2022,440.576
Norway,Balance,Naphtha,Net Deliveries,2022,0.0
New Zealand,Balance,Naphtha,Net Deliveries,2022,0.0
Poland,Balance,Naphtha,Net Deliveries,2022,120.551
Portugal,Balance,Naphtha,Net Deliveries,2022,0.607
Slovakia,Balance,Naphtha,Net Deliveries,2022,34.98
Slovenia,Balance,Naphtha,Net Deliveries,2022,0.0
Spain,Balance,Naphtha,Net Deliveries,2022,145.307
Sweden,Balance,Naphtha,Net Deliveries,2022,17.102
Switzerland,Balance,Naphtha,Net Deliveries,2022,0.6
Türkiye,Balance,Naphtha,Net Deliveries,2022,108.297
United Kingdom,Balance,Naphtha,Net Deliveries,2022,5.0
United States,Balance,Naphtha,Net Deliveries,2022,484.0
Australia,Balance,Naphtha,Net Deliveries,2023,0.0
Austria,Balance,Naphtha,Net Deliveries,2023,74.639
Belgium,Balance,Naphtha,Net Deliveries,2023,263.5
Canada,Balance,Naphtha,Net Deliveries,2023,134.148
Chile,Balance,Naphtha,Net Deliveries,2023,4.782
Czech Republic,Balance,Naphtha,Net Deliveries,2023,95.0
Denmark,Balance,Naphtha,Net Deliveries,2023,0.0
Estonia,Balance,Naphtha,Net Deliveries,2023,0.0
Finland,Balance,Naphtha,Net Deliveries,2023,0.0
France,Balance,Naphtha,Net Deliveries,2023,306.0
Germany,Balance,Naphtha,Net Deliveries,2023,797.021
Greece,Balance,Naphtha,Net Deliveries,2023,2.0
Hungary,Balance,Naphtha,Net Deliveries,2023,67.0
Iceland,Balance,Naphtha,Net Deliveries,2023,0.0
Ireland,Balance,Naphtha,Net Deliveries,2023,0.0
Israel,Balance,Naphtha,Net Deliveries,2023,42.0
Italy,Balance,Naphtha,Net Deliveries,2023,154.949
Japan,Balance,Naphtha,Net Deliveries,2023,2400.293
South Korea,Balance,Naphtha,Net Deliveries,2023,3384.97
Latvia,Balance,Naphtha,Net Deliveries,2023,0.0
Lithuania,Balance,Naphtha,Net Deliveries,2023,0.0
Luxembourg,Balance,Naphtha,Net Deliveries,2023,0.0
Mexico,Balance,Naphtha,Net Deliveries,2023,99.0
Netherlands,Balance,Naphtha,Net Deliveries,2023,460.558
Norway,Balance,Naphtha,Net Deliveries,2023,0.0
New Zealand,Balance,Naphtha,Net Deliveries,2023,0.0
Poland,Balance,Naphtha,Net Deliveries,2023,102.733
Portugal,Balance,Naphtha,Net Deliveries,2023,0.626
Slovakia,Balance,Naphtha,Net Deliveries,2023,41.103
Slovenia,Balance,Naphtha,Net Deliveries,2023,0.0
Spain,Balance,Naphtha,Net Deliveries,2023,134.563
Sweden,Balance,Naphtha,Net Deliveries,2023,17.705
Switzerland,Balance,Naphtha,Net Deliveries,2023,0.0
Türkiye,Balance,Naphtha,Net Deliveries,2023,152.655
United Kingdom,Balance,Naphtha,Net Deliveries,2023,3.0
United States,Balance,Naphtha,Net Deliveries,2023,575.0
Australia,Balance,Total gas oil production,Net Deliveries,2022,1075.634
Austria,Balance,Total gas oil production,Net Deliveries,2022,121.234
Belgium,Balance,Total gas oil production,Net Deliveries,2022,180.0
Canada,Balance,Total gas oil production,Net Deliveries,2022,2734.391
Chile,Balance,Total gas oil production,Net Deliveries,2022,351.152
Czech Republic,Balance,Total gas oil production,Net Deliveries,2022,127.0
Denmark,Balance,Total gas oil production,Net Deliveries,2022,107.0
Estonia,Balance,Total gas oil production,Net Deliveries,2022,16.0
Finland,Balance,Total gas oil production,Net Deliveries,2022,103.0
France,Balance,Total gas oil production,Net Deliveries,2022,826.0
Germany,Balance,Total gas oil production,Net Deliveries,2022,1229.233
Greece,Balance,Total gas oil production,Net Deliveries,2022,186.654
Hungary,Balance,Total gas oil production,Net Deliveries,2022,135.0
Iceland,Balance,Total gas oil production,Net Deliveries,2022,5.539
Ireland,Balance,Total gas oil production,Net Deliveries,2022,59.345
Israel,Balance,Total gas oil production,Net Deliveries,2022,279.0
Italy,Balance,Total gas oil production,Net Deliveries,2022,648.006
Japan,Balance,Total gas oil production,Net Deliveries,2022,2665.639
South Korea,Balance,Total gas oil production,Net Deliveries,2022,938.652
Latvia,Balance,Total gas oil production,Net Deliveries,2022,12.479
Lithuania,Balance,Total gas oil production,Net Deliveries,2022,23.4
Luxembourg,Balance,Total gas oil production,Net Deliveries,2022,30.131
Mexico,Balance,Total gas oil production,Net Deliveries,2022,2388.0
Netherlands,Balance,Total gas oil production,Net Deliveries,2022,372.134
Norway,Balance,Total gas oil production,Net Deliveries,2022,52.818
New Zealand,Balance,Total gas oil production,Net Deliveries,2022,221.0
Poland,Balance,Total gas oil production,Net Deliveries,2022,441.248
Portugal,Balance,Total gas oil production,Net Deliveries,2022,93.117
Slovakia,Balance,Total gas oil production,Net Deliveries,2022,62.424
Slovenia,Balance,Total gas oil production,Net Deliveries,2022,33.0
Spain,Balance,Total gas oil production,Net Deliveries,2022,525.463
Sweden,Balance,Total gas oil production,Net Deliveries,2022,178.352
Switzerland,Balance,Total gas oil production,Net Deliveries,2022,176.499
Türkiye,Balance,Total gas oil production,Net Deliveries,2022,205.359
United Kingdom,Balance,Total gas oil production,Net Deliveries,2022,997.0
United States,Balance,Total gas oil production,Net Deliveries,2022,31799.0
Australia,Balance,Total gas oil production,Net Deliveries,2023,1037.531
Austria,Balance,Total gas oil production,Net Deliveries,2023,131.39
Belgium,Balance,Total gas oil production,Net Deliveries,2023,186.8
Canada,Balance,Total gas oil production,Net Deliveries,2023,2295.54
Chile,Balance,Total gas oil production,Net Deliveries,2023,327.749
Czech Republic,Balance,Total gas oil production,Net Deliveries,2023,130.0
Denmark,Balance,Total gas oil production,Net Deliveries,2023,106.0
Estonia,Balance,Total gas oil production,Net Deliveries,2023,16.0
Finland,Balance,Total gas oil production,Net Deliveries,2023,104.0
France,Balance,Total gas oil production,Net Deliveries,2023,846.0
Germany,Balance,Total gas oil production,Net Deliveries,2023,1353.152
Greece,Balance,Total gas oil production,Net Deliveries,2023,185.0
Hungary,Balance,Total gas oil production,Net Deliveries,2023,139.0
Iceland,Balance,Total gas oil production,Net Deliveries,2023,7.58
Ireland,Balance,Total gas oil production,Net Deliveries,2023,61.529
Israel,Balance,Total gas oil production,Net Deliveries,2023,271.0
Italy,Balance,Total gas oil production,Net Deliveries,2023,687.495
Japan,Balance,Total gas oil production,Net Deliveries,2023,2489.98
South Korea,Balance,Total gas oil production,Net Deliveries,2023,751.347
Latvia,Balance,Total gas oil production,Net Deliveries,2023,12.194
Lithuania,Balance,Total gas oil production,Net Deliveries,2023,25.8
Luxembourg,Balance,Total gas oil production,Net Deliveries,2023,30.562
Mexico,Balance,Total gas oil production,Net Deliveries,2023,2439.0
Netherlands,Balance,Total gas oil production,Net Deliveries,2023,358.734
Norway,Balance,Total gas oil production,Net Deliveries,2023,52.619
New Zealand,Balance,Total gas oil production,Net Deliveries,2023,189.0
Poland,Balance,Total gas oil production,Net Deliveries,2023,431.38
Portugal,Balance,Total gas oil production,Net Deliveries,2023,99.829
Slovakia,Balance,Total gas oil production,Net Deliveries,2023,50.562
Slovenia,Balance,Total gas oil production,Net Deliveries,2023,33.0
Spain,Balance,Total gas oil production,Net Deliveries,2023,501.129
Sweden,Balance,Total gas oil production,Net Deliveries,2023,173.013
Switzerland,Balance,Total gas oil production,Net Deliveries,2023,179.657
Türkiye,Balance,Total gas oil production,Net Deliveries,2023,250.506
United Kingdom,Balance,Total gas oil production,Net Deliveries,2023,943.0
United States,Balance,Total gas oil production,Net Deliveries,2023,32766.192
Australia,Balance,Total kerosene production,Net Deliveries,2022,524.231
Austria,Balance,Total kerosene production,Net Deliveries,2022,57.957
Belgium,Balance,Total kerosene production,Net Deliveries,2022,141.8
Canada,Balance,Total kerosene production,Net Deliveries,2022,645.202
Chile,Balance,Total kerosene production,Net Deliveries,2022,59.375
Czech Republic,Balance,Total kerosene production,Net Deliveries,2022,17.0
Denmark,Balance,Total kerosene production,Net Deliveries,2022,64.0
Estonia,Balance,Total kerosene production,Net Deliveries,2022,6.0
Finland,Balance,Total kerosene production,Net Deliveries,2022,56.0
France,Balance,Total kerosene production,Net Deliveries,2022,553.0
Germany,Balance,Total kerosene production,Net Deliveries,2022,817.41
Greece,Balance,Total kerosene production,Net Deliveries,2022,51.408
Hungary,Balance,Total kerosene production,Net Deliveries,2022,21.0
Iceland,Balance,Total kerosene production,Net Deliveries,2022,19.641
Ireland,Balance,Total kerosene production,Net Deliveries,2022,192.116
Israel,Balance,Total kerosene production,Net Deliveries,2022,103.0
Italy,Balance,Total kerosene production,Net Deliveries,2022,315.711
Japan,Balance,Total kerosene production,Net Deliveries,2022,2699.691
South Korea,Balance,Total kerosene production,Net Deliveries,2022,888.557
Latvia,Balance,Total kerosene production,Net Deliveries,2022,10.189
Lithuania,Balance,Total kerosene production,Net Deliveries,2022,6.1
Luxembourg,Balance,Total kerosene production,Net Deliveries,2022,44.535
Mexico,Balance,Total kerosene production,Net Deliveries,2022,379.0
Netherlands,Balance,Total kerosene production,Net Deliveries,2022,245.305
Norway,Balance,Total kerosene production,Net Deliveries,2022,74.945
New Zealand,Balance,Total kerosene production,Net Deliveries,2022,112.0
Poland,Balance,Total kerosene production,Net Deliveries,2022,136.301
Portugal,Balance,Total kerosene production,Net Deliveries,2022,112.482
Slovakia,Balance,Total kerosene production,Net Deliveries,2022,2.162
Slovenia,Balance,Total kerosene production,Net Deliveries,2022,1.0
Spain,Balance,Total kerosene production,Net Deliveries,2022,462.215
Sweden,Balance,Total kerosene production,Net Deliveries,2022,56.991
Switzerland,Balance,Total kerosene production,Net Deliveries,2022,115.428
Türkiye,Balance,Total kerosene production,Net Deliveries,2022,343.016
United Kingdom,Balance,Total kerosene production,Net Deliveries,2022,1132.0
United States,Balance,Total kerosene production,Net Deliveries,2022,6146.0
Australia,Balance,Total kerosene production,Net Deliveries,2023,630.759
Austria,Balance,Total kerosene production,Net Deliveries,2023,62.969
Belgium,Balance,Total kerosene production,Net Deliveries,2023,137.1
Canada,Balance,Total kerosene production,Net Deliveries,2023,629.002
Chile,Balance,Total kerosene production,Net Deliveries,2023,61.065
Czech Republic,Balance,Total kerosene production,Net Deliveries,2023,28.0
Denmark,Balance,Total kerosene production,Net Deliveries,2023,77.0
Estonia,Balance,Total kerosene production,Net Deliveries,2023,4.0
Finland,Balance,Total kerosene production,Net Deliveries,2023,66.0
France,Balance,Total kerosene production,Net Deliveries,2023,615.0
Germany,Balance,Total kerosene production,Net Deliveries,2023,732.66
Greece,Balance,Total kerosene production,Net Deliveries,2023,60.0
Hungary,Balance,Total kerosene production,Net Deliveries,2023,29.0
Iceland,Balance,Total kerosene production,Net Deliveries,2023,16.263
Ireland,Balance,Total kerosene production,Net Deliveries,2023,177.184
Israel,Balance,Total kerosene production,Net Deliveries,2023,86.0
Italy,Balance,Total kerosene production,Net Deliveries,2023,398.874
Japan,Balance,Total kerosene production,Net Deliveries,2023,2726.312
South Korea,Balance,Total kerosene production,Net Deliveries,2023,856.952
Latvia,Balance,Total kerosene production,Net Deliveries,2023,12.399
Lithuania,Balance,Total kerosene production,Net Deliveries,2023,7.9
Luxembourg,Balance,Total kerosene production,Net Deliveries,2023,53.528
Mexico,Balance,Total kerosene production,Net Deliveries,2023,389.0
Netherlands,Balance,Total kerosene production,Net Deliveries,2023,269.862
Norway,Balance,Total kerosene production,Net Deliveries,2023,69.809
New Zealand,Balance,Total kerosene production,Net Deliveries,2023,132.0
Poland,Balance,Total kerosene production,Net Deliveries,2023,98.26
Portugal,Balance,Total kerosene production,Net Deliveries,2023,131.659
Slovakia,Balance,Total kerosene production,Net Deliveries,2023,2.608
Slovenia,Balance,Total kerosene production,Net Deliveries,2023,1.0
Spain,Balance,Total kerosene production,Net Deliveries,2023,543.695
Sweden,Balance,Total kerosene production,Net Deliveries,2023,51.414
Switzerland,Balance,Total kerosene production,Net Deliveries,2023,131.35
Türkiye,Balance,Total kerosene production,Net Deliveries,2023,447.407
United Kingdom,Balance,Total kerosene production,Net Deliveries,2023,1206.0
United States,Balance,Total kerosene production,Net Deliveries,2023,6743.0
Australia,Balance,Gasoline and diesel,Net Deliveries,2022,2332.608
Austria,Balance,Gasoline and diesel,Net Deliveries,2022,585.436
Belgium,Balance,Gasoline and diesel,Net Deliveries,2022,871.8
Canada,Balance,Gasoline and diesel,Net Deliveries,2022,2413.517
Chile,Balance,Gasoline and diesel,Net Deliveries,2022,800.082
Czech Republic,Balance,Gasoline and diesel,Net Deliveries,2022,406.0
Denmark,Balance,Gasoline and diesel,Net Deliveries,2022,323.0
Estonia,Balance,Gasoline and diesel,Net Deliveries,2022,67.0
Finland,Balance,Gasoline and diesel,Net Deliveries,2022,398.0
France,Balance,Gasoline and diesel,Net Deliveries,2022,3389.0
Germany,Balance,Gasoline and diesel,Net Deliveries,2022,4176.574
Greece,Balance,Gasoline and diesel,Net Deliveries,2022,516.798
Hungary,Balance,Gasoline and diesel,Net Deliveries,2022,279.0
Iceland,Balance,Gasoline and diesel,Net Deliveries,2022,23.767
Ireland,Balance,Gasoline and diesel,Net Deliveries,2022,322.5
Israel,Balance,Gasoline and diesel,Net Deliveries,2022,321.0
Italy,Balance,Gasoline and diesel,Net Deliveries,2022,2266.564
Japan,Balance,Gasoline and diesel,Net Deliveries,2022,3391.886
South Korea,Balance,Gasoline and diesel,Net Deliveries,2022,2038.996
Latvia,Balance,Gasoline and diesel,Net Deliveries,2022,94.358
Lithuania,Balance,Gasoline and diesel,Net Deliveries,2022,154.2
Luxembourg,Balance,Gasoline and diesel,Net Deliveries,2022,113.509
Mexico,Balance,Gasoline and diesel,Net Deliveries,2022,1281.0
Netherlands,Balance,Gasoline and diesel,Net Deliveries,2022,469.932
Norway,Balance,Gasoline and diesel,Net Deliveries,2022,389.179
New Zealand,Balance,Gasoline and diesel,Net Deliveries,2022,308.0
Poland,Balance,Gasoline and diesel,Net Deliveries,2022,1645.454
Portugal,Balance,Gasoline and diesel,Net Deliveries,2022,405.276
Slovakia,Balance,Gasoline and diesel,Net Deliveries,2022,164.734
Slovenia,Balance,Gasoline and diesel,Net Deliveries,2022,148.0
Spain,Balance,Gasoline and diesel,Net Deliveries,2022,2677.398
Sweden,Balance,Gasoline and diesel,Net Deliveries,2022,476.602
Switzerland,Balance,Gasoline and diesel,Net Deliveries,2022,429.898
Türkiye,Balance,Gasoline and diesel,Net Deliveries,2022,2291.822
United Kingdom,Balance,Gasoline and diesel,Net Deliveries,2022,2320.0
United States,Balance,Gasoline and diesel,Net Deliveries,2022,14985.0
Australia,Balance,Gasoline and diesel,Net Deliveries,2023,2204.141
Austria,Balance,Gasoline and diesel,Net Deliveries,2023,535.731
Belgium,Balance,Gasoline and diesel,Net Deliveries,2023,761.0
Canada,Balance,Gasoline and diesel,Net Deliveries,2023,2276.124
Chile,Balance,Gasoline and diesel,Net Deliveries,2023,714.008
Czech Republic,Balance,Gasoline and diesel,Net Deliveries,2023,383.0
Denmark,Balance,Gasoline and diesel,Net Deliveries,2023,283.0
Estonia,Balance,Gasoline and diesel,Net Deliveries,2023,61.0
Finland,Balance,Gasoline and diesel,Net Deliveries,2023,315.0
France,Balance,Gasoline and diesel,Net Deliveries,2023,3137.0
Germany,Balance,Gasoline and diesel,Net Deliveries,2023,3976.898
Greece,Balance,Gasoline and diesel,Net Deliveries,2023,439.0
Hungary,Balance,Gasoline and diesel,Net Deliveries,2023,326.0
Iceland,Balance,Gasoline and diesel,Net Deliveries,2023,20.06
Ireland,Balance,Gasoline and diesel,Net Deliveries,2023,290.704
Israel,Balance,Gasoline and diesel,Net Deliveries,2023,277.0
Italy,Balance,Gasoline and diesel,Net Deliveries,2023,2190.334
Japan,Balance,Gasoline and diesel,Net Deliveries,2023,3230.098
South Korea,Balance,Gasoline and diesel,Net Deliveries,2023,1830.221
Latvia,Balance,Gasoline and diesel,Net Deliveries,2023,82.396
Lithuania,Balance,Gasoline and diesel,Net Deliveries,2023,145.2
Luxembourg,Balance,Gasoline and diesel,Net Deliveries,2023,108.503
Mexico,Balance,Gasoline and diesel,Net Deliveries,2023,1167.0
Netherlands,Balance,Gasoline and diesel,Net Deliveries,2023,483.369
Norway,Balance,Gasoline and diesel,Net Deliveries,2023,341.042
New Zealand,Balance,Gasoline and diesel,Net Deliveries,2023,260.0
Poland,Balance,Gasoline and diesel,Net Deliveries,2023,1377.505
Portugal,Balance,Gasoline and diesel,Net Deliveries,2023,394.845
Slovakia,Balance,Gasoline and diesel,Net Deliveries,2023,148.504
Slovenia,Balance,Gasoline and diesel,Net Deliveries,2023,119.0
Spain,Balance,Gasoline and diesel,Net Deliveries,2023,2289.539
Sweden,Balance,Gasoline and diesel,Net Deliveries,2023,399.257
Switzerland,Balance,Gasoline and diesel,Net Deliveries,2023,427.223
Türkiye,Balance,Gasoline and diesel,Net Deliveries,2023,2298.513
United Kingdom,Balance,Gasoline and diesel,Net Deliveries,2023,2240.0
United States,Balance,Gasoline and diesel,Net Deliveries,2023,14917.808
Australia,Balance,Residual fuel oil,Net Deliveries,2022,26.456
Austria,Balance,Residual fuel oil,Net Deliveries,2022,4.706
Belgium,Balance,Residual fuel oil,Net Deliveries,2022,2.1
Canada,Balance,Residual fuel oil,Net Deliveries,2022,320.625
Chile,Balance,Residual fuel oil,Net Deliveries,2022,29.161
Czech Republic,Balance,Residual fuel oil,Net Deliveries,2022,5.0
Denmark,Balance,Residual fuel oil,Net Deliveries,2022,9.0
Estonia,Balance,Residual fuel oil,Net Deliveries,2022,6.0
Finland,Balance,Residual fuel oil,Net Deliveries,2022,34.0
France,Balance,Residual fuel oil,Net Deliveries,2022,80.0
Germany,Balance,Residual fuel oil,Net Deliveries,2022,113.125
Greece,Balance,Residual fuel oil,Net Deliveries,2022,94.515
Hungary,Balance,Residual fuel oil,Net Deliveries,2022,0.0
Iceland,Balance,Residual fuel oil,Net Deliveries,2022,0.0
Ireland,Balance,Residual fuel oil,Net Deliveries,2022,38.601
Israel,Balance,Residual fuel oil,Net Deliveries,2022,46.0
Italy,Balance,Residual fuel oil,Net Deliveries,2022,73.224
Japan,Balance,Residual fuel oil,Net Deliveries,2022,833.344
South Korea,Balance,Residual fuel oil,Net Deliveries,2022,155.568
Latvia,Balance,Residual fuel oil,Net Deliveries,2022,0.0
Lithuania,Balance,Residual fuel oil,Net Deliveries,2022,19.3
Luxembourg,Balance,Residual fuel oil,Net Deliveries,2022,0.0
Mexico,Balance,Residual fuel oil,Net Deliveries,2022,320.0
Netherlands,Balance,Residual fuel oil,Net Deliveries,2022,0.0
Norway,Balance,Residual fuel oil,Net Deliveries,2022,2.169
New Zealand,Balance,Residual fuel oil,Net Deliveries,2022,3.0
Poland,Balance,Residual fuel oil,Net Deliveries,2022,19.56
Portugal,Balance,Residual fuel oil,Net Deliveries,2022,28.838
Slovakia,Balance,Residual fuel oil,Net Deliveries,2022,-1.847
Slovenia,Balance,Residual fuel oil,Net Deliveries,2022,0.0
Spain,Balance,Residual fuel oil,Net Deliveries,2022,163.372
Sweden,Balance,Residual fuel oil,Net Deliveries,2022,36.949
Switzerland,Balance,Residual fuel oil,Net Deliveries,2022,0.0
Türkiye,Balance,Residual fuel oil,Net Deliveries,2022,44.465
United Kingdom,Balance,Residual fuel oil,Net Deliveries,2022,18.0
United States,Balance,Residual fuel oil,Net Deliveries,2022,221.0
Australia,Balance,Residual fuel oil,Net Deliveries,2023,30.071
Austria,Balance,Residual fuel oil,Net Deliveries,2023,3.627
Belgium,Balance,Residual fuel oil,Net Deliveries,2023,1.7
Canada,Balance,Residual fuel oil,Net Deliveries,2023,266.598
Chile,Balance,Residual fuel oil,Net Deliveries,2023,44.1
Czech Republic,Balance,Residual fuel oil,Net Deliveries,2023,4.0
Denmark,Balance,Residual fuel oil,Net Deliveries,2023,6.0
Estonia,Balance,Residual fuel oil,Net Deliveries,2023,3.0
Finland,Balance,Residual fuel oil,Net Deliveries,2023,41.0
France,Balance,Residual fuel oil,Net Deliveries,2023,49.0
Germany,Balance,Residual fuel oil,Net Deliveries,2023,166.686
Greece,Balance,Residual fuel oil,Net Deliveries,2023,90.0
Hungary,Balance,Residual fuel oil,Net Deliveries,2023,0.0
Iceland,Balance,Residual fuel oil,Net Deliveries,2023,0.0
Ireland,Balance,Residual fuel oil,Net Deliveries,2023,9.266
Israel,Balance,Residual fuel oil,Net Deliveries,2023,40.0
Italy,Balance,Residual fuel oil,Net Deliveries,2023,50.357
Japan,Balance,Residual fuel oil,Net Deliveries,2023,575.66
South Korea,Balance,Residual fuel oil,Net Deliveries,2023,101.444
Latvia,Balance,Residual fuel oil,Net Deliveries,2023,0.0
Lithuania,Balance,Residual fuel oil,Net Deliveries,2023,0.3
Luxembourg,Balance,Residual fuel oil,Net Deliveries,2023,0.0
Mexico,Balance,Residual fuel oil,Net Deliveries,2023,293.0
Netherlands,Balance,Residual fuel oil,Net Deliveries,2023,0.0
Norway,Balance,Residual fuel oil,Net Deliveries,2023,1.892
New Zealand,Balance,Residual fuel oil,Net Deliveries,2023,3.0
Poland,Balance,Residual fuel oil,Net Deliveries,2023,34.889
Portugal,Balance,Residual fuel oil,Net Deliveries,2023,40.525
Slovakia,Balance,Residual fuel oil,Net Deliveries,2023,-2.995
Slovenia,Balance,Residual fuel oil,Net Deliveries,2023,0.0
Spain,Balance,Residual fuel oil,Net Deliveries,2023,97.639
Sweden,Balance,Residual fuel oil,Net Deliveries,2023,15.868
Switzerland,Balance,Residual fuel oil,Net Deliveries,2023,0.0
Türkiye,Balance,Residual fuel oil,Net Deliveries,2023,31.598
United Kingdom,Balance,Residual fuel oil,Net Deliveries,2023,13.0
United States,Balance,Residual fuel oil,Net Deliveries,2023,277.0
Australia,Balance,Other oil products,Net Deliveries,2022,144.931
Austria,Balance,Other oil products,Net Deliveries,2022,25.239
Belgium,Balance,Other oil products,Net Deliveries,2022,-29.1
Canada,Balance,Other oil products,Net Deliveries,2022,1720.08
Chile,Balance,Other oil products,Net Deliveries,2022,180.343
Czech Republic,Balance,Other oil products,Net Deliveries,2022,79.0
Denmark,Balance,Other oil products,Net Deliveries,2022,27.0
Estonia,Balance,Other oil products,Net Deliveries,2022,0.0
Finland,Balance,Other oil products,Net Deliveries,2022,7.0
France,Balance,Other oil products,Net Deliveries,2022,287.0
Germany,Balance,Other oil products,Net Deliveries,2022,240.391
Greece,Balance,Other oil products,Net Deliveries,2022,67.444
Hungary,Balance,Other oil products,Net Deliveries,2022,33.0
Iceland,Balance,Other oil products,Net Deliveries,2022,0.152
Ireland,Balance,Other oil products,Net Deliveries,2022,40.684
Israel,Balance,Other oil products,Net Deliveries,2022,46.0
Italy,Balance,Other oil products,Net Deliveries,2022,280.499
Japan,Balance,Other oil products,Net Deliveries,2022,818.545
South Korea,Balance,Other oil products,Net Deliveries,2022,428.338
Latvia,Balance,Other oil products,Net Deliveries,2022,1.586
Lithuania,Balance,Other oil products,Net Deliveries,2022,9.0
Luxembourg,Balance,Other oil products,Net Deliveries,2022,2.113
Mexico,Balance,Other oil products,Net Deliveries,2022,201.0
Netherlands,Balance,Other oil products,Net Deliveries,2022,278.718
Norway,Balance,Other oil products,Net Deliveries,2022,135.233
New Zealand,Balance,Other oil products,Net Deliveries,2022,24.0
Poland,Balance,Other oil products,Net Deliveries,2022,157.246
Portugal,Balance,Other oil products,Net Deliveries,2022,42.113
Slovakia,Balance,Other oil products,Net Deliveries,2022,1.393
Slovenia,Balance,Other oil products,Net Deliveries,2022,10.0
Spain,Balance,Other oil products,Net Deliveries,2022,162.616
Sweden,Balance,Other oil products,Net Deliveries,2022,53.987
Switzerland,Balance,Other oil products,Net Deliveries,2022,14.736
Türkiye,Balance,Other oil products,Net Deliveries,2022,660.136
United Kingdom,Balance,Other oil products,Net Deliveries,2022,343.0
United States,Balance,Other oil products,Net Deliveries,2022,7746.0
Australia,Balance,Other oil products,Net Deliveries,2023,145.414
Austria,Balance,Other oil products,Net Deliveries,2023,20.286
Belgium,Balance,Other oil products,Net Deliveries,2023,45.2
Canada,Balance,Other oil products,Net Deliveries,2023,1168.59
Chile,Balance,Other oil products,Net Deliveries,2023,161.375
Czech Republic,Balance,Other oil products,Net Deliveries,2023,52.0
Denmark,Balance,Other oil products,Net Deliveries,2023,13.0
Estonia,Balance,Other oil products,Net Deliveries,2023,0.0
Finland,Balance,Other oil products,Net Deliveries,2023,4.0
France,Balance,Other oil products,Net Deliveries,2023,192.0
Germany,Balance,Other oil products,Net Deliveries,2023,187.527
Greece,Balance,Other oil products,Net Deliveries,2023,82.0
Hungary,Balance,Other oil products,Net Deliveries,2023,45.0
Iceland,Balance,Other oil products,Net Deliveries,2023,0.164
Ireland,Balance,Other oil products,Net Deliveries,2023,40.684
Israel,Balance,Other oil products,Net Deliveries,2023,46.0
Italy,Balance,Other oil products,Net Deliveries,2023,293.682
Japan,Balance,Other oil products,Net Deliveries,2023,715.443
South Korea,Balance,Other oil products,Net Deliveries,2023,423.68
Latvia,Balance,Other oil products,Net Deliveries,2023,2.026
Lithuania,Balance,Other oil products,Net Deliveries,2023,6.1
Luxembourg,Balance,Other oil products,Net Deliveries,2023,3.271
Mexico,Balance,Other oil products,Net Deliveries,2023,273.0
Netherlands,Balance,Other oil products,Net Deliveries,2023,347.593
Norway,Balance,Other oil products,Net Deliveries,2023,72.302
New Zealand,Balance,Other oil products,Net Deliveries,2023,9.0
Poland,Balance,Other oil products,Net Deliveries,2023,154.922
Portugal,Balance,Other oil products,Net Deliveries,2023,44.003
Slovakia,Balance,Other oil products,Net Deliveries,2023,-4.355
Slovenia,Balance,Other oil products,Net Deliveries,2023,11.0
Spain,Balance,Other oil products,Net Deliveries,2023,308.858
Sweden,Balance,Other oil products,Net Deliveries,2023,44.547
Switzerland,Balance,Other oil products,Net Deliveries,2023,14.44
Türkiye,Balance,Other oil products,Net Deliveries,2023,640.873
United Kingdom,Balance,Other oil products,Net Deliveries,2023,166.0
United States,Balance,Other oil products,Net Deliveries,2023,6343.0
Australia,Balance,Total oil products production,Net Deliveries,2022,4161.86
Austria,Balance,Total oil products production,Net Deliveries,2022,880.109
Belgium,Balance,Total oil products production,Net Deliveries,2022,1675.5
Canada,Balance,Total oil products production,Net Deliveries,2022,8674.629
Chile,Balance,Total oil products production,Net Deliveries,2022,1516.056
Czech Republic,Balance,Total oil products production,Net Deliveries,2022,745.0
Denmark,Balance,Total oil products production,Net Deliveries,2022,536.0
Estonia,Balance,Total oil products production,Net Deliveries,2022,96.0
Finland,Balance,Total oil products production,Net Deliveries,2022,671.0
France,Balance,Total oil products production,Net Deliveries,2022,5637.0
Germany,Balance,Total oil products production,Net Deliveries,2022,7620.363
Greece,Balance,Total oil products production,Net Deliveries,2022,970.045
Hungary,Balance,Total oil products production,Net Deliveries,2022,595.0
Iceland,Balance,Total oil products production,Net Deliveries,2022,49.351
Ireland,Balance,Total oil products production,Net Deliveries,2022,670.34
Israel,Balance,Total oil products production,Net Deliveries,2022,889.0
Italy,Balance,Total oil products production,Net Deliveries,2022,4125.134
Japan,Balance,Total oil products production,Net Deliveries,2022,14185.715
South Korea,Balance,Total oil products production,Net Deliveries,2022,8821.866
Latvia,Balance,Total oil products production,Net Deliveries,2022,126.842
Lithuania,Balance,Total oil products production,Net Deliveries,2022,224.1
Luxembourg,Balance,Total oil products production,Net Deliveries,2022,190.288
Mexico,Balance,Total oil products production,Net Deliveries,2022,5120.0
Netherlands,Balance,Total oil products production,Net Deliveries,2022,2004.685
Norway,Balance,Total oil products production,Net Deliveries,2022,767.453
New Zealand,Balance,Total oil products production,Net Deliveries,2022,683.0
Poland,Balance,Total oil products production,Net Deliveries,2022,2753.932
Portugal,Balance,Total oil products production,Net Deliveries,2022,723.964
Slovakia,Balance,Total oil products production,Net Deliveries,2022,275.079
Slovenia,Balance,Total oil products production,Net Deliveries,2022,200.0
Spain,Balance,Total oil products production,Net Deliveries,2022,4339.563
Sweden,Balance,Total oil products production,Net Deliveries,2022,892.548
Switzerland,Balance,Total oil products production,Net Deliveries,2022,750.006
Türkiye,Balance,Total oil products production,Net Deliveries,2022,4010.044
United Kingdom,Balance,Total oil products production,Net Deliveries,2022,5015.0
United States,Balance,Total oil products production,Net Deliveries,2022,64447.0
Australia,Balance,Total oil products production,Net Deliveries,2023,4097.916
Austria,Balance,Total oil products production,Net Deliveries,2023,834.974
Belgium,Balance,Total oil products production,Net Deliveries,2023,1609.2
Canada,Balance,Total oil products production,Net Deliveries,2023,7575.85
Chile,Balance,Total oil products production,Net Deliveries,2023,1417.732
Czech Republic,Balance,Total oil products production,Net Deliveries,2023,729.0
Denmark,Balance,Total oil products production,Net Deliveries,2023,491.0
Estonia,Balance,Total oil products production,Net Deliveries,2023,85.0
Finland,Balance,Total oil products production,Net Deliveries,2023,603.0
France,Balance,Total oil products production,Net Deliveries,2023,5433.0
Germany,Balance,Total oil products production,Net Deliveries,2023,7430.018
Greece,Balance,Total oil products production,Net Deliveries,2023,905.0
Hungary,Balance,Total oil products production,Net Deliveries,2023,638.0
Iceland,Balance,Total oil products production,Net Deliveries,2023,44.203
Ireland,Balance,Total oil products production,Net Deliveries,2023,596.68
Israel,Balance,Total oil products production,Net Deliveries,2023,806.0
Italy,Balance,Total oil products production,Net Deliveries,2023,4085.726
Japan,Balance,Total oil products production,Net Deliveries,2023,13329.218
South Korea,Balance,Total oil products production,Net Deliveries,2023,8151.057
Latvia,Balance,Total oil products production,Net Deliveries,2023,119.549
Lithuania,Balance,Total oil products production,Net Deliveries,2023,201.3
Luxembourg,Balance,Total oil products production,Net Deliveries,2023,195.864
Mexico,Balance,Total oil products production,Net Deliveries,2023,5181.0
Netherlands,Balance,Total oil products production,Net Deliveries,2023,2124.808
Norway,Balance,Total oil products production,Net Deliveries,2023,775.435
New Zealand,Balance,Total oil products production,Net Deliveries,2023,608.0
Poland,Balance,Total oil products production,Net Deliveries,2023,2402.869
Portugal,Balance,Total oil products production,Net Deliveries,2023,755.359
Slovakia,Balance,Total oil products production,Net Deliveries,2023,245.039
Slovenia,Balance,Total oil products production,Net Deliveries,2023,171.0
Spain,Balance,Total oil products production,Net Deliveries,2023,4062.863
Sweden,Balance,Total oil products production,Net Deliveries,2023,777.801
Switzerland,Balance,Total oil products production,Net Deliveries,2023,764.952
Türkiye,Balance,Total oil products production,Net Deliveries,2023,4162.519
United Kingdom,Balance,Total oil products production,Net Deliveries,2023,4755.0
United States,Balance,Total oil products production,Net Deliveries,2023,63234.0
Australia,Balance,Total oil production,Consumption Pattern,2022,4971.319
Austria,Balance,Total oil production,Consumption Pattern,2022,2828.824
Belgium,Balance,Total oil production,Consumption Pattern,2022,6011.1
Canada,Balance,Total oil production,Consumption Pattern,2022,16600.13
Chile,Balance,Total oil production,Consumption Pattern,2022,1337.793
Czech Republic,Balance,Total oil production,Consumption Pattern,2022,2843.0
Denmark,Balance,Total oil production,Consumption Pattern,2022,3151.0
Estonia,Balance,Total oil production,Consumption Pattern,2022,453.0
Finland,Balance,Total oil production,Consumption Pattern,2022,4963.0
France,Balance,Total oil production,Consumption Pattern,2022,20175.0
Germany,Balance,Total oil production,Consumption Pattern,2022,35873.935
Greece,Balance,Total oil production,Consumption Pattern,2022,4538.612
Hungary,Balance,Total oil production,Consumption Pattern,2022,3514.0
Iceland,Balance,Total oil production,Consumption Pattern,2022,0.0
Ireland,Balance,Total oil production,Consumption Pattern,2022,1497.844
Israel,Balance,Total oil production,Consumption Pattern,2022,0.0
Italy,Balance,Total oil production,Consumption Pattern,2022,16151.41
Japan,Balance,Total oil production,Consumption Pattern,2022,66569.0
South Korea,Balance,Total oil production,Consumption Pattern,2022,23718.869
Latvia,Balance,Total oil production,Consumption Pattern,2022,384.036
Lithuania,Balance,Total oil production,Consumption Pattern,2022,1072.2
Luxembourg,Balance,Total oil production,Consumption Pattern,2022,68.113
Mexico,Balance,Total oil production,Consumption Pattern,2022,4862.0
Netherlands,Balance,Total oil production,Consumption Pattern,2022,16309.994
Norway,Balance,Total oil production,Consumption Pattern,2022,3464.987
New Zealand,Balance,Total oil production,Consumption Pattern,2022,736.0
Poland,Balance,Total oil production,Consumption Pattern,2022,10766.89
Portugal,Balance,Total oil production,Consumption Pattern,2022,2661.918
Slovakia,Balance,Total oil production,Consumption Pattern,2022,1525.913
Slovenia,Balance,Total oil production,Consumption Pattern,2022,633.0
Spain,Balance,Total oil production,Consumption Pattern,2022,14848.813
Sweden,Balance,Total oil production,Consumption Pattern,2022,4687.903
Switzerland,Balance,Total oil production,Consumption Pattern,2022,3401.196
Türkiye,Balance,Total oil production,Consumption Pattern,2022,11995.079
United Kingdom,Balance,Total oil production,Consumption Pattern,2022,8801.0
United States,Balance,Total oil production,Consumption Pattern,2022,168007.0
Australia,Balance,Total oil production,Consumption Pattern,2023,5242.901
Austria,Balance,Total oil production,Consumption Pattern,2023,2890.695
Belgium,Balance,Total oil production,Consumption Pattern,2023,6139.1
Canada,Balance,Total oil production,Consumption Pattern,2023,16833.443
Chile,Balance,Total oil production,Consumption Pattern,2023,1290.519
Czech Republic,Balance,Total oil production,Consumption Pattern,2023,2876.0
Denmark,Balance,Total oil production,Consumption Pattern,2023,2831.0
Estonia,Balance,Total oil production,Consumption Pattern,2023,403.0
Finland,Balance,Total oil production,Consumption Pattern,2023,3995.0
France,Balance,Total oil production,Consumption Pattern,2023,19907.0
Germany,Balance,Total oil production,Consumption Pattern,2023,34686.918
Greece,Balance,Total oil production,Consumption Pattern,2023,4084.607
Hungary,Balance,Total oil production,Consumption Pattern,2023,3775.0
Iceland,Balance,Total oil production,Consumption Pattern,2023,0.0
Ireland,Balance,Total oil production,Consumption Pattern,2023,1485.508
Israel,Balance,Total oil production,Consumption Pattern,2023,0.0
Italy,Balance,Total oil production,Consumption Pattern,2023,16239.082
Japan,Balance,Total oil production,Consumption Pattern,2023,66004.169
South Korea,Balance,Total oil production,Consumption Pattern,2023,24339.81
Latvia,Balance,Total oil production,Consumption Pattern,2023,399.796
Lithuania,Balance,Total oil production,Consumption Pattern,2023,1093.4
Luxembourg,Balance,Total oil production,Consumption Pattern,2023,62.144
Mexico,Balance,Total oil production,Consumption Pattern,2023,4908.0
Netherlands,Balance,Total oil production,Consumption Pattern,2023,14029.563
Norway,Balance,Total oil production,Consumption Pattern,2023,3922.467
New Zealand,Balance,Total oil production,Consumption Pattern,2023,819.0
Poland,Balance,Total oil production,Consumption Pattern,2023,10551.242
Portugal,Balance,Total oil production,Consumption Pattern,2023,2579.981
Slovakia,Balance,Total oil production,Consumption Pattern,2023,1717.035
Slovenia,Balance,Total oil production,Consumption Pattern,2023,611.0
Spain,Balance,Total oil production,Consumption Pattern,2023,14285.29
Sweden,Balance,Total oil production,Consumption Pattern,2023,4756.891
Switzerland,Balance,Total oil production,Consumption Pattern,2023,3640.133
Türkiye,Balance,Total oil production,Consumption Pattern,2023,12249.208
United Kingdom,Balance,Total oil production,Consumption Pattern,2023,9613.0
United States,Balance,Total oil production,Consumption Pattern,2023,163841.0
Australia,Balance,Crude oil,Consumption Pattern,2022,1301.929
Austria,Balance,Crude oil,Consumption Pattern,2022,1157.987
Belgium,Balance,Crude oil,Consumption Pattern,2022,881.2
Canada,Balance,Crude oil,Consumption Pattern,2022,10266.605
Chile,Balance,Crude oil,Consumption Pattern,2022,397.067
Czech Republic,Balance,Crude oil,Consumption Pattern,2022,1244.0
Denmark,Balance,Crude oil,Consumption Pattern,2022,564.0
Estonia,Balance,Crude oil,Consumption Pattern,2022,110.0
Finland,Balance,Crude oil,Consumption Pattern,2022,1586.0
France,Balance,Crude oil,Consumption Pattern,2022,7029.0
Germany,Balance,Crude oil,Consumption Pattern,2022,20181.074
Greece,Balance,Crude oil,Consumption Pattern,2022,1665.244
Hungary,Balance,Crude oil,Consumption Pattern,2022,1960.0
Iceland,Balance,Crude oil,Consumption Pattern,2022,0.0
Ireland,Balance,Crude oil,Consumption Pattern,2022,213.175
Israel,Balance,Crude oil,Consumption Pattern,2022,0.0
Italy,Balance,Crude oil,Consumption Pattern,2022,6926.404
Japan,Balance,Crude oil,Consumption Pattern,2022,53896.619
South Korea,Balance,Crude oil,Consumption Pattern,2022,15754.452
Latvia,Balance,Crude oil,Consumption Pattern,2022,0.0
Lithuania,Balance,Crude oil,Consumption Pattern,2022,419.2
Luxembourg,Balance,Crude oil,Consumption Pattern,2022,0.0
Mexico,Balance,Crude oil,Consumption Pattern,2022,2750.0
Netherlands,Balance,Crude oil,Consumption Pattern,2022,6592.451
Norway,Balance,Crude oil,Consumption Pattern,2022,1879.216
New Zealand,Balance,Crude oil,Consumption Pattern,2022,107.0
Poland,Balance,Crude oil,Consumption Pattern,2022,6976.614
Portugal,Balance,Crude oil,Consumption Pattern,2022,813.026
Slovakia,Balance,Crude oil,Consumption Pattern,2022,846.433
Slovenia,Balance,Crude oil,Consumption Pattern,2022,0.0
Spain,Balance,Crude oil,Consumption Pattern,2022,5195.292
Sweden,Balance,Crude oil,Consumption Pattern,2022,1649.712
Switzerland,Balance,Crude oil,Consumption Pattern,2022,55.716
Türkiye,Balance,Crude oil,Consumption Pattern,2022,7021.057
United Kingdom,Balance,Crude oil,Consumption Pattern,2022,4137.0
United States,Balance,Crude oil,Consumption Pattern,2022,102567.0
Australia,Balance,Crude oil,Consumption Pattern,2023,1566.267
Austria,Balance,Crude oil,Consumption Pattern,2023,1237.197
Belgium,Balance,Crude oil,Consumption Pattern,2023,829.3
Canada,Balance,Crude oil,Consumption Pattern,2023,10012.43
Chile,Balance,Crude oil,Consumption Pattern,2023,414.492
Czech Republic,Balance,Crude oil,Consumption Pattern,2023,1229.0
Denmark,Balance,Crude oil,Consumption Pattern,2023,515.0
Estonia,Balance,Crude oil,Consumption Pattern,2023,86.0
Finland,Balance,Crude oil,Consumption Pattern,2023,1198.0
France,Balance,Crude oil,Consumption Pattern,2023,7028.0
Germany,Balance,Crude oil,Consumption Pattern,2023,19720.873
Greece,Balance,Crude oil,Consumption Pattern,2023,1210.213
Hungary,Balance,Crude oil,Consumption Pattern,2023,1916.0
Iceland,Balance,Crude oil,Consumption Pattern,2023,0.0
Ireland,Balance,Crude oil,Consumption Pattern,2023,128.535
Israel,Balance,Crude oil,Consumption Pattern,2023,0.0
Italy,Balance,Crude oil,Consumption Pattern,2023,6797.321
Japan,Balance,Crude oil,Consumption Pattern,2023,53540.714
South Korea,Balance,Crude oil,Consumption Pattern,2023,15444.983
Latvia,Balance,Crude oil,Consumption Pattern,2023,0.0
Lithuania,Balance,Crude oil,Consumption Pattern,2023,396.2
Luxembourg,Balance,Crude oil,Consumption Pattern,2023,0.0
Mexico,Balance,Crude oil,Consumption Pattern,2023,2733.0
Netherlands,Balance,Crude oil,Consumption Pattern,2023,5102.568
Norway,Balance,Crude oil,Consumption Pattern,2023,2467.839
New Zealand,Balance,Crude oil,Consumption Pattern,2023,67.0
Poland,Balance,Crude oil,Consumption Pattern,2023,6776.002
Portugal,Balance,Crude oil,Consumption Pattern,2023,887.954
Slovakia,Balance,Crude oil,Consumption Pattern,2023,1037.654
Slovenia,Balance,Crude oil,Consumption Pattern,2023,0.0
Spain,Balance,Crude oil,Consumption Pattern,2023,4843.063
Sweden,Balance,Crude oil,Consumption Pattern,2023,1273.526
Switzerland,Balance,Crude oil,Consumption Pattern,2023,45.843
Türkiye,Balance,Crude oil,Consumption Pattern,2023,6506.921
United Kingdom,Balance,Crude oil,Consumption Pattern,2023,4888.0
United States,Balance,Crude oil,Consumption Pattern,2023,100079.0
Australia,Balance,Total oil products production,Consumption Pattern,2022,3669.39
Austria,Balance,Total oil products production,Consumption Pattern,2022,1670.837
Belgium,Balance,Total oil products production,Consumption Pattern,2022,5129.9
Canada,Balance,Total oil products production,Consumption Pattern,2022,6333.525
Chile,Balance,Total oil products production,Consumption Pattern,2022,940.726
Czech Republic,Balance,Total oil products production,Consumption Pattern,2022,1599.0
Denmark,Balance,Total oil products production,Consumption Pattern,2022,2587.0
Estonia,Balance,Total oil products production,Consumption Pattern,2022,343.0
Finland,Balance,Total oil products production,Consumption Pattern,2022,3377.0
France,Balance,Total oil products production,Consumption Pattern,2022,13146.0
Germany,Balance,Total oil products production,Consumption Pattern,2022,15692.861
Greece,Balance,Total oil products production,Consumption Pattern,2022,2873.368
Hungary,Balance,Total oil products production,Consumption Pattern,2022,1554.0
Iceland,Balance,Total oil products production,Consumption Pattern,2022,0.0
Ireland,Balance,Total oil products production,Consumption Pattern,2022,1284.669
Israel,Balance,Total oil products production,Consumption Pattern,2022,0.0
Italy,Balance,Total oil products production,Consumption Pattern,2022,9225.006
Japan,Balance,Total oil products production,Consumption Pattern,2022,12672.381
South Korea,Balance,Total oil products production,Consumption Pattern,2022,7964.417
Latvia,Balance,Total oil products production,Consumption Pattern,2022,384.036
Lithuania,Balance,Total oil products production,Consumption Pattern,2022,653.0
Luxembourg,Balance,Total oil products production,Consumption Pattern,2022,68.113
Mexico,Balance,Total oil products production,Consumption Pattern,2022,2112.0
Netherlands,Balance,Total oil products production,Consumption Pattern,2022,9717.543
Norway,Balance,Total oil products production,Consumption Pattern,2022,1585.771
New Zealand,Balance,Total oil products production,Consumption Pattern,2022,629.0
Poland,Balance,Total oil products production,Consumption Pattern,2022,3790.276
Portugal,Balance,Total oil products production,Consumption Pattern,2022,1848.892
Slovakia,Balance,Total oil products production,Consumption Pattern,2022,679.48
Slovenia,Balance,Total oil products production,Consumption Pattern,2022,633.0
Spain,Balance,Total oil products production,Consumption Pattern,2022,9653.521
Sweden,Balance,Total oil products production,Consumption Pattern,2022,3038.191
Switzerland,Balance,Total oil products production,Consumption Pattern,2022,3345.48
Türkiye,Balance,Total oil products production,Consumption Pattern,2022,4974.022
United Kingdom,Balance,Total oil products production,Consumption Pattern,2022,4664.0
United States,Balance,Total oil products production,Consumption Pattern,2022,65440.0
Australia,Balance,Total oil products production,Consumption Pattern,2023,3676.634
Austria,Balance,Total oil products production,Consumption Pattern,2023,1653.498
Belgium,Balance,Total oil products production,Consumption Pattern,2023,5309.8
Canada,Balance,Total oil products production,Consumption Pattern,2023,6821.013
Chile,Balance,Total oil products production,Consumption Pattern,2023,876.027
Czech Republic,Balance,Total oil products production,Consumption Pattern,2023,1647.0
Denmark,Balance,Total oil products production,Consumption Pattern,2023,2316.0
Estonia,Balance,Total oil products production,Consumption Pattern,2023,317.0
Finland,Balance,Total oil products production,Consumption Pattern,2023,2797.0
France,Balance,Total oil products production,Consumption Pattern,2023,12879.0
Germany,Balance,Total oil products production,Consumption Pattern,2023,14966.045
Greece,Balance,Total oil products production,Consumption Pattern,2023,2874.394
Hungary,Balance,Total oil products production,Consumption Pattern,2023,1859.0
Iceland,Balance,Total oil products production,Consumption Pattern,2023,0.0
Ireland,Balance,Total oil products production,Consumption Pattern,2023,1356.973
Israel,Balance,Total oil products production,Consumption Pattern,2023,0.0
Italy,Balance,Total oil products production,Consumption Pattern,2023,9441.761
Japan,Balance,Total oil products production,Consumption Pattern,2023,12463.455
South Korea,Balance,Total oil products production,Consumption Pattern,2023,8894.827
Latvia,Balance,Total oil products production,Consumption Pattern,2023,399.796
Lithuania,Balance,Total oil products production,Consumption Pattern,2023,697.2
Luxembourg,Balance,Total oil products production,Consumption Pattern,2023,62.144
Mexico,Balance,Total oil products production,Consumption Pattern,2023,2175.0
Netherlands,Balance,Total oil products production,Consumption Pattern,2023,8926.995
Norway,Balance,Total oil products production,Consumption Pattern,2023,1454.628
New Zealand,Balance,Total oil products production,Consumption Pattern,2023,752.0
Poland,Balance,Total oil products production,Consumption Pattern,2023,3775.24
Portugal,Balance,Total oil products production,Consumption Pattern,2023,1692.027
Slovakia,Balance,Total oil products production,Consumption Pattern,2023,679.381
Slovenia,Balance,Total oil products production,Consumption Pattern,2023,611.0
Spain,Balance,Total oil products production,Consumption Pattern,2023,9442.227
Sweden,Balance,Total oil products production,Consumption Pattern,2023,3483.365
Switzerland,Balance,Total oil products production,Consumption Pattern,2023,3594.29
Türkiye,Balance,Total oil products production,Consumption Pattern,2023,5742.287
United Kingdom,Balance,Total oil products production,Consumption Pattern,2023,4725.0
United States,Balance,Total oil products production,Consumption Pattern,2023,63762.0
Australia,Balance,Total gas oil production,Consumption Pattern,2022,842.388
Austria,Balance,Total gas oil production,Consumption Pattern,2022,349.824
Belgium,Balance,Total gas oil production,Consumption Pattern,2022,504.7
Canada,Balance,Total gas oil production,Consumption Pattern,2022,1789.443
Chile,Balance,Total gas oil production,Consumption Pattern,2022,166.29
Czech Republic,Balance,Total gas oil production,Consumption Pattern,2022,420.0
Denmark,Balance,Total gas oil production,Consumption Pattern,2022,367.0
Estonia,Balance,Total gas oil production,Consumption Pattern,2022,88.0
Finland,Balance,Total gas oil production,Consumption Pattern,2022,303.0
France,Balance,Total gas oil production,Consumption Pattern,2022,1582.0
Germany,Balance,Total gas oil production,Consumption Pattern,2022,3266.918
Greece,Balance,Total gas oil production,Consumption Pattern,2022,458.174
Hungary,Balance,Total gas oil production,Consumption Pattern,2022,540.0
Iceland,Balance,Total gas oil production,Consumption Pattern,2022,0.0
Ireland,Balance,Total gas oil production,Consumption Pattern,2022,178.127
Israel,Balance,Total gas oil production,Consumption Pattern,2022,0.0
Italy,Balance,Total gas oil production,Consumption Pattern,2022,1536.298
Japan,Balance,Total gas oil production,Consumption Pattern,2022,1616.626
South Korea,Balance,Total gas oil production,Consumption Pattern,2022,933.982
Latvia,Balance,Total gas oil production,Consumption Pattern,2022,17.085
Lithuania,Balance,Total gas oil production,Consumption Pattern,2022,101.5
Luxembourg,Balance,Total gas oil production,Consumption Pattern,2022,7.283
Mexico,Balance,Total gas oil production,Consumption Pattern,2022,891.0
Netherlands,Balance,Total gas oil production,Consumption Pattern,2022,1184.045
Norway,Balance,Total gas oil production,Consumption Pattern,2022,185.386
New Zealand,Balance,Total gas oil production,Consumption Pattern,2022,209.0
Poland,Balance,Total gas oil production,Consumption Pattern,2022,749.436
Portugal,Balance,Total gas oil production,Consumption Pattern,2022,197.884
Slovakia,Balance,Total gas oil production,Consumption Pattern,2022,175.984
Slovenia,Balance,Total gas oil production,Consumption Pattern,2022,139.0
Spain,Balance,Total gas oil production,Consumption Pattern,2022,1244.918
Sweden,Balance,Total gas oil production,Consumption Pattern,2022,450.242
Switzerland,Balance,Total gas oil production,Consumption Pattern,2022,927.538
Türkiye,Balance,Total gas oil production,Consumption Pattern,2022,358.966
United Kingdom,Balance,Total gas oil production,Consumption Pattern,2022,982.0
United States,Balance,Total gas oil production,Consumption Pattern,2022,21285.0
Australia,Balance,Total gas oil production,Consumption Pattern,2023,749.26
Austria,Balance,Total gas oil production,Consumption Pattern,2023,315.049
Belgium,Balance,Total gas oil production,Consumption Pattern,2023,519.2
Canada,Balance,Total gas oil production,Consumption Pattern,2023,1943.675
Chile,Balance,Total gas oil production,Consumption Pattern,2023,175.764
Czech Republic,Balance,Total gas oil production,Consumption Pattern,2023,440.0
Denmark,Balance,Total gas oil production,Consumption Pattern,2023,353.0
Estonia,Balance,Total gas oil production,Consumption Pattern,2023,84.0
Finland,Balance,Total gas oil production,Consumption Pattern,2023,315.0
France,Balance,Total gas oil production,Consumption Pattern,2023,1737.0
Germany,Balance,Total gas oil production,Consumption Pattern,2023,2918.731
Greece,Balance,Total gas oil production,Consumption Pattern,2023,459.991
Hungary,Balance,Total gas oil production,Consumption Pattern,2023,610.0
Iceland,Balance,Total gas oil production,Consumption Pattern,2023,0.0
Ireland,Balance,Total gas oil production,Consumption Pattern,2023,166.584
Israel,Balance,Total gas oil production,Consumption Pattern,2023,0.0
Italy,Balance,Total gas oil production,Consumption Pattern,2023,1536.299
Japan,Balance,Total gas oil production,Consumption Pattern,2023,1580.856
South Korea,Balance,Total gas oil production,Consumption Pattern,2023,1024.512
Latvia,Balance,Total gas oil production,Consumption Pattern,2023,23.495
Lithuania,Balance,Total gas oil production,Consumption Pattern,2023,149.2
Luxembourg,Balance,Total gas oil production,Consumption Pattern,2023,7.411
Mexico,Balance,Total gas oil production,Consumption Pattern,2023,843.0
Netherlands,Balance,Total gas oil production,Consumption Pattern,2023,713.881
Norway,Balance,Total gas oil production,Consumption Pattern,2023,208.653
New Zealand,Balance,Total gas oil production,Consumption Pattern,2023,227.0
Poland,Balance,Total gas oil production,Consumption Pattern,2023,821.821
Portugal,Balance,Total gas oil production,Consumption Pattern,2023,223.161
Slovakia,Balance,Total gas oil production,Consumption Pattern,2023,193.972
Slovenia,Balance,Total gas oil production,Consumption Pattern,2023,146.0
Spain,Balance,Total gas oil production,Consumption Pattern,2023,1217.164
Sweden,Balance,Total gas oil production,Consumption Pattern,2023,478.665
Switzerland,Balance,Total gas oil production,Consumption Pattern,2023,942.508
Türkiye,Balance,Total gas oil production,Consumption Pattern,2023,358.072
United Kingdom,Balance,Total gas oil production,Consumption Pattern,2023,1018.0
United States,Balance,Total gas oil production,Consumption Pattern,2023,23371.0
Australia,Balance,Middle distillates,Consumption Pattern,2022,1981.457
Austria,Balance,Middle distillates,Consumption Pattern,2022,1084.896
Belgium,Balance,Middle distillates,Consumption Pattern,2022,3218.4
Canada,Balance,Middle distillates,Consumption Pattern,2022,2457.379
Chile,Balance,Middle distillates,Consumption Pattern,2022,404.645
Czech Republic,Balance,Middle distillates,Consumption Pattern,2022,981.0
Denmark,Balance,Middle distillates,Consumption Pattern,2022,1453.0
Estonia,Balance,Middle distillates,Consumption Pattern,2022,186.0
Finland,Balance,Middle distillates,Consumption Pattern,2022,2447.0
France,Balance,Middle distillates,Consumption Pattern,2022,10542.0
Germany,Balance,Middle distillates,Consumption Pattern,2022,9713.968
Greece,Balance,Middle distillates,Consumption Pattern,2022,1169.736
Hungary,Balance,Middle distillates,Consumption Pattern,2022,738.0
Iceland,Balance,Middle distillates,Consumption Pattern,2022,0.0
Ireland,Balance,Middle distillates,Consumption Pattern,2022,987.487
Israel,Balance,Middle distillates,Consumption Pattern,2022,0.0
Italy,Balance,Middle distillates,Consumption Pattern,2022,4773.719
Japan,Balance,Middle distillates,Consumption Pattern,2022,4809.54
South Korea,Balance,Middle distillates,Consumption Pattern,2022,2523.572
Latvia,Balance,Middle distillates,Consumption Pattern,2022,354.723
Lithuania,Balance,Middle distillates,Consumption Pattern,2022,408.9
Luxembourg,Balance,Middle distillates,Consumption Pattern,2022,60.83
Mexico,Balance,Middle distillates,Consumption Pattern,2022,614.0
Netherlands,Balance,Middle distillates,Consumption Pattern,2022,3467.359
Norway,Balance,Middle distillates,Consumption Pattern,2022,892.471
New Zealand,Balance,Middle distillates,Consumption Pattern,2022,279.0
Poland,Balance,Middle distillates,Consumption Pattern,2022,2692.496
Portugal,Balance,Middle distillates,Consumption Pattern,2022,1263.795
Slovakia,Balance,Middle distillates,Consumption Pattern,2022,339.861
Slovenia,Balance,Middle distillates,Consumption Pattern,2022,462.0
Spain,Balance,Middle distillates,Consumption Pattern,2022,5961.072
Sweden,Balance,Middle distillates,Consumption Pattern,2022,1678.099
Switzerland,Balance,Middle distillates,Consumption Pattern,2022,2340.109
Türkiye,Balance,Middle distillates,Consumption Pattern,2022,2129.122
United Kingdom,Balance,Middle distillates,Consumption Pattern,2022,2536.0
United States,Balance,Middle distillates,Consumption Pattern,2022,18218.0
Australia,Balance,Middle distillates,Consumption Pattern,2023,1966.873
Austria,Balance,Middle distillates,Consumption Pattern,2023,1119.002
Belgium,Balance,Middle distillates,Consumption Pattern,2023,3299.5
Canada,Balance,Middle distillates,Consumption Pattern,2023,2704.009
Chile,Balance,Middle distillates,Consumption Pattern,2023,357.638
Czech Republic,Balance,Middle distillates,Consumption Pattern,2023,1011.0
Denmark,Balance,Middle distillates,Consumption Pattern,2023,1502.0
Estonia,Balance,Middle distillates,Consumption Pattern,2023,161.0
Finland,Balance,Middle distillates,Consumption Pattern,2023,2072.0
France,Balance,Middle distillates,Consumption Pattern,2023,10222.0
Germany,Balance,Middle distillates,Consumption Pattern,2023,9353.012
Greece,Balance,Middle distillates,Consumption Pattern,2023,1155.72
Hungary,Balance,Middle distillates,Consumption Pattern,2023,983.0
Iceland,Balance,Middle distillates,Consumption Pattern,2023,0.0
Ireland,Balance,Middle distillates,Consumption Pattern,2023,1093.949
Israel,Balance,Middle distillates,Consumption Pattern,2023,0.0
Italy,Balance,Middle distillates,Consumption Pattern,2023,4774.11
Japan,Balance,Middle distillates,Consumption Pattern,2023,4804.779
South Korea,Balance,Middle distillates,Consumption Pattern,2023,3118.58
Latvia,Balance,Middle distillates,Consumption Pattern,2023,359.559
Lithuania,Balance,Middle distillates,Consumption Pattern,2023,389.7
Luxembourg,Balance,Middle distillates,Consumption Pattern,2023,54.733
Mexico,Balance,Middle distillates,Consumption Pattern,2023,526.0
Netherlands,Balance,Middle distillates,Consumption Pattern,2023,3337.089
Norway,Balance,Middle distillates,Consumption Pattern,2023,819.112
New Zealand,Balance,Middle distillates,Consumption Pattern,2023,410.0
Poland,Balance,Middle distillates,Consumption Pattern,2023,2594.676
Portugal,Balance,Middle distillates,Consumption Pattern,2023,1146.999
Slovakia,Balance,Middle distillates,Consumption Pattern,2023,310.051
Slovenia,Balance,Middle distillates,Consumption Pattern,2023,433.0
Spain,Balance,Middle distillates,Consumption Pattern,2023,6109.989
Sweden,Balance,Middle distillates,Consumption Pattern,2023,1954.295
Switzerland,Balance,Middle distillates,Consumption Pattern,2023,2569.06
Türkiye,Balance,Middle distillates,Consumption Pattern,2023,2103.353
United Kingdom,Balance,Middle distillates,Consumption Pattern,2023,2612.0
United States,Balance,Middle distillates,Consumption Pattern,2023,19910.0
Australia,Balance,Residual fuel oil,Consumption Pattern,2022,98.618
Austria,Balance,Residual fuel oil,Consumption Pattern,2022,140.234
Belgium,Balance,Residual fuel oil,Consumption Pattern,2022,503.9
Canada,Balance,Residual fuel oil,Consumption Pattern,2022,353.408
Chile,Balance,Residual fuel oil,Consumption Pattern,2022,61.409
Czech Republic,Balance,Residual fuel oil,Consumption Pattern,2022,35.0
Denmark,Balance,Residual fuel oil,Consumption Pattern,2022,725.0
Estonia,Balance,Residual fuel oil,Consumption Pattern,2022,68.0
Finland,Balance,Residual fuel oil,Consumption Pattern,2022,335.0
France,Balance,Residual fuel oil,Consumption Pattern,2022,526.0
Germany,Balance,Residual fuel oil,Consumption Pattern,2022,1360.773
Greece,Balance,Residual fuel oil,Consumption Pattern,2022,659.766
Hungary,Balance,Residual fuel oil,Consumption Pattern,2022,31.0
Iceland,Balance,Residual fuel oil,Consumption Pattern,2022,0.0
Ireland,Balance,Residual fuel oil,Consumption Pattern,2022,102.706
Israel,Balance,Residual fuel oil,Consumption Pattern,2022,0.0
Italy,Balance,Residual fuel oil,Consumption Pattern,2022,1364.929
Japan,Balance,Residual fuel oil,Consumption Pattern,2022,1068.116
South Korea,Balance,Residual fuel oil,Consumption Pattern,2022,1410.601
Latvia,Balance,Residual fuel oil,Consumption Pattern,2022,0.0
Lithuania,Balance,Residual fuel oil,Consumption Pattern,2022,103.6
Luxembourg,Balance,Residual fuel oil,Consumption Pattern,2022,0.0
Mexico,Balance,Residual fuel oil,Consumption Pattern,2022,476.0
Netherlands,Balance,Residual fuel oil,Consumption Pattern,2022,2233.854
Norway,Balance,Residual fuel oil,Consumption Pattern,2022,73.16
New Zealand,Balance,Residual fuel oil,Consumption Pattern,2022,19.0
Poland,Balance,Residual fuel oil,Consumption Pattern,2022,72.032
Portugal,Balance,Residual fuel oil,Consumption Pattern,2022,167.086
Slovakia,Balance,Residual fuel oil,Consumption Pattern,2022,88.166
Slovenia,Balance,Residual fuel oil,Consumption Pattern,2022,0.0
Spain,Balance,Residual fuel oil,Consumption Pattern,2022,1107.932
Sweden,Balance,Residual fuel oil,Consumption Pattern,2022,464.63
Switzerland,Balance,Residual fuel oil,Consumption Pattern,2022,50.997
Türkiye,Balance,Residual fuel oil,Consumption Pattern,2022,1237.216
United Kingdom,Balance,Residual fuel oil,Consumption Pattern,2022,239.0
United States,Balance,Residual fuel oil,Consumption Pattern,2022,5842.0
Australia,Balance,Residual fuel oil,Consumption Pattern,2023,118.329
Austria,Balance,Residual fuel oil,Consumption Pattern,2023,135.97
Belgium,Balance,Residual fuel oil,Consumption Pattern,2023,481.9
Canada,Balance,Residual fuel oil,Consumption Pattern,2023,243.623
Chile,Balance,Residual fuel oil,Consumption Pattern,2023,71.417
Czech Republic,Balance,Residual fuel oil,Consumption Pattern,2023,35.0
Denmark,Balance,Residual fuel oil,Consumption Pattern,2023,388.0
Estonia,Balance,Residual fuel oil,Consumption Pattern,2023,71.0
Finland,Balance,Residual fuel oil,Consumption Pattern,2023,152.0
France,Balance,Residual fuel oil,Consumption Pattern,2023,423.0
Germany,Balance,Residual fuel oil,Consumption Pattern,2023,1410.611
Greece,Balance,Residual fuel oil,Consumption Pattern,2023,703.203
Hungary,Balance,Residual fuel oil,Consumption Pattern,2023,29.0
Iceland,Balance,Residual fuel oil,Consumption Pattern,2023,0.0
Ireland,Balance,Residual fuel oil,Consumption Pattern,2023,81.265
Israel,Balance,Residual fuel oil,Consumption Pattern,2023,0.0
Italy,Balance,Residual fuel oil,Consumption Pattern,2023,1364.939
Japan,Balance,Residual fuel oil,Consumption Pattern,2023,1131.269
South Korea,Balance,Residual fuel oil,Consumption Pattern,2023,1341.19
Latvia,Balance,Residual fuel oil,Consumption Pattern,2023,0.0
Lithuania,Balance,Residual fuel oil,Consumption Pattern,2023,129.4
Luxembourg,Balance,Residual fuel oil,Consumption Pattern,2023,0.0
Mexico,Balance,Residual fuel oil,Consumption Pattern,2023,617.0
Netherlands,Balance,Residual fuel oil,Consumption Pattern,2023,2082.013
Norway,Balance,Residual fuel oil,Consumption Pattern,2023,67.119
New Zealand,Balance,Residual fuel oil,Consumption Pattern,2023,28.0
Poland,Balance,Residual fuel oil,Consumption Pattern,2023,60.397
Portugal,Balance,Residual fuel oil,Consumption Pattern,2023,114.271
Slovakia,Balance,Residual fuel oil,Consumption Pattern,2023,103.577
Slovenia,Balance,Residual fuel oil,Consumption Pattern,2023,0.0
Spain,Balance,Residual fuel oil,Consumption Pattern,2023,824.381
Sweden,Balance,Residual fuel oil,Consumption Pattern,2023,491.585
Switzerland,Balance,Residual fuel oil,Consumption Pattern,2023,52.706
Türkiye,Balance,Residual fuel oil,Consumption Pattern,2023,1614.885
United Kingdom,Balance,Residual fuel oil,Consumption Pattern,2023,215.0
United States,Balance,Residual fuel oil,Consumption Pattern,2023,4860.0
Australia,Balance,Total oil production,Storage Channelization,2023,360.176
Austria,Balance,Total oil production,Storage Channelization,2023,24.79
Belgium,Balance,Total oil production,Storage Channelization,2023,129.2
Canada,Balance,Total oil production,Storage Channelization,2023,2.348
Chile,Balance,Total oil production,Storage Channelization,2023,-181.894
Czech Republic,Balance,Total oil production,Storage Channelization,2023,62.0
Denmark,Balance,Total oil production,Storage Channelization,2023,68.0
Estonia,Balance,Total oil production,Storage Channelization,2023,50.0
Finland,Balance,Total oil production,Storage Channelization,2023,-45.0
France,Balance,Total oil production,Storage Channelization,2023,94.0
Germany,Balance,Total oil production,Storage Channelization,2023,671.66
Greece,Balance,Total oil production,Storage Channelization,2023,0.0
Hungary,Balance,Total oil production,Storage Channelization,2023,-1.0
Iceland,Balance,Total oil production,Storage Channelization,2023,0.0
Ireland,Balance,Total oil production,Storage Channelization,2023,45.824
Israel,Balance,Total oil production,Storage Channelization,2023,0.0
Italy,Balance,Total oil production,Storage Channelization,2023,382.795
Japan,Balance,Total oil production,Storage Channelization,2023,-937.566
South Korea,Balance,Total oil production,Storage Channelization,2023,-137.009
Latvia,Balance,Total oil production,Storage Channelization,2023,-2.6
Lithuania,Balance,Total oil production,Storage Channelization,2023,53.7
Luxembourg,Balance,Total oil production,Storage Channelization,2023,8.468
Mexico,Balance,Total oil production,Storage Channelization,2023,36.0
Netherlands,Balance,Total oil production,Storage Channelization,2023,21.685
Norway,Balance,Total oil production,Storage Channelization,2023,-391.006
New Zealand,Balance,Total oil production,Storage Channelization,2023,22.0
Poland,Balance,Total oil production,Storage Channelization,2023,-30.834
Portugal,Balance,Total oil production,Storage Channelization,2023,-144.2
Slovakia,Balance,Total oil production,Storage Channelization,2023,116.944
Slovenia,Balance,Total oil production,Storage Channelization,2023,-1.0
Spain,Balance,Total oil production,Storage Channelization,2023,-973.264
Sweden,Balance,Total oil production,Storage Channelization,2023,-32.926
Switzerland,Balance,Total oil production,Storage Channelization,2023,46.266
Türkiye,Balance,Total oil production,Storage Channelization,2023,-28.057
United Kingdom,Balance,Total oil production,Storage Channelization,2023,228.0
United States,Balance,Total oil production,Storage Channelization,2023,-299.0
Australia,Balance,Crude oil,Storage Channelization,2023,170.022
Austria,Balance,Crude oil,Storage Channelization,2023,-2.807
Belgium,Balance,Crude oil,Storage Channelization,2023,5.6
Canada,Balance,Crude oil,Storage Channelization,2023,-396.648
Chile,Balance,Crude oil,Storage Channelization,2023,18.254
Czech Republic,Balance,Crude oil,Storage Channelization,2023,-30.0
Denmark,Balance,Crude oil,Storage Channelization,2023,24.0
Estonia,Balance,Crude oil,Storage Channelization,2023,33.0
Finland,Balance,Crude oil,Storage Channelization,2023,85.0
France,Balance,Crude oil,Storage Channelization,2023,268.0
Germany,Balance,Crude oil,Storage Channelization,2023,-67.827
Greece,Balance,Crude oil,Storage Channelization,2023,0.0
Hungary,Balance,Crude oil,Storage Channelization,2023,-19.0
Iceland,Balance,Crude oil,Storage Channelization,2023,0.0
Ireland,Balance,Crude oil,Storage Channelization,2023,2.37
Israel,Balance,Crude oil,Storage Channelization,2023,0.0
Italy,Balance,Crude oil,Storage Channelization,2023,15.268
Japan,Balance,Crude oil,Storage Channelization,2023,-205.471
South Korea,Balance,Crude oil,Storage Channelization,2023,-0.729
Latvia,Balance,Crude oil,Storage Channelization,2023,0.0
Lithuania,Balance,Crude oil,Storage Channelization,2023,3.8
Luxembourg,Balance,Crude oil,Storage Channelization,2023,0.0
Mexico,Balance,Crude oil,Storage Channelization,2023,-167.0
Netherlands,Balance,Crude oil,Storage Channelization,2023,-234.869
Norway,Balance,Crude oil,Storage Channelization,2023,-320.296
New Zealand,Balance,Crude oil,Storage Channelization,2023,-73.0
Poland,Balance,Crude oil,Storage Channelization,2023,0.0
Portugal,Balance,Crude oil,Storage Channelization,2023,-114.884
Slovakia,Balance,Crude oil,Storage Channelization,2023,46.565
Slovenia,Balance,Crude oil,Storage Channelization,2023,0.0
Spain,Balance,Crude oil,Storage Channelization,2023,-656.75
Sweden,Balance,Crude oil,Storage Channelization,2023,20.673
Switzerland,Balance,Crude oil,Storage Channelization,2023,-4.94
Türkiye,Balance,Crude oil,Storage Channelization,2023,0.78
United Kingdom,Balance,Crude oil,Storage Channelization,2023,109.0
United States,Balance,Crude oil,Storage Channelization,2023,-2442.0
Australia,Balance,Total oil products production,Storage Channelization,2023,190.154
Austria,Balance,Total oil products production,Storage Channelization,2023,27.597
Belgium,Balance,Total oil products production,Storage Channelization,2023,123.6
Canada,Balance,Total oil products production,Storage Channelization,2023,398.996
Chile,Balance,Total oil products production,Storage Channelization,2023,-200.148
Czech Republic,Balance,Total oil products production,Storage Channelization,2023,92.0
Denmark,Balance,Total oil products production,Storage Channelization,2023,44.0
Estonia,Balance,Total oil products production,Storage Channelization,2023,17.0
Finland,Balance,Total oil products production,Storage Channelization,2023,-130.0
France,Balance,Total oil products production,Storage Channelization,2023,-174.0
Germany,Balance,Total oil products production,Storage Channelization,2023,739.487
Greece,Balance,Total oil products production,Storage Channelization,2023,0.0
Hungary,Balance,Total oil products production,Storage Channelization,2023,18.0
Iceland,Balance,Total oil products production,Storage Channelization,2023,0.0
Ireland,Balance,Total oil products production,Storage Channelization,2023,43.454
Israel,Balance,Total oil products production,Storage Channelization,2023,0.0
Italy,Balance,Total oil products production,Storage Channelization,2023,367.527
Japan,Balance,Total oil products production,Storage Channelization,2023,-732.095
South Korea,Balance,Total oil products production,Storage Channelization,2023,-136.28
Latvia,Balance,Total oil products production,Storage Channelization,2023,-2.6
Lithuania,Balance,Total oil products production,Storage Channelization,2023,49.9
Luxembourg,Balance,Total oil products production,Storage Channelization,2023,8.468
Mexico,Balance,Total oil products production,Storage Channelization,2023,203.0
Netherlands,Balance,Total oil products production,Storage Channelization,2023,256.554
Norway,Balance,Total oil products production,Storage Channelization,2023,-70.71
New Zealand,Balance,Total oil products production,Storage Channelization,2023,95.0
Poland,Balance,Total oil products production,Storage Channelization,2023,-30.834
Portugal,Balance,Total oil products production,Storage Channelization,2023,-29.316
Slovakia,Balance,Total oil products production,Storage Channelization,2023,70.379
Slovenia,Balance,Total oil products production,Storage Channelization,2023,-1.0
Spain,Balance,Total oil products production,Storage Channelization,2023,-316.514
Sweden,Balance,Total oil products production,Storage Channelization,2023,-53.599
Switzerland,Balance,Total oil products production,Storage Channelization,2023,51.206
Türkiye,Balance,Total oil products production,Storage Channelization,2023,-28.837
United Kingdom,Balance,Total oil products production,Storage Channelization,2023,119.0
United States,Balance,Total oil products production,Storage Channelization,2023,2143.0
Australia,Balance,Total gas oil production,Storage Channelization,2023,6.138
Austria,Balance,Total gas oil production,Storage Channelization,2023,-2.786
Belgium,Balance,Total gas oil production,Storage Channelization,2023,26.6
Canada,Balance,Total gas oil production,Storage Channelization,2023,67.139
Chile,Balance,Total gas oil production,Storage Channelization,2023,-51.607
Czech Republic,Balance,Total gas oil production,Storage Channelization,2023,12.0
Denmark,Balance,Total gas oil production,Storage Channelization,2023,5.0
Estonia,Balance,Total gas oil production,Storage Channelization,2023,0.0
Finland,Balance,Total gas oil production,Storage Channelization,2023,-6.0
France,Balance,Total gas oil production,Storage Channelization,2023,-248.0
Germany,Balance,Total gas oil production,Storage Channelization,2023,59.683
Greece,Balance,Total gas oil production,Storage Channelization,2023,0.0
Hungary,Balance,Total gas oil production,Storage Channelization,2023,0.0
Iceland,Balance,Total gas oil production,Storage Channelization,2023,0.0
Ireland,Balance,Total gas oil production,Storage Channelization,2023,-4.207
Israel,Balance,Total gas oil production,Storage Channelization,2023,0.0
Italy,Balance,Total gas oil production,Storage Channelization,2023,-86.843
Japan,Balance,Total gas oil production,Storage Channelization,2023,-59.678
South Korea,Balance,Total gas oil production,Storage Channelization,2023,85.039
Latvia,Balance,Total gas oil production,Storage Channelization,2023,4.0
Lithuania,Balance,Total gas oil production,Storage Channelization,2023,51.6
Luxembourg,Balance,Total gas oil production,Storage Channelization,2023,-0.841
Mexico,Balance,Total gas oil production,Storage Channelization,2023,-35.0
Netherlands,Balance,Total gas oil production,Storage Channelization,2023,22.213
Norway,Balance,Total gas oil production,Storage Channelization,2023,-5.362
New Zealand,Balance,Total gas oil production,Storage Channelization,2023,24.0
Poland,Balance,Total gas oil production,Storage Channelization,2023,7.331
Portugal,Balance,Total gas oil production,Storage Channelization,2023,15.685
Slovakia,Balance,Total gas oil production,Storage Channelization,2023,15.679
Slovenia,Balance,Total gas oil production,Storage Channelization,2023,7.0
Spain,Balance,Total gas oil production,Storage Channelization,2023,-45.901
Sweden,Balance,Total gas oil production,Storage Channelization,2023,4.621
Switzerland,Balance,Total gas oil production,Storage Channelization,2023,14.421
Türkiye,Balance,Total gas oil production,Storage Channelization,2023,-55.191
United Kingdom,Balance,Total gas oil production,Storage Channelization,2023,-131.0
United States,Balance,Total gas oil production,Storage Channelization,2023,1916.0
Australia,Balance,Middle distillates,Storage Channelization,2023,57.512
Austria,Balance,Middle distillates,Storage Channelization,2023,0.138
Belgium,Balance,Middle distillates,Storage Channelization,2023,58.2
Canada,Balance,Middle distillates,Storage Channelization,2023,280.481
Chile,Balance,Middle distillates,Storage Channelization,2023,-124.587
Czech Republic,Balance,Middle distillates,Storage Channelization,2023,65.0
Denmark,Balance,Middle distillates,Storage Channelization,2023,29.0
Estonia,Balance,Middle distillates,Storage Channelization,2023,17.0
Finland,Balance,Middle distillates,Storage Channelization,2023,-67.0
France,Balance,Middle distillates,Storage Channelization,2023,48.0
Germany,Balance,Middle distillates,Storage Channelization,2023,598.982
Greece,Balance,Middle distillates,Storage Channelization,2023,0.0
Hungary,Balance,Middle distillates,Storage Channelization,2023,1.0
Iceland,Balance,Middle distillates,Storage Channelization,2023,0.0
Ireland,Balance,Middle distillates,Storage Channelization,2023,12.537
Israel,Balance,Middle distillates,Storage Channelization,2023,0.0
Italy,Balance,Middle distillates,Storage Channelization,2023,128.733
Japan,Balance,Middle distillates,Storage Channelization,2023,-545.294
South Korea,Balance,Middle distillates,Storage Channelization,2023,120.715
Latvia,Balance,Middle distillates,Storage Channelization,2023,-3.6
Lithuania,Balance,Middle distillates,Storage Channelization,2023,-3.3
Luxembourg,Balance,Middle distillates,Storage Channelization,2023,9.309
Mexico,Balance,Middle distillates,Storage Channelization,2023,-31.0
Netherlands,Balance,Middle distillates,Storage Channelization,2023,51.859
Norway,Balance,Middle distillates,Storage Channelization,2023,-15.291
New Zealand,Balance,Middle distillates,Storage Channelization,2023,63.0
Poland,Balance,Middle distillates,Storage Channelization,2023,-25.441
Portugal,Balance,Middle distillates,Storage Channelization,2023,59.533
Slovakia,Balance,Middle distillates,Storage Channelization,2023,33.25
Slovenia,Balance,Middle distillates,Storage Channelization,2023,-6.0
Spain,Balance,Middle distillates,Storage Channelization,2023,-186.048
Sweden,Balance,Middle distillates,Storage Channelization,2023,-24.41
Switzerland,Balance,Middle distillates,Storage Channelization,2023,38.269
Türkiye,Balance,Middle distillates,Storage Channelization,2023,-65.188
United Kingdom,Balance,Middle distillates,Storage Channelization,2023,255.0
United States,Balance,Middle distillates,Storage Channelization,2023,2132.0
Australia,Balance,Residual fuel oil,Storage Channelization,2023,14.354
Austria,Balance,Residual fuel oil,Storage Channelization,2023,30.002
Belgium,Balance,Residual fuel oil,Storage Channelization,2023,-50.8
Canada,Balance,Residual fuel oil,Storage Channelization,2023,-74.722
Chile,Balance,Residual fuel oil,Storage Channelization,2023,27.748
Czech Republic,Balance,Residual fuel oil,Storage Channelization,2023,2.0
Denmark,Balance,Residual fuel oil,Storage Channelization,2023,7.0
Estonia,Balance,Residual fuel oil,Storage Channelization,2023,0.0
Finland,Balance,Residual fuel oil,Storage Channelization,2023,-3.0
France,Balance,Residual fuel oil,Storage Channelization,2023,-18.0
Germany,Balance,Residual fuel oil,Storage Channelization,2023,14.862
Greece,Balance,Residual fuel oil,Storage Channelization,2023,0.0
Hungary,Balance,Residual fuel oil,Storage Channelization,2023,0.0
Iceland,Balance,Residual fuel oil,Storage Channelization,2023,0.0
Ireland,Balance,Residual fuel oil,Storage Channelization,2023,32.025
Israel,Balance,Residual fuel oil,Storage Channelization,2023,0.0
Italy,Balance,Residual fuel oil,Storage Channelization,2023,184.574
Japan,Balance,Residual fuel oil,Storage Channelization,2023,21.166
South Korea,Balance,Residual fuel oil,Storage Channelization,2023,-219.831
Latvia,Balance,Residual fuel oil,Storage Channelization,2023,0.0
Lithuania,Balance,Residual fuel oil,Storage Channelization,2023,1.5
Luxembourg,Balance,Residual fuel oil,Storage Channelization,2023,0.0
Mexico,Balance,Residual fuel oil,Storage Channelization,2023,224.0
Netherlands,Balance,Residual fuel oil,Storage Channelization,2023,16.368
Norway,Balance,Residual fuel oil,Storage Channelization,2023,0.796
New Zealand,Balance,Residual fuel oil,Storage Channelization,2023,8.0
Poland,Balance,Residual fuel oil,Storage Channelization,2023,0.0
Portugal,Balance,Residual fuel oil,Storage Channelization,2023,-98.026
Slovakia,Balance,Residual fuel oil,Storage Channelization,2023,10.959
Slovenia,Balance,Residual fuel oil,Storage Channelization,2023,0.0
Spain,Balance,Residual fuel oil,Storage Channelization,2023,-137.443
Sweden,Balance,Residual fuel oil,Storage Channelization,2023,15.122
Switzerland,Balance,Residual fuel oil,Storage Channelization,2023,-0.976
Türkiye,Balance,Residual fuel oil,Storage Channelization,2023,80.912
United Kingdom,Balance,Residual fuel oil,Storage Channelization,2023,0.0
United States,Balance,Residual fuel oil,Storage Channelization,2023,-212.0
