DATE_PERIOD,NPD_WELL_BORE_NAME,ON_STREAM_HRS,AVG_DOWNHOLE_PRESSURE,AVG_DOWNHOLE_TEMPERATURE,AVG_DP_TUBING,AVG_ANNULUS_PRESS,AVG_CHOKE_SIZE_P,AVG_WHP_P,AVG_WHT_P,BORE_OIL_VOL
2008-03-21,15/9-F-12,24.0,274.072,105.916,174.498,6.696,32.08725,99.574,75.356,3192.0
2008-03-22,15/9-F-12,24.0,273.456,105.915,174.284,6.462,32.07839,99.172,75.319,3172.0
2008-03-23,15/9-F-12,24.0,272.881,105.913,174.088,6.288,32.0607,98.793,75.353,3160.0
2008-03-24,15/9-F-12,24.0,272.237,105.913,173.835,4.957,32.12839,98.402,74.812,3153.0
2008-03-25,15/9-F-12,24.0,271.684,105.91,173.644,14.906,32.0421,98.039,74.959,3131.0
2008-03-26,15/9-F-12,7.48,271.419,105.907,173.522,14.794,30.92542,97.897,75.26,960.0
2008-03-28,15/9-F-12,1.19,279.416,104.714,187.175,0.412,21.33333,92.241,24.1,73.0
2008-03-29,15/9-F-12,24.0,271.468,105.87,174.191,6.744,32.0,97.277,69.262,3137.0
2008-03-30,15/9-F-12,10.98,270.742,105.902,173.373,10.981,30.68261,97.369,73.106,1431.0
2008-03-31,15/9-F-12,14.03,271.557,105.862,173.435,7.146,31.0,98.122,70.452,1951.0
2008-04-01,15/9-F-12,24.0,270.36,105.889,172.928,11.469,29.81203,97.431,73.537,3061.0
2008-04-02,15/9-F-12,24.0,269.645,105.894,172.986,12.75,31.81838,96.658,75.81,3054.0
2008-04-03,15/9-F-12,24.0,268.862,105.897,172.745,13.189,32.00095,96.117,75.921,3103.0
2008-04-04,15/9-F-12,24.0,268.18,105.897,172.49,13.273,32.0812,95.691,75.217,3111.0
2008-04-05,15/9-F-12,24.0,267.456,105.895,172.316,13.266,32.20087,95.14,75.461,3303.0
2008-04-06,15/9-F-12,24.0,266.855,105.887,172.067,13.261,32.2108,94.788,75.406,3028.0
2008-04-07,15/9-F-12,24.0,266.476,105.872,171.737,13.149,32.03321,94.74,75.27,2999.0
2008-04-08,15/9-F-12,24.0,265.9,105.861,171.356,13.064,32.04783,94.544,74.629,3054.0
2008-04-09,15/9-F-12,24.0,265.395,105.853,171.178,12.986,32.00003,94.217,74.835,3026.0
2008-04-10,15/9-F-12,24.0,264.921,105.846,171.109,12.916,31.25186,93.812,75.413,3003.0
2008-04-11,15/9-F-12,24.0,264.334,105.84,170.712,12.716,31.94415,93.622,74.198,3016.0
2008-04-12,15/9-F-12,12.98,264.008,105.838,170.859,12.549,30.88504,93.149,73.895,1615.0
2008-04-13,15/9-F-12,4.0,268.096,105.48,174.478,2.114,25.82296,93.618,48.682,430.0
2008-04-14,15/9-F-12,21.26,265.611,105.617,181.727,6.66,28.7635,83.884,64.021,2579.0
2008-04-15,15/9-F-12,20.55,263.676,105.818,170.639,10.546,32.0605,93.037,74.167,2494.0
2008-04-16,15/9-F-12,24.0,263.01,105.646,170.01,11.03,31.90408,93.0,74.464,2848.0
2008-04-17,15/9-F-12,9.38,262.978,105.809,170.166,11.544,31.65348,92.812,74.871,1121.0
2008-04-18,15/9-F-12,21.57,263.174,105.786,170.289,7.94,31.71874,92.884,72.28,2448.0
2008-04-19,15/9-F-12,22.71,263.142,105.777,170.12,9.925,30.03349,93.021,73.227,2514.0
2008-04-20,15/9-F-12,24.0,262.17,105.787,169.532,11.18,31.48322,92.639,75.046,2753.0
2008-04-21,15/9-F-12,24.0,261.61,105.783,169.285,11.257,31.51978,92.326,74.864,2752.0
2008-04-22,15/9-F-12,24.0,261.115,105.777,168.946,11.16,31.48301,92.169,74.25,2737.0
2008-04-23,15/9-F-12,24.0,260.558,105.771,168.698,11.011,31.48727,91.86,73.584,2736.0
2008-04-24,15/9-F-12,24.0,260.127,105.769,168.549,10.907,30.81425,91.578,73.696,2730.0
2008-04-25,15/9-F-12,24.0,260.523,105.781,168.745,10.937,31.49891,91.778,74.271,2728.0
2008-04-26,15/9-F-12,24.0,261.141,105.794,168.901,10.915,31.41246,92.24,73.417,2747.0
2008-04-27,15/9-F-12,15.96,260.417,105.816,169.706,11.6,31.48973,90.712,75.758,1986.0
2008-04-29,15/9-F-12,5.25,263.69,105.502,174.685,1.852,25.8431,89.005,51.514,547.0
2008-04-30,15/9-F-12,24.0,261.282,105.78,170.419,7.151,32.54397,90.862,68.966,3012.0
2008-05-01,15/9-F-12,24.0,260.789,105.839,170.119,10.634,33.43435,90.67,74.21,3168.0
2008-05-02,15/9-F-12,24.0,261.179,105.853,170.408,11.451,33.39043,90.772,75.907,3164.0
2008-05-03,15/9-F-12,24.0,261.609,105.863,170.549,11.855,33.37373,91.06,76.329,3173.0
2008-05-04,15/9-F-12,24.0,262.088,105.873,170.717,12.023,33.37489,91.371,75.438,3189.0
2008-05-05,15/9-F-12,24.0,262.653,105.882,170.937,12.269,33.30928,91.716,76.316,3187.0
2008-05-06,15/9-F-12,24.0,263.043,105.887,171.237,12.532,33.22143,91.807,77.025,3177.0
2008-05-07,15/9-F-12,24.0,263.488,105.893,171.385,12.594,33.11139,92.103,77.246,3171.0
2008-05-08,15/9-F-12,24.0,263.919,105.902,171.522,12.716,33.05832,92.397,77.339,3171.0
2008-05-09,15/9-F-12,24.0,264.351,105.908,171.572,12.818,33.02385,92.779,77.022,3188.0
2008-05-10,15/9-F-12,24.0,264.227,105.918,172.649,13.349,34.09644,91.579,77.482,3416.0
2008-05-11,15/9-F-12,24.0,264.088,105.919,174.476,14.155,35.62917,89.612,78.753,3702.0
2008-05-12,15/9-F-12,24.0,264.088,105.919,176.444,14.629,36.16034,87.644,79.103,4002.0
2008-05-13,15/9-F-12,24.0,264.088,105.919,178.22,15.169,37.29413,85.868,79.544,4253.0
2008-05-14,15/9-F-12,24.0,264.088,105.919,178.342,15.355,38.21142,85.746,79.715,4280.0
2008-05-15,15/9-F-12,24.0,264.088,105.919,179.661,15.704,39.27145,84.427,80.168,4440.0
2008-05-16,15/9-F-12,24.0,264.088,105.919,180.64,15.924,40.14758,83.448,80.266,4583.0
2008-05-17,15/9-F-12,24.0,264.088,105.919,181.259,15.919,40.7275,82.829,80.159,4677.0
2008-05-18,15/9-F-12,24.0,264.088,105.919,181.248,15.688,40.74857,82.84,80.045,4689.0
2008-05-19,15/9-F-12,24.0,264.088,105.919,181.16,15.807,40.7554,82.928,80.199,4688.0
2008-05-20,15/9-F-12,24.0,297.646,72.715,216.382,16.087,42.15901,81.264,80.581,4886.0
2008-05-21,15/9-F-12,24.0,257.2,39.554,177.029,16.365,43.10056,80.171,80.78,5013.0
2008-05-22,15/9-F-12,24.0,258.146,106.082,177.926,16.432,43.12246,80.22,80.85,5018.0
2008-05-23,15/9-F-12,24.0,258.333,106.145,178.13,16.469,43.09233,80.202,81.048,5019.0
2008-05-24,15/9-F-12,24.0,258.339,106.15,178.167,16.468,43.19541,80.173,81.037,5034.0
2008-05-25,15/9-F-12,24.0,258.31,106.156,178.293,16.541,43.33968,80.017,81.195,5046.0
2008-05-26,15/9-F-12,24.0,258.316,106.161,178.355,16.287,43.38664,79.961,80.947,5053.0
2008-05-27,15/9-F-12,24.0,257.975,106.229,178.005,16.174,43.46183,79.97,80.865,5066.0
2008-05-28,15/9-F-12,24.0,258.424,106.172,178.263,16.017,43.48607,80.16,79.502,5072.0
2008-05-29,15/9-F-12,24.0,258.457,106.176,178.257,15.987,43.56119,80.2,78.988,5086.0
2008-05-30,15/9-F-12,20.19,260.646,106.158,177.323,15.655,40.12258,83.323,79.737,3869.0
2008-06-01,15/9-F-12,0.5,279.419,104.823,188.029,0.342,16.82769,91.39,22.055,23.0
2008-06-02,15/9-F-12,13.42,259.795,106.149,178.497,9.87,42.49382,81.298,77.772,4020.0
2008-06-05,15/9-F-12,24.0,258.422,106.175,191.395,13.687,43.41881,67.027,79.603,5040.0
2008-06-06,15/9-F-12,24.0,258.517,106.182,178.214,13.863,43.39667,80.303,79.779,5058.0
2008-06-07,15/9-F-12,24.0,258.634,106.186,178.426,14.044,43.33411,80.208,81.265,5058.0
2008-06-08,15/9-F-12,24.0,258.65,106.192,178.497,14.028,43.39009,80.153,80.787,5070.0
2008-06-09,15/9-F-12,24.0,258.707,106.197,178.449,13.965,43.40013,80.258,80.18,5081.0
2008-06-10,15/9-F-12,24.0,258.758,106.201,178.567,13.904,43.40572,80.192,80.645,5082.0
2008-06-11,15/9-F-12,24.0,258.318,106.195,178.37,13.797,43.44772,79.948,80.433,5087.0
2008-06-12,15/9-F-12,24.0,257.21,106.179,177.81,13.536,43.46068,79.4,80.327,5060.0
2008-06-13,15/9-F-12,24.0,256.563,106.176,177.528,13.376,43.45261,79.035,80.429,5032.0
2008-06-14,15/9-F-12,22.67,259.003,106.158,177.314,11.666,38.5365,81.689,77.353,4332.0
2008-06-15,15/9-F-12,24.0,256.637,106.191,177.887,13.478,43.71837,78.75,80.817,5088.0
2008-06-16,15/9-F-12,24.0,256.865,106.2,178.031,13.615,43.74744,78.834,80.861,5102.0
2008-06-17,15/9-F-12,24.0,257.122,106.208,177.957,13.572,43.83344,79.166,79.866,5103.0
2008-06-18,15/9-F-12,24.0,257.439,106.215,178.079,13.56,43.81087,79.36,79.732,5135.0
2008-06-19,15/9-F-12,24.0,257.748,106.223,178.273,13.605,42.87523,79.475,79.68,5141.0
2008-06-20,15/9-F-12,23.5,259.65,106.208,177.667,12.932,40.89223,81.984,78.968,4722.0
2008-06-21,15/9-F-12,24.0,258.762,106.219,178.304,13.704,42.8308,80.459,80.738,5038.0
2008-06-22,15/9-F-12,24.0,258.429,106.234,178.614,13.677,42.81797,79.815,79.341,5147.0
2008-06-23,15/9-F-12,24.0,258.849,106.24,178.795,13.802,43.44097,80.054,80.478,5115.0
2008-06-24,15/9-F-12,24.0,259.124,106.246,179.018,13.986,42.54713,80.106,80.874,5124.0
2008-06-25,15/9-F-12,24.0,259.314,106.252,178.925,14.022,43.48804,80.39,80.024,5135.0
2008-06-26,15/9-F-12,15.83,259.96,106.248,178.766,13.534,42.24035,81.195,79.571,4233.0
2008-06-27,15/9-F-12,24.0,259.662,106.253,179.24,13.923,43.45684,80.422,80.98,5126.0
2008-06-28,15/9-F-12,24.0,259.611,106.258,179.116,14.164,43.49251,80.495,81.106,5076.0
2008-06-29,15/9-F-12,24.0,259.687,96.227,179.477,13.964,43.49195,80.21,80.387,5121.0
2008-06-30,15/9-F-12,24.0,245.4,80.041,159.676,13.224,39.40927,85.724,79.622,4372.0
2008-07-01,15/9-F-12,22.67,264.333,106.188,177.107,11.737,36.96231,87.226,77.109,3981.0
2008-07-02,15/9-F-12,24.0,260.34,106.262,179.208,13.296,43.20357,81.132,79.224,5115.0
2008-07-03,15/9-F-12,24.0,260.494,106.269,179.097,14.015,42.98895,81.397,80.075,5084.0
2008-07-04,15/9-F-12,24.0,260.666,106.274,179.351,14.217,42.97349,81.315,81.247,5081.0
2008-07-05,15/9-F-12,24.0,260.792,106.279,179.515,14.284,42.97301,81.278,81.428,5086.0
2008-07-06,15/9-F-12,24.0,260.885,106.284,179.532,14.294,42.98479,81.353,81.382,5088.0
2008-07-07,15/9-F-12,24.0,260.939,106.285,179.438,14.276,43.00275,81.501,81.049,5095.0
2008-07-08,15/9-F-12,24.0,261.152,106.293,179.481,14.24,42.97861,81.671,80.105,5096.0
2008-07-09,15/9-F-12,24.0,261.374,106.297,179.803,14.453,42.94835,81.571,81.684,5094.0
2008-07-10,15/9-F-12,21.35,261.49,106.298,179.806,14.519,42.96093,81.684,81.541,4622.0
2008-07-11,15/9-F-12,13.17,263.098,106.263,178.817,11.929,40.25518,84.282,78.206,2856.0
2008-07-13,15/9-F-12,24.0,264.305,106.198,177.039,10.422,47.85813,87.266,79.085,4169.0
2008-07-14,15/9-F-12,23.25,264.456,106.164,175.742,11.077,44.35988,88.715,77.03,3819.0
2008-07-15,15/9-F-12,24.0,260.22,106.189,176.255,12.679,48.69365,83.965,79.15,4305.0
2008-07-16,15/9-F-12,24.0,263.304,106.116,173.532,11.593,44.46811,89.772,78.346,3527.0
2008-07-17,15/9-F-12,24.0,264.58,106.091,172.957,11.111,42.87977,91.623,78.421,3342.0
2008-07-18,15/9-F-12,24.0,265.288,106.078,172.614,10.838,42.0441,92.674,77.956,3216.0
2008-07-19,15/9-F-12,24.0,265.651,106.071,172.479,10.576,41.69155,93.172,77.325,3176.0
2008-07-20,15/9-F-12,24.0,265.733,106.07,172.558,10.462,41.65428,93.175,77.235,3186.0
2008-07-21,15/9-F-12,24.0,265.757,106.07,172.53,10.437,41.6589,93.227,77.007,3183.0
2008-07-22,15/9-F-12,24.0,265.848,106.069,172.603,10.574,41.65539,93.245,77.575,3167.0
2008-07-23,15/9-F-12,24.0,265.846,106.07,172.523,10.534,41.66181,93.323,77.651,3149.0
2008-07-24,15/9-F-12,24.0,265.851,106.069,172.551,10.512,41.66942,93.299,77.555,3149.0
2008-07-25,15/9-F-12,24.0,265.911,106.07,172.445,10.445,41.69731,93.466,76.641,3163.0
2008-07-26,15/9-F-12,24.0,266.022,106.071,172.448,10.483,41.6702,93.575,76.676,3145.0
2008-07-27,15/9-F-12,24.0,266.075,106.057,172.474,10.526,41.64633,93.6,76.926,3177.0
2008-07-28,15/9-F-12,24.0,266.154,106.072,172.6,10.617,41.63665,93.554,77.857,3143.0
2008-07-29,15/9-F-12,24.0,265.133,106.087,173.066,10.799,42.95633,92.066,76.712,3346.0
2008-07-30,15/9-F-12,24.0,270.571,106.006,172.046,8.509,33.33069,98.526,71.509,2434.0
2008-07-31,15/9-F-12,24.0,271.248,105.938,173.499,6.121,31.97885,97.748,64.397,2317.0
2008-08-01,15/9-F-12,24.0,267.574,106.064,172.233,9.809,40.14273,95.34,75.224,2976.0
2008-08-02,15/9-F-12,24.0,267.471,106.068,176.968,9.567,38.32368,90.503,72.348,3032.0
2008-08-03,15/9-F-12,24.0,267.482,106.068,172.334,10.136,40.23154,95.148,76.625,2993.0
2008-08-04,15/9-F-12,24.0,267.326,105.991,172.357,10.149,40.14094,94.968,77.266,3093.0
2008-08-05,15/9-F-12,24.0,267.402,106.066,172.433,10.171,40.22204,94.969,77.168,2999.0
2008-08-06,15/9-F-12,7.53,267.928,106.062,172.611,10.036,36.88709,95.316,76.142,920.0
2008-08-09,15/9-F-12,24.0,261.384,106.11,175.872,8.87,47.51018,85.512,77.368,4060.0
2008-08-10,15/9-F-12,24.0,259.031,106.158,175.555,11.856,49.18402,83.477,79.31,4349.0
2008-08-11,15/9-F-12,24.0,258.116,106.165,175.493,12.251,49.69052,82.623,78.565,4412.0
2008-08-12,15/9-F-12,24.0,256.949,106.174,175.48,12.585,49.43067,81.469,80.061,4418.0
2008-08-13,15/9-F-12,24.0,256.478,106.172,175.228,12.377,50.24218,81.25,80.079,4449.0
2008-08-14,15/9-F-12,24.0,256.923,106.159,174.97,11.902,49.35612,81.954,80.044,4354.0
2008-08-15,15/9-F-12,24.0,254.87,106.183,175.028,12.367,51.23093,79.843,80.526,4499.0
2008-08-16,15/9-F-12,24.0,250.173,106.245,177.045,12.736,57.23161,73.128,80.937,5479.0
2008-08-17,15/9-F-12,24.0,249.005,106.255,176.359,12.537,57.28408,72.646,80.305,5444.0
2008-08-18,15/9-F-12,24.0,247.947,106.252,175.502,12.325,56.92553,72.445,79.888,5374.0
2008-08-19,15/9-F-12,24.0,247.15,106.252,175.016,12.165,56.70427,72.134,80.284,5315.0
2008-08-20,15/9-F-12,24.0,246.261,106.253,174.788,12.12,56.72041,71.474,81.279,4981.0
2008-08-21,15/9-F-12,24.0,248.76,106.212,173.022,11.514,52.22903,75.738,80.184,4450.0
2008-08-22,15/9-F-12,24.0,262.708,105.985,168.541,7.379,34.9762,94.166,73.216,2050.0
2008-08-23,15/9-F-12,24.0,264.053,105.972,168.997,7.146,34.90242,95.056,72.898,2059.0
2008-08-24,15/9-F-12,24.0,265.068,105.974,169.183,7.516,34.9779,95.885,70.991,2080.0
2008-08-25,15/9-F-12,24.0,266.074,105.982,169.561,12.467,34.97059,96.513,70.819,2090.0
2008-08-26,15/9-F-12,24.0,267.071,105.997,170.104,12.684,34.93069,96.966,72.574,2093.0
2008-08-27,15/9-F-12,24.0,267.487,105.993,170.234,12.623,34.77368,97.253,72.262,2084.0
2008-08-28,15/9-F-12,23.83,267.099,105.977,170.308,12.494,34.61917,96.79,72.648,2087.0
2008-08-29,15/9-F-12,24.0,266.385,105.983,170.193,13.272,35.87947,96.191,73.871,2190.0
2008-08-30,15/9-F-12,24.0,266.995,105.972,169.961,12.659,34.84776,97.034,72.28,2059.0
2008-08-31,15/9-F-12,10.5,268.166,105.959,170.564,11.131,30.02816,97.603,69.859,625.0
2008-09-01,15/9-F-12,24.0,267.856,105.958,170.312,11.18,34.25806,97.544,69.874,2029.0
2008-09-02,15/9-F-12,9.71,268.141,105.97,170.303,12.515,32.68822,97.838,71.39,837.0
2008-09-06,15/9-F-12,8.5,270.216,105.659,174.794,2.959,32.43891,95.422,51.116,761.0
2008-09-07,15/9-F-12,24.0,268.697,105.961,171.259,8.603,35.50777,97.438,69.261,2173.0
2008-09-08,15/9-F-12,5.71,269.607,105.955,171.045,10.42,30.48369,98.563,70.642,500.0
2008-09-10,15/9-F-12,23.6,273.546,105.557,176.262,2.785,22.26945,97.284,40.061,1182.0
2008-09-11,15/9-F-12,24.0,260.001,106.061,172.705,12.499,44.18525,87.296,73.901,4067.0
2008-09-12,15/9-F-12,24.0,259.202,106.062,171.628,14.772,42.83797,87.575,73.408,3736.0
2008-09-13,15/9-F-12,24.0,256.708,106.066,171.459,15.356,45.71124,85.249,75.053,4058.0
2008-09-14,15/9-F-12,24.0,255.087,106.067,170.87,15.873,45.8337,84.217,76.836,4036.0
2008-09-15,15/9-F-12,24.0,253.333,106.068,170.478,15.934,46.24048,82.854,77.654,4047.0
2008-09-16,15/9-F-12,24.0,251.532,106.062,169.735,15.835,46.28296,81.797,77.833,4005.0
2008-09-17,15/9-F-12,24.0,249.432,106.053,168.786,15.61,46.22387,80.647,77.782,3937.0
2008-09-18,15/9-F-12,24.0,253.179,105.947,168.115,12.015,36.73361,85.064,67.704,2503.0
2008-09-19,15/9-F-12,24.0,251.716,105.961,167.475,11.704,37.12605,84.241,70.3,2551.0
2008-09-20,15/9-F-12,24.0,245.816,106.015,166.583,14.003,44.88508,79.232,76.726,3606.0
2008-09-21,15/9-F-12,22.17,245.887,105.994,166.338,12.633,41.21113,79.549,72.974,2859.0
2008-09-22,15/9-F-12,18.29,242.49,106.039,166.233,14.488,45.30538,76.257,77.701,2847.0
2008-09-23,15/9-F-12,24.0,241.212,106.048,165.771,14.167,46.17862,75.441,77.734,3653.0
2008-09-24,15/9-F-12,24.0,239.903,106.049,165.249,14.585,46.37669,74.654,77.639,3629.0
2008-09-25,15/9-F-12,24.0,240.836,106.013,164.537,13.868,44.14644,76.299,76.404,3390.0
2008-09-26,15/9-F-12,24.0,237.613,106.048,164.527,14.33,46.80728,73.086,76.391,3576.0
2008-09-27,15/9-F-12,24.0,239.53,106.03,164.524,13.187,43.36785,75.006,72.715,3175.0
2008-09-28,15/9-F-12,24.0,238.215,106.032,164.213,13.597,45.0341,74.001,76.376,3371.0
2008-09-29,15/9-F-12,24.0,236.522,106.046,164.051,13.928,46.55129,72.472,76.908,3512.0
2008-09-30,15/9-F-12,24.0,236.111,106.053,164.052,14.034,46.62032,72.059,77.319,3627.0
2008-10-01,15/9-F-12,24.0,235.135,106.064,164.013,14.164,47.28816,71.122,77.639,3607.0
2008-10-02,15/9-F-12,24.0,234.697,106.063,163.754,14.022,47.31026,70.943,77.301,3320.0
2008-10-03,15/9-F-12,24.0,234.165,106.062,163.415,13.827,47.34629,70.75,76.341,3594.0
2008-10-04,15/9-F-12,24.0,241.525,105.955,164.494,11.016,36.54631,77.03,64.93,2464.0
2008-10-05,15/9-F-12,24.0,233.892,106.044,163.274,12.816,47.0641,70.617,75.262,3377.0
2008-10-06,15/9-F-12,22.33,242.246,105.921,163.306,10.826,36.34842,78.94,70.0,2127.0
2008-10-07,15/9-F-12,24.0,239.516,105.951,162.371,11.827,40.82481,77.145,71.832,2726.0
2008-10-08,15/9-F-12,24.0,239.485,105.951,162.414,12.024,40.82666,77.071,73.183,2719.0
2008-10-09,15/9-F-12,24.0,239.48,105.951,162.299,12.087,40.82958,77.181,73.137,2714.0
2008-10-10,15/9-F-12,24.0,239.417,105.952,162.2,11.956,40.84937,77.217,71.59,2720.0
2008-10-11,15/9-F-12,24.0,239.167,105.952,162.23,11.815,40.91507,76.937,71.774,2740.0
2008-10-12,15/9-F-12,24.0,238.341,105.972,162.538,12.305,41.85422,75.803,73.331,2825.0
2008-10-13,15/9-F-12,24.0,238.302,105.968,162.358,12.261,41.78594,75.945,73.362,2828.0
2008-10-14,15/9-F-12,24.0,238.36,105.971,162.438,12.281,41.78983,75.922,74.732,2829.0
2008-10-15,15/9-F-12,24.0,238.336,105.974,162.247,12.269,41.8465,76.088,73.774,2825.0
2008-10-16,15/9-F-12,24.0,238.346,105.975,162.307,12.152,41.82764,76.039,74.113,2825.0
2008-10-17,15/9-F-12,24.0,238.306,105.974,162.273,12.133,41.82633,76.032,73.97,2832.0
2008-10-18,15/9-F-12,19.0,235.449,105.988,163.436,10.871,43.57938,72.013,70.128,2520.0
2008-10-19,15/9-F-12,24.0,239.876,105.975,162.71,11.931,40.26979,77.166,72.053,2714.0
2008-10-20,15/9-F-12,24.0,240.737,105.95,162.291,11.454,39.72026,78.446,69.858,2664.0
2008-10-21,15/9-F-12,24.0,241.078,105.951,162.37,11.5,39.54749,78.708,70.996,2653.0
2008-10-22,15/9-F-12,24.0,234.771,106.046,162.717,11.306,46.54652,72.054,74.773,3421.0
2008-10-23,15/9-F-12,24.0,235.276,106.061,162.784,13.268,45.94962,72.491,73.334,3363.0
2008-10-24,15/9-F-12,24.0,234.731,106.074,162.894,13.412,46.54539,71.836,73.309,3426.0
2008-10-25,15/9-F-12,24.0,234.09,106.094,163.029,13.522,47.30775,71.061,72.745,3525.0
2008-10-27,15/9-F-12,24.0,233.867,106.118,163.46,13.814,47.80083,70.406,76.258,3622.0
2008-10-28,15/9-F-12,24.0,234.185,106.121,163.447,13.825,47.51986,70.738,75.579,3728.0
2008-10-29,15/9-F-12,23.17,238.978,106.066,163.852,12.463,40.55929,75.127,72.032,2823.0
2008-10-30,15/9-F-12,24.0,235.708,106.088,163.243,12.93,46.26385,72.465,75.998,3471.0
2008-10-31,15/9-F-12,24.0,234.494,106.097,163.198,13.601,46.82448,71.296,76.64,3516.0
2008-11-01,15/9-F-12,22.5,238.283,106.053,164.152,12.414,41.04032,74.131,72.006,2758.0
2008-11-02,15/9-F-12,24.0,230.617,106.134,164.82,12.813,54.13522,65.797,75.954,4443.0
2008-11-03,15/9-F-12,24.0,224.533,106.257,166.69,14.775,63.6046,57.843,78.492,4939.0
2008-11-04,15/9-F-12,24.0,223.53,106.291,167.205,14.917,65.91419,56.326,79.234,5124.0
2008-11-05,15/9-F-12,24.0,222.953,106.309,166.992,14.813,66.81713,55.961,78.212,5188.0
2008-11-06,15/9-F-12,24.0,222.612,106.318,166.776,14.603,67.27832,55.836,76.152,5204.0
2008-11-07,15/9-F-12,24.0,221.626,106.342,167.352,14.582,70.74367,54.274,76.206,5136.0
2008-11-08,15/9-F-12,24.0,221.658,106.353,167.337,14.638,70.75831,54.321,77.011,5141.0
2008-11-09,15/9-F-12,24.0,221.997,106.361,167.263,14.696,69.84177,54.734,76.378,5114.0
2008-11-10,15/9-F-12,24.0,222.583,106.363,167.058,14.718,68.19639,55.525,76.43,5060.0
2008-11-11,15/9-F-12,24.0,222.715,106.371,167.158,14.753,68.21417,55.557,77.587,5077.0
2008-11-12,15/9-F-12,24.0,222.86,106.378,167.564,14.906,68.20333,55.297,79.105,5065.0
2008-11-13,15/9-F-12,24.0,222.987,106.385,167.359,14.915,68.23689,55.628,77.911,5084.0
2008-11-14,15/9-F-12,24.0,223.157,106.393,167.369,14.876,68.26733,55.787,76.952,5106.0
2008-11-15,15/9-F-12,24.0,223.43,106.398,167.463,14.89,67.78168,55.968,77.971,5097.0
2008-11-16,15/9-F-12,24.0,223.445,106.401,167.579,14.895,67.73251,55.866,78.649,5082.0
2008-11-17,15/9-F-12,24.0,223.517,106.406,167.407,14.892,66.33882,56.11,77.224,5077.0
2008-11-18,15/9-F-12,24.0,223.428,106.408,167.473,14.815,67.76173,55.956,78.488,5074.0
2008-11-19,15/9-F-12,24.0,221.755,106.414,167.895,14.725,72.56489,53.859,78.958,5223.0
2008-11-20,15/9-F-12,23.88,222.21,106.418,167.63,14.727,70.34545,54.581,78.507,5117.0
2008-11-21,15/9-F-12,18.29,228.074,106.338,167.7,12.152,60.75193,60.374,72.884,3554.0
2008-11-22,15/9-F-12,24.0,223.64,106.423,167.59,14.863,67.74944,56.05,78.064,5034.0
2008-11-23,15/9-F-12,24.0,226.084,106.395,166.524,14.881,62.84763,59.56,77.165,4831.0
2008-11-24,15/9-F-12,24.0,224.082,106.41,167.13,14.849,65.97474,56.952,78.419,4971.0
2008-11-25,15/9-F-12,24.0,223.72,106.432,167.698,14.994,67.96528,56.023,78.677,5063.0
2008-11-26,15/9-F-12,24.0,223.325,106.453,168.21,15.097,70.48449,55.114,78.622,5146.0
2008-11-27,15/9-F-12,24.0,223.083,106.471,168.498,15.064,72.35622,54.584,76.733,5200.0
2008-11-28,15/9-F-12,24.0,243.631,106.256,165.052,13.059,42.02247,78.579,72.351,2897.0
2008-11-29,15/9-F-12,24.0,230.675,106.389,168.032,13.892,62.31119,62.644,77.032,4853.0
2008-11-30,15/9-F-12,24.0,225.876,106.496,169.783,15.567,70.24967,56.092,79.676,5256.0
2008-12-01,15/9-F-12,24.0,228.741,106.486,169.399,15.389,66.29217,59.341,78.814,5095.0
2008-12-02,15/9-F-12,24.0,228.337,106.505,170.561,15.295,70.49833,57.775,79.043,5276.0
2008-12-03,15/9-F-12,24.0,227.373,106.536,170.584,15.862,70.10871,56.789,79.84,5333.0
2008-12-04,15/9-F-12,24.0,227.922,106.545,170.235,15.726,69.73646,57.687,77.049,5435.0
2008-12-05,15/9-F-12,24.0,230.111,106.536,169.731,15.634,65.06153,60.38,76.773,5209.0
2008-12-06,15/9-F-12,24.0,230.258,106.546,170.741,16.013,66.46088,59.516,79.869,5292.0
2008-12-07,15/9-F-12,24.0,231.712,106.541,171.29,16.192,66.66875,60.422,78.693,5323.0
2008-12-08,15/9-F-12,24.0,233.127,106.533,171.114,16.253,64.09198,62.012,78.762,5242.0
2008-12-09,15/9-F-12,24.0,233.027,106.529,171.342,16.274,64.53006,61.685,79.711,5278.0
2008-12-10,15/9-F-12,24.0,233.361,106.536,171.492,16.309,64.69298,61.87,79.323,5286.0
2008-12-11,15/9-F-12,24.0,235.819,106.516,170.849,16.175,61.63559,64.97,77.318,5126.0
2008-12-12,15/9-F-12,24.0,234.939,106.53,171.167,16.248,62.64984,63.772,77.433,5240.0
2008-12-13,15/9-F-12,24.0,235.414,106.537,171.409,16.138,62.66924,64.005,75.884,5282.0
2008-12-14,15/9-F-12,24.0,236.036,106.545,171.787,16.294,62.66249,64.249,76.392,5303.0
2008-12-15,15/9-F-12,24.0,236.534,106.551,172.046,16.504,62.79158,64.487,77.84,5271.0
2008-12-16,15/9-F-12,24.0,236.966,106.56,172.455,16.595,63.25265,64.511,77.474,5301.0
2008-12-17,15/9-F-12,24.0,237.538,106.567,173.023,16.812,63.25514,64.516,78.281,5338.0
2008-12-18,15/9-F-12,24.0,238.352,106.574,173.416,16.91,63.24998,64.937,77.605,5377.0
2008-12-19,15/9-F-12,24.0,238.973,106.58,173.811,17.095,63.32331,65.162,78.299,5387.0
2008-12-20,15/9-F-12,24.0,239.685,106.586,174.401,17.099,63.34706,65.283,79.205,5417.0
2008-12-21,15/9-F-12,24.0,240.388,106.592,174.619,17.272,63.3727,65.769,78.289,5472.0
2008-12-22,15/9-F-12,24.0,241.117,106.598,175.336,17.517,63.35065,65.781,80.293,5497.0
2008-12-23,15/9-F-12,24.0,241.976,106.602,175.561,17.73,63.08526,66.415,80.225,5513.0
2008-12-24,15/9-F-12,24.0,243.004,106.603,175.979,17.916,62.44119,67.024,80.917,5508.0
2008-12-25,15/9-F-12,24.0,243.919,106.605,175.836,17.931,62.03865,68.083,80.193,5491.0
2008-12-26,15/9-F-12,24.0,244.821,106.606,176.185,18.019,61.7554,68.637,80.275,5497.0
2008-12-27,15/9-F-12,24.0,245.572,106.609,176.923,18.146,60.50302,68.649,80.931,5571.0
2008-12-28,15/9-F-12,24.0,246.561,106.609,177.015,18.183,61.28419,69.547,80.223,5496.0
2008-12-29,15/9-F-12,24.0,247.325,106.612,177.298,18.163,61.2049,70.026,79.659,5507.0
2008-12-30,15/9-F-12,24.0,248.078,106.615,177.698,18.405,61.21606,70.38,80.215,5528.0
2008-12-31,15/9-F-12,24.0,248.826,106.618,178.388,18.648,61.21766,70.438,80.991,5547.0
2009-01-01,15/9-F-12,24.0,249.771,106.617,178.753,18.625,60.62755,71.018,81.061,5557.0
2009-01-02,15/9-F-12,24.0,250.677,106.617,178.967,18.665,60.21567,71.709,80.947,5556.0
2009-01-03,15/9-F-12,24.0,250.936,106.614,179.167,18.632,60.29822,71.769,80.97,5727.0
2009-01-04,15/9-F-12,24.0,250.576,106.608,179.274,18.599,60.69575,71.302,80.897,5590.0
2009-01-05,15/9-F-12,24.0,250.815,106.621,179.77,18.757,61.31431,71.045,80.731,5629.0
2009-01-06,15/9-F-12,22.0,250.894,106.342,172.959,16.305,51.6073,77.935,74.771,4672.0
2009-01-13,15/9-F-12,24.0,257.556,105.227,174.816,18.666,51.45374,82.739,79.693,5110.0
2009-01-14,15/9-F-12,24.0,260.667,106.576,179.307,19.098,52.76798,81.36,81.096,5268.0
2009-01-15,15/9-F-12,24.0,261.669,106.574,178.825,18.837,52.00658,82.843,78.97,4526.0
2009-01-16,15/9-F-12,24.0,262.387,106.576,178.875,18.57,51.76695,83.512,77.795,4385.0
2009-01-17,15/9-F-12,24.0,264.159,106.565,178.687,18.474,50.13891,85.473,77.759,4235.0
2009-01-18,15/9-F-12,24.0,263.941,106.58,179.304,18.725,51.30181,84.638,78.365,4352.0
2009-01-19,15/9-F-12,24.0,264.029,106.594,179.765,19.033,51.79296,84.264,77.959,4426.0
2009-01-20,15/9-F-12,24.0,265.177,106.59,179.626,19.033,50.83468,85.551,78.58,4299.0
2009-01-21,15/9-F-12,23.15,266.663,106.581,179.596,18.635,47.84756,87.067,77.342,4124.0
2009-01-22,15/9-F-12,23.68,266.423,106.578,180.254,17.213,49.86984,86.169,76.235,4351.0
2009-01-23,15/9-F-12,24.0,265.456,106.599,180.73,18.879,51.99413,84.726,79.716,4499.0
2009-01-24,15/9-F-12,24.0,266.077,106.605,180.893,19.103,51.80502,85.185,79.979,4473.0
2009-01-25,15/9-F-12,24.0,266.583,106.616,181.1,19.04,51.79489,85.484,79.341,4495.0
2009-01-26,15/9-F-12,24.0,267.38,106.618,181.143,18.942,51.38528,86.237,79.372,4425.0
2009-01-27,15/9-F-12,24.0,267.932,106.619,181.296,19.036,51.34268,86.636,79.232,4425.0
2009-01-28,15/9-F-12,24.0,267.256,106.635,182.535,19.388,53.13363,84.72,80.721,4967.0
2009-01-29,15/9-F-12,24.0,264.552,106.665,183.928,19.548,56.4563,80.624,80.418,5586.0
2009-01-30,15/9-F-12,24.0,267.99,106.609,181.242,18.768,51.02972,86.747,78.753,4398.0
2009-01-31,15/9-F-12,24.0,268.414,106.611,181.48,18.779,51.03915,86.935,78.417,4388.0
2009-02-01,15/9-F-12,24.0,267.333,106.639,182.772,19.156,53.20937,84.561,79.203,5225.0
2009-02-02,15/9-F-12,24.0,268.745,106.618,181.908,18.962,51.12604,86.836,78.645,4402.0
2009-02-03,15/9-F-12,24.0,269.177,106.62,182.011,18.941,51.14965,87.166,78.081,4422.0
2009-02-04,15/9-F-12,24.0,266.807,106.677,184.247,19.518,55.02495,82.56,80.887,5438.0
2009-02-05,15/9-F-12,24.0,269.252,106.62,182.492,19.337,51.27967,86.76,81.407,4488.0
2009-02-06,15/9-F-12,24.0,269.522,106.623,182.586,19.374,51.32802,86.935,81.21,4430.0
2009-02-07,15/9-F-12,15.84,271.944,106.604,181.872,19.097,47.92887,90.072,80.213,2738.0
2009-02-08,15/9-F-12,21.83,270.941,106.628,183.489,18.689,51.28212,87.452,81.019,4189.0
2009-02-09,15/9-F-12,24.0,274.47,106.58,182.128,19.254,47.63367,92.343,80.566,4259.0
2009-02-10,15/9-F-12,24.0,271.884,106.622,183.299,19.934,50.5802,88.586,81.56,4393.0
2009-02-11,15/9-F-12,24.0,272.014,106.631,183.572,19.97,50.85285,88.442,81.45,4431.0
2009-02-12,15/9-F-12,24.0,272.425,106.636,183.784,19.906,50.8748,88.641,81.471,4498.0
2009-02-13,15/9-F-12,22.0,275.662,106.591,183.41,17.639,45.4927,92.252,78.17,3945.0
2009-02-14,15/9-F-12,24.0,273.914,106.625,183.439,19.818,49.79176,90.475,80.727,4331.0
2009-02-15,15/9-F-12,24.0,275.2,106.608,183.249,19.862,48.75859,91.951,81.109,4221.0
2009-02-16,15/9-F-12,22.64,276.118,106.612,184.026,18.466,47.31098,92.092,79.581,4057.0
2009-02-17,15/9-F-12,24.0,274.275,106.651,184.591,20.213,50.82152,89.683,81.63,4479.0
2009-02-18,15/9-F-12,24.0,275.126,106.645,184.602,20.452,50.25471,90.524,82.101,4436.0
2009-02-19,15/9-F-12,24.0,275.62,106.646,184.789,20.382,50.1816,90.831,82.231,4434.0
2009-02-20,15/9-F-12,24.0,275.99,106.651,184.885,20.325,50.22592,91.104,81.611,4440.0
2009-02-22,15/9-F-12,24.0,277.312,106.662,185.647,20.296,50.3375,91.666,81.769,4536.0
2009-02-23,15/9-F-12,24.0,277.706,106.666,185.85,20.516,50.28252,91.856,82.106,4498.0
2009-02-24,15/9-F-12,24.0,278.002,106.67,185.925,20.342,50.32883,92.077,81.913,4487.0
2009-02-25,15/9-F-12,22.0,281.634,106.619,184.845,18.065,45.39998,96.789,77.045,4036.0
2009-02-26,15/9-F-12,24.0,279.868,106.67,186.114,18.232,49.45753,93.753,81.262,4422.0
2009-02-27,15/9-F-12,24.0,280.483,106.669,186.167,18.984,49.20211,94.316,82.048,4360.0
2009-02-28,15/9-F-12,24.0,280.684,106.677,186.158,19.029,49.40652,94.526,81.189,4433.0
2009-03-01,15/9-F-12,24.0,280.736,106.69,186.472,19.075,49.85503,94.264,80.306,4449.0
2009-03-02,15/9-F-12,24.0,280.419,106.709,187.375,19.401,50.75903,93.044,81.071,4593.0
2009-03-03,15/9-F-12,24.0,280.914,106.713,187.249,19.347,49.46572,93.664,80.383,4638.0
2009-03-04,15/9-F-12,24.0,281.558,106.704,186.998,18.932,49.90172,94.56,79.281,4474.0
2009-03-05,15/9-F-12,11.17,283.357,106.688,187.138,16.067,47.95769,96.219,79.643,2441.0
2009-03-09,15/9-F-12,18.53,276.897,106.799,190.707,13.805,55.0593,86.19,81.436,4197.0
2009-03-10,15/9-F-12,21.23,277.642,106.774,190.587,13.64,55.1475,87.055,82.125,4693.0
2009-03-11,15/9-F-12,23.5,283.715,106.624,185.796,14.403,43.69805,97.919,76.756,5414.0
2009-03-12,15/9-F-12,24.0,276.295,106.693,186.982,15.758,52.27697,89.313,80.821,4870.0
2009-03-13,15/9-F-12,19.94,276.741,106.662,187.615,15.462,45.52175,89.126,80.08,3677.0
2009-03-15,15/9-F-12,6.5,294.426,104.914,216.3,1.448,32.5,78.127,20.081,614.0
2009-03-16,15/9-F-12,13.0,290.408,105.89,205.126,4.881,36.1,85.282,49.366,1409.0
2009-03-18,15/9-F-12,22.14,270.117,106.481,181.09,8.219,47.3409,89.028,74.383,3449.0
2009-03-19,15/9-F-12,24.0,265.693,106.576,180.544,12.557,50.70707,85.149,80.432,4322.0
2009-03-20,15/9-F-12,24.0,261.606,105.868,179.016,12.982,51.37017,82.59,79.133,4218.0
2009-03-21,15/9-F-12,24.0,259.886,106.546,180.482,13.263,53.82318,79.404,81.401,4441.0
2009-03-22,15/9-F-12,24.0,258.143,106.521,179.637,12.982,53.94449,78.506,81.137,4438.0
2009-03-23,15/9-F-12,24.0,256.314,106.494,178.768,12.643,53.95206,77.545,80.729,4418.0
2009-03-24,15/9-F-12,24.0,254.476,106.47,177.822,12.31,53.98404,76.654,80.408,4353.0
2009-03-25,15/9-F-12,4.19,257.13,106.437,175.439,11.899,45.01147,81.691,76.922,724.0
2009-03-30,15/9-F-12,6.14,275.054,105.977,176.32,1.363,25.9445,98.734,47.61,456.0
2009-03-31,15/9-F-12,24.0,253.872,106.478,179.592,7.991,56.99216,74.28,77.543,4922.0
2009-04-01,15/9-F-12,24.0,250.437,106.536,180.44,11.056,60.94874,69.997,81.068,5288.0
2009-04-02,15/9-F-12,24.0,249.588,106.546,179.752,11.701,60.98591,69.836,80.53,5145.0
2009-04-03,15/9-F-12,24.0,250.845,106.513,178.113,11.831,57.46294,72.732,80.014,4734.0
2009-04-04,15/9-F-12,24.0,251.415,106.484,177.241,11.847,55.71183,74.174,79.868,4498.0
2009-04-05,15/9-F-12,24.0,250.842,106.478,177.177,11.77,55.80897,73.665,78.948,4536.0
2009-04-06,15/9-F-12,24.0,245.277,106.548,179.838,11.906,65.20476,65.44,80.061,5545.0
2009-04-07,15/9-F-12,24.0,242.581,106.569,179.673,11.697,68.01265,62.908,79.322,5678.0
2009-04-08,15/9-F-12,24.0,243.595,106.531,177.354,11.484,62.47673,66.241,79.357,5144.0
2009-04-09,15/9-F-12,24.0,243.26,106.512,176.695,11.395,61.47575,66.566,80.113,5238.0
2009-04-10,15/9-F-12,24.0,239.166,106.555,177.947,11.271,68.52675,61.219,79.514,5605.0
2009-04-11,15/9-F-12,24.0,237.077,106.561,177.457,11.161,70.54196,59.619,80.178,5595.0
2009-04-12,15/9-F-12,24.0,235.703,106.556,176.498,11.081,69.86612,59.205,80.632,5378.0
2009-04-13,15/9-F-12,24.0,235.739,106.532,174.934,10.94,65.97469,60.805,80.68,4985.0
2009-04-14,15/9-F-12,24.0,234.746,106.534,174.355,10.789,66.21553,60.392,80.408,4998.0
2009-04-15,15/9-F-12,24.0,232.979,106.547,174.449,10.662,69.27777,58.529,80.429,5317.0
2009-04-16,15/9-F-12,24.0,233.305,106.524,173.022,10.56,65.13956,60.283,80.297,5113.0
2009-04-17,15/9-F-12,24.0,233.172,106.506,172.252,10.401,63.18433,60.92,80.401,4839.0
2009-04-18,15/9-F-12,24.0,230.505,106.528,172.93,10.296,68.56318,57.575,80.572,5271.0
2009-04-19,15/9-F-12,24.0,226.609,106.566,174.081,10.259,80.99091,52.528,80.323,5614.0
2009-04-20,15/9-F-12,24.0,228.987,106.526,171.467,10.308,67.52922,57.52,80.293,4906.0
2009-04-21,15/9-F-12,24.0,228.741,106.508,170.31,14.144,65.61035,58.431,78.879,4845.0
2009-04-22,15/9-F-12,23.17,235.192,106.424,169.412,16.541,54.94723,65.78,77.299,4018.0
2009-04-23,15/9-F-12,24.0,228.112,106.49,169.586,17.371,64.50499,58.525,78.687,4753.0
2009-04-24,15/9-F-12,24.0,226.984,106.491,169.291,17.26,65.471,57.693,78.644,4790.0
2009-04-25,15/9-F-12,24.0,225.858,106.494,169.24,17.237,66.64976,56.618,78.836,4814.0
2009-04-26,15/9-F-12,24.0,224.697,106.496,168.985,17.151,68.00776,55.713,78.948,4856.0
2009-04-27,15/9-F-12,24.0,223.767,106.498,168.848,17.027,69.10177,54.918,78.95,4871.0
2009-04-28,15/9-F-12,24.0,223.472,106.501,168.82,17.094,67.67507,54.652,79.743,4883.0
2009-04-29,15/9-F-12,24.0,223.285,106.505,168.66,17.011,69.12411,54.625,79.382,4842.0
2009-04-30,15/9-F-12,24.0,223.26,106.512,168.598,16.964,67.71543,54.663,79.324,4860.0
2009-05-01,15/9-F-12,24.0,223.348,106.519,168.546,16.893,69.16734,54.802,78.789,4861.0
2009-05-02,15/9-F-12,24.0,223.711,106.523,168.648,16.978,68.26886,55.063,78.825,4814.0
2009-05-03,15/9-F-12,24.0,223.826,106.528,168.782,17.017,68.19274,55.043,79.596,4813.0
2009-05-04,15/9-F-12,2.48,230.292,106.526,168.315,17.034,46.84542,61.977,79.261,439.0
2009-05-06,15/9-F-12,20.86,232.681,106.376,169.48,11.726,55.12613,63.201,70.231,3552.0
2009-05-07,15/9-F-12,23.83,229.448,106.508,168.728,16.077,61.36592,60.72,75.299,4447.0
2009-05-08,15/9-F-12,24.0,226.761,106.541,169.237,16.945,65.69139,57.523,76.878,4815.0
2009-05-09,15/9-F-12,24.0,226.272,106.556,169.688,17.265,67.30705,56.584,77.672,4806.0
2009-05-10,15/9-F-12,24.0,226.443,106.57,170.382,17.516,67.723,56.061,80.169,4893.0
2009-05-11,15/9-F-12,24.0,227.953,106.563,170.034,17.644,64.74121,57.919,80.267,4811.0
2009-05-12,15/9-F-12,24.0,228.739,106.563,170.057,17.774,63.69264,58.682,80.472,4771.0
2009-05-13,15/9-F-12,24.0,230.262,106.557,170.666,18.02,62.41749,59.596,80.576,4685.0
2009-05-14,15/9-F-12,24.0,230.692,106.56,170.925,18.082,62.83735,59.768,80.232,4712.0
2009-05-15,15/9-F-12,24.0,231.128,106.569,170.94,17.879,62.83598,60.188,78.487,4734.0
2009-05-16,15/9-F-12,24.0,231.609,106.576,171.096,17.817,62.84241,60.513,77.416,4741.0
2009-05-17,15/9-F-12,24.0,232.096,106.582,171.357,17.784,62.86171,60.739,78.105,4745.0
2009-05-18,15/9-F-12,24.0,232.579,106.588,171.676,17.882,62.89483,60.903,79.698,5227.0
2009-05-19,15/9-F-12,24.0,233.025,106.593,171.848,17.968,62.9077,61.177,79.732,5013.0
2009-05-20,15/9-F-12,24.0,233.546,106.597,172.117,18.089,62.72837,61.428,80.26,5011.0
2009-05-21,15/9-F-12,24.0,234.077,106.602,172.481,18.196,62.64841,61.596,80.626,5031.0
2009-05-22,15/9-F-12,24.0,234.671,106.606,173.001,18.291,62.39298,61.67,81.262,5037.0
2009-05-23,15/9-F-12,24.0,237.007,106.589,172.355,18.333,58.77508,64.652,80.818,4796.0
2009-05-24,15/9-F-12,24.0,237.884,106.584,172.407,18.278,58.23547,65.476,80.218,4764.0
2009-05-25,15/9-F-12,24.0,237.763,106.596,172.877,18.313,59.55904,64.886,80.18,4851.0
2009-05-26,15/9-F-12,24.0,237.806,106.528,173.363,18.422,60.24002,64.443,80.934,4912.0
2009-05-27,15/9-F-12,24.0,238.497,106.611,173.843,18.322,60.35382,64.654,79.726,4926.0
2009-05-28,15/9-F-12,24.0,238.98,106.615,174.412,18.423,60.59892,64.568,81.264,4940.0
2009-05-29,15/9-F-12,24.0,238.028,106.636,175.259,18.54,63.94534,62.769,81.197,5097.0
2009-05-30,15/9-F-12,24.0,236.207,106.659,176.276,18.552,67.88406,59.931,81.455,5407.0
2009-05-31,15/9-F-12,24.0,235.94,106.654,176.224,18.585,67.89739,59.716,81.823,5390.0
2009-06-01,15/9-F-12,24.0,235.151,106.654,176.544,18.518,69.23057,58.606,82.076,5469.0
2009-06-02,15/9-F-12,24.0,234.756,106.659,176.589,18.374,69.9521,58.167,81.738,5498.0
2009-06-03,15/9-F-12,24.0,234.194,106.655,176.37,18.162,70.39383,57.824,81.31,5889.0
2009-06-04,15/9-F-12,24.0,233.151,106.65,176.088,17.979,71.28654,57.064,81.157,5509.0
2009-06-05,15/9-F-12,24.0,232.042,106.643,175.676,17.878,72.12178,56.365,81.278,5521.0
2009-06-06,15/9-F-12,21.98,239.608,106.545,174.355,16.004,57.45767,65.253,75.961,3892.0
2009-06-07,15/9-F-12,24.0,232.763,106.598,174.723,17.074,68.92041,58.04,80.502,5265.0
2009-06-08,15/9-F-12,24.0,230.082,106.622,174.248,17.857,71.39343,55.834,81.202,5422.0
2009-06-09,15/9-F-12,24.0,229.309,106.614,173.736,17.744,71.12014,55.573,81.233,5357.0
2009-06-10,15/9-F-12,24.0,228.358,106.608,173.36,17.544,71.38611,54.998,81.27,5347.0
2009-06-11,15/9-F-12,22.83,232.428,106.555,172.36,16.48,62.36388,60.068,77.653,4218.0
2009-06-12,15/9-F-12,24.0,227.551,106.587,172.633,16.813,70.81818,54.918,80.638,4995.0
2009-06-13,15/9-F-12,22.5,231.046,106.538,171.488,16.194,61.9154,59.558,78.758,4132.0
2009-06-14,15/9-F-12,24.0,228.428,106.559,170.878,17.144,65.35384,57.55,80.92,4669.0
2009-06-15,15/9-F-12,24.0,225.099,106.572,171.621,16.916,73.61629,53.478,80.909,4995.0
2009-06-16,15/9-F-12,24.0,221.74,106.603,172.491,16.817,85.3303,49.249,80.87,5263.0
2009-06-17,15/9-F-12,24.0,220.942,106.602,171.665,16.592,85.97281,49.277,79.419,5081.0
2009-06-18,15/9-F-12,24.0,220.463,106.597,171.588,16.629,86.01115,48.875,79.435,5038.0
2009-06-19,15/9-F-12,24.0,219.911,106.594,171.318,16.545,85.99326,48.592,80.265,5054.0
2009-06-20,15/9-F-12,24.0,219.365,106.59,171.008,16.477,85.997,48.357,80.804,5123.0
2009-06-21,15/9-F-12,24.0,233.81,106.429,166.568,16.225,49.61657,67.242,79.183,3422.0
2009-06-22,15/9-F-12,24.0,235.216,106.387,165.816,15.904,47.67041,69.4,78.426,3345.0
2009-06-23,15/9-F-12,24.0,234.717,106.39,166.105,16.044,48.19588,68.611,79.142,3394.0
2009-06-24,15/9-F-12,24.0,234.739,106.388,166.06,15.964,48.19972,68.679,79.093,3400.0
2009-06-25,15/9-F-12,24.0,234.724,106.387,165.823,15.874,48.23377,68.901,78.462,3234.0
2009-06-26,15/9-F-12,24.0,234.74,106.387,165.771,15.828,48.31041,68.97,77.883,2864.0
2009-06-27,15/9-F-12,24.0,234.701,106.388,165.788,15.81,48.3867,68.913,77.841,2727.0
2009-06-28,15/9-F-12,24.0,233.006,106.406,166.086,16.005,50.37753,66.92,78.949,2724.0
2009-06-29,15/9-F-12,24.0,232.302,106.421,166.517,16.263,51.21728,65.785,80.271,2794.0
2009-06-30,15/9-F-12,24.0,232.293,106.422,166.584,16.313,51.18874,65.71,80.443,2789.0
2009-07-01,15/9-F-12,24.0,232.254,106.423,166.391,16.307,51.18913,65.864,80.159,2775.0
2009-07-02,15/9-F-12,24.0,232.242,106.425,166.373,16.298,51.23108,65.869,80.188,2766.0
2009-07-03,15/9-F-12,24.0,232.249,106.426,166.446,16.327,51.24005,65.804,80.499,2762.0
2009-07-04,15/9-F-12,24.0,232.255,106.427,166.435,16.295,51.21405,65.82,80.315,2747.0
2009-07-05,15/9-F-12,24.0,232.254,106.428,166.351,16.217,51.19871,65.903,79.696,2746.0
2009-07-06,15/9-F-12,24.0,232.275,106.43,166.579,16.263,51.18423,65.696,80.387,3415.0
2009-07-07,15/9-F-12,24.0,232.276,106.43,166.577,16.165,51.17188,65.699,80.162,3404.0
2009-07-08,15/9-F-12,24.0,232.217,106.432,166.475,15.908,51.19549,65.742,79.24,3501.0
2009-07-09,15/9-F-12,24.0,232.194,106.434,166.444,15.824,51.21957,65.75,79.058,3500.0
2009-07-10,15/9-F-12,24.0,232.197,106.435,166.488,15.804,51.24335,65.709,79.1,3486.0
2009-07-11,15/9-F-12,24.0,231.809,106.44,166.552,15.915,51.78291,65.258,79.335,3514.0
2009-07-12,15/9-F-12,24.0,231.712,106.444,166.487,16.063,51.93804,65.225,79.127,3523.0
2009-07-13,15/9-F-12,24.0,231.699,106.446,166.456,16.083,51.98825,65.243,79.28,3564.0
2009-07-14,15/9-F-12,24.0,232.072,106.442,166.331,16.028,51.45849,65.741,78.746,3514.0
2009-07-15,15/9-F-12,24.0,232.613,106.435,166.203,16.009,50.76792,66.409,79.242,3451.0
2009-07-16,15/9-F-12,24.0,232.644,106.436,166.373,16.144,50.73841,66.271,79.706,3446.0
2009-07-17,15/9-F-12,24.0,232.695,106.436,166.341,16.055,50.70486,66.354,79.244,3450.0
2009-07-18,15/9-F-12,24.0,233.111,106.454,166.768,16.067,51.28044,66.344,79.056,3396.0
2009-07-19,15/9-F-12,22.17,240.718,106.397,167.496,14.394,42.46798,73.222,74.011,2808.0
2009-07-20,15/9-F-12,24.0,237.759,106.433,167.41,15.603,48.35743,70.349,77.873,3444.0
2009-07-21,15/9-F-12,24.0,235.983,106.491,168.128,16.704,50.79347,67.854,79.931,3714.0
2009-07-22,15/9-F-12,24.0,236.934,106.507,168.26,16.704,50.82119,68.674,78.784,3721.0
2009-07-23,15/9-F-12,24.0,238.343,106.515,168.63,16.843,50.32011,69.713,78.921,3682.0
2009-07-24,15/9-F-12,24.0,239.425,106.526,169.211,17.034,50.37799,70.213,79.146,3689.0
2009-07-25,15/9-F-12,24.0,240.539,106.537,170.009,17.193,49.25679,70.53,80.067,3737.0
2009-07-26,15/9-F-12,24.0,241.698,106.546,170.435,17.444,50.29896,71.263,80.235,3719.0
2009-07-27,15/9-F-12,24.0,243.001,106.553,170.668,17.51,50.1141,72.333,79.472,3704.0
2009-07-28,15/9-F-12,24.0,244.299,106.559,171.194,17.645,49.9053,73.105,79.606,3734.0
2009-07-29,15/9-F-12,24.0,245.431,106.567,171.572,17.717,49.93687,73.859,79.158,3742.0
2009-07-30,15/9-F-12,24.0,246.624,106.573,172.347,17.918,49.84456,74.276,80.205,3755.0
2009-07-31,15/9-F-12,24.0,248.7,106.564,172.728,18.041,48.86554,75.972,80.319,3693.0
2009-08-01,15/9-F-12,24.0,249.772,106.557,172.874,18.031,48.76376,76.898,79.296,3691.0
2009-08-02,15/9-F-12,10.66,251.032,106.553,173.077,17.993,46.0867,77.955,79.133,1632.0
2009-08-05,15/9-F-12,23.84,252.227,106.574,178.032,13.411,53.59996,74.195,73.168,4407.0
2009-08-06,15/9-F-12,24.0,246.176,106.699,178.993,18.938,61.00185,67.183,80.656,4663.0
2009-08-07,15/9-F-12,22.91,244.786,106.704,179.269,19.674,62.59172,65.517,81.026,4361.0
2009-08-08,15/9-F-12,13.93,259.38,106.478,175.307,15.644,40.59908,84.073,75.492,2424.0
2009-08-09,15/9-F-12,24.0,246.087,106.627,177.698,19.103,58.51604,68.389,81.562,4367.0
2009-08-10,15/9-F-12,24.0,243.911,106.643,177.785,19.539,60.535,66.126,80.674,4438.0
2009-08-11,15/9-F-12,24.0,242.306,106.647,177.942,19.429,62.17824,64.363,81.632,4446.0
2009-08-12,15/9-F-12,24.0,240.24,106.665,178.329,19.367,64.98692,61.91,81.045,4594.0
2009-08-13,15/9-F-12,24.0,239.388,106.664,178.07,19.2,65.27461,61.317,82.019,4549.0
2009-08-14,15/9-F-12,24.0,237.636,106.673,178.119,19.163,67.52505,59.517,81.034,4639.0
2009-08-15,15/9-F-12,24.0,235.784,106.683,177.884,18.929,70.02429,57.901,78.381,4722.0
2009-08-16,15/9-F-12,24.0,235.067,106.695,177.961,18.722,71.52084,57.106,79.777,4767.0
2009-08-17,15/9-F-12,24.0,235.22,106.714,178.528,18.978,71.69118,56.692,82.217,4783.0
2009-08-18,15/9-F-12,24.0,235.541,106.725,178.604,19.011,71.74537,56.937,81.894,4779.0
2009-08-19,15/9-F-12,24.0,235.858,106.733,178.64,18.925,71.98183,57.218,81.164,4795.0
2009-08-20,15/9-F-12,24.0,236.231,106.74,178.893,18.939,71.9877,57.338,80.767,4801.0
2009-08-21,15/9-F-12,24.0,236.624,106.745,179.135,19.08,71.8217,57.489,80.523,4794.0
2009-08-22,15/9-F-12,24.0,236.92,106.749,179.438,19.107,71.83196,57.482,79.367,4795.0
2009-08-23,15/9-F-12,24.0,237.117,106.751,179.557,19.114,71.87884,57.56,81.437,4788.0
2009-08-24,15/9-F-12,24.0,237.327,106.757,179.885,19.151,72.3648,57.442,79.887,4817.0
2009-08-25,15/9-F-12,24.0,236.879,106.773,180.571,19.24,74.91145,56.308,80.653,4951.0
2009-08-26,15/9-F-12,13.99,245.161,106.724,186.677,17.86,55.68201,58.484,77.909,2666.0
2009-08-27,15/9-F-12,21.34,248.319,106.622,177.257,16.871,55.11982,71.062,78.766,3734.0
2009-08-28,15/9-F-12,24.0,239.707,106.744,180.356,19.572,69.23941,59.351,80.934,4690.0
2009-08-29,15/9-F-12,2.16,243.334,106.744,179.255,19.665,54.45072,64.079,81.478,308.0
2009-09-05,15/9-F-12,11.58,270.345,106.248,176.185,5.899,28.53417,94.16,58.647,1279.0
2009-09-06,15/9-F-12,14.34,260.681,106.505,177.387,13.031,44.43053,83.294,74.44,2441.0
2009-09-07,15/9-F-12,24.0,248.135,105.585,178.779,17.992,55.28379,69.356,79.651,5054.0
2009-09-08,15/9-F-12,24.0,251.405,106.722,181.151,19.762,58.10174,70.254,80.801,4574.0
2009-09-09,15/9-F-12,24.0,251.658,106.73,181.664,20.373,58.10112,69.994,81.828,4355.0
2009-09-10,15/9-F-12,24.0,251.827,106.733,181.877,20.871,58.09612,69.95,82.769,4341.0
2009-09-11,15/9-F-12,24.0,251.298,106.744,182.299,21.014,59.31041,69.0,82.929,4393.0
2009-09-12,15/9-F-12,24.0,249.993,106.758,182.693,21.002,61.33134,67.3,82.641,4477.0
2009-09-13,15/9-F-12,24.0,249.865,106.771,182.956,21.066,61.83863,66.909,82.81,4490.0
2009-09-14,15/9-F-12,24.0,250.139,106.78,183.215,21.316,61.99439,66.925,83.154,4464.0
2009-09-15,15/9-F-12,24.0,249.834,106.797,184.02,21.354,64.33748,65.814,83.203,4526.0
2009-09-16,15/9-F-12,24.0,250.179,106.805,183.923,21.32,63.02513,66.256,83.091,4512.0
2009-09-17,15/9-F-12,24.0,250.682,106.8,183.799,21.413,62.37056,66.883,83.122,4465.0
2009-09-18,15/9-F-12,24.0,250.394,106.807,183.848,21.359,63.07652,66.546,82.32,4492.0
2009-09-19,15/9-F-12,24.0,253.233,106.782,182.657,21.22,59.24781,70.577,81.888,4154.0
2009-09-20,15/9-F-12,24.0,260.055,106.673,179.931,20.716,49.25344,80.124,81.533,3306.0
2009-09-21,15/9-F-12,24.0,259.306,106.682,180.146,20.663,50.39086,79.161,79.669,4207.0
2009-09-22,15/9-F-12,24.0,259.484,106.681,180.276,20.572,50.40794,79.208,79.519,4199.0
2009-09-23,15/9-F-12,24.0,259.663,106.682,180.535,20.661,50.39779,79.128,80.919,4323.0
2009-09-24,15/9-F-12,24.0,255.68,106.744,182.907,20.938,57.02165,72.772,81.855,4685.0
2009-09-25,15/9-F-12,24.0,251.719,106.825,185.085,21.4,63.73268,66.634,81.006,5058.0
2009-09-26,15/9-F-12,10.83,251.948,106.843,185.488,21.555,62.92036,66.459,82.988,2273.0
2009-10-01,15/9-F-12,22.01,261.972,106.633,182.35,12.411,48.72685,79.622,72.661,3566.0
2009-10-02,15/9-F-12,24.0,253.207,106.803,185.038,19.795,61.7281,68.169,81.978,4883.0
2009-10-03,15/9-F-12,24.0,252.836,106.823,185.082,20.933,62.4508,67.754,79.963,5038.0
2009-10-04,15/9-F-12,24.0,252.784,106.835,185.562,21.452,62.73293,67.222,81.87,5033.0
2009-10-05,15/9-F-12,24.0,252.773,106.845,185.815,21.964,62.99446,66.958,82.867,5073.0
2009-10-06,15/9-F-12,24.0,260.207,106.749,182.097,21.483,52.21294,78.11,80.402,4327.0
2009-10-07,15/9-F-12,24.0,257.439,106.786,183.765,21.919,55.73965,73.675,82.311,4616.0
2009-10-08,15/9-F-12,24.0,257.939,106.788,183.63,21.921,55.21491,74.309,81.82,4545.0
2009-10-09,15/9-F-12,24.0,258.344,106.784,183.504,22.011,54.67597,74.84,82.135,4421.0
2009-10-10,15/9-F-12,24.0,254.268,105.439,180.228,21.584,53.65323,74.04,80.17,4441.0
2009-10-11,15/9-F-12,24.0,258.233,106.782,183.472,22.009,54.73307,74.761,82.245,4426.0
2009-10-12,15/9-F-12,24.0,257.747,106.789,183.789,22.007,55.37482,73.958,82.583,4454.0
2009-10-13,15/9-F-12,21.75,258.175,106.783,183.392,21.824,52.8236,74.783,82.401,3766.0
2009-10-14,15/9-F-12,24.0,258.398,106.756,182.394,21.424,53.55954,76.004,80.886,4258.0
2009-10-15,15/9-F-12,23.17,262.741,106.686,181.887,19.307,45.56181,80.854,76.5,3551.0
2009-10-16,15/9-F-12,24.0,254.412,106.802,184.398,21.117,59.20931,70.013,82.364,4729.0
2009-10-17,15/9-F-12,6.49,253.228,106.829,185.116,21.724,58.0862,68.112,82.909,1377.0
2009-10-18,15/9-F-12,23.5,258.222,106.744,182.47,3.512,52.39205,75.752,78.3,4119.0
2009-10-19,15/9-F-12,24.0,256.929,106.748,182.179,5.31,53.76611,74.75,81.926,4335.0
2009-10-20,15/9-F-12,24.0,256.6,106.746,181.988,11.534,54.01077,74.612,81.066,4339.0
2009-10-21,15/9-F-12,24.0,256.489,106.747,181.849,14.148,54.00859,74.64,79.05,4333.0
2009-10-22,15/9-F-12,24.0,256.466,106.75,181.861,14.12,54.01376,74.605,78.996,4324.0
2009-10-23,15/9-F-12,7.99,254.632,106.789,183.063,14.261,53.89996,71.569,80.046,1587.0
2009-10-24,15/9-F-12,2.68,281.008,106.277,182.089,2.297,24.84367,98.919,46.395,167.0
2009-10-26,15/9-F-12,24.0,260.704,106.786,183.578,14.367,52.15134,77.127,82.33,4307.0
2009-10-27,15/9-F-12,24.0,260.42,106.786,183.615,15.017,52.2164,76.806,82.557,4313.0
2009-10-28,15/9-F-12,24.0,260.019,106.794,183.675,15.03,52.58804,76.344,81.49,4348.0
2009-10-29,15/9-F-12,23.33,259.566,106.824,185.672,13.805,57.14225,73.894,78.751,4275.0
2009-10-30,15/9-F-12,24.0,253.399,106.908,187.285,15.38,65.98804,66.114,82.211,4958.0
2009-10-31,15/9-F-12,24.0,254.229,106.905,186.816,15.492,64.18691,67.413,81.973,4841.0
2009-11-01,15/9-F-12,24.0,254.045,106.914,186.999,15.49,64.25908,67.046,81.449,4852.0
2009-11-02,15/9-F-12,24.0,254.311,106.916,186.925,15.431,63.9103,67.387,80.833,4829.0
2009-11-03,15/9-F-12,24.0,254.321,106.922,187.045,15.465,63.82282,67.276,81.13,4817.0
2009-11-04,15/9-F-12,15.5,257.933,106.875,185.724,14.316,56.6043,72.21,79.188,3154.0
2009-11-05,15/9-F-12,24.0,258.324,106.864,184.944,14.946,56.64219,73.38,79.8,4435.0
2009-11-06,15/9-F-12,24.0,258.457,106.856,184.875,15.167,56.44965,73.582,81.004,4404.0
2009-11-07,15/9-F-12,24.0,258.031,106.865,185.353,15.353,57.26311,72.679,82.297,4448.0
2009-11-08,15/9-F-12,24.0,257.823,106.869,185.694,15.48,57.66962,72.129,83.115,4471.0
2009-11-09,15/9-F-12,23.33,260.217,106.848,184.851,14.707,52.67255,75.365,79.878,4090.0
2009-11-10,15/9-F-12,24.0,259.53,106.847,185.583,14.174,56.10077,73.947,81.003,4245.0
2009-11-11,15/9-F-12,24.0,258.279,106.874,185.377,15.25,56.532,72.901,81.744,4402.0
2009-11-12,15/9-F-12,24.0,258.142,106.876,185.378,15.097,56.93514,72.764,79.961,4409.0
2009-11-13,15/9-F-12,24.0,258.353,106.875,185.447,15.075,56.80531,72.906,80.762,4379.0
2009-11-27,15/9-F-12,24.0,252.836,107.002,188.876,15.878,66.04835,63.96,82.608,4865.0
2009-11-28,15/9-F-12,24.0,252.93,107.014,189.544,16.072,67.84285,63.386,83.742,4855.0
2009-11-29,15/9-F-12,24.0,252.253,107.032,190.33,16.027,70.09954,61.923,83.417,5013.0
2009-11-30,15/9-F-12,24.0,252.001,107.038,190.601,16.006,69.29445,61.4,83.452,5062.0
2009-12-01,15/9-F-12,24.0,252.171,107.041,190.482,16.076,70.52171,61.69,82.956,5031.0
2009-12-02,15/9-F-12,24.0,252.212,107.043,190.377,15.825,70.5235,61.835,81.322,5048.0
2009-12-03,15/9-F-12,24.0,252.125,107.045,190.418,15.76,70.71423,61.708,80.513,5044.0
2009-12-04,15/9-F-12,24.0,251.495,107.054,190.914,15.821,72.76745,60.581,81.62,5485.0
2009-12-05,15/9-F-12,24.0,253.411,107.034,189.897,15.81,69.45896,63.514,81.585,5190.0
2009-12-06,15/9-F-12,24.0,252.99,107.033,190.206,15.798,69.43213,62.785,81.322,5303.0
2009-12-07,15/9-F-12,24.0,251.512,107.06,191.039,15.922,72.92619,60.473,81.839,5468.0
2009-12-08,15/9-F-12,24.0,251.402,107.063,191.257,15.988,73.07949,60.145,82.865,5604.0
2009-12-09,15/9-F-12,24.0,251.435,107.065,191.11,16.0,72.90647,60.325,82.333,5601.0
2009-12-10,15/9-F-12,24.0,251.665,107.061,191.229,16.188,71.95349,60.435,83.846,5549.0
2009-12-11,15/9-F-12,24.0,251.862,107.055,191.095,16.27,70.91464,60.768,84.209,5480.0
2009-12-12,15/9-F-12,24.0,251.793,107.054,191.005,16.274,70.74211,60.789,84.159,5465.0
2009-12-13,15/9-F-12,23.0,253.186,107.04,191.136,15.704,68.15052,62.05,83.013,5050.0
2009-12-14,15/9-F-12,24.0,252.148,107.048,190.979,16.549,69.88956,61.169,83.945,5381.0
2009-12-15,15/9-F-12,24.0,252.187,107.043,191.03,16.375,70.57019,61.157,83.834,5367.0
2009-12-16,15/9-F-12,24.0,251.867,107.046,190.845,16.328,69.9416,61.022,83.403,5358.0
2009-12-17,15/9-F-12,22.86,252.179,107.044,190.813,16.077,68.83235,61.366,81.45,5018.0
2009-12-18,15/9-F-12,23.48,271.189,106.752,183.083,12.293,40.8418,88.106,73.804,2517.0
2009-12-19,15/9-F-12,15.03,250.041,107.047,191.368,16.117,73.50332,58.673,81.696,3378.0
2009-12-20,15/9-F-12,20.14,252.496,106.987,189.813,13.599,69.73197,62.683,80.278,4229.0
2009-12-21,15/9-F-12,24.0,247.853,107.026,190.201,16.138,76.15446,57.651,81.747,5347.0
2009-12-22,15/9-F-12,24.0,247.098,107.031,190.14,16.167,77.30219,56.958,81.524,5356.0
2009-12-23,15/9-F-12,24.0,248.066,107.025,189.755,16.315,73.54937,58.311,82.564,5154.0
2009-12-24,15/9-F-12,24.0,248.53,107.021,189.623,16.402,72.07573,58.907,83.115,5064.0
2009-12-25,15/9-F-12,24.0,248.517,107.027,189.673,16.278,72.52885,58.844,82.442,5165.0
2009-12-26,15/9-F-12,24.0,248.719,107.034,190.14,16.472,72.72959,58.579,83.79,5149.0
2009-12-27,15/9-F-12,24.0,248.651,107.036,190.203,16.392,72.93774,58.448,83.721,5099.0
2009-12-28,15/9-F-12,24.0,248.478,107.038,190.265,16.301,73.33445,58.213,83.516,5298.0
2009-12-29,15/9-F-12,24.0,248.387,107.043,190.256,16.252,73.61723,58.132,83.225,5281.0
2009-12-30,15/9-F-12,24.0,248.351,107.046,190.235,16.211,73.73479,58.115,82.766,5280.0
2009-12-31,15/9-F-12,24.0,248.422,107.049,190.314,16.267,73.4234,58.108,83.463,5243.0
2010-01-01,15/9-F-12,24.0,248.271,107.054,190.242,16.169,73.83465,58.029,82.373,5262.0
2010-01-02,15/9-F-12,24.0,248.14,107.058,190.261,16.098,74.12605,57.879,81.993,5256.0
2010-01-03,15/9-F-12,24.0,248.068,107.062,190.492,16.272,74.23099,57.576,83.471,5228.0
2010-01-04,15/9-F-12,24.0,248.1,107.067,190.519,16.247,74.06503,57.581,83.294,5199.0
2010-01-05,15/9-F-12,24.0,248.051,107.072,190.489,16.251,74.13604,57.562,82.92,5206.0
2010-01-06,15/9-F-12,24.0,248.05,107.077,190.446,16.269,74.09392,57.604,82.804,5200.0
2010-01-07,15/9-F-12,24.0,248.007,107.082,190.584,16.376,72.82486,57.424,83.042,5190.0
2010-01-08,15/9-F-12,24.0,247.997,107.087,190.69,16.443,72.94007,57.307,82.999,5186.0
2010-01-09,15/9-F-12,22.83,255.408,107.01,188.035,15.066,60.41023,67.373,79.293,4035.0
2010-01-10,15/9-F-12,24.0,248.434,107.071,190.299,16.178,71.87259,58.135,81.514,5141.0
2010-01-11,15/9-F-12,24.0,247.903,107.087,190.759,16.539,74.67883,57.144,82.282,5158.0
2010-01-12,15/9-F-12,24.0,247.75,107.095,190.654,16.484,75.14006,57.097,80.9,5161.0
2010-01-13,15/9-F-12,24.0,247.609,107.105,190.685,16.436,75.04702,56.924,80.397,5136.0
2010-01-14,15/9-F-12,24.0,247.243,107.119,190.764,16.56,75.24943,56.479,80.727,5092.0
2010-01-15,15/9-F-12,24.0,246.884,107.134,190.869,16.849,75.23974,56.015,81.758,5034.0
2010-01-16,15/9-F-12,24.0,246.513,107.152,190.902,17.028,75.16455,55.611,80.442,4979.0
2010-01-17,15/9-F-12,24.0,246.205,107.166,191.12,17.398,75.23368,55.086,81.63,4906.0
2010-01-18,15/9-F-12,24.0,246.06,107.181,191.317,17.791,75.15432,54.743,82.763,4689.0
2010-01-19,15/9-F-12,24.0,245.945,107.192,191.417,18.14,75.17542,54.528,83.128,4647.0
2010-01-20,15/9-F-12,24.0,245.771,107.205,191.418,18.112,75.19635,54.353,81.188,4628.0
2010-01-21,15/9-F-12,24.0,245.761,107.216,191.654,18.273,75.25085,54.107,81.62,4587.0
2010-01-22,15/9-F-12,24.0,245.866,107.224,191.871,18.397,75.24938,53.995,81.371,4563.0
2010-01-23,15/9-F-12,24.0,246.717,107.225,191.888,18.672,74.02601,54.829,81.245,4011.0
2010-01-24,15/9-F-12,24.0,247.162,107.242,192.922,19.023,75.26627,54.24,81.813,4441.0
2010-01-25,15/9-F-12,24.0,248.758,107.226,194.189,19.322,75.26082,54.568,83.542,4597.0
2010-01-26,15/9-F-12,23.33,253.939,107.177,192.611,18.594,64.59806,61.328,81.025,3954.0
2010-01-27,15/9-F-12,24.0,250.519,107.208,194.154,19.561,72.12867,56.365,83.174,4420.0
2010-01-28,15/9-F-12,24.0,248.753,107.248,196.073,19.742,81.16175,52.68,83.985,4626.0
2010-01-29,15/9-F-12,24.0,248.625,107.264,196.857,20.039,83.68664,51.767,84.541,4706.0
2010-01-30,15/9-F-12,24.0,248.731,107.276,197.394,20.176,85.11596,51.337,84.223,4720.0
2010-01-31,15/9-F-12,24.0,249.079,107.284,197.832,20.36,85.23858,51.246,84.596,4702.0
2010-02-01,15/9-F-12,24.0,249.613,107.289,198.219,20.693,84.21978,51.395,84.833,4673.0
2010-02-02,15/9-F-12,24.0,250.801,107.289,198.169,20.849,81.74401,52.632,84.671,4545.0
2010-02-03,15/9-F-12,24.0,251.903,107.277,198.054,21.113,77.16578,53.849,85.185,4285.0
2010-02-04,15/9-F-12,24.0,254.105,107.259,197.041,21.1,72.82127,57.064,83.768,4111.0
2010-02-05,15/9-F-12,24.0,252.867,107.283,197.659,21.278,74.07477,55.209,83.058,4257.0
2010-02-06,15/9-F-12,24.0,253.168,107.289,198.081,21.523,74.03822,55.087,83.56,4234.0
2010-02-07,15/9-F-12,24.0,254.47,107.283,198.415,21.898,73.20918,56.055,85.399,4140.0
2010-02-08,15/9-F-12,24.0,252.972,107.31,198.988,22.074,76.25191,53.984,85.522,4327.0
2010-02-09,15/9-F-12,24.0,253.163,107.315,199.289,22.208,76.21528,53.873,85.628,4301.0
2010-02-10,15/9-F-12,24.0,253.48,107.317,199.451,22.464,75.99397,54.029,85.256,4249.0
2010-02-11,15/9-F-12,24.0,254.277,107.314,199.763,22.596,74.47339,54.514,85.787,4106.0
2010-02-12,15/9-F-12,24.0,256.964,107.291,199.114,22.751,69.93827,57.85,85.765,3816.0
2010-02-13,15/9-F-12,24.0,258.093,107.257,198.633,22.545,66.40357,59.461,85.837,3737.0
2010-02-14,15/9-F-12,13.59,257.847,107.287,202.405,22.16,64.48433,55.442,84.755,2111.0
2010-02-15,15/9-F-12,13.8,254.246,107.272,196.888,19.087,70.47561,57.358,82.997,2059.0
2010-02-16,15/9-F-12,24.0,253.496,107.288,196.161,21.723,70.73496,57.335,82.358,4108.0
2010-02-17,15/9-F-12,24.0,253.934,107.298,197.038,22.668,70.76733,56.896,82.034,4040.0
2010-02-18,15/9-F-12,22.04,259.907,107.243,196.644,20.647,63.0327,63.263,79.494,3211.0
2010-02-19,15/9-F-12,24.0,254.169,107.335,197.709,23.348,71.58594,56.459,84.461,4027.0
2010-02-20,15/9-F-12,24.0,254.546,107.337,198.626,23.726,70.8372,55.92,85.578,3946.0
2010-02-21,15/9-F-12,24.0,254.949,107.342,199.481,23.933,72.83685,55.468,85.68,4037.0
2010-02-22,15/9-F-12,24.0,255.395,107.348,200.176,24.144,72.93807,55.218,85.78,3994.0
2010-02-23,15/9-F-12,23.5,259.597,107.33,199.993,23.808,65.90551,59.603,84.925,3461.0
2010-02-24,15/9-F-12,24.0,256.376,107.356,200.794,24.448,72.29625,55.582,85.346,3991.0
2010-02-25,15/9-F-12,18.5,254.708,106.128,199.055,24.027,69.43099,55.653,81.95,3288.0
2010-02-26,15/9-F-12,19.69,264.385,107.266,199.66,22.324,59.27711,64.725,79.433,2861.0
2010-02-27,15/9-F-12,17.6,257.118,107.377,201.693,23.215,67.01692,55.425,85.166,3108.0
2010-03-03,15/9-F-12,23.5,265.381,107.169,196.02,23.379,54.65945,69.361,77.737,3466.0
2010-03-04,15/9-F-12,24.0,256.524,107.285,194.341,28.314,62.79044,62.183,85.043,4145.0
2010-03-05,15/9-F-12,24.0,256.629,107.258,193.7,29.125,60.89497,62.929,84.557,4026.0
2010-03-06,15/9-F-12,20.83,256.529,107.24,193.4,29.497,59.83447,63.129,84.075,3445.0
2010-03-08,15/9-F-12,13.34,256.208,107.21,194.925,21.853,63.66892,61.283,82.326,2406.0
2010-03-09,15/9-F-12,24.0,251.625,107.265,193.739,28.0,67.704,57.885,85.067,4345.0
2010-03-10,15/9-F-12,24.0,250.598,107.256,193.719,29.031,67.80204,56.878,85.264,4259.0
2010-03-11,15/9-F-12,23.67,254.037,107.205,193.271,28.367,61.12472,60.766,83.836,3501.0
2010-03-12,15/9-F-12,15.33,251.91,107.197,192.821,28.707,60.39289,59.089,84.68,2541.0
2010-03-13,15/9-F-12,24.0,249.574,107.226,193.326,29.225,64.27129,56.248,85.25,3716.0
2010-03-14,15/9-F-12,24.0,248.59,107.265,194.626,29.632,70.19005,53.963,84.954,3802.0
2010-03-15,15/9-F-12,24.0,248.358,107.294,196.053,26.959,73.66667,52.305,85.679,3861.0
2010-03-16,15/9-F-12,24.0,249.98,107.291,196.675,25.538,70.74774,53.306,85.554,3718.0
2010-03-17,15/9-F-12,24.0,249.331,107.314,197.606,25.647,76.12645,51.725,84.59,3831.0
2010-03-18,15/9-F-12,24.0,248.354,107.315,197.852,25.56,79.85003,50.502,83.759,3927.0
2010-03-19,15/9-F-12,24.0,247.76,107.303,197.624,25.356,79.99953,50.136,82.942,3887.0
2010-03-20,15/9-F-12,24.0,247.158,107.293,197.695,25.424,80.07827,49.463,85.456,3848.0
2010-03-21,15/9-F-12,24.0,246.566,107.285,197.623,25.373,80.64186,48.943,86.047,3828.0
2010-03-22,15/9-F-12,24.0,246.024,107.276,197.186,25.258,80.91718,48.837,85.359,3454.0
2010-03-23,15/9-F-12,24.0,245.482,107.269,197.054,25.118,81.15679,48.428,85.166,3413.0
2010-03-24,15/9-F-12,24.0,245.862,107.28,197.395,25.231,81.33351,48.467,84.999,3406.0
2010-03-25,15/9-F-12,24.0,246.389,107.294,197.996,25.473,82.18329,48.394,84.933,3426.0
2010-03-26,15/9-F-12,24.0,246.651,107.31,198.788,25.462,86.566,47.862,84.317,3525.0
2010-03-27,15/9-F-12,24.0,247.008,107.323,199.606,25.747,89.86449,47.402,84.527,3588.0
2010-03-28,15/9-F-12,23.0,247.28,107.336,200.37,25.978,92.68756,46.91,85.332,3511.0
2010-03-29,15/9-F-12,24.0,247.683,107.346,201.12,26.225,99.94708,46.562,86.357,3740.0
2010-03-30,15/9-F-12,24.0,248.357,107.353,201.337,26.14,99.99982,47.02,83.844,3474.0
2010-03-31,15/9-F-12,24.0,248.922,107.36,202.007,26.385,97.91667,46.915,84.595,3485.0
2010-04-01,15/9-F-12,11.17,274.007,107.024,200.838,17.47,38.45268,73.169,72.389,787.0
2010-04-02,15/9-F-12,24.0,250.889,107.391,202.584,25.452,89.77865,48.306,84.768,3408.0
2010-04-03,15/9-F-12,23.5,255.144,107.358,202.316,26.75,81.0083,52.827,83.504,3187.0
2010-04-04,15/9-F-12,24.0,251.461,107.404,203.909,28.216,93.8512,47.552,86.089,3495.0
2010-04-05,15/9-F-12,24.0,252.639,107.399,204.179,28.497,84.92011,48.459,85.817,3429.0
2010-04-06,15/9-F-12,24.0,254.033,107.391,204.575,28.439,80.19967,49.458,85.262,3342.0
2010-04-07,15/9-F-12,24.0,254.79,107.392,205.425,28.849,79.23775,49.365,86.56,3330.0
2010-04-08,15/9-F-12,24.0,255.339,107.397,206.06,28.951,79.25137,49.279,87.046,3198.0
2010-04-09,15/9-F-12,24.0,255.858,107.398,206.511,29.056,78.54738,49.347,87.44,3170.0
2010-04-10,15/9-F-12,24.0,255.399,107.38,206.084,28.882,78.11397,49.315,87.385,3148.0
2010-04-11,15/9-F-12,24.0,254.714,107.364,205.509,28.588,78.24117,49.206,87.137,3124.0
2010-04-12,15/9-F-12,24.0,254.096,107.351,205.159,28.274,78.33394,48.938,87.142,3108.0
2010-04-13,15/9-F-12,24.0,253.471,107.342,204.984,27.931,78.93999,48.487,87.134,3100.0
2010-04-14,15/9-F-12,24.0,252.748,107.334,204.682,27.796,79.73459,48.066,87.152,3215.0
2010-04-15,15/9-F-12,24.0,251.985,107.329,204.395,27.514,80.91441,47.589,87.153,3220.0
2010-04-16,15/9-F-12,24.0,251.04,107.324,204.075,27.278,84.00856,46.965,86.809,3259.0
2010-04-17,15/9-F-12,23.33,254.279,107.284,203.119,26.143,71.78365,51.16,84.595,2865.0
2010-04-18,15/9-F-12,24.0,250.411,107.303,202.962,26.866,78.62221,47.449,86.512,3151.0
2010-04-19,15/9-F-12,24.0,249.188,107.293,202.397,26.628,81.94453,46.791,86.057,3191.0
2010-04-20,15/9-F-12,24.0,247.289,107.29,201.827,26.257,97.48131,45.462,85.64,3404.0
2010-04-21,15/9-F-12,24.0,246.405,107.281,201.53,26.026,99.89162,44.876,86.308,2969.0
2010-04-22,15/9-F-12,24.0,245.454,107.268,200.746,25.833,99.92831,44.708,85.976,2950.0
2010-04-23,15/9-F-12,24.0,244.202,107.255,199.801,25.491,99.96237,44.401,86.335,2903.0
2010-04-24,15/9-F-12,24.0,252.838,107.173,199.488,24.92,70.81062,53.35,85.007,2516.0
2010-04-25,15/9-F-12,24.0,258.294,107.112,199.526,23.965,51.24173,58.768,82.673,2154.0
2010-04-26,15/9-F-12,24.0,269.759,106.994,203.149,17.666,38.1281,66.61,72.608,1635.0
2010-04-27,15/9-F-12,24.0,254.953,107.222,201.001,25.749,58.72166,53.952,86.067,2508.0
2010-04-28,15/9-F-12,24.0,268.374,107.064,201.712,20.774,42.22744,66.662,74.348,1793.0
2010-04-29,15/9-F-12,24.0,265.354,107.145,204.129,20.676,48.90363,61.224,78.515,2119.0
2010-04-30,15/9-F-12,24.0,257.114,107.283,203.096,26.418,59.81013,54.019,85.944,2574.0
2010-05-01,15/9-F-12,24.0,257.745,107.287,203.877,26.668,60.17982,53.867,86.796,2588.0
2010-05-02,15/9-F-12,24.0,257.781,107.299,204.71,27.041,62.11121,53.071,87.064,2641.0
2010-05-03,15/9-F-12,24.0,257.641,107.301,205.085,27.103,63.22424,52.555,87.055,2659.0
2010-05-04,15/9-F-12,15.5,263.138,107.214,205.26,22.035,53.51503,57.877,80.923,1523.0
2010-05-05,15/9-F-12,24.0,259.196,107.32,205.035,27.145,59.62318,54.161,86.743,2574.0
2010-05-06,15/9-F-12,24.0,259.753,107.314,205.134,27.659,59.21863,54.62,85.877,2531.0
2010-05-07,15/9-F-12,24.0,260.281,107.315,205.675,27.87,59.25461,54.606,86.433,2494.0
2010-05-08,15/9-F-12,24.0,260.9,107.316,206.513,28.003,59.21212,54.387,87.074,2482.0
2010-05-09,15/9-F-12,24.0,261.444,107.319,207.026,28.152,59.17946,54.418,87.009,2475.0
2010-05-10,15/9-F-12,24.0,262.004,107.324,207.504,28.137,59.16183,54.5,86.62,2766.0
2010-05-11,15/9-F-12,24.0,262.686,107.325,208.052,28.389,58.81886,54.634,87.157,2749.0
2010-05-12,15/9-F-12,24.0,263.468,107.324,208.493,28.471,58.45828,54.975,87.31,2712.0
2010-05-13,15/9-F-12,24.0,263.895,107.331,208.888,28.649,58.81314,55.007,86.863,2666.0
2010-05-14,15/9-F-12,24.0,264.487,107.335,209.297,28.705,58.87366,55.19,86.601,2702.0
2010-05-15,15/9-F-12,24.0,265.052,107.338,209.916,28.998,57.67352,55.136,87.359,2697.0
2010-05-16,15/9-F-12,24.0,265.669,107.34,210.688,29.165,58.87777,54.981,87.917,2685.0
2010-05-17,15/9-F-12,24.0,266.257,107.344,211.192,29.292,58.88293,55.064,87.975,2670.0
2010-05-18,15/9-F-12,24.0,267.224,107.341,211.388,29.526,57.92429,55.836,88.141,2640.0
2010-05-19,15/9-F-12,24.0,268.339,107.335,211.672,29.657,57.139,56.667,88.08,2574.0
2010-05-20,15/9-F-12,24.0,269.441,107.331,212.193,29.698,56.29031,57.248,88.235,2549.0
2010-05-21,15/9-F-12,24.0,270.52,107.325,212.605,29.3,55.33312,57.915,88.132,2521.0
2010-05-22,15/9-F-12,24.0,271.373,107.324,212.945,26.933,54.84136,58.428,88.311,2504.0
2010-05-23,15/9-F-12,24.0,271.915,107.328,213.407,27.084,54.86861,58.508,88.344,2500.0
2010-05-24,15/9-F-12,24.0,272.455,107.333,213.703,27.001,54.90034,58.752,87.843,2496.0
2010-05-25,15/9-F-12,24.0,273.102,107.336,214.157,27.102,54.70406,58.945,87.591,2483.0
2010-05-26,15/9-F-12,24.0,273.69,107.339,214.556,27.347,54.61929,59.135,88.079,2476.0
2010-05-27,15/9-F-12,24.0,274.049,107.339,214.687,27.51,54.65395,59.362,87.969,2421.0
2010-05-28,15/9-F-12,21.67,276.963,107.32,215.522,25.733,50.13662,61.441,85.659,2013.0
2010-05-29,15/9-F-12,24.0,274.203,107.357,215.343,28.135,54.79016,58.861,88.297,2456.0
2010-05-30,15/9-F-12,24.0,276.01,107.33,214.83,27.615,52.54288,61.18,86.811,2346.0
2010-05-31,15/9-F-12,24.0,295.847,107.04,214.44,19.731,31.88837,81.407,79.698,1522.0
2010-06-01,15/9-F-12,24.0,292.419,107.094,214.194,22.067,36.96891,78.226,82.567,1812.0
2010-06-02,15/9-F-12,24.0,279.885,107.296,214.882,27.361,50.25268,65.003,87.072,2421.0
2010-06-03,15/9-F-12,24.0,279.381,107.298,215.056,27.704,50.47827,64.325,88.421,2404.0
2010-06-04,15/9-F-12,24.0,279.578,107.305,215.522,27.959,50.90541,64.056,88.499,2385.0
2010-06-05,15/9-F-12,24.0,279.891,107.31,215.982,28.127,51.06277,63.909,88.372,2350.0
2010-06-06,15/9-F-12,24.0,280.156,107.315,216.413,28.21,51.24939,63.743,88.024,2344.0
2010-06-07,15/9-F-12,24.0,280.269,107.32,216.988,28.434,51.58466,63.281,88.706,2381.0
2010-06-08,15/9-F-12,24.0,280.309,107.323,217.103,28.641,51.74882,63.206,88.506,2385.0
2010-06-09,15/9-F-12,24.0,280.148,107.324,217.413,28.535,52.01283,62.735,88.73,2382.0
2010-06-10,15/9-F-12,24.0,280.197,107.322,217.583,28.546,52.05561,62.614,88.787,2378.0
2010-06-11,15/9-F-12,24.0,280.202,107.323,217.767,28.62,52.13987,62.435,88.698,2421.0
2010-06-12,15/9-F-12,24.0,280.139,107.322,217.741,28.38,52.20359,62.398,87.871,2408.0
2010-06-13,15/9-F-12,24.0,279.169,107.337,217.997,28.727,53.34549,61.172,88.774,2434.0
2010-06-14,15/9-F-12,22.83,279.294,107.338,217.798,28.673,52.76585,61.496,88.778,2392.0
2010-06-15,15/9-F-12,24.0,280.013,107.326,217.76,28.525,51.82793,62.253,88.71,2384.0
2010-06-16,15/9-F-12,24.0,280.725,107.314,217.619,28.463,50.93919,63.107,88.411,2353.0
2010-06-17,15/9-F-12,24.0,280.169,107.324,218.001,28.623,51.94649,62.168,88.781,2378.0
2010-06-18,15/9-F-12,24.0,280.25,107.324,218.047,28.358,51.98529,62.203,88.217,2370.0
2010-06-19,15/9-F-12,22.33,285.765,107.256,218.345,24.941,44.69499,67.42,83.645,1945.0
2010-06-20,15/9-F-12,24.0,279.199,107.361,219.072,28.757,52.79158,60.127,88.592,2343.0
2010-06-21,15/9-F-12,24.0,279.162,107.356,218.978,29.291,52.84019,60.184,89.105,2348.0
2010-06-22,15/9-F-12,24.0,279.685,107.345,218.906,29.244,52.34248,60.778,88.976,2329.0
2010-06-23,15/9-F-12,24.0,280.153,107.337,218.776,29.14,51.92502,61.378,88.524,2314.0
2010-06-24,15/9-F-12,24.0,280.642,107.327,218.888,29.142,51.38472,61.754,88.661,2313.0
2010-06-25,15/9-F-12,24.0,280.609,107.317,218.827,28.999,51.19494,61.782,88.985,2284.0
2010-06-26,15/9-F-12,24.0,280.725,107.315,219.016,29.008,51.25849,61.709,89.159,2282.0
2010-06-27,15/9-F-12,24.0,280.677,107.312,218.777,28.799,51.31335,61.9,88.419,2278.0
2010-06-28,15/9-F-12,24.0,280.894,107.313,218.964,28.838,51.31863,61.93,88.073,2272.0
2010-06-29,15/9-F-12,24.0,281.086,107.312,219.258,28.901,51.32499,61.828,87.905,2267.0
2010-06-30,15/9-F-12,24.0,281.291,107.312,219.707,29.032,51.28368,61.584,89.269,2263.0
2010-07-01,15/9-F-12,24.0,281.353,107.31,219.478,28.871,51.29269,61.876,88.265,2255.0
2010-07-02,15/9-F-12,24.0,281.1,107.311,219.576,28.859,51.6851,61.524,88.181,2257.0
2010-07-03,15/9-F-12,24.0,273.163,107.432,221.945,26.971,67.6773,51.218,89.13,2575.0
2010-07-04,15/9-F-12,24.0,271.796,107.45,222.297,25.595,71.93079,49.499,89.0,2607.0
2010-07-05,15/9-F-12,24.0,271.589,107.459,222.967,25.782,73.82106,48.622,89.176,2618.0
2010-07-06,15/9-F-12,24.0,271.601,107.463,223.702,26.105,75.34669,47.899,90.506,2626.0
2010-07-07,15/9-F-12,24.0,271.634,107.467,223.873,26.183,76.92699,47.762,89.155,2545.0
2010-07-08,15/9-F-12,24.0,271.794,107.468,224.452,26.316,77.92248,47.341,88.879,2553.0
2010-07-09,15/9-F-12,24.0,271.949,107.469,224.886,26.551,78.83273,47.063,89.72,2555.0
2010-07-10,15/9-F-12,22.33,278.155,107.402,225.67,23.893,67.48127,52.485,87.36,1939.0
2010-07-11,15/9-F-12,24.0,272.995,107.488,226.128,26.881,78.43737,46.867,89.237,2424.0
2010-07-12,15/9-F-12,24.0,276.106,107.441,225.518,27.096,71.05453,50.588,90.439,2270.0
2010-07-13,15/9-F-12,24.0,282.699,107.325,224.034,25.704,51.12476,58.664,89.634,1826.0
2010-07-14,15/9-F-12,24.0,282.645,107.317,223.725,25.555,51.22171,58.92,89.197,1828.0
2010-07-15,15/9-F-12,24.0,282.561,107.313,223.385,25.345,51.3302,59.176,87.131,1826.0
2010-07-16,15/9-F-12,24.0,282.582,107.308,223.256,25.094,51.23524,59.327,87.757,1823.0
2010-07-17,15/9-F-12,24.0,282.612,107.304,223.257,25.144,51.22063,59.355,88.077,1815.0
2010-07-18,15/9-F-12,24.0,282.684,107.299,223.316,25.179,51.18386,59.368,88.322,1807.0
2010-07-19,15/9-F-12,24.0,282.694,107.295,223.416,25.368,51.19876,59.278,88.999,1802.0
2010-07-20,15/9-F-12,24.0,282.565,107.292,223.243,25.374,51.30265,59.322,88.56,1802.0
2010-07-21,15/9-F-12,24.0,282.613,107.288,223.288,25.446,51.15669,59.325,88.125,1793.0
2010-07-22,15/9-F-12,24.0,282.648,107.283,223.421,25.22,51.13662,59.226,89.636,1784.0
2010-07-23,15/9-F-12,24.0,282.652,107.281,223.445,25.255,51.13623,59.207,89.748,1863.0
2010-07-24,15/9-F-12,24.0,282.653,107.279,223.415,25.48,51.21449,59.239,89.788,1865.0
2010-07-25,15/9-F-12,24.0,282.72,107.279,223.354,25.41,51.26635,59.366,89.574,1865.0
2010-07-26,15/9-F-12,24.0,282.82,107.276,223.608,23.94,51.26407,59.212,90.003,1857.0
2010-07-27,15/9-F-12,24.0,282.784,107.274,223.439,25.133,51.2658,59.345,89.283,1860.0
2010-07-28,15/9-F-12,24.0,282.834,107.272,223.669,25.31,51.26175,59.165,90.057,1857.0
2010-07-29,15/9-F-12,24.0,282.869,107.271,223.689,25.121,51.31552,59.18,89.909,1854.0
2010-07-30,15/9-F-12,24.0,283.076,107.266,223.626,24.92,51.02336,59.45,89.506,1846.0
2010-07-31,15/9-F-12,24.0,283.154,107.263,223.581,25.068,50.9811,59.573,88.824,1843.0
2010-08-01,15/9-F-12,24.0,283.227,107.261,223.686,25.174,50.9903,59.541,89.739,1840.0
2010-08-02,15/9-F-12,24.0,283.112,107.261,223.383,25.083,51.03961,59.729,90.242,1846.0
2010-08-03,15/9-F-12,24.0,283.032,107.26,223.147,25.116,51.06005,59.885,89.808,1843.0
2010-08-04,15/9-F-12,24.0,283.066,107.259,223.287,25.24,51.09224,59.779,90.411,1841.0
2010-08-05,15/9-F-12,22.17,284.694,107.25,224.541,23.54,47.34201,60.153,87.69,1572.0
2010-08-06,15/9-F-12,24.0,282.694,107.288,224.2,25.931,50.95744,58.494,89.958,1796.0
2010-08-07,15/9-F-12,22.5,286.846,107.238,225.169,22.495,44.77168,61.677,86.064,1498.0
2010-08-08,15/9-F-12,24.0,282.881,107.287,224.563,25.658,50.91261,58.318,90.103,1801.0
2010-08-09,15/9-F-12,24.0,282.87,107.283,224.308,25.87,51.02319,58.562,90.22,1813.0
2010-08-10,15/9-F-12,24.0,282.976,107.279,224.207,25.736,51.05299,58.77,89.977,1820.0
2010-08-11,15/9-F-12,24.0,283.009,107.277,224.339,25.713,51.07409,58.67,90.086,1821.0
2010-08-12,15/9-F-12,24.0,282.992,107.274,224.165,25.507,51.18385,58.827,89.865,1819.0
2010-08-13,15/9-F-12,24.0,282.947,107.272,224.384,25.246,51.26246,58.564,90.191,1820.0
2010-08-14,15/9-F-12,24.0,282.951,107.269,224.443,25.43,51.30891,58.508,90.511,1821.0
2010-08-15,15/9-F-12,23.09,283.453,107.265,224.365,25.26,49.59304,59.088,90.316,1729.0
2010-08-29,15/9-F-12,23.5,301.52,106.838,217.133,2.494,30.08677,84.388,68.719,1070.0
2010-08-30,15/9-F-12,24.0,299.948,106.941,215.074,11.324,32.73609,84.875,80.629,1242.0
2010-08-31,15/9-F-12,24.0,301.908,106.904,214.742,12.581,29.39564,87.166,78.56,1126.0
2010-09-01,15/9-F-12,20.42,302.647,106.861,215.634,10.716,26.87418,87.013,73.082,983.0
2010-09-02,15/9-F-12,24.0,286.79,107.153,216.662,21.826,45.57076,70.129,87.02,1940.0
2010-09-03,15/9-F-12,24.0,284.174,107.209,217.814,25.093,47.71704,66.36,88.261,2007.0
2010-09-04,15/9-F-12,24.0,282.115,107.249,219.12,26.747,49.73757,62.995,88.873,2081.0
2010-09-05,15/9-F-12,24.0,281.692,107.259,219.89,27.489,50.54958,61.801,88.594,2071.0
2010-09-06,15/9-F-12,24.0,281.766,107.261,220.378,27.773,50.79977,61.389,87.876,2041.0
2010-09-07,15/9-F-12,24.0,281.9,107.259,220.675,27.826,50.80463,61.225,85.983,2037.0
2010-09-08,15/9-F-12,24.0,282.068,107.257,221.142,27.982,50.78386,60.926,86.545,2016.0
2010-09-09,15/9-F-12,24.0,282.39,107.254,221.665,28.18,50.80705,60.725,87.015,2000.0
2010-09-10,15/9-F-12,24.0,282.501,107.252,222.174,28.403,50.84661,60.327,87.957,1894.0
2010-09-11,15/9-F-12,24.0,282.316,107.254,222.811,28.795,51.32348,59.505,89.154,1908.0
2010-09-12,15/9-F-12,24.0,276.723,107.35,224.997,30.02,62.176,51.726,90.517,2023.0
2010-09-13,15/9-F-12,24.0,276.3,107.368,225.414,28.09,64.1697,50.886,88.739,1969.0
2010-09-14,15/9-F-12,24.0,275.096,107.387,226.475,28.023,69.08174,48.621,89.777,2039.0
2010-09-15,15/9-F-12,24.0,274.682,107.403,227.409,28.449,72.18922,47.273,90.35,2055.0
2010-09-16,15/9-F-12,24.0,275.096,107.401,228.125,28.497,70.7713,46.971,90.793,2047.0
2010-09-17,15/9-F-12,24.0,275.573,107.384,229.401,28.783,70.77175,46.172,90.84,2048.0
2010-09-18,15/9-F-12,22.5,282.679,107.287,230.659,25.103,59.78046,52.02,87.231,1452.0
2010-09-19,15/9-F-12,24.0,275.865,107.377,230.857,28.403,74.09559,45.008,92.071,1870.0
2010-09-20,15/9-F-12,21.49,279.422,107.34,230.199,26.83,64.4609,49.223,90.227,1456.0
2010-09-21,15/9-F-12,4.18,294.66,106.979,238.422,2.73,39.1369,56.237,69.864,172.0
2010-09-22,15/9-F-12,15.66,294.429,107.125,230.579,16.947,37.78182,63.85,85.038,595.0
2010-09-24,15/9-F-12,23.34,274.537,107.344,215.466,11.089,48.95261,59.071,81.965,1828.0
2010-09-25,15/9-F-12,24.0,267.081,107.508,211.99,19.998,54.7847,55.091,88.24,2119.0
2010-09-26,15/9-F-12,23.17,268.509,107.471,212.816,20.047,51.51316,55.694,88.013,1959.0
2010-09-27,15/9-F-12,24.0,266.348,107.5,212.88,21.929,55.77891,53.468,89.288,2083.0
2010-09-28,15/9-F-12,24.0,266.796,107.502,213.569,22.285,55.87806,53.227,88.657,2049.0
2010-09-29,15/9-F-12,24.0,267.022,107.506,214.25,22.476,56.38509,52.772,88.078,2023.0
2010-09-30,15/9-F-12,10.0,277.547,107.322,219.801,18.159,42.76418,57.746,75.121,545.0
2010-10-01,15/9-F-12,24.0,276.822,107.336,219.281,14.811,47.3724,57.541,80.635,1549.0
2010-10-02,15/9-F-12,24.0,267.923,107.494,215.275,22.019,56.73823,52.648,86.723,1975.0
2010-10-03,15/9-F-12,24.0,271.392,107.464,216.248,22.645,53.26824,55.144,88.327,1895.0
2010-10-04,15/9-F-12,24.0,279.901,107.363,218.412,20.97,44.6906,61.49,85.2,1400.0
2010-10-05,15/9-F-12,24.0,284.417,107.259,221.03,17.102,42.17164,63.387,82.696,1146.0
2010-10-06,15/9-F-12,24.0,273.029,107.439,217.27,22.916,52.53855,55.759,87.821,1836.0
2010-10-07,15/9-F-12,24.0,272.57,107.443,217.444,23.245,53.11533,55.126,88.104,1847.0
2010-10-08,15/9-F-12,22.0,281.604,107.313,219.707,17.118,39.64561,61.898,80.339,876.0
2010-10-09,15/9-F-12,24.0,272.958,107.426,218.31,22.893,52.63943,54.648,87.878,1791.0
2010-10-10,15/9-F-12,24.0,272.758,107.404,218.247,23.286,52.70134,54.511,88.82,1778.0
2010-10-11,15/9-F-12,24.0,253.852,100.389,199.583,23.379,51.59724,54.269,89.553,1765.0
2012-07-22,15/9-F-14,24.0,230.467,102.017,198.077,9.21,100.0,32.39,84.261,1057.0
2012-07-23,15/9-F-14,24.0,230.555,102.008,198.152,14.641,100.0,32.404,84.03,1059.0
2012-07-24,15/9-F-14,24.0,230.499,101.996,198.084,14.767,100.0,32.415,86.043,1060.0
2012-07-25,15/9-F-14,24.0,230.394,101.986,197.926,14.858,100.0,32.468,86.627,1057.0
2012-07-26,15/9-F-14,24.0,230.275,101.977,197.818,14.851,100.0,32.457,86.673,1056.0
2012-07-27,15/9-F-14,24.0,230.184,101.968,197.82,14.607,100.0,32.364,85.202,1053.0
2012-07-28,15/9-F-14,24.0,230.269,101.963,197.905,14.681,100.0,32.364,85.406,1049.0
2012-07-29,15/9-F-14,24.0,230.269,101.972,197.877,14.702,100.0,32.392,85.327,1053.0
2012-07-30,15/9-F-14,24.0,230.454,101.977,197.966,14.816,100.0,32.487,86.112,1044.0
2012-07-31,15/9-F-14,24.0,230.175,101.972,197.608,14.921,100.0,32.568,86.875,1049.0
2012-08-01,15/9-F-14,24.0,230.353,101.956,197.905,14.664,100.0,32.448,85.33,1046.0
2012-08-02,15/9-F-14,24.0,230.245,101.943,197.827,14.603,100.0,32.419,85.557,1044.0
2012-08-03,15/9-F-14,24.0,230.168,101.932,197.778,14.687,100.0,32.39,86.174,1042.0
2012-08-04,15/9-F-14,24.0,230.51,101.93,198.034,14.834,100.0,32.476,86.874,1036.0
2012-08-05,15/9-F-14,24.0,230.855,101.936,198.359,14.842,100.0,32.497,86.818,1031.0
2012-08-06,15/9-F-14,24.0,230.841,101.941,198.292,14.913,100.0,32.549,86.869,1038.0
2012-08-07,15/9-F-14,24.0,230.841,101.929,198.304,14.8,100.0,32.537,86.855,1041.0
2012-08-08,15/9-F-14,24.0,230.754,101.918,198.253,14.737,100.0,32.501,86.674,1041.0
2012-08-09,15/9-F-14,24.0,230.662,101.907,198.202,14.77,100.0,32.46,86.678,1036.0
2012-08-10,15/9-F-14,24.0,230.406,101.899,198.081,14.75,100.0,32.325,86.699,1042.0
2012-08-11,15/9-F-14,24.0,230.293,101.895,198.082,14.816,100.0,32.211,86.678,1047.0
2012-08-12,15/9-F-14,24.0,230.831,101.894,198.487,14.719,99.99899,32.344,85.612,1042.0
2012-08-13,15/9-F-14,0.63,252.892,101.887,206.74,14.813,7.77767,46.153,83.715,203.0
2012-09-29,15/9-F-14,5.83,234.562,101.431,176.474,20.185,15.68811,58.088,52.044,417.0
2012-09-30,15/9-F-14,24.0,215.333,102.432,179.856,24.175,99.98931,35.477,81.057,1238.0
2012-10-01,15/9-F-14,24.0,217.527,102.483,183.551,21.173,100.0,33.976,82.68,1200.0
2012-10-02,15/9-F-14,24.0,216.941,102.439,182.681,20.259,100.0,34.259,82.555,1410.0
2012-10-03,15/9-F-14,24.0,217.832,102.37,183.921,20.676,100.0,33.911,82.984,1405.0
2012-10-04,15/9-F-14,24.0,217.561,102.402,183.506,21.176,100.0,34.055,84.557,1458.0
2012-10-05,15/9-F-14,24.0,217.514,102.434,183.433,21.463,100.0,34.081,84.713,1604.0
2012-10-06,15/9-F-14,24.0,218.2,102.44,184.157,21.648,100.0,34.043,84.791,1599.0
2012-10-07,15/9-F-14,24.0,218.804,102.439,184.864,21.654,100.0,33.94,84.618,1585.0
2012-10-08,15/9-F-14,24.0,219.214,102.434,185.333,21.685,100.0,33.881,84.648,1578.0
2012-10-09,15/9-F-14,24.0,219.838,102.434,186.052,21.763,100.0,33.786,84.71,1556.0
2012-10-10,15/9-F-14,24.0,220.763,102.429,186.929,22.243,100.0,33.833,85.566,1511.0
2012-10-11,15/9-F-14,24.0,223.385,102.37,189.229,22.595,100.0,34.156,85.316,1535.0
2012-10-12,15/9-F-14,24.0,232.194,102.174,194.469,23.28,75.1355,37.725,86.789,1325.0
2012-10-13,15/9-F-14,22.0,255.206,101.904,202.517,19.103,33.57448,52.688,75.628,550.0
2012-10-14,15/9-F-14,5.18,240.904,102.059,197.371,23.163,11.26425,43.532,87.274,206.0
2012-10-19,15/9-F-14,7.0,264.889,100.606,196.714,8.961,22.0,68.175,48.187,188.0
2012-10-20,15/9-F-14,24.0,239.366,102.176,195.235,21.262,46.01513,44.131,86.496,892.0
2012-10-21,15/9-F-14,24.0,238.989,102.104,196.567,23.234,48.06322,42.422,87.666,944.0
2012-10-22,15/9-F-14,24.0,239.113,102.009,196.379,22.711,47.9142,42.734,87.738,1370.0
2012-10-23,15/9-F-14,24.0,240.67,101.903,197.272,22.639,47.22846,43.398,87.849,1368.0
2012-10-24,15/9-F-14,24.0,240.702,101.812,197.31,22.531,47.14751,43.392,87.957,1375.0
2012-10-25,15/9-F-14,24.0,240.58,101.78,197.388,22.254,47.25403,43.192,87.527,1361.0
2012-10-26,15/9-F-14,24.0,239.073,101.775,196.878,22.092,48.12495,42.195,87.305,1345.0
2012-10-27,15/9-F-14,24.0,237.371,101.782,196.454,22.222,49.80148,40.918,87.554,1345.0
2012-10-28,15/9-F-14,24.0,235.823,101.779,196.165,22.226,51.4188,39.658,87.013,1385.0
2012-10-29,15/9-F-14,24.0,234.877,101.77,195.949,22.254,53.07967,38.929,87.755,1315.0
2012-10-30,15/9-F-14,24.0,234.598,101.76,196.175,22.284,54.05123,38.423,87.259,1275.0
2012-10-31,15/9-F-14,24.0,234.362,101.742,196.546,22.076,55.74203,37.816,85.514,1263.0
2012-11-01,15/9-F-14,24.0,234.481,101.714,196.984,22.05,57.06494,37.497,85.838,1254.0
2012-11-02,15/9-F-14,24.0,234.295,101.7,197.043,22.151,57.35145,37.252,86.584,1237.0
2012-11-03,15/9-F-14,24.0,233.935,101.684,197.038,22.388,58.60268,36.897,88.014,1230.0
2012-11-04,15/9-F-14,24.0,234.446,101.649,197.534,22.429,59.11554,36.912,88.13,1222.0
2012-11-05,15/9-F-14,24.0,235.749,101.617,198.303,22.409,56.96001,37.447,88.071,1205.0
2012-11-06,15/9-F-14,24.0,237.192,101.608,199.194,22.372,55.20692,37.998,87.5,1182.0
2012-11-07,15/9-F-14,24.0,237.52,101.61,199.697,22.435,56.13213,37.822,87.084,1187.0
2012-11-08,15/9-F-14,24.0,237.913,101.615,200.085,22.635,56.50722,37.828,87.902,1192.0
2012-11-09,15/9-F-14,24.0,239.89,101.593,201.181,22.582,53.50081,38.709,86.604,1176.0
2012-11-10,15/9-F-14,24.0,242.283,101.569,202.155,22.719,49.84369,40.128,86.899,1167.0
2012-11-11,15/9-F-14,24.0,242.981,101.559,202.378,22.844,49.11747,40.604,88.055,1164.0
2012-11-12,15/9-F-14,24.0,242.967,101.558,202.389,22.831,49.22414,40.578,87.611,1168.0
2012-11-13,15/9-F-14,24.0,243.108,101.557,202.525,22.701,49.05089,40.583,86.743,1169.0
2012-11-14,15/9-F-14,24.0,243.096,101.56,202.467,22.855,48.96069,40.63,87.792,1169.0
2012-11-15,15/9-F-14,24.0,243.291,101.557,202.633,22.873,49.00606,40.657,87.456,1171.0
2012-11-16,15/9-F-14,24.0,243.452,101.555,202.844,22.815,48.14149,40.608,86.858,1180.0
2012-11-17,15/9-F-14,24.0,243.464,101.561,202.798,22.897,49.05232,40.666,87.557,1168.0
2012-11-18,15/9-F-14,24.0,243.628,101.562,202.903,22.79,48.91453,40.725,86.963,1164.0
2012-11-19,15/9-F-14,24.0,243.662,101.569,203.157,22.703,49.21065,40.505,85.968,1160.0
2012-11-20,15/9-F-14,24.0,243.756,101.574,203.282,22.845,49.10588,40.474,86.511,1157.0
2012-11-21,15/9-F-14,24.0,243.996,101.563,203.491,22.981,49.09601,40.505,87.245,1157.0
2012-11-22,15/9-F-14,24.0,244.017,101.555,203.639,22.889,49.14111,40.378,86.769,1147.0
2012-11-23,15/9-F-14,24.0,243.917,101.552,203.608,22.804,49.06569,40.309,86.211,1144.0
2012-11-24,15/9-F-14,24.0,243.94,101.545,203.669,22.93,48.05672,40.271,87.343,1145.0
2012-11-25,15/9-F-14,24.0,243.153,101.551,203.559,22.693,50.40123,39.594,86.493,1135.0
2012-11-26,15/9-F-14,24.0,243.453,101.548,203.969,22.939,51.09547,39.485,88.228,1135.0
2012-11-27,15/9-F-14,24.0,243.664,101.485,204.186,23.062,51.13289,39.479,88.442,1103.0
2012-11-28,15/9-F-14,24.0,244.497,101.563,204.909,23.097,50.62384,39.589,88.351,1090.0
2012-11-29,15/9-F-14,24.0,244.753,101.559,205.173,23.225,50.22836,39.58,88.414,1081.0
2012-11-30,15/9-F-14,24.0,244.864,101.548,205.391,23.228,50.30096,39.474,88.412,1073.0
2012-12-01,15/9-F-14,24.0,244.529,101.542,205.425,23.088,50.86614,39.104,88.241,1067.0
2012-12-02,15/9-F-14,24.0,244.022,101.539,205.444,23.052,52.01125,38.578,88.101,1061.0
2012-12-03,15/9-F-14,24.0,243.357,101.534,205.492,22.896,54.05974,37.864,87.743,1054.0
2012-12-04,15/9-F-14,24.0,243.523,101.528,205.746,22.973,54.19711,37.777,87.955,1057.0
2012-12-05,15/9-F-14,24.0,243.221,101.528,205.831,22.953,55.19775,37.39,87.975,1084.0
2012-12-06,15/9-F-14,24.0,242.943,101.531,206.016,23.003,57.21829,36.927,87.348,1054.0
2012-12-07,15/9-F-14,24.0,242.66,101.535,206.116,22.876,58.7252,36.544,87.172,1057.0
2012-12-08,15/9-F-14,24.0,242.818,101.535,206.363,23.046,59.01998,36.455,87.42,1053.0
2012-12-09,15/9-F-14,24.0,243.032,101.533,206.516,23.123,58.96472,36.516,88.001,1051.0
2012-12-10,15/9-F-14,24.0,242.513,101.533,206.293,23.173,59.80854,36.219,88.376,1052.0
2012-12-11,15/9-F-14,23.33,247.278,101.478,208.005,22.688,51.92849,39.273,87.177,902.0
2012-12-12,15/9-F-14,11.29,243.961,101.524,206.832,23.18,27.28272,37.129,88.136,426.0
2012-12-13,15/9-F-14,15.21,255.024,101.332,213.239,18.305,28.52109,41.786,74.013,421.0
2012-12-14,15/9-F-14,23.46,242.193,101.558,206.781,22.952,61.10549,35.412,84.947,891.0
2012-12-15,15/9-F-14,13.71,250.889,101.435,210.942,20.285,27.73982,39.947,78.812,478.0
2012-12-16,15/9-F-14,24.0,240.948,101.526,206.442,23.252,66.01756,34.506,87.514,972.0
2012-12-17,15/9-F-14,24.0,240.356,101.529,206.042,23.349,68.04595,34.313,87.62,988.0
2012-12-18,15/9-F-14,24.0,240.374,101.493,206.055,23.201,68.14037,34.319,87.165,992.0
2012-12-19,15/9-F-14,24.0,240.103,101.488,205.83,23.049,68.22492,34.272,85.82,999.0
2012-12-20,15/9-F-14,24.0,240.091,101.483,205.808,22.84,68.2146,34.283,85.009,1037.0
2012-12-21,15/9-F-14,24.0,240.598,101.473,206.193,22.823,68.23803,34.404,85.361,1038.0
2012-12-22,15/9-F-14,24.0,241.02,101.467,206.583,22.73,68.25839,34.438,84.682,1042.0
2012-12-23,15/9-F-14,24.0,241.717,101.459,206.982,22.606,66.04296,34.734,84.588,1040.0
2012-12-24,15/9-F-14,24.0,242.118,101.449,206.97,22.995,62.93004,35.148,87.098,1039.0
2012-12-25,15/9-F-14,24.0,241.846,101.441,206.798,23.105,62.9892,35.048,87.745,1044.0
2012-12-26,15/9-F-14,24.0,241.646,101.433,206.638,23.041,63.09168,35.007,88.332,1041.0
2012-12-27,15/9-F-14,24.0,241.636,101.418,206.67,22.892,63.23328,34.966,88.175,1039.0
2012-12-28,15/9-F-14,24.0,241.736,101.402,206.944,22.637,63.25756,34.791,86.045,1035.0
2012-12-29,15/9-F-14,24.0,241.907,101.393,207.105,22.731,63.1344,34.802,86.131,1039.0
2012-12-30,15/9-F-14,24.0,242.0,101.402,207.298,22.75,64.48678,34.701,85.709,1035.0
2012-12-31,15/9-F-14,24.0,242.232,101.405,207.594,22.821,65.21421,34.638,86.507,1035.0
2013-01-01,15/9-F-14,24.0,242.398,101.389,207.675,22.862,65.19915,34.723,87.941,1030.0
2013-01-02,15/9-F-14,24.0,242.784,101.367,207.869,22.827,65.20401,34.915,87.623,1005.0
2013-01-03,15/9-F-14,24.0,242.162,101.365,207.626,22.802,65.22877,34.537,88.26,1038.0
2013-01-04,15/9-F-14,24.0,241.912,101.358,207.516,22.797,65.78312,34.396,88.235,985.0
2013-01-05,15/9-F-14,24.0,241.372,101.353,207.435,22.775,68.98315,33.936,87.706,989.0
2013-01-06,15/9-F-14,24.0,241.231,101.357,207.541,22.812,71.911,33.689,88.375,984.0
2013-01-07,15/9-F-14,24.0,234.607,98.497,201.057,22.81,75.15883,33.551,87.617,987.0
2013-01-08,15/9-F-14,24.0,241.641,101.355,208.048,22.898,73.7055,33.592,88.314,990.0
2013-01-09,15/9-F-14,24.0,241.802,101.333,208.165,22.765,75.32041,33.638,88.421,992.0
2013-01-10,15/9-F-14,24.0,241.841,101.319,208.256,22.677,75.30807,33.585,88.083,988.0
2013-01-11,15/9-F-14,24.0,242.329,101.3,208.422,22.645,75.25967,33.907,87.729,964.0
2013-01-12,15/9-F-14,24.0,241.791,101.297,208.269,22.391,75.33502,33.521,86.996,978.0
2013-01-13,15/9-F-14,24.0,241.539,101.283,208.138,22.365,75.45428,33.401,87.099,974.0
2013-01-14,15/9-F-14,24.0,241.334,101.265,208.003,22.157,75.51817,33.331,86.144,976.0
2013-01-15,15/9-F-14,24.0,241.711,101.26,208.17,22.364,75.51299,33.541,87.884,958.0
2013-01-16,15/9-F-14,24.0,241.869,101.257,208.394,22.475,75.51904,33.475,88.12,966.0
2013-01-17,15/9-F-14,24.0,242.009,101.255,208.657,22.364,76.16266,33.351,87.105,960.0
2013-01-18,15/9-F-14,24.0,242.146,101.255,208.83,22.15,77.33557,33.316,85.262,964.0
2013-01-19,15/9-F-14,24.0,242.116,101.257,208.873,22.262,77.21545,33.243,87.319,955.0
2013-01-20,15/9-F-14,24.0,242.214,101.257,208.979,22.39,77.44728,33.236,87.966,952.0
2013-01-21,15/9-F-14,24.0,242.466,101.247,209.121,22.094,77.30536,33.345,87.015,950.0
2013-01-22,15/9-F-14,24.0,242.151,101.243,209.013,22.105,77.33098,33.138,86.984,957.0
2013-01-23,15/9-F-14,24.0,242.361,101.23,209.137,22.332,77.29732,33.224,88.007,959.0
2013-01-24,15/9-F-14,24.0,242.369,101.221,209.143,22.471,77.17637,33.227,88.201,961.0
2013-01-25,15/9-F-14,24.0,242.343,101.213,209.266,22.117,77.23511,33.077,86.011,960.0
2013-01-26,15/9-F-14,24.0,242.399,101.206,209.277,22.178,77.21861,33.123,86.964,956.0
2013-01-27,15/9-F-14,24.0,242.462,101.199,209.35,22.132,77.11667,33.112,86.238,955.0
2013-01-28,15/9-F-14,24.0,242.522,101.192,209.411,22.118,77.04036,33.111,85.86,956.0
2013-01-29,15/9-F-14,24.0,242.317,101.189,209.37,22.197,80.31867,32.947,87.213,957.0
2013-01-30,15/9-F-14,24.0,242.05,101.186,209.348,21.987,85.40972,32.702,85.472,965.0
2013-01-31,15/9-F-14,24.0,242.014,101.181,209.326,22.337,87.36336,32.688,88.48,973.0
2013-02-01,15/9-F-14,24.0,241.871,101.178,209.259,22.356,89.36781,32.611,88.495,972.0
2013-02-02,15/9-F-14,24.0,241.816,101.173,209.279,22.141,89.98196,32.537,88.111,961.0
2013-02-03,15/9-F-14,24.0,241.74,101.168,209.254,22.12,90.00188,32.486,87.461,963.0
2013-02-04,15/9-F-14,24.0,241.777,101.159,209.316,21.992,90.10061,32.461,87.08,963.0
2013-02-05,15/9-F-14,24.0,241.761,101.152,209.316,22.046,91.27405,32.444,87.388,961.0
2013-02-06,15/9-F-14,24.0,241.551,101.15,209.245,22.06,96.71929,32.306,88.156,962.0
2013-02-07,15/9-F-14,24.0,241.619,101.15,209.34,22.125,98.98542,32.279,88.201,1004.0
2013-02-08,15/9-F-14,24.0,241.817,101.146,209.499,22.305,99.13053,32.318,88.474,978.0
2013-02-09,15/9-F-14,24.0,241.968,101.14,209.721,22.192,97.19594,32.247,88.038,980.0
2013-02-10,15/9-F-14,24.0,241.868,101.13,209.688,21.875,99.18064,32.179,86.696,966.0
2013-02-11,15/9-F-14,24.0,241.795,101.117,209.666,21.768,99.05895,32.129,85.703,964.0
2013-02-12,15/9-F-14,24.0,241.795,101.109,209.631,21.918,99.05159,32.165,87.083,961.0
2013-02-13,15/9-F-14,24.0,241.924,101.109,209.794,21.838,96.98227,32.13,86.021,952.0
2013-02-14,15/9-F-14,24.0,242.16,101.109,210.032,21.671,96.97516,32.127,84.949,953.0
2013-02-15,15/9-F-14,24.0,242.325,101.098,210.127,21.927,96.9641,32.197,86.615,959.0
2013-02-16,15/9-F-14,24.0,242.206,101.088,210.061,22.012,99.02501,32.145,87.191,964.0
2013-02-17,15/9-F-14,24.0,242.091,101.079,209.966,21.965,96.94552,32.125,87.561,964.0
2013-02-18,15/9-F-14,24.0,242.066,101.07,209.882,22.002,98.99266,32.184,87.673,967.0
2013-02-19,15/9-F-14,24.0,242.397,101.066,210.152,21.948,99.00143,32.246,86.87,956.0
2013-02-20,15/9-F-14,24.0,244.244,101.041,210.853,21.798,99.03284,33.392,86.378,913.0
2013-02-21,15/9-F-14,24.0,242.732,101.061,210.38,21.96,99.03918,32.353,87.517,959.0
2013-02-22,15/9-F-14,19.92,248.29,100.994,212.554,21.364,72.03672,35.736,85.818,711.0
2013-02-23,15/9-F-14,24.0,244.2,101.022,210.969,22.031,100.0,33.231,87.752,923.0
2013-02-24,15/9-F-14,24.0,242.664,101.041,210.372,22.418,99.92174,32.293,88.388,944.0
2013-02-25,15/9-F-14,24.0,242.269,101.029,210.165,22.421,99.99932,32.105,88.503,951.0
2013-02-26,15/9-F-14,24.0,242.287,101.012,210.178,22.411,100.0,32.109,88.493,952.0
2013-02-27,15/9-F-14,24.0,242.297,101.02,210.169,22.363,100.0,32.127,88.483,946.0
2013-02-28,15/9-F-14,24.0,242.268,101.027,210.144,22.29,100.0,32.124,88.331,944.0
2013-03-01,15/9-F-14,24.0,242.454,101.022,210.289,22.221,100.0,32.165,88.198,936.0
2013-03-02,15/9-F-14,24.0,242.26,101.004,210.149,22.107,100.0,32.111,88.04,940.0
2013-03-03,15/9-F-14,24.0,242.472,101.001,210.338,22.142,100.0,32.134,87.9,937.0
2013-03-04,15/9-F-14,24.0,242.573,101.004,210.483,22.144,100.0,32.091,87.419,940.0
2013-03-05,15/9-F-14,24.0,242.832,100.994,210.711,22.145,100.0,32.12,87.844,941.0
2013-03-06,15/9-F-14,24.0,242.961,100.985,210.727,22.041,100.0,32.234,87.21,926.0
2013-03-07,15/9-F-14,2.19,249.733,100.967,211.77,21.946,9.23416,37.963,86.455,43.0
2013-03-10,15/9-F-14,10.98,259.16,100.772,217.926,15.394,20.50801,41.234,72.669,187.0
2013-03-11,15/9-F-14,15.19,243.204,101.02,210.201,21.15,55.351,33.002,86.754,512.0
2013-03-13,15/9-F-14,19.98,251.075,100.928,213.862,18.832,49.60005,37.213,81.106,540.0
2013-03-14,15/9-F-14,15.69,243.694,100.993,210.404,22.208,63.65894,33.29,87.659,537.0
2013-03-15,15/9-F-14,16.81,250.76,100.887,213.457,19.698,39.82264,37.303,81.026,504.0
2013-03-16,15/9-F-14,12.03,242.8,101.046,209.064,22.166,48.37608,33.736,85.162,446.0
2013-03-17,15/9-F-14,10.48,255.387,100.84,215.103,17.471,20.30279,40.284,73.888,294.0
2013-03-18,15/9-F-14,24.0,241.856,101.072,208.963,21.803,92.49732,32.893,84.967,923.0
2013-03-19,15/9-F-14,24.0,241.144,101.046,208.748,22.33,100.0,32.396,86.397,928.0
2013-03-20,15/9-F-14,2.16,245.559,101.021,211.83,22.456,10.67797,33.728,85.712,90.0
2013-03-22,15/9-F-14,17.98,249.484,100.927,210.501,17.916,42.34681,38.983,77.203,613.0
2013-03-23,15/9-F-14,24.0,240.045,101.126,207.434,21.91,99.98962,32.612,85.541,991.0
2013-03-24,15/9-F-14,24.0,241.046,101.045,208.501,22.321,100.0,32.545,86.889,954.0
2013-03-25,15/9-F-14,11.0,248.651,100.971,210.931,20.22,38.57977,37.72,82.58,438.0
2013-03-26,15/9-F-14,24.0,240.124,101.105,207.078,22.377,97.74083,33.046,87.976,885.0
2013-03-27,15/9-F-14,24.0,240.508,101.065,207.549,22.672,100.0,32.959,88.131,919.0
2013-03-28,15/9-F-14,14.83,244.183,101.018,209.17,21.967,58.93317,35.013,85.458,594.0
2013-03-29,15/9-F-14,24.0,243.021,101.053,208.536,21.921,86.06624,34.485,87.164,909.0
2013-03-30,15/9-F-14,24.0,240.42,101.098,207.38,22.863,97.91667,33.04,88.249,971.0
2013-03-31,15/9-F-14,23.0,241.712,101.076,208.002,22.915,79.77891,33.709,88.231,920.0
2013-04-01,15/9-F-14,21.69,242.67,101.081,208.546,22.955,66.72312,34.124,88.229,879.0
2013-04-03,15/9-F-14,14.48,253.093,100.947,212.492,18.698,30.30538,40.601,80.083,474.0
2013-04-04,15/9-F-14,24.0,241.902,101.141,207.929,22.64,75.71153,33.974,88.025,982.0
2013-04-05,15/9-F-14,12.53,242.864,101.11,208.554,22.911,39.96249,34.31,88.0,463.0
2013-04-10,15/9-F-14,6.31,261.572,100.808,216.583,13.52,11.46654,44.989,68.941,94.0
2013-04-11,15/9-F-14,24.0,243.227,101.145,206.747,20.831,59.11393,36.48,85.962,934.0
2013-04-12,15/9-F-14,24.0,242.803,101.204,213.682,17.416,66.20072,29.122,86.402,963.0
2013-04-13,15/9-F-14,24.0,242.411,101.157,208.047,22.755,71.85809,34.364,87.784,999.0
2013-04-14,15/9-F-14,24.0,242.498,101.188,208.006,22.507,70.3691,34.492,85.388,1023.0
2013-04-15,15/9-F-14,24.0,242.573,101.135,208.323,22.591,72.80985,34.25,86.487,1029.0
2013-04-16,15/9-F-14,22.33,247.821,101.048,210.003,21.77,57.51934,37.818,84.024,898.0
2013-04-17,15/9-F-14,24.0,237.361,98.937,202.964,22.484,70.1507,34.396,86.047,1043.0
2013-04-18,15/9-F-14,24.0,242.47,101.075,208.137,22.452,70.20959,34.332,86.407,1040.0
2013-04-19,15/9-F-14,24.0,242.652,101.067,208.269,22.545,70.24531,34.383,87.801,1029.0
2013-04-20,15/9-F-14,24.0,242.647,101.057,208.58,22.622,73.67457,34.068,87.46,1035.0
2013-04-21,15/9-F-14,24.0,242.262,101.062,208.746,22.433,79.40572,33.517,86.587,1031.0
2013-04-22,15/9-F-14,24.0,242.447,101.061,209.088,22.531,82.01954,33.359,86.661,1025.0
2013-04-23,15/9-F-14,24.0,242.64,101.059,209.403,22.585,85.2511,33.237,86.898,1022.0
2013-04-24,15/9-F-14,24.0,242.863,101.042,209.798,22.723,88.66312,33.065,88.012,1011.0
2013-04-25,15/9-F-14,24.0,242.368,101.037,209.647,22.638,94.69945,32.721,87.746,1011.0
2013-04-26,15/9-F-14,24.0,242.197,101.024,209.619,22.73,99.9999,32.579,88.537,1013.0
2013-04-27,15/9-F-14,24.0,242.262,101.007,209.748,22.629,100.0,32.513,88.449,1004.0
2013-04-28,15/9-F-14,24.0,242.595,101.0,210.109,22.454,100.0,32.486,86.665,1015.0
2013-04-29,15/9-F-14,24.0,242.612,100.989,210.042,22.432,99.99861,32.57,87.329,977.0
2013-04-30,15/9-F-14,24.0,247.075,100.91,211.349,22.375,66.09096,35.726,88.08,882.0
2013-05-01,15/9-F-14,24.0,242.724,100.979,210.396,22.375,100.0,32.328,87.104,945.0
2013-05-02,15/9-F-14,24.0,243.156,100.98,210.752,22.591,100.0,32.404,88.221,946.0
2013-05-03,15/9-F-14,24.0,243.305,100.98,210.945,22.448,100.0,32.36,87.244,945.0
2013-05-04,15/9-F-14,24.0,243.461,100.976,211.11,22.463,100.0,32.352,87.204,943.0
2013-05-05,15/9-F-14,24.0,243.831,100.962,211.454,22.538,100.0,32.378,87.727,949.0
2013-05-06,15/9-F-14,24.0,243.937,100.96,211.603,22.532,100.0,32.333,87.717,946.0
2013-05-07,15/9-F-14,24.0,244.093,100.954,211.74,22.637,100.0,32.352,88.218,941.0
2013-05-08,15/9-F-14,24.0,244.44,100.941,212.056,22.594,100.0,32.385,87.594,937.0
2013-05-09,15/9-F-14,24.0,244.497,100.937,212.132,22.59,100.0,32.365,88.11,939.0
2013-05-10,15/9-F-14,24.0,244.529,100.934,212.168,22.53,100.0,32.361,87.638,934.0
2013-05-11,15/9-F-14,24.0,244.601,100.929,212.274,22.525,100.0,32.327,87.583,935.0
2013-05-12,15/9-F-14,24.0,244.681,100.926,212.308,22.628,97.91667,32.373,88.216,938.0
2013-05-13,15/9-F-14,24.0,244.731,100.921,212.384,22.493,97.91667,32.347,87.363,936.0
2013-05-14,15/9-F-14,16.33,223.558,92.011,189.066,21.46,64.29074,34.492,83.402,643.0
2013-05-15,15/9-F-14,24.0,96.609,39.769,62.578,21.947,100.0,34.031,85.875,845.0
2013-05-16,15/9-F-14,24.0,245.033,100.911,212.836,22.68,99.70634,32.198,87.534,866.0
2013-05-17,15/9-F-14,21.17,249.858,100.842,214.579,22.215,71.36114,35.279,87.343,706.0
2013-05-18,15/9-F-14,24.0,244.794,100.883,212.228,22.743,99.99979,32.566,88.663,871.0
2013-05-19,15/9-F-14,24.0,244.152,100.902,211.888,22.914,100.0,32.264,88.874,886.0
2013-05-20,15/9-F-14,24.0,244.166,100.884,211.817,22.712,97.91667,32.349,88.609,899.0
2013-05-21,15/9-F-14,24.0,244.237,100.882,211.934,22.615,100.0,32.303,88.321,897.0
2013-05-22,15/9-F-14,24.0,243.668,100.859,211.447,22.44,100.0,32.221,88.171,904.0
2013-05-23,15/9-F-14,24.0,243.106,100.815,210.686,22.004,100.0,32.42,87.384,889.0
2013-05-24,15/9-F-14,24.0,241.724,100.825,209.775,22.045,100.0,31.95,87.983,886.0
2013-05-25,15/9-F-14,24.0,242.416,100.822,210.253,22.201,100.0,32.163,88.355,875.0
2013-05-26,15/9-F-14,24.0,242.623,100.827,210.551,22.339,100.0,32.072,88.515,877.0
2013-05-27,15/9-F-14,24.0,242.965,100.833,210.939,22.134,100.0,32.026,87.629,875.0
2013-05-28,15/9-F-14,24.0,243.256,100.844,211.195,21.711,100.0,32.061,86.975,876.0
2013-05-29,15/9-F-14,24.0,244.796,100.832,211.806,21.924,100.0,32.99,88.783,851.0
2013-05-30,15/9-F-14,24.0,243.834,100.849,211.593,22.006,100.0,32.241,88.994,892.0
2013-05-31,15/9-F-14,24.0,244.003,100.851,211.759,21.863,100.0,32.244,88.66,893.0
2013-06-01,15/9-F-14,24.0,244.19,100.852,211.945,21.742,100.0,32.244,88.214,894.0
2013-06-02,15/9-F-14,24.0,244.34,100.856,212.051,21.812,100.0,32.289,88.695,896.0
2013-06-03,15/9-F-14,24.0,244.34,100.862,212.048,21.875,100.0,32.291,88.846,899.0
2013-06-04,15/9-F-14,24.0,244.562,100.861,212.082,21.831,100.0,32.479,88.87,880.0
2013-06-05,15/9-F-14,24.0,245.356,100.838,212.392,21.702,83.89087,32.963,88.684,886.0
2013-06-06,15/9-F-14,24.0,244.726,100.799,211.748,21.602,83.69628,32.977,88.703,889.0
2013-06-07,15/9-F-14,24.0,243.797,100.81,211.557,21.53,100.0,32.24,88.739,874.0
2013-06-08,15/9-F-14,24.0,243.578,100.838,211.48,21.449,100.0,32.098,88.572,863.0
2013-06-09,15/9-F-14,24.0,244.365,100.826,212.154,21.514,100.0,32.211,88.751,883.0
2013-06-10,15/9-F-14,24.0,244.347,100.816,212.136,21.457,100.0,32.211,88.949,796.0
2013-06-11,15/9-F-14,24.0,244.443,100.813,212.219,21.501,100.0,32.224,88.881,826.0
2013-06-12,15/9-F-14,24.0,244.605,100.812,212.409,21.253,100.0,32.196,86.993,834.0
2013-06-13,15/9-F-14,24.0,244.557,100.809,212.348,21.416,100.0,32.209,88.669,847.0
2013-06-14,15/9-F-14,24.0,244.59,100.805,212.431,21.362,100.0,32.159,88.425,852.0
2013-06-15,15/9-F-14,24.0,244.763,100.798,212.545,21.277,100.0,32.218,87.956,852.0
2013-06-16,15/9-F-14,24.0,244.659,100.795,212.486,21.334,100.0,32.173,88.908,861.0
2013-06-17,15/9-F-14,24.0,244.811,100.79,212.585,21.429,100.0,32.226,89.119,877.0
2013-06-18,15/9-F-14,24.0,244.7,100.781,212.597,21.236,100.0,32.104,88.519,878.0
2013-06-19,15/9-F-14,24.0,244.596,100.77,212.501,21.226,100.0,32.095,88.748,879.0
2013-06-20,15/9-F-14,24.0,244.728,100.769,212.631,21.228,100.0,32.096,88.717,876.0
2013-06-21,15/9-F-14,21.76,245.403,100.773,213.365,21.336,100.0,32.038,89.026,788.0
2013-06-22,15/9-F-14,15.16,251.893,100.677,216.344,19.515,75.49431,35.55,82.749,421.0
2013-06-23,15/9-F-14,2.51,248.803,100.771,217.708,21.265,14.44986,31.095,87.38,76.0
2013-06-26,15/9-F-14,22.49,249.586,100.708,213.82,19.092,64.9572,35.766,86.205,696.0
2013-06-27,15/9-F-14,17.51,246.37,100.809,214.279,21.234,73.72737,32.091,87.904,567.0
2013-06-28,15/9-F-14,22.66,250.013,100.694,214.966,20.314,78.06295,35.047,86.037,762.0
2013-06-29,15/9-F-14,24.0,244.792,100.779,212.245,21.464,100.0,32.548,88.581,822.0
2013-06-30,15/9-F-14,24.0,245.238,100.812,212.486,21.704,100.0,32.752,88.252,825.0
2013-07-01,15/9-F-14,24.0,245.367,100.771,212.618,21.722,100.0,32.749,88.748,843.0
2013-07-02,15/9-F-14,24.0,244.672,100.772,212.24,21.609,100.0,32.431,88.035,864.0
2013-07-03,15/9-F-14,24.0,244.962,100.775,212.419,21.567,100.0,32.543,87.854,866.0
2013-07-04,15/9-F-14,24.0,245.025,100.772,212.539,21.653,100.0,32.486,88.08,876.0
2013-07-05,15/9-F-14,24.0,244.332,100.743,211.861,21.536,100.0,32.471,88.335,892.0
2013-07-06,15/9-F-14,17.17,250.103,100.653,214.063,20.258,55.10038,36.039,85.021,584.0
2013-07-07,15/9-F-14,24.0,244.463,100.731,211.978,21.551,99.99542,32.484,89.13,949.0
2013-07-08,15/9-F-14,24.0,211.486,87.025,178.945,21.719,100.0,32.54,89.268,852.0
2013-07-09,15/9-F-14,24.0,245.381,100.709,212.699,21.647,100.0,32.681,89.121,858.0
2013-07-10,15/9-F-14,24.0,245.329,100.725,212.828,21.651,100.0,32.501,89.199,868.0
2013-07-11,15/9-F-14,24.0,245.711,100.73,213.059,21.711,100.0,32.651,89.264,850.0
2013-07-12,15/9-F-14,24.0,245.445,100.707,212.957,21.788,100.0,32.487,89.435,873.0
2013-07-13,15/9-F-14,24.0,245.662,100.717,213.142,21.719,100.0,32.52,89.358,860.0
2013-07-14,15/9-F-14,24.0,245.668,100.716,213.172,21.674,100.0,32.496,89.116,863.0
2013-07-15,15/9-F-14,24.0,245.647,100.714,213.263,21.644,100.0,32.384,89.042,837.0
2013-07-16,15/9-F-14,24.0,245.721,100.71,213.331,21.709,100.0,32.39,89.339,828.0
2013-07-17,15/9-F-14,24.0,245.73,100.706,213.365,21.695,100.0,32.365,89.227,824.0
2013-07-18,15/9-F-14,24.0,245.809,100.698,213.444,21.707,100.0,32.365,89.496,823.0
2013-07-19,15/9-F-14,24.0,245.902,100.69,213.552,21.642,100.0,32.35,89.411,818.0
2013-07-20,15/9-F-14,24.0,245.868,100.683,213.526,21.648,100.0,32.342,89.477,819.0
2013-07-21,15/9-F-14,24.0,245.819,100.674,213.513,21.582,100.0,32.306,89.368,817.0
2013-07-22,15/9-F-14,4.5,262.985,100.454,220.806,16.932,13.48401,42.179,74.39,106.0
2013-07-23,15/9-F-14,24.0,248.252,100.656,215.135,20.898,88.8545,33.118,87.167,746.0
2013-07-24,15/9-F-14,24.0,246.418,100.217,213.859,21.717,100.0,32.559,87.562,771.0
2013-07-25,15/9-F-14,24.0,246.838,100.563,214.459,21.759,100.0,32.38,88.418,695.0
2013-07-26,15/9-F-14,24.0,246.446,100.653,214.251,21.743,100.0,32.195,87.955,776.0
2013-07-27,15/9-F-14,24.0,245.998,100.67,213.726,21.91,100.0,32.272,89.132,780.0
2013-07-28,15/9-F-14,0.84,260.622,100.653,229.547,21.783,3.15428,31.074,87.594,7.0
2013-07-29,15/9-F-14,5.99,268.554,100.389,223.794,14.314,9.0008,44.76,71.478,66.0
2013-07-30,15/9-F-14,24.0,246.952,100.678,213.293,20.874,82.64888,33.659,87.652,670.0
2013-07-31,15/9-F-11,5.08,273.947,105.551,179.382,21.55,2.5408,94.565,55.959,190.0
2013-07-31,15/9-F-14,8.34,248.48,100.658,216.258,21.741,38.99743,32.222,88.564,325.0
2013-08-03,15/9-F-11,15.07,277.798,104.933,181.302,1.653,6.11618,96.496,41.019,590.0
2013-08-03,15/9-F-14,15.83,255.752,100.566,216.948,17.329,35.17674,38.804,80.775,319.0
2013-08-04,15/9-F-14,24.0,245.314,100.686,212.589,21.066,95.74432,32.725,87.661,737.0
2013-08-04,15/9-F-11,24.0,273.594,105.44,177.393,17.309,9.95129,96.201,52.455,1066.0
2013-08-05,15/9-F-11,24.0,272.298,105.538,176.786,24.75,9.75875,95.512,55.184,1060.0
2013-08-05,15/9-F-14,24.0,244.929,100.697,212.595,21.544,97.91667,32.333,87.51,770.0
2013-08-06,15/9-F-14,24.0,244.83,100.699,212.358,21.788,100.0,32.473,88.773,777.0
2013-08-06,15/9-F-11,24.0,271.561,105.585,176.519,28.259,9.88211,95.042,57.214,1070.0
2013-08-07,15/9-F-14,24.0,244.723,100.726,212.184,22.117,100.0,32.538,89.148,788.0
2013-08-07,15/9-F-11,24.0,271.072,105.614,176.329,22.087,9.78896,94.743,58.377,1070.0
2013-08-08,15/9-F-14,24.0,245.21,100.696,212.733,22.102,100.0,32.477,89.183,783.0
2013-08-08,15/9-F-11,24.0,270.691,105.64,176.175,22.075,9.78433,94.516,58.627,1062.0
2013-08-09,15/9-F-14,24.0,245.34,100.684,212.948,21.984,100.0,32.391,88.115,776.0
2013-08-09,15/9-F-11,24.0,270.245,105.667,175.947,23.186,9.91491,94.298,57.726,1074.0
2013-08-10,15/9-F-14,24.0,245.268,100.684,212.795,22.022,100.0,32.474,89.069,777.0
2013-08-10,15/9-F-11,24.0,269.993,105.695,175.933,24.284,9.8808,94.06,58.426,1070.0
2013-08-11,15/9-F-14,24.0,245.591,100.678,212.813,22.048,99.90798,32.778,88.919,765.0
2013-08-11,15/9-F-11,24.0,269.958,105.718,175.989,25.182,9.88084,93.969,58.197,1054.0
2013-08-12,15/9-F-14,24.0,245.765,100.659,212.825,22.031,100.0,32.94,89.085,758.0
2013-08-12,15/9-F-11,24.0,269.873,105.742,176.013,26.022,9.84737,93.86,58.751,1039.0
2013-08-13,15/9-F-14,24.0,245.189,100.656,212.737,21.884,100.0,32.452,88.948,765.0
2013-08-13,15/9-F-11,24.0,269.561,105.776,176.006,26.623,9.86483,93.555,58.551,1051.0
2013-08-14,15/9-F-14,24.0,245.258,100.644,212.95,21.98,100.0,32.309,89.062,769.0
2013-08-14,15/9-F-11,24.0,269.412,105.803,176.184,27.543,9.7961,93.228,58.849,1045.0
2013-08-15,15/9-F-11,24.0,269.362,105.824,176.283,27.969,9.83735,93.079,57.457,1045.0
2013-08-15,15/9-F-14,24.0,245.866,100.624,213.633,21.825,100.0,32.233,88.139,764.0
2013-08-16,15/9-F-14,24.0,246.128,100.614,213.843,21.923,100.0,32.285,88.734,778.0
2013-08-16,15/9-F-11,24.0,267.613,105.886,175.762,23.733,9.91057,91.851,58.585,1076.0
2013-08-17,15/9-F-11,24.0,266.957,105.925,175.512,21.241,10.09222,91.445,57.518,1089.0
2013-08-17,15/9-F-14,24.0,246.329,100.604,214.142,21.766,100.0,32.187,87.57,766.0
2013-08-18,15/9-F-11,24.0,268.022,105.907,176.085,20.317,9.78648,91.937,56.503,1042.0
2013-08-18,15/9-F-14,24.0,246.506,100.595,214.274,21.751,100.0,32.231,87.944,768.0
2013-08-19,15/9-F-11,24.0,266.027,105.982,175.275,23.008,9.86604,90.752,60.084,1047.0
2013-08-19,15/9-F-14,24.0,246.699,100.586,214.459,21.833,100.0,32.24,88.738,795.0
2013-08-20,15/9-F-14,24.0,246.797,100.581,214.582,21.89,100.0,32.215,88.891,783.0
2013-08-20,15/9-F-11,24.0,266.56,105.978,175.553,23.037,9.81311,91.007,59.501,1024.0
2013-08-21,15/9-F-14,24.0,246.941,100.57,214.823,21.831,100.0,32.117,88.739,769.0
2013-08-21,15/9-F-11,24.0,266.43,105.995,175.574,23.65,10.10168,90.856,59.891,1050.0
2013-08-22,15/9-F-14,24.0,246.97,100.559,214.819,21.835,100.0,32.151,89.015,776.0
2013-08-22,15/9-F-11,24.0,266.419,106.012,175.626,23.811,10.02474,90.793,60.815,1045.0
2013-08-23,15/9-F-14,24.0,247.075,100.545,215.033,21.703,100.0,32.042,87.574,762.0
2013-08-23,15/9-F-11,24.0,266.416,106.025,175.638,24.032,10.08765,90.778,60.124,1039.0
2013-08-24,15/9-F-11,24.0,266.459,106.036,175.707,24.162,10.05772,90.752,59.096,1030.0
2013-08-24,15/9-F-14,24.0,247.211,100.535,215.209,21.6,100.0,32.001,86.541,760.0
2013-08-25,15/9-F-11,24.0,266.634,106.041,175.835,24.594,10.08136,90.798,60.04,1030.0
2013-08-25,15/9-F-14,24.0,247.279,100.533,215.282,21.655,100.0,31.997,87.353,756.0
2013-08-26,15/9-F-14,24.0,247.43,100.525,215.42,21.73,100.0,32.009,88.895,751.0
2013-08-26,15/9-F-11,24.0,266.757,106.048,175.931,24.883,10.1238,90.826,60.19,1030.0
2013-08-27,15/9-F-11,19.64,267.302,106.057,176.099,24.948,8.39912,91.203,58.267,698.0
2013-08-27,15/9-F-14,24.0,247.275,100.388,215.147,21.669,100.0,32.128,88.492,813.0
2013-08-28,15/9-F-14,24.0,247.081,100.171,214.957,21.773,100.0,32.124,89.191,702.0
2013-08-29,15/9-F-14,24.0,247.6,100.506,215.627,21.714,100.0,31.973,88.806,705.0
2013-08-30,15/9-F-14,24.0,247.651,100.5,215.675,21.668,100.0,31.976,88.694,715.0
2013-08-31,15/9-F-14,24.0,247.462,100.497,215.603,21.547,100.0,31.859,88.708,720.0
2013-09-01,15/9-F-14,24.0,247.564,100.494,215.672,21.454,100.0,31.892,88.411,721.0
2013-09-02,15/9-F-14,24.0,248.042,100.482,215.85,21.529,100.0,32.192,88.716,749.0
2013-09-03,15/9-F-11,24.0,276.029,105.605,182.391,3.444,9.48204,93.637,49.965,941.0
2013-09-03,15/9-F-14,24.0,247.881,100.479,215.848,21.623,100.0,32.032,88.865,755.0
2013-09-04,15/9-F-14,24.0,248.013,100.474,216.037,21.506,100.0,31.976,88.148,760.0
2013-09-04,15/9-F-11,24.0,270.215,105.75,177.682,12.584,9.64292,92.534,55.417,969.0
2013-09-05,15/9-F-14,24.0,248.047,100.466,216.132,21.445,100.0,31.915,87.661,774.0
2013-09-05,15/9-F-11,24.0,267.255,105.856,176.558,17.726,9.84629,90.697,58.398,1016.0
2013-09-06,15/9-F-14,24.0,248.072,100.458,216.052,21.459,100.0,32.021,88.836,768.0
2013-09-06,15/9-F-11,24.0,262.95,106.004,174.736,23.291,10.23642,88.213,61.941,1157.0
2013-09-07,15/9-F-14,24.0,247.963,100.453,216.098,21.505,100.0,31.866,88.455,764.0
2013-09-07,15/9-F-11,24.0,262.643,106.034,174.64,24.753,10.22814,88.004,61.839,1151.0
2013-09-08,15/9-F-11,24.0,262.699,106.045,174.673,25.836,10.20269,88.025,62.549,1140.0
2013-09-08,15/9-F-14,24.0,247.974,100.453,216.07,21.61,100.0,31.904,88.844,760.0
2013-09-09,15/9-F-11,24.0,262.923,106.051,174.767,26.266,9.94206,88.156,62.621,1109.0
2013-09-09,15/9-F-14,24.0,247.953,100.454,216.036,21.619,100.0,31.917,89.058,765.0
2013-09-10,15/9-F-11,24.0,262.894,106.063,174.765,26.251,10.16507,88.129,61.734,1119.0
2013-09-10,15/9-F-14,24.0,247.925,100.453,216.072,21.431,100.0,31.853,88.787,749.0
2013-09-11,15/9-F-11,24.0,262.921,106.072,174.782,27.091,10.16987,88.139,62.127,1103.0
2013-09-11,15/9-F-14,24.0,247.883,100.452,216.056,21.486,100.0,31.827,88.929,738.0
2013-09-12,15/9-F-11,18.64,263.047,106.085,175.26,16.919,8.32474,87.786,61.933,810.0
2013-09-12,15/9-F-14,18.64,248.278,100.449,216.549,21.549,77.72957,31.729,88.703,587.0
2013-09-13,15/9-F-14,10.66,260.187,100.303,222.393,18.943,46.25212,37.795,80.594,218.0
2013-09-14,15/9-F-14,6.86,268.894,100.191,225.188,15.708,10.98615,43.706,74.895,28.0
2013-09-15,15/9-F-11,24.0,263.558,105.677,176.139,4.119,10.07243,87.419,54.633,982.0
2013-09-15,15/9-F-14,24.0,249.593,100.421,216.276,20.931,79.94676,33.317,86.802,546.0
2013-09-16,15/9-F-14,22.33,254.877,100.371,218.882,20.821,71.47879,35.996,84.991,479.0
2013-09-16,15/9-F-11,22.5,261.93,105.841,175.121,8.643,9.40108,86.809,57.464,947.0
2013-09-17,15/9-F-14,24.0,248.325,100.424,215.836,21.527,99.973,32.489,87.355,628.0
2013-09-17,15/9-F-11,24.0,260.894,105.932,174.418,11.458,9.96468,86.476,58.821,1042.0
2013-09-18,15/9-F-14,10.64,250.017,100.386,217.111,21.701,43.66204,32.906,88.33,284.0
2013-09-18,15/9-F-11,10.98,259.759,106.001,175.284,13.613,5.41783,84.475,62.142,474.0
2013-09-20,15/9-F-14,17.03,256.749,100.338,220.071,18.686,39.66959,36.679,82.348,327.0
2013-09-20,15/9-F-11,16.27,269.078,105.317,180.092,1.125,6.76533,88.985,48.904,643.0
2013-09-21,15/9-F-11,9.81,265.403,105.677,178.56,5.284,5.04441,86.843,56.148,310.0
2013-09-21,15/9-F-14,19.83,250.638,100.437,217.027,21.31,82.0632,33.612,86.329,655.0
2013-09-22,15/9-F-11,24.0,265.175,105.574,177.34,4.386,9.71361,87.834,54.669,1035.0
2013-09-22,15/9-F-14,24.0,250.524,100.413,216.809,21.322,84.97888,33.715,86.874,575.0
2013-09-23,15/9-F-14,24.0,248.052,100.411,215.63,21.965,100.0,32.422,88.694,626.0
2013-09-23,15/9-F-11,24.0,261.314,105.853,174.779,11.63,10.23974,86.535,62.212,1075.0
2013-09-24,15/9-F-14,24.0,247.718,100.46,215.234,21.901,100.0,32.483,88.637,656.0
2013-09-24,15/9-F-11,24.0,260.902,105.908,174.534,13.309,10.35389,86.368,62.537,1143.0
2013-09-25,15/9-F-14,24.0,247.644,100.487,215.152,22.042,100.0,32.492,88.834,660.0
2013-09-25,15/9-F-11,24.0,262.002,105.895,175.021,12.961,10.06007,86.981,61.822,1108.0
2013-09-26,15/9-F-11,24.0,260.715,105.94,174.475,14.153,10.15459,86.24,62.537,1125.0
2013-09-26,15/9-F-14,24.0,247.787,100.484,215.324,22.076,100.0,32.463,88.935,662.0
2013-09-27,15/9-F-14,16.83,186.941,73.569,150.836,20.86,52.94305,36.104,85.85,492.0
2013-09-27,15/9-F-11,8.31,261.534,105.949,175.103,14.55,4.53818,86.431,62.625,299.0
2013-09-28,15/9-F-11,12.36,263.971,105.338,178.473,2.279,5.83822,85.498,52.734,380.0
2013-09-29,15/9-F-14,24.0,135.626,54.76,103.14,21.957,100.0,32.486,87.066,666.0
2013-09-29,15/9-F-11,24.0,253.091,103.009,167.971,10.985,10.35392,85.12,60.37,1159.0
2013-09-30,15/9-F-14,24.0,247.959,100.159,215.482,21.859,100.0,32.477,85.996,681.0
2013-09-30,15/9-F-11,24.0,255.18,104.527,170.44,14.529,10.41746,84.74,61.527,1195.0
2013-10-01,15/9-F-11,24.0,258.319,105.962,173.569,15.202,10.42921,84.75,60.77,1196.0
2013-10-01,15/9-F-14,24.0,248.577,100.42,216.14,21.77,100.0,32.437,85.981,681.0
2013-10-02,15/9-F-11,24.0,258.251,105.99,173.53,15.478,10.42832,84.721,60.354,1249.0
2013-10-02,15/9-F-14,24.0,248.572,100.424,216.135,21.77,100.0,32.437,86.447,711.0
2013-10-03,15/9-F-14,24.0,248.774,100.414,216.342,21.71,100.0,32.432,85.814,708.0
2013-10-03,15/9-F-11,24.0,258.21,106.008,173.528,15.671,10.44692,84.681,59.732,1245.0
2013-10-04,15/9-F-14,24.0,248.957,100.397,216.537,21.738,100.0,32.42,86.924,706.0
2013-10-04,15/9-F-11,24.0,258.251,106.022,173.535,16.123,10.45133,84.716,60.526,1243.0
2013-10-05,15/9-F-14,24.0,248.933,100.383,216.466,21.951,100.0,32.467,88.971,714.0
2013-10-05,15/9-F-11,24.0,258.238,106.034,173.585,16.552,10.30125,84.654,62.891,1235.0
2013-10-06,15/9-F-14,24.0,248.909,100.368,216.51,21.785,100.0,32.398,87.945,718.0
2013-10-06,15/9-F-11,24.0,256.703,106.084,172.871,17.409,10.39258,83.832,60.943,1256.0
2013-10-07,15/9-F-14,24.0,249.032,100.361,216.633,21.727,97.91667,32.399,87.719,714.0
2013-10-07,15/9-F-11,24.0,256.551,106.101,172.844,17.477,10.27192,83.706,59.939,1251.0
2013-10-08,15/9-F-11,24.0,256.514,106.111,172.92,17.667,10.46785,83.594,61.534,1252.0
2013-10-08,15/9-F-14,24.0,249.163,100.353,216.779,21.753,100.0,32.384,88.245,710.0
2013-10-09,15/9-F-14,24.0,249.324,100.347,216.935,21.757,100.0,32.39,88.705,702.0
2013-10-09,15/9-F-11,24.0,256.048,106.129,172.817,17.838,10.59236,83.231,63.127,1257.0
2013-10-10,15/9-F-11,24.0,255.327,106.159,172.539,18.091,10.67274,82.788,62.916,1272.0
2013-10-10,15/9-F-14,24.0,249.468,100.34,217.109,21.594,100.0,32.358,88.446,704.0
2013-10-11,15/9-F-14,12.14,250.389,100.338,218.055,21.731,53.56819,32.334,88.808,312.0
2013-10-11,15/9-F-11,12.31,255.996,106.162,174.136,18.654,8.43861,81.86,63.573,655.0
2013-10-12,15/9-F-14,9.36,272.77,100.103,226.921,16.119,13.89514,45.849,73.084,45.0
2013-10-12,15/9-F-11,10.19,266.939,105.214,179.761,0.471,4.59734,87.179,45.533,363.0
2013-10-13,15/9-F-14,24.0,250.801,100.311,217.765,21.562,89.05667,33.036,88.192,616.0
2013-10-13,15/9-F-11,24.0,254.628,105.868,172.952,12.072,10.3968,81.676,61.98,1178.0
2013-10-14,15/9-F-14,24.0,249.915,100.312,217.709,21.966,100.0,32.206,88.457,672.0
2013-10-14,15/9-F-11,24.0,254.657,106.029,172.527,16.188,10.45242,82.13,62.443,1183.0
2013-10-15,15/9-F-11,24.0,254.883,106.068,172.636,16.992,10.42351,82.247,63.139,1199.0
2013-10-15,15/9-F-14,24.0,249.584,100.306,217.298,22.034,100.0,32.286,88.633,683.0
2013-10-16,15/9-F-11,24.0,255.021,106.091,172.702,17.231,10.44036,82.318,63.445,1197.0
2013-10-16,15/9-F-14,24.0,249.859,100.295,217.59,22.084,100.0,32.269,88.698,681.0
2013-10-17,15/9-F-14,24.0,249.686,100.324,217.375,22.052,100.0,32.311,88.512,692.0
2013-10-17,15/9-F-11,24.0,255.107,106.106,172.762,17.337,10.30669,82.345,63.023,1198.0
2013-10-18,15/9-F-11,24.0,255.249,106.118,172.86,17.832,10.51756,82.389,63.155,1216.0
2013-10-18,15/9-F-14,24.0,249.751,100.336,217.416,22.15,100.0,32.336,88.564,685.0
2013-10-19,15/9-F-14,24.0,249.934,100.323,217.707,21.878,100.0,32.226,87.046,680.0
2013-10-19,15/9-F-11,24.0,255.228,106.133,172.847,17.832,10.62397,82.381,61.505,1222.0
2013-10-20,15/9-F-14,24.0,249.798,100.311,217.634,21.689,100.0,32.165,86.37,692.0
2013-10-20,15/9-F-11,24.0,255.274,106.146,172.867,17.742,10.39458,82.407,59.91,1210.0
2013-10-21,15/9-F-11,24.0,255.349,106.159,172.883,17.837,10.6158,82.465,58.629,1219.0
2013-10-21,15/9-F-14,24.0,249.522,100.3,217.438,21.586,100.0,32.085,84.79,679.0
2013-10-22,15/9-F-14,24.0,249.572,100.3,217.436,21.707,100.0,32.136,86.857,687.0
2013-10-22,15/9-F-11,24.0,255.439,106.168,172.953,18.103,10.52554,82.485,60.348,1220.0
2013-10-23,15/9-F-11,24.0,255.502,106.175,172.993,18.554,10.52858,82.509,61.571,1221.0
2013-10-23,15/9-F-14,24.0,249.613,100.3,217.473,21.803,100.0,32.14,87.39,687.0
2013-10-24,15/9-F-14,24.0,249.629,100.295,217.437,21.752,97.91667,32.193,87.259,686.0
2013-10-24,15/9-F-11,24.0,254.411,106.21,172.546,18.959,10.60759,81.865,61.694,1251.0
2013-10-25,15/9-F-14,24.0,249.592,100.286,217.447,21.782,100.0,32.146,87.212,688.0
2013-10-25,15/9-F-11,24.0,254.309,106.229,172.467,19.638,10.71916,81.842,62.393,1249.0
2013-10-26,15/9-F-14,24.0,249.713,100.279,217.542,21.8,100.0,32.17,87.833,686.0
2013-10-26,15/9-F-11,24.0,254.737,106.231,172.661,19.607,10.65512,82.076,62.281,1237.0
2013-10-28,15/9-F-11,7.86,259.639,105.392,177.88,1.692,3.76236,81.759,46.416,251.0
2013-10-29,15/9-F-11,13.48,255.061,105.842,174.871,11.657,6.63245,80.191,60.515,557.0
2013-10-30,15/9-F-14,12.86,262.407,100.16,222.996,16.92,24.49167,39.411,77.186,194.0
2013-10-30,15/9-F-11,10.36,258.143,105.451,176.951,2.431,5.06575,81.192,49.514,415.0
2013-10-31,15/9-F-14,24.0,249.526,100.234,217.219,21.176,100.0,32.307,86.539,634.0
2013-10-31,15/9-F-11,24.0,253.408,105.964,172.667,13.441,10.60308,80.741,58.581,1197.0
2013-11-01,15/9-F-11,24.0,251.093,106.117,171.471,17.174,10.58723,79.622,58.973,1212.0
2013-11-01,15/9-F-14,24.0,249.731,100.243,217.689,26.682,100.0,32.042,86.075,678.0
2013-11-02,15/9-F-14,3.23,251.692,100.239,217.467,21.155,14.65718,34.225,86.489,11.0
2013-11-02,15/9-F-11,24.0,252.805,106.138,172.092,17.633,10.6194,80.714,61.313,1253.0
2013-11-03,15/9-F-11,17.33,256.93,105.882,175.193,11.511,7.95599,81.737,55.92,773.0
2013-11-03,15/9-F-14,6.03,270.483,99.911,226.037,13.392,9.05137,44.447,67.243,6.0
2013-11-04,15/9-F-11,24.0,253.53,106.001,172.927,13.962,10.30424,80.603,60.543,1155.0
2013-11-04,15/9-F-14,24.0,249.555,100.193,216.827,20.301,100.0,32.728,87.37,565.0
2013-11-05,15/9-F-11,24.0,255.485,106.064,173.416,16.3,10.347,82.069,60.984,1181.0
2013-11-05,15/9-F-14,24.0,248.603,100.242,216.945,21.405,99.97306,31.658,88.272,679.0
2013-11-06,15/9-F-11,22.67,258.394,105.981,174.688,13.792,9.38536,83.706,57.848,1128.0
2013-11-06,15/9-F-14,24.0,257.22,100.214,218.94,20.646,77.48112,38.28,84.557,648.0
2013-11-07,15/9-F-11,24.0,254.129,106.147,172.783,17.943,10.49189,81.346,59.367,1164.0
2013-11-07,15/9-F-14,24.0,249.771,100.23,217.184,21.402,100.0,32.587,86.768,624.0
2013-11-08,15/9-F-11,24.0,252.741,106.204,172.188,14.05,10.49317,80.553,59.306,1187.0
2013-11-08,15/9-F-14,24.0,249.218,100.259,216.939,21.155,99.98896,32.28,86.54,671.0
2013-11-09,15/9-F-11,24.0,254.552,106.179,172.993,11.041,10.51915,81.558,62.687,1175.0
2013-11-09,15/9-F-14,24.0,249.247,100.286,216.917,21.28,99.99798,32.33,88.466,662.0
2013-11-10,15/9-F-14,24.0,249.362,100.273,217.043,21.209,100.0,32.319,88.405,660.0
2013-11-10,15/9-F-11,24.0,253.517,106.196,172.655,11.378,10.73918,80.862,62.827,1201.0
2013-11-11,15/9-F-14,24.0,249.304,100.262,217.117,20.93,100.0,32.187,86.512,673.0
2013-11-11,15/9-F-11,24.0,251.459,106.261,171.767,12.48,10.96601,79.692,60.433,1257.0
2013-11-12,15/9-F-14,24.0,249.578,100.255,217.105,21.049,100.0,32.473,87.076,707.0
2013-11-12,15/9-F-11,24.0,252.807,106.258,172.276,12.491,10.53661,80.532,61.223,1168.0
2013-11-13,15/9-F-14,24.0,249.268,100.254,216.947,21.01,100.0,32.322,87.463,699.0
2013-11-13,15/9-F-11,24.0,254.976,106.2,173.279,11.54,10.50961,81.697,60.156,1151.0
2013-11-14,15/9-F-11,24.0,253.843,106.217,172.406,12.047,10.50257,81.438,60.67,1163.0
2013-11-14,15/9-F-14,24.0,248.99,100.246,216.69,20.944,100.0,32.3,87.725,707.0
2013-11-15,15/9-F-11,24.0,253.753,106.251,172.677,12.761,10.48593,81.076,60.905,1172.0
2013-11-15,15/9-F-14,24.0,249.344,100.235,217.046,20.908,100.0,32.297,87.219,714.0
2013-11-16,15/9-F-11,24.0,253.176,106.282,172.369,13.186,10.49557,80.807,60.901,1185.0
2013-11-16,15/9-F-14,24.0,249.484,100.226,217.2,20.875,100.0,32.284,87.147,722.0
2013-11-17,15/9-F-11,24.0,254.94,106.249,173.126,12.651,10.52831,81.814,61.463,1157.0
2013-11-17,15/9-F-14,24.0,249.633,100.22,217.356,20.901,100.0,32.277,88.017,702.0
2013-11-18,15/9-F-11,24.0,255.367,106.243,173.309,12.667,10.52358,82.058,61.575,1155.0
2013-11-18,15/9-F-14,24.0,249.769,100.21,217.531,20.871,100.0,32.238,88.042,701.0
2013-11-19,15/9-F-14,24.0,249.934,100.203,217.703,20.819,100.0,32.232,87.908,688.0
2013-11-19,15/9-F-11,24.0,255.904,106.232,173.558,12.217,10.61136,82.346,61.128,1145.0
2013-11-20,15/9-F-14,24.0,250.357,100.189,218.153,20.705,100.0,32.203,86.586,705.0
2013-11-20,15/9-F-11,24.0,252.426,106.337,171.975,14.347,10.98621,80.451,60.311,1223.0
2013-11-21,15/9-F-14,24.0,250.568,100.179,218.327,20.806,100.0,32.241,87.871,706.0
2013-11-21,15/9-F-11,24.0,251.316,106.379,171.525,15.423,11.0781,79.791,63.354,1245.0
2013-11-22,15/9-F-14,24.0,250.725,100.179,218.429,20.962,100.0,32.295,88.605,715.0
2013-11-22,15/9-F-11,24.0,251.565,106.375,171.689,15.574,10.78316,79.876,64.61,1213.0
2013-11-23,15/9-F-11,24.0,251.952,106.369,171.867,15.404,10.93798,80.086,64.587,1217.0
2013-11-23,15/9-F-14,24.0,250.912,100.175,218.628,20.953,100.0,32.283,88.638,705.0
2013-11-24,15/9-F-11,24.0,251.551,106.382,171.688,15.064,11.07314,79.863,63.38,1233.0
2013-11-24,15/9-F-14,24.0,250.979,100.169,218.744,20.758,100.0,32.235,88.137,700.0
2013-11-25,15/9-F-14,24.0,251.083,100.163,218.85,20.824,100.0,32.233,88.349,700.0
2013-11-25,15/9-F-11,24.0,251.548,106.391,171.692,15.54,11.04717,79.857,63.939,1227.0
2013-11-26,15/9-F-14,24.0,251.126,100.158,218.937,20.803,100.0,32.189,87.685,702.0
2013-11-26,15/9-F-11,24.0,252.324,106.376,172.016,15.208,10.85661,80.308,62.808,1201.0
2013-11-27,15/9-F-14,24.0,250.218,99.432,218.031,20.852,100.0,32.188,88.508,702.0
2013-11-27,15/9-F-11,24.0,251.244,105.864,170.838,15.009,10.87738,80.406,63.881,1202.0
2013-11-28,15/9-F-11,24.0,252.648,106.377,172.192,15.128,10.82435,80.456,63.779,1193.0
2013-11-28,15/9-F-14,24.0,251.225,100.149,219.057,20.784,100.0,32.169,88.335,701.0
2013-11-29,15/9-F-14,24.0,251.378,100.149,219.211,20.706,100.0,32.166,87.66,696.0
2013-11-29,15/9-F-11,24.0,252.478,106.386,172.133,15.098,10.90025,80.345,62.024,1196.0
2013-11-30,15/9-F-14,24.0,251.492,100.147,219.33,20.766,100.0,32.162,88.169,699.0
2013-11-30,15/9-F-11,24.0,249.982,106.45,171.126,16.488,11.1665,78.856,64.524,1254.0
2013-12-01,15/9-F-11,24.0,248.941,106.489,170.663,17.223,11.24369,78.278,65.11,1275.0
2013-12-01,15/9-F-14,24.0,251.46,100.14,219.314,20.767,100.0,32.146,88.348,700.0
2013-12-02,15/9-F-11,24.0,248.78,106.493,170.598,17.301,11.26792,78.182,62.427,1326.0
2013-12-02,15/9-F-14,24.0,251.503,100.136,219.368,20.721,100.0,32.136,87.188,645.0
2013-12-03,15/9-F-14,24.0,251.399,100.128,219.297,20.67,100.0,32.102,87.415,643.0
2013-12-03,15/9-F-11,24.0,248.86,106.493,170.68,17.321,11.23432,78.18,63.193,1315.0
2013-12-04,15/9-F-11,24.0,248.034,106.514,170.364,17.329,11.50401,77.67,64.555,1340.0
2013-12-04,15/9-F-14,24.0,251.43,100.125,219.356,20.641,100.0,32.074,87.819,623.0
2013-12-05,15/9-F-11,23.73,247.831,106.528,170.22,16.789,11.30307,77.611,60.84,1306.0
2013-12-05,15/9-F-14,23.56,251.944,100.119,219.419,20.319,96.36708,32.525,85.773,609.0
2013-12-06,15/9-F-14,15.78,257.077,100.05,222.541,18.954,55.06016,34.536,81.397,321.0
2013-12-06,15/9-F-11,16.61,258.149,105.617,176.387,7.338,6.99135,81.761,47.946,606.0
2013-12-07,15/9-F-11,24.0,247.622,106.085,171.329,22.785,11.171,76.293,60.181,1167.0
2013-12-07,15/9-F-14,24.0,252.038,100.092,220.055,20.634,99.94554,31.982,87.341,577.0
2013-12-08,15/9-F-11,24.0,247.865,106.245,170.992,24.444,10.88931,76.873,60.732,1170.0
2013-12-08,15/9-F-14,24.0,252.075,100.108,220.09,20.725,99.91192,31.985,87.038,606.0
2013-12-09,15/9-F-11,13.5,250.274,106.039,172.966,20.173,7.52136,77.308,56.461,590.0
2013-12-09,15/9-F-14,13.5,258.296,100.026,223.345,19.303,54.54079,34.951,83.039,309.0
2013-12-10,15/9-F-14,6.06,257.169,100.093,223.041,20.161,18.18863,34.128,86.379,37.0
2013-12-10,15/9-F-11,19.23,255.443,105.808,176.105,17.799,8.30808,79.338,53.332,781.0
2013-12-11,15/9-F-11,1.77,275.197,104.59,182.472,2.196,1.44351,92.725,24.344,63.0
2013-12-12,15/9-F-14,9.94,263.68,100.016,225.16,16.391,18.9951,38.519,79.658,56.0
2013-12-12,15/9-F-11,24.0,253.446,105.779,175.441,16.035,10.45132,78.005,55.075,1097.0
2013-12-13,15/9-F-11,8.23,254.308,106.001,175.386,21.132,4.3838,78.921,59.855,364.0
2013-12-13,15/9-F-14,7.81,255.553,100.092,221.419,19.842,20.86972,34.134,85.701,112.0
2013-12-14,15/9-F-11,22.94,254.654,105.765,175.514,15.581,9.96315,79.14,53.248,1023.0
2013-12-14,15/9-F-14,22.28,256.821,100.029,222.156,18.775,100.0,34.665,81.706,461.0
2013-12-15,15/9-F-11,22.83,252.226,106.082,173.058,21.618,9.95044,79.168,58.326,1086.0
2013-12-15,15/9-F-14,22.83,255.865,100.075,221.584,20.327,83.82619,34.281,85.348,553.0
2013-12-16,15/9-F-14,24.0,252.114,100.099,219.437,20.669,92.34932,32.677,86.224,627.0
2013-12-16,15/9-F-11,24.0,251.129,106.17,172.503,23.173,10.49653,78.626,58.392,1228.0
2013-12-17,15/9-F-11,24.0,246.148,106.329,170.083,25.558,11.0328,76.065,60.541,1276.0
2013-12-17,15/9-F-14,24.0,251.896,100.096,219.646,20.714,100.0,32.249,86.222,649.0
2013-12-18,15/9-F-14,24.0,251.594,100.158,219.41,20.724,100.0,32.183,85.458,629.0
2013-12-18,15/9-F-11,24.0,245.549,106.353,169.811,25.782,11.33781,75.739,60.898,1312.0
2013-12-19,15/9-F-14,24.0,251.798,100.176,219.551,20.752,100.0,32.246,85.739,628.0
2013-12-19,15/9-F-11,24.0,245.617,106.364,169.829,25.881,11.3253,75.788,59.515,1307.0
2013-12-20,15/9-F-14,17.33,257.211,100.107,222.053,19.74,62.55746,35.157,82.229,388.0
2013-12-20,15/9-F-11,18.83,250.188,106.149,172.618,21.748,9.17054,77.569,54.938,917.0
2013-12-21,15/9-F-14,24.0,252.79,100.138,220.301,20.628,93.12878,32.488,85.472,589.0
2013-12-21,15/9-F-11,24.0,249.174,106.103,172.276,22.016,10.52408,76.898,56.377,1150.0
2013-12-22,15/9-F-14,24.0,252.075,100.144,219.856,20.796,100.0,32.219,86.463,633.0
2013-12-22,15/9-F-11,24.0,245.906,106.327,170.124,25.504,11.13329,75.781,61.298,1268.0
2013-12-23,15/9-F-11,24.0,245.647,106.367,169.921,26.033,11.29469,75.726,61.29,1300.0
2013-12-23,15/9-F-14,24.0,252.114,100.148,219.922,20.742,100.0,32.192,85.895,629.0
2013-12-24,15/9-F-14,24.0,252.064,100.135,219.886,20.617,100.0,32.178,85.724,628.0
2013-12-24,15/9-F-11,24.0,245.108,106.388,169.687,26.195,11.43054,75.421,60.353,1333.0
2013-12-25,15/9-F-14,24.0,252.105,100.13,219.904,20.535,100.0,32.2,85.246,647.0
2013-12-25,15/9-F-11,24.0,244.722,106.41,169.453,26.376,11.23311,75.269,58.613,1322.0
2013-12-26,15/9-F-11,21.14,246.155,106.418,170.286,26.629,10.74454,75.869,60.109,1134.0
2013-12-26,15/9-F-14,20.98,252.743,100.127,220.031,20.635,86.78559,32.712,86.26,535.0
2013-12-27,15/9-F-11,15.69,253.549,105.689,175.073,14.273,8.86669,78.476,50.21,648.0
2013-12-27,15/9-F-14,15.53,260.52,100.032,223.327,18.864,49.12223,37.193,80.419,263.0
2013-12-28,15/9-F-11,24.0,245.723,106.203,170.321,23.613,11.07252,75.402,58.474,1219.0
2013-12-28,15/9-F-14,24.0,252.879,100.086,220.432,20.539,100.0,32.446,85.919,615.0
2013-12-29,15/9-F-11,24.0,246.104,106.305,170.248,25.432,11.05966,75.856,64.433,1241.0
2013-12-29,15/9-F-14,24.0,252.757,100.102,220.513,20.891,100.0,32.244,88.496,628.0
2013-12-30,15/9-F-11,24.0,246.091,106.345,170.146,25.593,11.18639,75.945,61.673,1270.0
2013-12-30,15/9-F-14,24.0,252.658,100.085,220.506,20.617,100.0,32.152,86.344,627.0
2013-12-31,15/9-F-11,21.58,250.787,106.225,172.113,23.126,9.55741,78.674,58.205,973.0
2013-12-31,15/9-F-14,22.5,257.345,100.026,222.349,20.275,81.12493,34.996,85.383,530.0
2014-01-01,15/9-F-11,24.0,249.531,106.208,172.369,23.195,10.69372,77.162,59.571,1199.0
2014-01-01,15/9-F-14,24.0,253.116,100.077,220.569,20.56,93.47029,32.547,86.118,604.0
2014-01-02,15/9-F-14,24.0,252.686,100.089,220.549,20.563,100.0,32.138,86.193,632.0
2014-01-02,15/9-F-11,24.0,245.622,106.433,169.835,26.8,11.37977,75.786,61.538,1327.0
2014-01-03,15/9-F-11,24.0,245.718,106.448,169.849,27.091,11.35871,75.869,62.133,1297.0
2014-01-03,15/9-F-14,24.0,252.506,100.097,220.51,20.554,100.0,31.995,85.963,619.0
2014-01-04,15/9-F-11,14.48,246.705,106.456,170.549,27.182,8.46015,76.156,60.227,753.0
2014-01-04,15/9-F-14,14.14,253.69,100.084,221.113,20.513,58.85062,32.577,86.224,359.0
2014-01-05,15/9-F-14,6.36,268.097,99.917,228.106,16.149,12.16694,39.991,76.007,33.0
2014-01-05,15/9-F-11,6.36,258.601,105.428,178.624,7.357,3.44683,79.978,45.031,288.0
2014-01-06,15/9-F-14,24.0,254.447,100.05,221.395,20.119,82.56281,33.052,86.18,523.0
2014-01-06,15/9-F-11,24.0,248.378,104.798,170.712,19.807,10.51463,77.665,57.845,1110.0
2014-01-07,15/9-F-14,24.0,252.579,99.876,220.447,20.512,100.0,32.133,86.629,621.0
2014-01-07,15/9-F-11,24.0,245.804,105.87,169.802,24.554,10.92536,76.001,60.07,1203.0
2014-01-08,15/9-F-14,24.0,252.471,100.039,220.295,20.547,100.0,32.176,87.112,648.0
2014-01-08,15/9-F-11,24.0,245.9,106.314,170.18,25.671,10.65372,75.72,62.427,1218.0
2014-01-09,15/9-F-14,24.0,252.13,100.014,219.983,20.561,100.0,32.147,88.08,632.0
2014-01-09,15/9-F-11,24.0,245.127,106.359,169.791,26.383,11.02643,75.335,64.603,1241.0
2014-01-10,15/9-F-11,24.0,244.82,106.378,169.671,26.553,11.06531,75.149,64.905,1253.0
2014-01-10,15/9-F-14,24.0,252.116,100.038,219.96,20.631,100.0,32.157,88.117,633.0
2014-01-11,15/9-F-14,24.0,252.08,100.055,219.89,20.574,100.0,32.189,88.137,631.0
2014-01-11,15/9-F-11,24.0,244.248,106.394,169.456,26.489,11.19056,74.792,64.557,1279.0
2014-01-12,15/9-F-11,24.0,244.305,106.404,169.478,26.851,11.20373,74.827,64.364,1277.0
2014-01-12,15/9-F-14,24.0,252.019,100.053,219.878,20.54,100.0,32.141,87.521,628.0
2014-01-13,15/9-F-11,24.0,243.505,106.427,169.085,26.787,11.20668,74.42,61.216,1289.0
2014-01-13,15/9-F-14,24.0,252.095,100.036,220.033,20.254,100.0,32.062,85.83,634.0
2014-01-14,15/9-F-14,24.0,252.145,100.021,220.099,20.244,100.0,32.046,85.592,618.0
2014-01-14,15/9-F-11,24.0,243.903,106.429,169.286,26.906,11.43273,74.617,61.731,1312.0
2014-01-15,15/9-F-11,24.0,243.994,106.436,169.314,26.851,11.43117,74.68,59.97,1274.0
2014-01-15,15/9-F-14,24.0,251.973,100.017,220.094,20.089,100.0,31.878,84.088,601.0
2014-01-16,15/9-F-11,24.0,244.154,106.439,169.401,26.703,11.21411,74.753,59.609,1250.0
2014-01-16,15/9-F-14,24.0,252.177,100.015,220.243,19.979,97.91667,31.934,83.429,604.0
2014-01-16,15/9-F-15,24.0,241.771,104.899,185.9,19.057,8.66059,55.871,16.9,351.0
2014-01-17,15/9-F-15,24.0,213.852,106.293,162.214,19.866,9.47037,51.638,22.363,485.0
2014-01-17,15/9-F-14,24.0,252.48,100.007,220.259,19.863,97.91667,32.22,84.593,619.0
2014-01-17,15/9-F-11,24.0,243.932,106.452,169.322,26.843,11.28162,74.61,60.771,1297.0
2014-01-18,15/9-F-15,24.0,206.615,106.375,157.926,27.815,9.68774,48.689,22.23,513.0
2014-01-18,15/9-F-14,24.0,252.247,100.011,220.267,19.803,100.0,31.98,83.372,594.0
2014-01-18,15/9-F-11,24.0,244.173,106.457,169.389,26.993,11.53129,74.784,60.816,1283.0
2014-01-19,15/9-F-15,24.0,203.075,106.392,156.51,25.723,9.73094,46.565,20.959,498.0
2014-01-19,15/9-F-11,24.0,244.437,106.458,169.49,27.138,11.53881,74.946,59.751,1231.0
2014-01-19,15/9-F-14,24.0,252.425,100.026,220.563,19.805,100.0,31.862,82.599,569.0
2014-01-20,15/9-F-14,24.0,252.627,100.036,220.711,19.877,97.91667,31.916,83.271,580.0
2014-01-20,15/9-F-11,24.0,244.508,106.465,169.486,27.677,11.37299,75.022,58.88,1236.0
2014-01-20,15/9-F-15,24.0,203.981,106.317,157.11,12.026,9.40124,46.87,21.194,470.0
2014-01-21,15/9-F-11,24.0,244.996,106.469,169.689,28.066,11.58603,75.308,60.606,1245.0
2014-01-21,15/9-F-14,24.0,252.752,100.044,220.793,19.981,100.0,31.959,84.229,571.0
2014-01-21,15/9-F-15,24.0,201.568,106.335,155.713,11.711,9.58125,45.855,22.555,479.0
2014-01-22,15/9-F-15,24.0,199.666,106.343,154.668,11.241,9.5359,44.999,22.471,495.0
2014-01-22,15/9-F-14,24.0,252.919,100.055,220.941,19.963,100.0,31.978,83.621,597.0
2014-01-22,15/9-F-11,24.0,245.358,106.473,169.837,28.071,11.55429,75.521,60.848,1296.0
2014-01-23,15/9-F-11,24.0,245.716,106.476,169.992,28.344,11.55094,75.723,61.648,1352.0
2014-01-23,15/9-F-14,24.0,253.101,100.064,221.08,20.016,100.0,32.021,84.161,624.0
2014-01-23,15/9-F-15,24.0,200.192,106.297,155.057,8.771,9.4146,45.135,23.344,430.0
2014-01-24,15/9-F-14,24.0,253.206,100.072,221.184,19.996,100.0,32.023,84.122,595.0
2014-01-24,15/9-F-15,24.0,200.638,106.268,155.433,7.196,9.40036,45.205,22.776,409.0
2014-01-24,15/9-F-11,24.0,245.987,106.481,170.085,28.496,11.57975,75.902,61.206,1297.0
2014-01-25,15/9-F-15,24.0,200.993,106.248,155.746,6.391,9.35825,45.248,26.75,444.0
2014-01-25,15/9-F-11,16.92,247.297,106.313,171.085,25.256,8.45778,76.213,59.825,654.0
2014-01-25,15/9-F-14,24.0,253.354,100.078,221.286,20.109,100.0,32.068,85.738,652.0
2014-01-26,15/9-F-14,24.0,253.445,100.083,221.397,20.119,100.0,32.048,84.986,528.0
2014-01-26,15/9-F-15,24.0,200.489,106.257,155.467,9.757,9.37573,45.022,24.84,361.0
2014-01-26,15/9-F-11,24.0,242.312,106.124,169.773,23.73,11.52197,72.539,61.16,1138.0
2014-01-27,15/9-F-14,24.0,253.646,100.089,221.588,19.88,100.0,32.058,84.54,526.0
2014-01-27,15/9-F-11,24.0,244.173,106.273,170.0,25.872,11.49369,74.173,60.869,1129.0
2014-01-27,15/9-F-15,24.0,200.176,106.261,155.336,11.608,9.40478,44.841,20.161,362.0
2014-01-28,15/9-F-14,24.0,253.656,100.095,221.645,19.958,100.0,32.011,84.334,556.0
2014-01-28,15/9-F-11,24.0,243.344,106.352,169.507,26.932,11.46175,73.837,62.413,1186.0
2014-01-28,15/9-F-15,24.0,201.553,106.213,156.316,10.427,9.34953,45.238,21.594,378.0
2014-01-29,15/9-F-11,8.31,244.985,106.381,171.947,27.224,5.2638,73.038,62.841,474.0
2014-01-29,15/9-F-14,7.98,254.372,100.092,221.677,19.959,34.70285,32.696,84.116,241.0
2014-01-31,15/9-F-14,20.78,261.371,100.017,224.809,18.059,100.0,36.562,79.287,416.0
2014-01-31,15/9-F-11,22.02,254.659,105.781,175.99,16.026,10.08438,78.668,53.498,1163.0
2014-02-01,15/9-F-11,24.0,246.529,106.213,171.177,24.173,11.37131,75.352,60.606,1182.0
2014-02-01,15/9-F-15,24.0,200.397,106.326,155.166,11.129,4.16839,45.231,21.421,356.0
2014-02-01,15/9-F-14,24.0,254.325,100.038,221.906,19.922,100.0,32.419,83.622,564.0
2014-02-02,15/9-F-14,24.0,254.37,100.08,221.97,20.357,100.0,32.401,85.461,579.0
2014-02-02,15/9-F-11,24.0,240.619,106.409,168.303,27.317,11.86027,72.316,59.804,1325.0
2014-02-02,15/9-F-15,24.0,200.859,106.334,155.39,12.824,3.74227,45.469,27.256,338.0
2014-02-03,15/9-F-15,24.0,200.128,106.361,154.929,14.034,3.70024,45.199,27.99,336.0
2014-02-03,15/9-F-14,24.0,253.949,100.036,221.578,20.296,100.0,32.371,86.146,581.0
2014-02-03,15/9-F-11,24.0,240.032,106.445,167.982,28.106,11.96013,72.051,62.981,1353.0
2014-02-04,15/9-F-15,24.0,199.893,106.368,154.827,13.957,3.60195,45.066,25.652,326.0
2014-02-04,15/9-F-11,24.0,239.802,106.467,167.811,28.281,12.02965,71.991,63.253,1362.0
2014-02-04,15/9-F-14,24.0,253.701,100.041,221.4,20.181,100.0,32.301,85.12,578.0
2014-02-05,15/9-F-15,24.0,200.064,106.363,155.001,13.706,3.44367,45.063,24.856,312.0
2014-02-05,15/9-F-14,24.0,253.355,100.063,220.985,20.173,100.0,32.37,84.365,580.0
2014-02-05,15/9-F-11,24.0,239.899,106.474,167.849,28.273,11.97978,72.05,63.364,1355.0
2014-02-06,15/9-F-14,8.0,256.164,100.03,222.752,20.021,34.79388,33.412,84.256,195.0
2014-02-06,15/9-F-11,8.0,241.353,106.482,170.145,27.999,4.6711,71.208,63.408,337.0
2014-02-06,15/9-F-15,7.88,201.714,106.334,156.601,12.727,1.98306,45.113,23.016,118.0
2014-02-08,15/9-F-11,6.5,257.741,105.277,178.218,6.056,2.80046,79.524,42.83,141.0
2014-02-08,15/9-F-15,21.94,218.038,105.666,165.105,3.055,3.04424,52.933,21.401,381.0
2014-02-08,15/9-F-14,20.94,260.07,99.98,223.394,17.995,54.80758,36.675,80.615,507.0
2014-02-09,15/9-F-15,24.0,200.951,106.432,155.226,13.662,4.86512,45.725,27.181,374.0
2014-02-09,15/9-F-11,24.0,244.724,106.095,171.371,20.942,11.30153,73.353,58.995,1166.0
2014-02-09,15/9-F-14,24.0,252.357,99.993,220.2,19.975,100.0,32.158,85.691,563.0
2014-02-10,15/9-F-11,4.0,241.723,106.289,171.805,24.548,3.55993,69.918,59.365,118.0
2014-02-10,15/9-F-15,12.0,205.635,106.086,158.531,8.271,5.09169,47.104,26.718,334.0
2014-02-10,15/9-F-14,12.0,258.663,99.964,222.964,18.978,47.2685,35.699,83.043,299.0
2014-02-11,15/9-F-14,15.39,254.438,99.998,220.963,20.188,64.98126,33.474,86.708,308.0
2014-02-11,15/9-F-15,15.39,200.274,106.457,155.382,14.126,4.16108,44.891,29.054,263.0
2014-02-12,15/9-F-11,23.0,252.666,105.599,176.892,11.015,9.45754,75.773,50.535,954.0
2014-02-12,15/9-F-15,23.28,210.426,106.001,161.444,5.812,3.6178,48.982,24.662,334.0
2014-02-12,15/9-F-14,21.94,258.228,99.927,221.878,19.002,69.54223,36.35,83.643,434.0
2014-02-13,15/9-F-11,24.0,242.341,106.189,169.587,22.903,11.12916,72.754,57.987,1197.0
2014-02-13,15/9-F-15,24.0,199.809,106.476,154.716,14.965,3.95898,45.093,25.795,370.0
2014-02-13,15/9-F-14,24.0,252.851,100.032,220.195,20.105,100.0,32.656,84.788,597.0
2014-02-14,15/9-F-15,24.0,199.952,106.467,154.806,15.282,3.66738,45.145,29.194,348.0
2014-02-14,15/9-F-14,24.0,252.768,100.059,220.134,20.336,100.0,32.635,86.599,608.0
2014-02-14,15/9-F-11,24.0,241.097,106.28,168.744,24.815,11.20986,72.354,61.961,1237.0
2014-02-15,15/9-F-14,24.0,252.729,100.044,220.342,20.301,100.0,32.387,86.593,601.0
2014-02-15,15/9-F-15,24.0,199.248,106.48,154.401,15.317,3.59948,44.846,28.018,338.0
2014-02-15,15/9-F-11,24.0,241.253,106.287,168.785,25.221,11.1955,72.468,63.702,1220.0
2014-02-16,15/9-F-11,24.0,241.806,106.292,168.974,25.565,11.1967,72.832,64.497,1237.0
2014-02-16,15/9-F-14,24.0,253.253,100.044,220.607,20.391,100.0,32.645,87.999,610.0
2014-02-16,15/9-F-15,24.0,200.853,106.431,155.522,14.189,3.23864,45.331,31.097,308.0
2014-02-17,15/9-F-11,24.0,241.426,106.303,168.797,26.217,11.12686,72.63,65.276,1235.0
2014-02-17,15/9-F-14,24.0,253.374,100.061,220.709,20.589,100.0,32.666,88.419,617.0
2014-02-17,15/9-F-15,24.0,200.865,106.433,155.587,14.359,3.22426,45.277,33.24,262.0
2014-02-18,15/9-F-15,11.17,208.113,105.984,163.051,11.146,2.86487,45.062,29.002,134.0
2014-02-18,15/9-F-11,17.17,253.3,105.937,174.677,18.617,7.03639,78.623,52.878,650.0
2014-02-18,15/9-F-14,16.33,259.434,100.002,223.687,19.38,52.36436,35.747,83.622,332.0
2014-02-19,15/9-F-15,24.0,203.094,106.299,157.456,17.919,3.51411,45.638,28.964,301.0
2014-02-19,15/9-F-11,24.0,247.439,105.926,172.833,20.939,10.14923,74.606,60.101,1082.0
2014-02-19,15/9-F-14,24.0,253.684,100.061,220.853,20.503,97.27863,32.83,88.043,597.0
2014-02-20,15/9-F-11,24.0,240.917,106.264,168.75,25.316,11.04015,72.167,61.715,1230.0
2014-02-20,15/9-F-15,24.0,199.765,106.456,155.26,24.077,3.25506,44.505,26.181,281.0
2014-02-20,15/9-F-14,24.0,253.672,100.068,221.102,20.497,100.0,32.57,86.054,625.0
2014-02-21,15/9-F-14,24.0,253.756,100.059,221.188,20.516,100.0,32.568,86.211,631.0
2014-02-21,15/9-F-11,24.0,240.31,106.314,168.35,25.875,11.06021,71.96,59.685,1248.0
2014-02-21,15/9-F-15,24.0,200.712,106.441,155.6,23.685,2.98985,45.112,27.705,256.0
2014-02-22,15/9-F-11,24.0,240.889,106.323,168.554,25.963,10.9222,72.335,59.647,1241.0
2014-02-22,15/9-F-15,24.0,201.181,106.429,155.887,23.363,2.86953,45.294,28.35,252.0
2014-02-22,15/9-F-14,24.0,253.513,100.033,220.981,20.454,100.0,32.532,86.029,641.0
2014-02-23,15/9-F-11,24.0,240.389,106.342,168.268,25.943,11.06161,72.121,59.287,1244.0
2014-02-23,15/9-F-15,24.0,200.953,106.441,155.77,23.135,2.91979,45.183,27.962,251.0
2014-02-23,15/9-F-14,24.0,253.213,100.011,220.828,20.264,100.0,32.385,85.989,629.0
2014-02-24,15/9-F-14,24.0,253.078,100.0,220.725,20.279,100.0,32.354,86.73,632.0
2014-02-24,15/9-F-11,24.0,240.281,106.346,168.223,26.065,10.82551,72.058,61.066,1211.0
2014-02-24,15/9-F-15,24.0,200.6,106.445,155.458,23.262,2.91297,45.142,29.163,278.0
2014-02-25,15/9-F-11,24.0,238.187,105.507,166.376,26.137,11.08792,71.812,63.379,1224.0
2014-02-25,15/9-F-15,24.0,199.226,105.768,154.269,23.246,2.87914,44.958,27.429,269.0
2014-02-25,15/9-F-14,24.0,252.351,99.169,220.011,20.29,100.0,32.34,86.301,616.0
2014-02-26,15/9-F-14,24.0,253.448,100.0,221.127,20.247,100.0,32.322,86.097,615.0
2014-02-26,15/9-F-15,24.0,200.61,106.433,155.548,22.768,2.84609,45.063,28.26,265.0
2014-02-26,15/9-F-11,24.0,239.72,106.35,168.015,26.144,11.09374,71.705,62.792,1224.0
2014-02-27,15/9-F-15,24.0,200.175,106.442,155.34,22.415,2.80906,44.835,28.186,260.0
2014-02-27,15/9-F-14,24.0,253.611,99.999,221.327,20.236,100.0,32.284,86.216,610.0
2014-02-27,15/9-F-11,24.0,239.978,106.347,168.123,26.033,11.07764,71.855,62.038,1210.0
2014-02-28,15/9-F-14,24.0,253.838,99.993,221.528,20.384,100.0,32.31,87.649,617.0
2014-02-28,15/9-F-15,24.0,200.54,106.428,155.627,22.19,2.67103,44.912,30.972,251.0
2014-02-28,15/9-F-11,24.0,240.113,106.34,168.229,26.229,11.0122,71.883,62.979,1208.0
2014-03-01,15/9-F-11,24.0,239.906,106.347,168.109,26.267,11.06501,71.796,62.428,1189.0
2014-03-01,15/9-F-14,24.0,253.981,99.989,221.677,20.309,100.0,32.304,87.259,601.0
2014-03-01,15/9-F-15,24.0,200.097,106.437,155.221,21.88,2.6437,44.876,29.777,242.0
2014-03-02,15/9-F-15,24.0,199.965,106.441,155.099,21.54,2.61746,44.866,26.782,240.0
2014-03-02,15/9-F-11,24.0,239.982,106.35,168.136,26.081,11.11592,71.846,62.881,1201.0
2014-03-02,15/9-F-14,24.0,254.083,99.98,221.719,20.161,100.0,32.364,86.09,601.0
2014-03-03,15/9-F-15,24.0,199.916,106.442,155.036,21.232,2.46463,44.88,25.181,236.0
2014-03-03,15/9-F-11,24.0,240.123,106.35,168.195,25.928,10.82405,71.929,62.358,1199.0
2014-03-03,15/9-F-14,24.0,253.791,99.972,221.653,20.078,97.91667,32.138,84.726,616.0
2014-03-04,15/9-F-14,24.0,253.713,99.963,221.591,20.111,100.0,32.122,86.443,605.0
2014-03-04,15/9-F-15,24.0,200.342,106.433,155.407,20.937,2.43853,44.935,28.075,226.0
2014-03-04,15/9-F-11,24.0,240.06,106.352,168.172,26.015,11.05609,71.888,63.219,1195.0
2014-03-05,15/9-F-15,24.0,200.152,106.456,155.421,20.722,2.36888,44.731,30.497,233.0
2014-03-05,15/9-F-14,24.0,253.86,99.959,221.69,20.195,100.0,32.17,87.264,609.0
2014-03-05,15/9-F-11,24.0,240.33,106.346,168.302,26.123,10.9032,72.027,61.708,1178.0
2014-03-06,15/9-F-14,24.0,254.066,99.959,221.904,20.168,100.0,32.162,86.77,613.0
2014-03-06,15/9-F-15,24.0,200.402,106.45,155.871,20.606,2.33872,44.531,29.603,231.0
2014-03-06,15/9-F-11,24.0,240.161,106.347,168.242,26.053,10.93457,71.919,60.46,1190.0
2014-03-07,15/9-F-11,24.0,238.524,106.372,167.54,26.249,11.23067,70.985,61.91,1217.0
2014-03-07,15/9-F-14,24.0,254.222,99.959,222.034,20.113,100.0,32.189,86.833,595.0
2014-03-07,15/9-F-15,24.0,200.116,106.463,155.938,20.47,2.41087,44.178,29.781,232.0
2014-03-08,15/9-F-11,24.0,235.253,106.441,166.0,27.092,11.76905,69.253,62.847,1332.0
2014-03-08,15/9-F-14,24.0,254.331,99.959,222.223,20.058,100.0,32.108,86.379,591.0
2014-03-08,15/9-F-15,24.0,200.216,106.469,155.96,20.395,2.40297,44.256,28.85,229.0
2014-03-09,15/9-F-15,24.0,201.233,106.439,156.785,19.79,2.36866,44.448,30.238,227.0
2014-03-09,15/9-F-11,24.0,235.307,106.44,166.042,27.254,11.6214,69.266,61.761,1306.0
2014-03-09,15/9-F-14,24.0,254.484,99.959,222.307,20.175,100.0,32.178,86.458,595.0
2014-03-10,15/9-F-14,24.0,254.604,99.959,222.357,20.369,100.0,32.247,88.349,535.0
2014-03-10,15/9-F-15,24.0,200.418,106.469,156.331,20.414,2.53575,44.087,33.984,261.0
2014-03-10,15/9-F-11,24.0,234.725,106.45,165.832,27.725,11.75192,68.893,66.647,1326.0
2014-03-11,15/9-F-15,24.0,200.08,106.479,156.049,20.627,2.59219,44.031,33.003,264.0
2014-03-11,15/9-F-14,24.0,254.73,99.959,222.55,20.326,100.0,32.18,87.767,530.0
2014-03-11,15/9-F-11,24.0,234.835,106.449,165.862,27.688,11.81961,68.972,64.185,1329.0
2014-03-12,15/9-F-15,24.0,199.936,106.481,155.797,20.583,2.61279,44.139,31.878,264.0
2014-03-12,15/9-F-14,24.0,255.23,99.955,222.768,20.263,100.0,32.463,87.123,527.0
2014-03-12,15/9-F-11,24.0,235.061,106.446,165.959,27.474,11.7682,69.102,62.529,1309.0
2014-03-13,15/9-F-15,24.0,199.825,106.482,155.634,20.472,2.46329,44.19,33.039,255.0
2014-03-13,15/9-F-11,24.0,234.922,106.45,165.964,27.604,11.72136,68.958,65.597,1320.0
2014-03-13,15/9-F-14,24.0,254.872,99.96,222.667,20.333,97.91667,32.205,88.031,544.0
2014-03-14,15/9-F-15,24.0,199.617,106.487,155.373,20.487,2.54135,44.245,31.419,257.0
2014-03-14,15/9-F-11,24.0,234.743,106.458,165.852,27.421,11.79114,68.891,63.836,1310.0
2014-03-14,15/9-F-14,24.0,254.767,99.958,222.625,20.204,100.0,32.143,87.102,543.0
2014-03-15,15/9-F-15,24.0,200.014,106.472,155.506,20.207,2.51556,44.508,32.785,255.0
2014-03-15,15/9-F-11,24.0,234.709,106.46,165.862,27.468,11.84933,68.847,66.213,1325.0
2014-03-15,15/9-F-14,24.0,254.762,99.953,222.625,20.201,100.0,32.137,88.152,544.0
2014-03-16,15/9-F-11,24.0,234.749,106.458,165.903,27.193,11.82656,68.846,65.903,1308.0
2014-03-16,15/9-F-15,24.0,200.198,106.465,155.524,19.916,2.46926,44.674,31.615,249.0
2014-03-16,15/9-F-14,24.0,254.809,99.95,222.697,20.15,100.0,32.112,87.845,539.0
2014-03-17,15/9-F-15,24.0,199.884,106.474,155.325,20.097,2.44906,44.559,32.883,248.0
2014-03-17,15/9-F-11,24.0,234.768,106.457,165.919,27.428,11.80172,68.849,66.308,1310.0
2014-03-17,15/9-F-14,24.0,255.083,99.95,222.795,20.229,100.0,32.289,88.177,542.0
2014-03-18,15/9-F-15,24.0,199.863,106.473,155.322,20.164,2.44505,44.542,32.894,245.0
2014-03-18,15/9-F-11,24.0,235.326,106.446,166.174,27.407,11.70624,69.153,66.024,1273.0
2014-03-18,15/9-F-14,24.0,255.139,99.948,222.822,20.202,100.0,32.318,87.847,535.0
2014-03-19,15/9-F-14,24.0,254.68,99.952,222.836,20.136,100.0,31.843,86.639,539.0
2014-03-19,15/9-F-11,24.0,235.56,106.441,166.262,27.117,11.64559,69.298,63.226,1284.0
2014-03-19,15/9-F-15,24.0,199.715,106.477,155.22,19.921,2.33412,44.495,30.977,237.0
2014-03-20,15/9-F-15,24.0,200.388,106.454,155.673,19.392,2.1706,44.715,28.56,225.0
2014-03-20,15/9-F-14,24.0,255.368,99.949,223.173,20.066,100.0,32.196,85.372,548.0
2014-03-20,15/9-F-11,24.0,235.245,106.441,166.139,26.856,11.67221,69.106,59.325,1309.0
2014-03-21,15/9-F-14,24.0,255.33,99.953,223.08,20.079,100.0,32.249,85.552,541.0
2014-03-21,15/9-F-15,24.0,199.74,106.475,155.271,19.737,2.2446,44.469,28.74,229.0
2014-03-21,15/9-F-11,24.0,235.111,106.446,166.079,27.046,11.68343,69.031,60.411,1295.0
2014-03-22,15/9-F-14,14.17,259.884,99.906,225.015,18.983,53.79985,34.869,81.483,303.0
2014-03-22,15/9-F-11,13.33,237.121,106.382,167.695,26.028,7.15149,69.425,60.508,599.0
2014-03-22,15/9-F-15,13.42,200.229,106.363,156.3,19.044,2.17685,43.93,29.328,192.0
2014-03-23,15/9-F-11,24.0,241.771,105.724,171.332,17.147,10.02201,70.439,56.923,941.0
2014-03-23,15/9-F-15,24.0,199.885,106.282,156.152,16.463,2.98058,43.733,27.298,268.0
2014-03-23,15/9-F-14,24.0,258.315,99.921,224.816,19.789,85.92787,33.499,86.659,432.0
2014-03-24,15/9-F-11,6.56,237.747,106.074,169.246,23.163,3.77352,68.502,63.846,246.0
2014-03-24,15/9-F-14,6.23,257.298,99.922,225.831,20.382,27.23418,31.467,87.996,107.0
2014-03-24,15/9-F-15,1.56,202.559,106.361,157.638,18.87,1.73656,44.921,28.847,24.0
2014-03-25,15/9-F-11,7.11,256.412,105.202,178.276,6.331,3.52009,78.136,46.124,220.0
2014-03-25,15/9-F-15,6.36,208.313,105.451,161.156,6.795,14.51274,47.158,24.001,179.0
2014-03-25,15/9-F-14,6.61,276.315,99.697,231.529,13.993,10.14637,44.786,68.832,10.0
2014-03-26,15/9-F-14,24.0,258.184,99.917,224.464,19.886,81.12275,33.72,87.418,487.0
2014-03-26,15/9-F-11,24.0,242.577,105.894,171.884,19.798,10.45401,70.693,62.282,1173.0
2014-03-26,15/9-F-15,24.0,200.114,106.44,155.512,17.783,0.75599,44.602,28.752,73.0
2014-03-27,15/9-F-15,12.5,208.807,106.06,162.718,18.092,11.6708,46.089,22.08,198.0
2014-03-27,15/9-F-14,12.5,261.342,99.867,226.046,18.967,47.04732,35.296,81.207,165.0
2014-03-27,15/9-F-11,10.56,238.577,106.115,169.459,23.271,10.32203,69.118,61.569,498.0
2014-03-28,15/9-F-15,24.0,214.068,105.889,165.515,12.687,12.35058,48.553,21.977,295.0
2014-03-28,15/9-F-11,6.5,260.2,105.212,181.123,5.94,8.38555,79.077,47.042,180.0
2014-03-28,15/9-F-14,24.0,260.621,99.885,225.114,19.923,89.79247,35.507,86.731,401.0
2014-03-29,15/9-F-11,12.44,259.275,105.331,182.92,9.508,7.89588,76.355,48.675,358.0
2014-03-29,15/9-F-14,14.67,268.293,99.816,228.142,17.78,36.15861,40.152,77.349,141.0
2014-03-29,15/9-F-15,13.92,212.857,105.754,164.169,12.411,10.99873,48.688,23.879,190.0
2014-03-30,15/9-F-11,23.0,235.742,106.056,168.011,22.818,11.05411,67.73,65.674,1112.0
2014-03-30,15/9-F-15,23.0,199.97,106.496,155.099,21.203,12.65657,44.871,31.413,343.0
2014-03-30,15/9-F-14,23.0,255.795,99.932,223.303,20.621,94.86277,32.492,88.149,487.0
2014-03-31,15/9-F-15,24.0,200.092,106.535,155.032,23.287,12.78188,45.061,32.847,233.0
2014-03-31,15/9-F-11,24.0,235.02,106.227,166.825,24.95,11.63294,68.195,66.224,1262.0
2014-03-31,15/9-F-14,24.0,255.801,99.971,223.416,20.792,100.0,32.385,88.152,531.0
2014-04-01,15/9-F-15,24.0,201.422,106.517,155.58,22.896,12.57608,45.843,31.844,244.0
2014-04-01,15/9-F-14,24.0,255.781,99.996,223.354,20.873,100.0,32.427,88.178,528.0
2014-04-01,15/9-F-11,24.0,235.156,106.267,166.734,25.658,11.65531,68.422,65.869,1260.0
2014-04-02,15/9-F-14,24.0,255.697,100.0,223.312,20.901,100.0,32.385,87.912,530.0
2014-04-02,15/9-F-15,24.0,201.166,106.537,155.3,23.276,12.54523,45.867,29.156,244.0
2014-04-02,15/9-F-11,24.0,235.401,106.284,166.796,26.055,11.64849,68.605,65.664,1262.0
2014-04-03,15/9-F-14,24.0,255.81,100.002,223.453,20.856,100.0,32.358,87.144,532.0
2014-04-03,15/9-F-11,24.0,235.289,106.298,166.728,26.234,11.64634,68.561,65.632,1266.0
2014-04-03,15/9-F-15,24.0,200.827,106.55,155.05,23.306,12.5404,45.777,27.134,245.0
2014-04-04,15/9-F-11,24.0,235.333,106.31,166.719,26.22,11.62416,68.614,64.557,1280.0
2014-04-04,15/9-F-14,24.0,255.896,100.013,223.585,20.744,100.0,32.311,85.242,539.0
2014-04-04,15/9-F-15,24.0,200.37,106.566,154.805,23.145,12.53634,45.565,24.701,248.0
2014-04-05,15/9-F-11,24.0,235.418,106.318,166.742,26.397,11.53441,68.677,63.476,1287.0
2014-04-05,15/9-F-15,24.0,200.441,106.569,154.874,23.187,12.2792,45.567,27.318,245.0
2014-04-05,15/9-F-14,24.0,255.934,100.023,223.586,20.797,97.91667,32.348,86.513,539.0
2014-04-06,15/9-F-15,18.06,200.385,106.579,154.899,22.972,10.64829,45.486,29.421,184.0
2014-04-06,15/9-F-11,18.06,236.571,106.32,167.724,26.501,9.70803,68.847,64.338,926.0
2014-04-06,15/9-F-14,18.23,256.697,100.028,224.196,20.874,74.97206,32.5,87.184,401.0
2014-04-07,15/9-F-11,3.5,259.067,104.969,177.175,3.684,1.84062,81.893,45.603,53.0
2014-04-07,15/9-F-14,18.94,260.684,99.985,225.575,19.539,59.63114,35.11,83.267,428.0
2014-04-07,15/9-F-15,18.94,206.971,106.089,159.693,15.25,10.02346,47.279,26.436,208.0
2014-04-08,15/9-F-11,24.0,243.109,105.825,172.53,18.535,10.36859,70.579,61.209,1041.0
2014-04-08,15/9-F-15,24.0,199.909,106.542,154.748,22.064,12.62097,45.161,29.903,241.0
2014-04-08,15/9-F-14,24.0,255.671,100.006,223.432,20.939,100.0,32.239,87.992,544.0
2014-04-09,15/9-F-14,24.0,255.926,100.024,223.536,21.103,100.0,32.39,88.304,574.0
2014-04-09,15/9-F-15,24.0,200.107,106.552,154.718,22.807,12.45271,45.388,32.299,249.0
2014-04-09,15/9-F-11,24.0,235.152,106.201,167.133,25.393,11.1881,68.02,66.582,1218.0
2014-04-10,15/9-F-14,16.29,261.779,99.956,226.0,19.713,60.39449,35.779,84.243,294.0
2014-04-10,15/9-F-11,21.96,244.141,106.053,171.515,22.463,9.23766,72.626,60.914,985.0
2014-04-10,15/9-F-15,21.71,203.133,106.416,156.612,20.368,11.1343,46.522,29.688,220.0
2014-04-11,15/9-F-14,24.0,255.917,99.988,223.4,20.956,100.0,32.517,87.932,586.0
2014-04-11,15/9-F-15,24.0,200.079,106.588,154.657,22.626,12.33667,45.422,31.534,251.0
2014-04-11,15/9-F-11,24.0,235.307,106.295,166.817,26.863,11.27512,68.491,65.735,1259.0
2014-04-12,15/9-F-11,24.0,235.12,106.317,166.637,26.873,11.26167,68.483,62.154,1255.0
2014-04-12,15/9-F-15,24.0,199.964,106.616,154.558,22.53,12.29738,45.406,28.193,250.0
2014-04-12,15/9-F-14,24.0,256.133,100.004,223.677,20.912,100.0,32.456,86.281,585.0
2014-04-13,15/9-F-14,24.0,256.171,100.008,223.684,20.91,100.0,32.487,87.778,577.0
2014-04-13,15/9-F-11,24.0,235.381,106.325,166.768,26.915,11.32277,68.613,65.2,1250.0
2014-04-13,15/9-F-15,24.0,200.317,106.64,154.875,22.279,12.31462,45.442,29.978,247.0
2014-04-14,15/9-F-11,24.0,235.555,106.329,166.825,27.137,11.09303,68.73,65.354,1245.0
2014-04-14,15/9-F-14,24.0,256.281,100.0,223.787,20.826,97.91667,32.494,88.154,585.0
2014-04-14,15/9-F-15,24.0,200.379,106.646,155.007,22.249,12.0671,45.372,30.646,247.0
2014-04-15,15/9-F-15,24.0,200.217,106.655,154.982,22.621,12.33761,45.235,32.038,248.0
2014-04-15,15/9-F-14,24.0,256.424,100.0,223.931,20.95,100.0,32.492,88.27,578.0
2014-04-15,15/9-F-11,24.0,235.534,106.336,166.817,27.516,11.3541,68.717,65.442,1257.0
2014-04-16,15/9-F-11,24.0,234.923,105.981,166.165,27.402,11.32223,68.758,62.105,1249.0
2014-04-16,15/9-F-15,24.0,199.501,106.485,154.372,22.575,12.36388,45.129,29.322,248.0
2014-04-16,15/9-F-14,24.0,255.866,99.736,223.461,20.836,100.0,32.405,86.69,577.0
2014-04-17,15/9-F-15,24.0,200.224,106.657,155.151,22.587,12.33129,45.073,30.431,250.0
2014-04-17,15/9-F-11,24.0,235.117,106.361,166.594,27.659,11.34132,68.523,64.162,1268.0
2014-04-17,15/9-F-14,24.0,256.676,100.009,224.209,20.888,100.0,32.467,87.461,584.0
2014-04-18,15/9-F-11,24.0,235.546,106.362,166.801,27.954,11.35004,68.745,66.022,1257.0
2014-04-18,15/9-F-15,24.0,200.156,106.658,155.164,22.657,12.31378,44.992,32.473,247.0
2014-04-18,15/9-F-14,24.0,256.746,100.012,224.272,20.987,100.0,32.474,88.45,578.0
2014-04-19,15/9-F-14,24.0,256.841,100.014,224.43,21.099,100.0,32.411,88.43,579.0
2014-04-19,15/9-F-15,24.0,199.517,106.673,154.822,22.925,12.45178,44.696,32.464,251.0
2014-04-19,15/9-F-11,24.0,234.985,106.375,166.541,28.39,11.4837,68.444,66.466,1284.0
2014-04-20,15/9-F-14,24.0,256.913,100.014,224.479,21.089,100.0,32.433,88.31,575.0
2014-04-20,15/9-F-11,24.0,235.053,106.385,166.547,28.517,11.5426,68.507,66.368,1285.0
2014-04-20,15/9-F-15,24.0,199.47,106.671,154.855,22.841,12.50457,44.615,31.483,251.0
2014-04-21,15/9-F-15,24.0,199.787,106.659,155.118,22.634,12.40383,44.668,34.596,249.0
2014-04-21,15/9-F-14,24.0,256.307,100.019,224.315,21.101,100.0,31.993,88.407,575.0
2014-04-21,15/9-F-11,24.0,235.874,106.375,166.934,28.293,11.40728,68.94,66.72,1262.0
2014-04-22,15/9-F-11,24.0,235.996,106.38,166.985,28.475,11.34503,69.011,66.374,1207.0
2014-04-22,15/9-F-15,24.0,199.97,106.652,155.261,22.294,12.31059,44.709,32.658,237.0
2014-04-22,15/9-F-14,24.0,256.045,100.03,224.437,21.109,100.0,31.607,88.221,555.0
2014-04-23,15/9-F-14,24.0,256.261,100.03,224.69,20.98,100.0,31.571,86.118,581.0
2014-04-23,15/9-F-15,22.48,199.774,106.657,155.137,22.042,11.74015,44.637,26.917,218.0
2014-04-23,15/9-F-11,24.0,235.832,106.387,166.891,28.487,11.42951,68.941,65.144,1279.0
2014-04-24,15/9-F-14,24.0,256.392,100.03,224.811,20.908,100.0,31.58,85.166,714.0
2014-04-24,15/9-F-11,24.0,235.704,106.397,166.804,28.642,6.68383,68.901,65.063,833.0
2014-04-24,15/9-F-15,19.69,204.998,106.29,158.705,16.833,10.22691,46.293,24.878,192.0
2014-04-25,15/9-F-14,24.0,256.345,100.03,224.707,21.055,100.0,31.638,88.241,590.0
2014-04-25,15/9-F-15,24.0,199.749,106.622,154.848,21.286,12.13349,44.901,28.527,247.0
2014-04-25,15/9-F-11,24.0,235.914,106.403,166.91,28.804,11.4104,69.003,65.904,1294.0
2014-04-26,15/9-F-14,24.0,256.493,100.03,224.908,21.009,100.0,31.585,86.801,584.0
2014-04-26,15/9-F-15,24.0,200.337,106.624,155.501,21.164,12.11424,44.835,26.827,244.0
2014-04-26,15/9-F-11,24.0,236.162,106.402,167.025,28.542,11.40979,69.137,64.889,1280.0
2014-04-27,15/9-F-11,24.0,236.664,106.398,167.273,28.506,11.31994,69.391,66.363,1266.0
2014-04-27,15/9-F-15,24.0,200.534,106.626,155.912,21.417,12.06348,44.621,30.427,243.0
2014-04-27,15/9-F-14,24.0,256.616,100.02,224.947,21.106,100.0,31.669,88.252,585.0
2014-04-28,15/9-F-15,24.0,200.226,106.641,155.926,21.864,12.19977,44.3,34.595,246.0
2014-04-28,15/9-F-11,24.0,235.893,106.408,166.97,28.689,11.50546,68.923,67.548,1296.0
2014-04-28,15/9-F-14,24.0,256.707,100.018,225.021,21.246,100.0,31.687,88.992,583.0
2014-04-29,15/9-F-11,24.0,235.973,106.412,166.974,28.453,11.70008,68.999,66.629,1268.0
2014-04-29,15/9-F-14,24.0,256.812,100.018,225.163,21.132,100.0,31.649,88.555,555.0
2014-04-29,15/9-F-15,24.0,200.016,106.648,155.869,21.596,12.34652,44.147,32.992,238.0
2014-04-30,15/9-F-15,24.0,199.974,106.65,155.865,21.513,12.30914,44.109,32.545,231.0
2014-04-30,15/9-F-11,24.0,233.897,106.437,166.123,28.532,11.84132,67.774,67.031,1257.0
2014-04-30,15/9-F-14,24.0,256.966,100.018,225.307,21.085,100.0,31.66,88.733,539.0
2014-05-01,15/9-F-11,24.0,229.995,106.518,164.342,29.258,12.48343,65.653,67.673,1350.0
2014-05-01,15/9-F-15,24.0,199.318,106.669,155.525,21.789,12.37073,43.793,32.761,229.0
2014-05-01,15/9-F-14,24.0,257.111,100.018,225.472,21.08,100.0,31.639,88.504,533.0
2014-05-02,15/9-F-11,24.0,229.857,106.513,164.315,29.215,12.52253,65.542,67.745,1351.0
2014-05-02,15/9-F-15,24.0,199.538,106.66,155.67,21.514,12.34178,43.868,33.169,227.0
2014-05-02,15/9-F-14,24.0,257.399,100.017,225.643,21.115,100.0,31.756,88.78,530.0
2014-05-03,15/9-F-11,24.0,229.753,106.506,164.332,29.34,12.49227,65.421,68.007,1342.0
2014-05-03,15/9-F-15,24.0,200.094,106.642,156.072,21.359,12.28715,44.022,33.639,226.0
2014-05-03,15/9-F-14,24.0,257.39,100.022,225.771,21.233,100.0,31.619,88.86,529.0
2014-05-04,15/9-F-11,24.0,229.745,106.497,164.374,29.19,12.58324,65.37,67.699,1344.0
2014-05-04,15/9-F-14,24.0,257.54,100.029,226.022,21.192,100.0,31.517,88.33,524.0
2014-05-04,15/9-F-15,24.0,199.748,106.649,155.896,21.241,12.34124,43.852,31.171,225.0
2014-05-05,15/9-F-15,24.0,200.031,106.638,156.111,20.944,12.34684,43.92,30.815,258.0
2014-05-05,15/9-F-11,24.0,229.909,106.488,164.51,28.886,12.49976,65.399,66.702,1318.0
2014-05-05,15/9-F-14,24.0,257.712,100.032,226.226,21.117,100.0,31.486,87.826,544.0
2014-05-06,15/9-F-11,24.0,230.107,106.481,164.688,28.772,12.44398,65.418,66.135,1293.0
2014-05-06,15/9-F-14,24.0,257.928,100.039,226.41,21.125,100.0,31.517,87.588,536.0
2014-05-06,15/9-F-15,24.0,199.923,106.639,156.11,20.714,12.33648,43.814,29.245,254.0
2014-05-07,15/9-F-14,24.0,258.96,100.033,226.778,21.266,100.0,32.182,88.476,534.0
2014-05-07,15/9-F-11,24.0,230.344,106.469,164.981,28.997,12.36846,65.363,67.663,1281.0
2014-05-07,15/9-F-15,24.0,200.224,106.628,156.349,20.71,12.30764,43.875,32.089,252.0
2014-05-08,15/9-F-14,15.49,260.699,100.019,227.126,21.226,63.67934,33.573,88.182,263.0
2014-05-08,15/9-F-11,22.33,230.495,106.475,165.168,28.764,11.48842,65.327,65.745,1157.0
2014-05-08,15/9-F-15,24.0,200.245,106.624,156.46,20.338,12.32526,43.785,31.25,262.0
2014-05-09,15/9-F-11,13.17,256.711,105.428,179.567,11.84,5.74696,77.145,47.801,493.0
2014-05-09,15/9-F-15,24.0,199.745,106.639,156.26,20.578,12.33031,43.485,29.23,349.0
2014-05-10,15/9-F-11,24.0,233.162,106.01,167.981,23.899,11.48772,65.181,64.363,1206.0
2014-05-10,15/9-F-14,14.01,272.112,99.924,232.38,17.292,24.50581,39.733,76.948,107.0
2014-05-10,15/9-F-15,24.0,199.832,106.634,156.383,20.393,12.31691,43.449,29.027,254.0
2014-05-11,15/9-F-14,24.0,258.478,99.977,226.651,20.922,93.83945,31.827,87.311,469.0
2014-05-11,15/9-F-15,24.0,200.194,106.623,156.755,19.999,12.28563,43.438,31.449,232.0
2014-05-11,15/9-F-11,24.0,231.191,106.253,166.251,26.385,11.58278,64.941,64.777,1111.0
2014-05-12,15/9-F-11,24.0,230.735,106.323,165.889,26.926,11.63862,64.846,66.476,1090.0
2014-05-12,15/9-F-15,24.0,200.742,106.607,157.225,19.626,12.22793,43.517,33.212,225.0
2014-05-12,15/9-F-14,24.0,257.484,99.926,225.994,21.077,100.0,31.49,88.223,479.0
2014-05-13,15/9-F-11,24.0,231.108,106.342,165.986,26.747,11.61305,65.122,65.844,1109.0
2014-05-13,15/9-F-15,24.0,200.642,106.611,157.374,19.469,11.9658,43.268,31.681,223.0
2014-05-13,15/9-F-14,24.0,256.336,99.905,225.124,20.91,97.91667,31.212,87.865,481.0
2014-05-14,15/9-F-15,24.0,200.497,106.612,157.356,19.449,11.95197,43.141,33.201,226.0
2014-05-14,15/9-F-14,24.0,254.712,99.854,223.942,20.737,97.91667,30.77,87.964,487.0
2014-05-14,15/9-F-11,24.0,230.573,106.347,165.808,26.465,11.5877,64.765,65.927,1121.0
2014-05-15,15/9-F-14,24.0,254.794,99.843,224.157,20.734,97.91667,30.637,87.211,456.0
2014-05-15,15/9-F-15,24.0,200.331,106.612,157.326,19.561,11.91477,43.005,32.739,211.0
2014-05-15,15/9-F-11,24.0,229.046,106.349,165.26,26.248,11.61738,63.786,64.927,1052.0
2014-05-16,15/9-F-15,24.0,200.242,106.599,157.424,19.138,12.02191,42.818,32.98,210.0
2014-05-16,15/9-F-11,24.0,225.122,106.415,163.498,26.47,12.01707,61.624,65.58,1069.0
2014-05-16,15/9-F-14,24.0,255.722,99.863,224.703,20.835,97.91667,31.019,87.401,450.0
2014-05-17,15/9-F-14,24.0,255.773,99.901,224.774,21.007,100.0,30.999,87.748,456.0
2014-05-17,15/9-F-11,24.0,225.398,106.394,163.755,26.298,12.00761,61.642,66.474,1066.0
2014-05-17,15/9-F-15,24.0,195.289,106.737,154.049,22.107,13.13761,41.241,34.287,233.0
2014-05-18,15/9-F-14,24.0,255.486,99.927,224.918,20.945,97.91667,30.568,86.482,456.0
2014-05-18,15/9-F-11,24.0,225.322,106.383,163.826,26.038,11.75306,61.496,65.577,1061.0
2014-05-18,15/9-F-15,24.0,195.332,106.707,153.683,21.099,12.65232,41.649,31.262,226.0
2014-05-19,15/9-F-15,24.0,195.209,106.689,153.854,20.488,12.52351,41.355,29.988,221.0
2014-05-19,15/9-F-11,24.0,225.15,106.377,163.863,26.241,12.02399,61.287,66.151,1071.0
2014-05-19,15/9-F-14,24.0,255.659,99.938,225.03,21.064,97.91667,30.63,86.568,451.0
2014-05-20,15/9-F-15,24.0,195.136,106.672,153.995,20.038,12.68706,41.141,30.783,223.0
2014-05-20,15/9-F-14,24.0,255.822,99.952,225.148,21.118,100.0,30.674,87.535,454.0
2014-05-20,15/9-F-11,24.0,225.136,106.373,163.949,26.397,11.72354,61.187,66.6,1039.0
2014-05-21,15/9-F-14,24.0,255.95,99.965,225.265,21.157,100.0,30.685,87.381,454.0
2014-05-21,15/9-F-15,24.0,195.025,106.658,154.064,19.621,12.63899,40.96,31.564,222.0
2014-05-21,15/9-F-11,24.0,225.308,106.369,164.098,26.448,11.86473,61.211,66.175,1051.0
2014-05-22,15/9-F-15,24.0,195.225,106.638,154.364,18.973,12.61365,40.861,32.789,223.0
2014-05-22,15/9-F-14,24.0,256.512,100.002,225.642,21.347,100.0,30.87,87.796,459.0
2014-05-22,15/9-F-11,24.0,225.207,106.366,164.183,26.377,11.79343,61.025,66.506,1056.0
2014-05-23,15/9-F-14,24.0,257.264,100.046,226.251,21.461,100.0,31.013,87.426,464.0
2014-05-23,15/9-F-15,24.0,195.229,106.625,154.488,18.532,12.55323,40.741,31.889,225.0
2014-05-23,15/9-F-11,24.0,225.114,106.369,164.206,26.526,11.79418,60.908,64.81,1068.0
2014-05-24,15/9-F-11,24.0,225.213,106.379,164.352,27.267,11.82459,60.861,67.715,1079.0
2014-05-24,15/9-F-15,24.0,195.07,106.625,154.55,18.848,12.47143,40.52,35.728,225.0
2014-05-24,15/9-F-14,24.0,257.939,100.08,226.718,21.886,100.0,31.221,89.008,468.0
2014-05-25,15/9-F-11,24.0,225.042,106.405,164.29,27.715,12.06216,60.753,67.771,1102.0
2014-05-25,15/9-F-14,24.0,258.217,100.101,226.885,21.927,100.0,31.332,88.926,470.0
2014-05-25,15/9-F-15,24.0,196.762,106.576,155.544,18.102,12.14123,41.218,34.91,218.0
2014-05-26,15/9-F-11,24.0,225.101,106.428,164.324,27.985,11.93371,60.777,67.862,1058.0
2014-05-26,15/9-F-14,24.0,258.414,100.11,226.992,21.879,97.91667,31.422,88.253,448.0
2014-05-26,15/9-F-15,24.0,200.096,106.464,157.593,15.966,11.37569,42.504,30.44,196.0
2014-05-27,15/9-F-14,24.0,258.503,100.119,226.981,21.918,100.0,31.522,88.845,449.0
2014-05-27,15/9-F-15,24.0,200.098,106.489,157.949,16.109,11.78047,42.149,33.61,202.0
2014-05-27,15/9-F-11,24.0,225.241,106.431,164.516,28.265,12.17782,60.726,68.107,1063.0
2014-05-28,15/9-F-11,24.0,224.796,105.396,163.983,28.638,12.15465,60.813,68.374,1087.0
2014-05-28,15/9-F-14,24.0,257.568,99.352,226.043,21.996,100.0,31.525,88.745,416.0
2014-05-28,15/9-F-15,24.0,199.242,106.05,157.255,16.492,11.77514,41.987,32.65,231.0
2014-05-29,15/9-F-15,24.0,199.834,106.534,157.88,17.003,11.85823,41.954,35.124,234.0
2014-05-29,15/9-F-14,24.0,258.734,100.125,227.18,22.092,100.0,31.555,89.183,418.0
2014-05-29,15/9-F-11,24.0,225.553,106.455,164.764,28.932,12.19148,60.789,68.707,1096.0
2014-05-30,15/9-F-15,24.0,200.077,106.538,157.99,16.936,11.91687,42.087,35.038,237.0
2014-05-30,15/9-F-11,24.0,225.651,106.463,164.875,28.944,12.29901,60.776,68.408,1112.0
2014-05-30,15/9-F-14,24.0,258.889,100.119,227.302,22.012,100.0,31.586,89.135,421.0
2014-05-31,15/9-F-15,24.0,200.248,106.546,158.084,17.098,11.8981,42.164,34.596,241.0
2014-05-31,15/9-F-11,24.0,225.556,106.479,164.888,29.101,12.32057,60.668,68.356,1135.0
2014-05-31,15/9-F-14,24.0,259.013,100.119,227.417,21.967,100.0,31.597,89.115,429.0
2014-06-01,15/9-F-14,24.0,259.133,100.119,227.544,22.055,100.0,31.588,89.17,431.0
2014-06-01,15/9-F-11,24.0,225.12,106.5,164.734,29.532,12.44686,60.385,68.705,1153.0
2014-06-01,15/9-F-15,24.0,200.168,106.559,158.056,17.412,11.93852,42.112,35.078,244.0
2014-06-02,15/9-F-11,21.67,228.665,106.343,166.776,26.436,10.81303,61.889,64.388,1068.0
2014-06-02,15/9-F-15,21.5,202.564,106.387,158.708,16.076,10.63273,43.856,29.141,221.0
2014-06-02,15/9-F-14,22.0,265.382,100.051,229.578,20.979,72.32316,35.804,84.858,326.0
2014-06-03,15/9-F-11,24.0,225.119,106.398,165.403,28.062,12.01243,59.717,66.678,1109.0
2014-06-03,15/9-F-15,24.0,200.593,106.536,157.76,16.315,11.8355,42.833,28.159,240.0
2014-06-03,15/9-F-14,24.0,259.452,100.103,227.711,21.822,96.17584,31.741,87.409,412.0
2014-06-04,15/9-F-15,24.0,201.342,106.538,158.547,17.18,11.81703,42.794,28.888,237.0
2014-06-04,15/9-F-14,24.0,259.469,100.092,227.866,21.921,99.18506,31.603,87.925,422.0
2014-06-04,15/9-F-11,24.0,225.58,106.485,165.297,29.242,12.13072,60.283,68.158,1110.0
2014-06-05,15/9-F-15,24.0,200.802,106.572,158.448,17.855,12.01604,42.355,33.212,256.0
2014-06-05,15/9-F-14,24.0,259.602,100.093,227.947,22.0,99.13853,31.655,88.846,445.0
2014-06-05,15/9-F-11,24.0,225.173,106.538,165.08,28.171,12.20377,60.093,68.246,1179.0
2014-06-06,15/9-F-15,24.0,200.307,106.602,157.998,18.52,12.02974,42.309,34.064,256.0
2014-06-06,15/9-F-11,24.0,225.919,106.541,165.486,20.136,12.22974,60.433,69.075,1181.0
2014-06-06,15/9-F-14,24.0,259.669,100.083,228.026,22.076,99.1903,31.643,89.268,445.0
2014-06-07,15/9-F-14,24.0,259.744,100.076,228.135,22.053,99.26899,31.609,89.022,449.0
2014-06-07,15/9-F-15,24.0,200.139,106.617,157.657,18.823,12.03462,42.482,33.045,258.0
2014-06-07,15/9-F-11,24.0,225.237,106.563,165.228,20.485,12.3537,60.009,69.372,1200.0
2014-06-08,15/9-F-15,24.0,200.375,106.616,157.747,18.692,11.98439,42.628,32.035,256.0
2014-06-08,15/9-F-11,24.0,225.112,106.577,165.203,20.615,12.33334,59.91,68.103,1198.0
2014-06-08,15/9-F-14,24.0,259.796,100.069,228.264,21.958,100.0,31.532,88.111,452.0
2014-06-09,15/9-F-11,24.0,225.209,106.584,165.341,20.766,12.325,59.869,69.135,1349.0
2014-06-09,15/9-F-14,24.0,259.92,100.069,228.42,22.043,100.0,31.5,88.996,510.0
2014-06-09,15/9-F-15,24.0,200.335,106.623,157.702,18.879,11.97574,42.633,33.722,289.0
2014-06-10,15/9-F-14,24.0,260.003,100.069,228.52,21.942,100.0,31.483,88.2,451.0
2014-06-10,15/9-F-15,24.0,200.239,106.629,157.582,18.872,11.96954,42.657,31.541,256.0
2014-06-10,15/9-F-11,24.0,225.367,106.585,165.478,20.544,12.25788,59.889,68.559,1189.0
2014-06-11,15/9-F-14,24.0,260.026,100.063,228.524,21.963,100.0,31.502,88.626,453.0
2014-06-11,15/9-F-15,24.0,200.076,106.638,157.563,19.02,11.91031,42.513,33.883,255.0
2014-06-11,15/9-F-11,24.0,225.383,106.59,165.537,20.664,12.03581,59.847,67.876,1172.0
2014-06-12,15/9-F-14,24.0,260.037,100.06,228.486,22.048,100.0,31.551,89.373,452.0
2014-06-12,15/9-F-15,24.0,199.944,106.639,157.449,18.906,11.88757,42.495,35.817,254.0
2014-06-12,15/9-F-11,24.0,224.829,106.604,165.363,20.892,12.08718,59.466,69.577,1175.0
2014-06-13,15/9-F-11,24.0,224.688,106.61,165.339,20.752,12.20342,59.349,69.3,1117.0
2014-06-13,15/9-F-14,24.0,260.09,100.051,228.575,21.949,100.0,31.514,89.341,503.0
2014-06-13,15/9-F-15,24.0,200.124,106.636,157.381,18.914,11.92122,42.742,35.239,240.0
2014-06-14,15/9-F-11,24.0,224.868,106.608,165.466,20.541,12.24629,59.402,68.843,1102.0
2014-06-14,15/9-F-14,24.0,260.123,100.048,228.64,21.852,100.0,31.483,89.199,495.0
2014-06-14,15/9-F-15,24.0,199.802,106.644,157.125,18.935,11.93982,42.677,34.764,237.0
2014-06-15,15/9-F-11,24.0,224.949,106.605,165.57,20.568,12.24054,59.38,68.9,1104.0
2014-06-15,15/9-F-14,24.0,260.135,100.04,228.672,21.846,100.0,31.462,89.208,496.0
2014-06-15,15/9-F-15,24.0,199.653,106.648,156.928,19.017,11.91779,42.725,34.854,237.0
2014-06-16,15/9-F-11,24.0,223.112,106.63,164.848,20.638,12.31001,58.264,69.012,1121.0
2014-06-16,15/9-F-14,24.0,260.144,100.039,228.7,21.783,100.0,31.444,89.151,501.0
2014-06-16,15/9-F-15,24.0,199.448,106.653,156.795,19.038,11.65419,42.653,34.698,233.0
2014-06-17,15/9-F-11,24.0,220.392,106.696,163.596,21.257,13.09326,56.796,69.552,1156.0
2014-06-17,15/9-F-15,24.0,199.844,106.638,157.004,18.849,11.84593,42.84,34.929,232.0
2014-06-17,15/9-F-14,24.0,260.165,100.031,228.724,21.801,100.0,31.441,89.255,490.0
2014-06-18,15/9-F-11,24.0,220.029,106.7,163.439,20.597,13.23604,56.59,69.704,1160.0
2014-06-18,15/9-F-15,24.0,200.893,106.603,157.671,18.207,11.80505,43.222,35.334,230.0
2014-06-18,15/9-F-14,24.0,260.187,100.028,228.757,21.809,100.0,31.43,89.297,487.0
2014-06-19,15/9-F-15,24.0,201.665,106.576,158.252,17.469,11.70531,43.412,33.931,226.0
2014-06-19,15/9-F-14,24.0,260.255,100.02,228.846,21.688,100.0,31.409,89.072,484.0
2014-06-19,15/9-F-11,24.0,219.927,106.699,163.45,18.472,13.16294,56.476,69.1,1147.0
2014-06-20,15/9-F-11,24.0,219.906,106.695,163.532,18.735,13.20439,56.374,69.342,1147.0
2014-06-20,15/9-F-15,24.0,200.067,106.635,157.436,18.452,11.7761,42.63,35.021,227.0
2014-06-20,15/9-F-14,24.0,260.334,100.018,228.926,21.724,100.0,31.409,89.209,482.0
2014-06-21,15/9-F-15,24.0,200.699,106.608,157.658,18.129,11.81178,43.041,35.394,226.0
2014-06-21,15/9-F-11,24.0,219.47,106.698,163.393,18.799,13.31868,56.076,69.627,1146.0
2014-06-21,15/9-F-14,24.0,260.368,100.013,228.972,21.776,100.0,31.396,89.262,478.0
2014-06-22,15/9-F-15,24.0,200.023,106.629,157.287,18.454,11.82354,42.736,36.088,224.0
2014-06-22,15/9-F-14,24.0,260.457,100.009,229.05,21.759,100.0,31.407,89.278,474.0
2014-06-22,15/9-F-11,24.0,219.924,106.688,163.669,18.572,13.32115,56.255,69.364,1136.0
2014-06-23,15/9-F-14,24.0,260.923,100.004,229.215,21.853,100.0,31.708,89.309,466.0
2014-06-23,15/9-F-15,24.0,200.291,106.616,157.384,18.362,11.80333,42.908,36.37,220.0
2014-06-23,15/9-F-11,24.0,219.939,106.68,163.738,18.739,13.32524,56.201,69.548,1117.0
2014-06-24,15/9-F-15,24.0,200.352,106.608,157.535,17.892,11.6454,42.817,36.107,226.0
2014-06-24,15/9-F-11,24.0,219.701,106.687,163.658,18.578,13.33035,56.043,69.557,1169.0
2014-06-24,15/9-F-14,24.0,260.597,100.009,229.173,21.781,100.0,31.424,89.279,441.0
2014-06-25,15/9-F-14,24.0,260.687,100.009,229.264,21.852,100.0,31.423,89.373,463.0
2014-06-25,15/9-F-11,24.0,220.154,106.678,163.917,18.622,12.97433,56.237,69.665,1199.0
2014-06-25,15/9-F-15,24.0,200.155,106.614,157.401,18.151,11.39979,42.755,36.658,231.0
2014-06-26,15/9-F-11,16.33,234.444,106.283,170.228,12.987,7.66415,64.216,61.61,661.0
2014-06-26,15/9-F-14,16.5,174.793,66.574,138.442,19.605,51.0302,36.351,81.3,184.0
2014-06-26,15/9-F-15,16.5,207.258,106.166,160.885,15.053,7.4488,46.373,32.426,127.0
2014-06-27,15/9-F-11,23.33,230.927,105.737,171.21,13.18,11.12249,59.716,63.835,964.0
2014-06-27,15/9-F-15,23.33,201.321,105.666,156.435,15.391,11.04438,44.886,32.267,206.0
2014-06-27,15/9-F-14,23.5,147.201,54.638,111.757,21.052,74.26816,35.443,87.023,297.0
2014-06-28,15/9-F-11,24.0,219.879,106.542,164.771,19.781,12.64935,55.108,69.38,1120.0
2014-06-28,15/9-F-14,24.0,260.671,99.962,229.066,21.884,91.18342,31.606,89.18,395.0
2014-06-28,15/9-F-15,24.0,199.994,106.578,156.096,16.983,11.60716,43.898,33.913,226.0
2014-06-29,15/9-F-11,24.0,220.165,106.581,164.622,20.022,12.43966,55.543,69.086,1108.0
2014-06-29,15/9-F-15,24.0,200.213,106.597,157.052,17.373,11.34758,43.161,33.804,220.0
2014-06-29,15/9-F-14,24.0,260.588,99.961,229.296,21.862,97.91667,31.292,89.129,432.0
2014-06-30,15/9-F-15,24.0,200.168,106.609,157.894,17.54,11.35999,42.274,33.651,226.0
2014-06-30,15/9-F-11,24.0,220.296,106.598,164.595,20.06,12.51362,55.701,68.732,1141.0
2014-06-30,15/9-F-14,24.0,260.656,99.957,229.375,21.795,97.91667,31.281,89.141,443.0
2014-07-01,15/9-F-11,24.0,220.074,106.612,164.472,20.287,12.59422,55.602,68.996,1109.0
2014-07-01,15/9-F-15,24.0,199.964,106.623,158.058,17.935,11.71499,41.906,34.431,227.0
2014-07-01,15/9-F-14,24.0,260.617,99.95,229.306,21.818,100.0,31.311,89.173,439.0
2014-07-02,15/9-F-15,24.0,200.04,106.625,158.02,18.114,11.70204,42.02,33.598,227.0
2014-07-02,15/9-F-14,24.0,260.68,99.95,229.391,21.855,100.0,31.288,88.665,439.0
2014-07-02,15/9-F-11,24.0,220.109,106.619,164.462,20.468,12.59018,55.647,67.696,1109.0
2014-07-03,15/9-F-15,24.0,199.914,106.631,157.91,18.189,11.68182,42.004,33.452,226.0
2014-07-03,15/9-F-14,24.0,260.737,99.95,229.437,21.843,100.0,31.3,88.584,440.0
2014-07-03,15/9-F-11,24.0,220.094,106.623,164.462,20.351,12.59989,55.632,67.675,1111.0
2014-07-04,15/9-F-11,24.0,219.989,106.633,164.387,20.307,12.73121,55.603,67.638,1112.0
2014-07-04,15/9-F-15,24.0,200.093,106.629,157.883,18.031,11.72327,42.211,31.125,225.0
2014-07-04,15/9-F-14,24.0,260.79,99.953,229.575,21.732,100.0,31.215,87.801,436.0
2014-07-05,15/9-F-15,24.0,199.98,106.632,157.883,17.987,11.74758,42.097,31.357,226.0
2014-07-05,15/9-F-14,24.0,260.817,99.959,229.566,21.757,100.0,31.251,87.901,435.0
2014-07-05,15/9-F-11,24.0,220.05,106.632,164.448,20.407,12.70069,55.602,68.173,1108.0
2014-07-06,15/9-F-11,24.0,220.039,106.634,164.471,20.7,12.59595,55.569,69.264,1098.0
2014-07-06,15/9-F-15,24.0,200.05,106.632,157.844,18.183,11.76327,42.206,33.097,226.0
2014-07-06,15/9-F-14,24.0,260.875,99.961,229.553,21.936,100.0,31.323,88.836,435.0
2014-07-07,15/9-F-15,24.0,200.285,106.623,158.078,17.884,11.73917,42.207,33.946,229.0
2014-07-07,15/9-F-11,24.0,220.257,106.633,164.582,20.692,12.48899,55.675,68.903,1111.0
2014-07-07,15/9-F-14,24.0,260.895,99.967,229.582,21.903,100.0,31.314,88.964,443.0
2014-07-08,15/9-F-11,24.0,220.239,106.633,164.584,20.81,12.33656,55.655,69.313,1105.0
2014-07-08,15/9-F-15,24.0,200.098,106.629,158.153,18.032,11.71641,41.945,35.805,230.0
2014-07-08,15/9-F-14,24.0,260.927,99.968,229.58,22.008,100.0,31.348,89.403,445.0
2014-07-09,15/9-F-11,24.0,220.099,106.635,164.513,20.872,12.33263,55.586,69.805,1101.0
2014-07-09,15/9-F-14,24.0,260.919,99.972,229.551,21.9,100.0,31.368,89.261,444.0
2014-07-09,15/9-F-15,24.0,199.506,106.648,157.677,18.219,11.75683,41.829,35.885,230.0
2014-07-10,15/9-F-11,24.0,219.899,106.642,164.42,20.591,12.2263,55.479,69.495,1109.0
2014-07-10,15/9-F-14,24.0,260.691,99.974,229.382,21.945,100.0,31.31,89.087,451.0
2014-07-10,15/9-F-15,24.0,199.583,106.643,157.712,18.22,11.726,41.872,35.745,233.0
2014-07-11,15/9-F-14,24.0,260.546,99.965,229.267,21.912,100.0,31.28,88.996,452.0
2014-07-11,15/9-F-11,24.0,220.561,106.635,164.711,20.615,12.14892,55.851,69.742,1106.0
2014-07-11,15/9-F-15,24.0,199.94,106.629,158.022,18.036,11.66395,41.918,35.631,233.0
2014-07-12,15/9-F-14,24.0,260.247,99.952,229.058,21.834,100.0,31.189,88.863,444.0
2014-07-12,15/9-F-11,24.0,219.43,106.651,164.163,21.078,12.57979,55.268,69.886,1120.0
2014-07-12,15/9-F-15,24.0,198.723,106.666,157.308,18.612,11.81433,41.415,34.68,232.0
2014-07-13,15/9-F-11,24.0,218.929,106.67,163.981,21.037,12.49426,54.947,69.713,1109.0
2014-07-13,15/9-F-14,24.0,259.998,99.935,228.896,21.725,100.0,31.102,88.266,442.0
2014-07-13,15/9-F-15,24.0,198.555,106.666,156.941,18.613,11.76101,41.614,33.695,230.0
2014-07-14,15/9-F-14,24.0,259.853,99.923,228.739,21.764,100.0,31.114,89.307,436.0
2014-07-14,15/9-F-15,24.0,198.581,106.657,157.145,18.544,11.74307,41.436,37.183,226.0
2014-07-14,15/9-F-11,24.0,218.738,106.664,163.85,21.078,12.45649,54.889,69.997,1091.0
2014-07-15,15/9-F-11,24.0,217.943,106.664,163.467,20.691,12.53134,54.476,69.099,1118.0
2014-07-15,15/9-F-14,24.0,259.94,99.921,228.867,21.64,100.0,31.073,88.74,444.0
2014-07-15,15/9-F-15,24.0,197.768,106.675,156.689,18.573,11.86365,41.078,34.944,233.0
2014-07-16,15/9-F-15,24.0,197.545,106.672,156.545,18.524,11.87307,41.0,34.879,232.0
2014-07-16,15/9-F-11,24.0,217.782,106.655,163.404,20.716,12.53684,54.378,69.103,1110.0
2014-07-16,15/9-F-14,24.0,259.855,99.929,228.82,21.603,100.0,31.035,88.456,441.0
2014-07-17,15/9-F-15,24.0,197.341,106.668,156.44,18.405,11.85328,40.901,35.151,231.0
2014-07-17,15/9-F-14,24.0,259.914,99.929,228.837,21.562,100.0,31.077,88.524,441.0
2014-07-17,15/9-F-11,24.0,217.989,106.642,163.521,20.686,12.44166,54.467,68.721,1102.0
2014-07-18,15/9-F-15,24.0,197.077,106.667,156.358,18.544,11.85572,40.719,37.607,229.0
2014-07-18,15/9-F-11,24.0,218.006,106.633,163.568,20.933,12.45303,54.437,70.05,1095.0
2014-07-18,15/9-F-14,24.0,260.024,99.929,228.891,21.75,100.0,31.133,89.333,438.0
2014-07-19,15/9-F-11,24.0,217.963,106.628,163.554,20.817,12.46964,54.409,69.312,1095.0
2014-07-19,15/9-F-15,24.0,196.736,106.67,156.111,18.514,11.85625,40.625,34.8,229.0
2014-07-19,15/9-F-14,24.0,260.234,99.929,229.133,21.685,100.0,31.101,88.843,437.0
2014-07-20,15/9-F-14,23.08,263.87,99.897,230.118,21.135,84.31824,33.752,85.37,381.0
2014-07-20,15/9-F-11,22.67,220.084,106.542,164.616,19.226,11.39414,55.468,67.671,1064.0
2014-07-20,15/9-F-15,18.59,196.722,106.664,156.072,18.164,9.65508,40.649,30.856,155.0
2014-07-21,15/9-F-11,24.0,220.598,106.489,165.545,19.451,11.50386,55.054,68.442,1048.0
2014-07-21,15/9-F-15,18.07,202.393,106.208,158.098,13.144,9.25467,44.294,32.776,134.0
2014-07-21,15/9-F-14,24.0,260.728,99.925,229.319,21.593,93.47771,31.409,88.062,415.0
2014-07-22,15/9-F-11,24.0,220.558,106.559,165.086,20.749,11.60849,55.472,69.763,1047.0
2014-07-22,15/9-F-14,24.0,260.518,99.92,229.28,21.816,100.0,31.237,89.296,446.0
2014-07-22,15/9-F-15,24.0,200.383,106.518,156.213,15.908,11.44436,44.17,34.129,224.0
2014-07-23,15/9-F-11,24.0,220.284,106.579,164.863,20.943,11.61153,55.421,69.611,1038.0
2014-07-23,15/9-F-15,24.0,200.249,106.536,157.042,15.921,11.42846,43.207,34.98,222.0
2014-07-23,15/9-F-14,24.0,260.536,99.922,229.29,21.777,100.0,31.245,89.245,442.0
2014-07-24,15/9-F-14,24.0,260.608,99.925,229.352,21.887,100.0,31.256,89.519,448.0
2014-07-24,15/9-F-15,24.0,200.027,106.557,158.131,16.427,11.37354,41.896,36.253,223.0
2014-07-24,15/9-F-11,24.0,220.177,106.59,164.775,21.088,11.61786,55.402,70.32,1051.0
2014-07-25,15/9-F-14,24.0,260.706,99.92,229.431,21.904,100.0,31.275,89.531,444.0
2014-07-25,15/9-F-15,24.0,200.154,106.563,159.27,16.786,11.53466,40.884,36.119,225.0
2014-07-25,15/9-F-11,24.0,220.119,106.596,164.708,21.115,11.77819,55.41,70.395,1056.0
2014-07-26,15/9-F-14,24.0,261.192,99.913,229.558,21.954,100.0,31.634,89.578,442.0
2014-07-26,15/9-F-15,24.0,199.917,106.578,159.029,17.193,11.52053,40.888,36.64,224.0
2014-07-26,15/9-F-11,24.0,220.515,106.59,164.907,20.955,11.71728,55.608,70.539,1045.0
2014-07-27,15/9-F-15,24.0,200.02,106.581,158.906,17.164,11.55733,41.115,34.764,226.0
2014-07-27,15/9-F-14,24.0,261.49,99.908,229.658,21.838,100.0,31.833,89.145,444.0
2014-07-27,15/9-F-11,24.0,220.218,106.598,164.75,20.796,11.72964,55.468,70.251,1052.0
2014-07-28,15/9-F-11,24.0,220.247,106.597,164.783,20.784,11.76662,55.464,70.354,1047.0
2014-07-28,15/9-F-14,24.0,261.518,99.908,229.621,21.836,100.0,31.897,89.481,441.0
2014-07-28,15/9-F-15,24.0,200.281,106.575,159.156,16.907,11.6052,41.124,36.083,225.0
2014-07-29,15/9-F-11,24.0,220.263,106.596,164.778,20.77,11.777,55.485,69.757,1040.0
2014-07-29,15/9-F-14,24.0,261.52,99.908,229.649,21.786,100.0,31.871,89.131,438.0
2014-07-29,15/9-F-15,24.0,199.931,106.588,158.867,17.08,11.62993,41.063,35.52,224.0
2014-07-30,15/9-F-14,24.0,261.001,99.918,229.586,21.715,100.0,31.415,88.722,419.0
2014-07-30,15/9-F-11,24.0,220.282,106.595,164.792,20.478,11.80331,55.49,69.213,997.0
2014-07-30,15/9-F-15,24.0,199.611,106.6,158.439,17.174,11.64838,41.171,34.787,215.0
2014-07-31,15/9-F-15,24.0,199.36,106.606,158.328,17.259,11.66723,41.032,35.495,196.0
2014-07-31,15/9-F-11,24.0,220.064,106.598,164.711,20.612,11.87163,55.353,69.951,1255.0
2014-07-31,15/9-F-14,24.0,260.797,99.92,229.523,21.756,100.0,31.274,89.297,355.0
2014-08-01,15/9-F-11,24.0,220.028,106.597,164.698,20.724,11.91673,55.33,69.985,1268.0
2014-08-01,15/9-F-15,24.0,199.936,106.587,158.539,17.052,11.56674,41.397,34.336,196.0
2014-08-01,15/9-F-14,24.0,260.845,99.92,229.607,21.779,100.0,31.237,89.224,358.0
2014-08-02,15/9-F-14,24.0,260.863,99.92,229.626,21.763,100.0,31.237,88.899,359.0
2014-08-02,15/9-F-11,24.0,220.041,106.6,164.671,20.739,11.86315,55.371,69.716,1268.0
2014-08-02,15/9-F-15,24.0,200.328,106.573,159.039,16.707,11.51063,41.289,33.861,195.0
2014-08-03,15/9-F-11,24.0,220.075,106.599,164.684,20.608,11.86093,55.39,69.304,1261.0
2014-08-03,15/9-F-15,24.0,200.464,106.569,159.122,16.502,11.51049,41.342,33.506,194.0
2014-08-03,15/9-F-14,24.0,260.659,99.911,229.505,21.687,100.0,31.154,88.623,358.0
2014-08-04,15/9-F-11,24.0,219.998,106.602,164.614,20.545,11.84168,55.384,67.951,1280.0
2014-08-04,15/9-F-14,24.0,260.644,99.908,229.519,21.585,100.0,31.125,88.03,364.0
2014-08-04,15/9-F-15,24.0,200.297,106.576,159.01,16.567,11.51499,41.287,32.63,198.0
2014-08-05,15/9-F-11,24.0,220.156,106.596,164.75,20.683,11.85189,55.406,70.045,1237.0
2014-08-05,15/9-F-14,24.0,260.692,99.904,229.469,21.755,100.0,31.223,89.378,351.0
2014-08-05,15/9-F-15,24.0,200.132,106.58,158.901,16.741,11.51232,41.231,36.54,191.0
2014-08-06,15/9-F-15,24.0,199.933,106.586,158.606,16.883,11.52624,41.327,33.07,198.0
2014-08-06,15/9-F-11,24.0,219.842,106.599,164.606,20.618,11.92191,55.236,69.55,1243.0
2014-08-06,15/9-F-14,24.0,260.751,99.899,229.612,21.657,100.0,31.139,88.5,350.0
2014-08-07,15/9-F-14,24.0,260.757,99.899,229.574,21.673,97.91667,31.183,89.147,334.0
2014-08-07,15/9-F-11,24.0,220.378,106.582,164.924,20.517,11.64727,55.454,69.572,1183.0
2014-08-07,15/9-F-15,24.0,200.089,106.578,158.795,16.65,11.27283,41.294,35.413,187.0
2014-08-08,15/9-F-14,24.0,260.785,99.899,229.598,21.756,97.91667,31.187,89.426,332.0
2014-08-08,15/9-F-15,24.0,200.038,106.578,158.833,16.713,11.2879,41.205,35.81,187.0
2014-08-08,15/9-F-11,24.0,219.921,106.588,164.723,20.703,11.68502,55.198,70.218,1179.0
2014-08-09,15/9-F-14,24.0,260.849,99.891,229.722,21.472,100.0,31.128,87.68,331.0
2014-08-09,15/9-F-15,24.0,199.951,106.579,158.67,16.462,11.52987,41.281,31.834,187.0
2014-08-09,15/9-F-11,24.0,220.077,106.581,164.822,19.955,11.94414,55.254,67.067,1176.0
2014-08-10,15/9-F-15,24.0,200.374,106.563,158.923,16.131,11.33049,41.451,31.38,184.0
2014-08-10,15/9-F-11,24.0,220.193,106.582,164.862,19.96,11.74443,55.332,66.846,1164.0
2014-08-10,15/9-F-14,24.0,260.926,99.888,229.804,21.454,97.91667,31.122,87.679,326.0
2014-08-11,15/9-F-15,24.0,200.205,106.566,158.976,15.918,11.36618,41.229,29.224,191.0
2014-08-11,15/9-F-14,24.0,261.07,99.887,229.963,21.346,97.91667,31.107,86.602,337.0
2014-08-11,15/9-F-11,24.0,219.924,106.583,164.754,19.75,11.77372,55.17,65.616,1206.0
2014-08-12,15/9-F-15,24.0,199.845,106.578,158.637,16.124,11.60185,41.208,30.683,195.0
2014-08-12,15/9-F-14,24.0,260.952,99.887,229.819,21.383,100.0,31.133,87.027,341.0
2014-08-12,15/9-F-11,24.0,220.231,106.578,164.915,19.781,11.97582,55.316,64.163,1214.0
2014-08-13,15/9-F-15,24.0,199.449,106.589,158.402,16.317,11.64088,41.047,32.416,195.0
2014-08-13,15/9-F-14,24.0,260.907,99.888,229.79,21.471,100.0,31.117,88.288,339.0
2014-08-13,15/9-F-11,24.0,219.939,106.58,164.836,20.037,12.11084,55.104,67.543,1223.0
2014-08-14,15/9-F-15,24.0,199.748,106.575,158.471,16.276,11.51225,41.277,35.666,193.0
2014-08-14,15/9-F-11,24.0,220.319,106.573,165.074,20.118,12.1116,55.245,69.39,1229.0
2014-08-14,15/9-F-14,24.0,260.929,99.888,229.737,21.587,100.0,31.192,89.208,341.0
2014-08-15,15/9-F-11,24.0,219.974,106.58,164.913,20.172,12.13605,55.062,69.299,1235.0
2014-08-15,15/9-F-15,24.0,199.462,106.582,158.515,16.221,11.43267,40.947,35.491,191.0
2014-08-15,15/9-F-14,24.0,260.801,99.885,229.656,21.541,100.0,31.145,89.139,342.0
2014-08-16,15/9-F-14,24.0,260.762,99.879,229.635,21.469,100.0,31.127,88.278,341.0
2014-08-16,15/9-F-15,24.0,199.272,106.587,158.307,16.308,11.43594,40.964,33.704,191.0
2014-08-16,15/9-F-11,24.0,219.862,106.585,164.838,20.172,12.133,55.024,67.866,1229.0
2014-08-17,15/9-F-14,24.0,260.754,99.879,229.682,21.484,100.0,31.073,88.346,341.0
2014-08-17,15/9-F-11,24.0,220.023,106.578,164.961,20.229,12.15433,55.062,68.332,1232.0
2014-08-17,15/9-F-15,24.0,199.596,106.572,158.585,16.073,11.43119,41.011,34.033,191.0
2014-08-18,15/9-F-14,24.0,260.702,99.877,229.682,21.388,100.0,31.021,88.775,338.0
2014-08-18,15/9-F-15,24.0,200.528,106.534,159.25,15.241,11.42564,41.278,33.517,189.0
2014-08-18,15/9-F-11,24.0,220.082,106.576,165.027,19.923,12.20041,55.055,68.705,1228.0
2014-08-19,15/9-F-14,1.66,265.717,99.887,234.31,21.251,11.01119,31.408,87.964,4.0
2014-08-19,15/9-F-15,1.33,201.58,106.557,162.861,15.377,9.94066,38.718,33.265,23.0
2014-08-19,15/9-F-11,1.33,228.85,106.619,178.193,19.603,5.01784,50.657,68.247,79.0
2014-08-25,15/9-F-11,22.62,256.248,105.341,183.896,13.123,7.89568,72.352,53.548,741.0
2014-08-25,15/9-F-14,22.63,267.621,99.875,232.526,18.146,51.86662,35.095,82.229,156.0
2014-08-26,15/9-F-11,24.0,255.573,105.595,183.893,26.623,7.72511,71.68,60.243,583.0
2014-08-26,15/9-F-14,24.0,260.41,99.529,229.013,21.267,91.7058,31.397,88.365,333.0
2014-08-27,15/9-F-11,24.0,259.995,105.348,185.429,25.524,7.01768,74.565,57.532,522.0
2014-08-27,15/9-F-14,24.0,260.281,99.548,229.36,21.715,99.80907,30.92,88.592,358.0
2014-08-28,15/9-F-11,23.17,251.546,104.244,179.508,23.916,7.49077,72.038,57.664,590.0
2014-08-28,15/9-F-14,23.5,164.074,62.441,130.258,21.21,76.42802,33.816,85.062,290.0
2014-08-29,15/9-F-11,24.0,261.59,105.444,185.892,14.0,6.62273,75.697,54.513,517.0
2014-08-29,15/9-F-14,24.0,177.674,68.206,146.86,21.601,99.29056,30.814,86.924,374.0
2014-08-30,15/9-F-11,24.0,265.072,105.514,187.945,12.955,6.3087,77.127,53.432,482.0
2014-08-30,15/9-F-14,24.0,260.126,99.75,229.229,21.728,99.99927,30.897,87.673,369.0
2014-08-31,15/9-F-11,24.0,265.787,105.483,188.433,12.885,6.00958,77.354,54.855,470.0
2014-08-31,15/9-F-14,24.0,259.814,99.818,228.933,21.65,100.0,30.881,88.506,377.0
2014-09-01,15/9-F-14,24.0,259.728,99.867,228.7,21.666,100.0,31.028,88.027,370.0
2014-09-01,15/9-F-11,24.0,265.812,105.45,188.764,12.532,6.38008,77.048,53.29,488.0
2014-09-02,15/9-F-15,9.13,257.04,103.574,181.135,2.815,3.95111,75.906,24.507,30.0
2014-09-02,15/9-F-14,24.0,259.916,99.868,228.755,21.892,100.0,31.161,88.98,419.0
2014-09-02,15/9-F-11,24.0,259.083,105.569,185.517,14.553,7.03163,73.565,57.545,611.0
2014-09-03,15/9-F-14,22.17,263.528,99.825,230.346,21.36,76.38904,33.182,87.115,306.0
2014-09-03,15/9-F-11,20.33,227.289,106.183,171.584,21.305,10.54495,55.705,67.245,1123.0
2014-09-03,15/9-F-15,22.5,215.908,106.502,161.807,14.245,11.34421,54.102,30.592,228.0
2014-09-04,15/9-F-15,24.0,203.551,106.931,155.097,24.387,12.3785,48.454,33.97,212.0
2014-09-04,15/9-F-14,24.0,260.825,99.864,229.377,21.817,96.03764,31.448,88.407,327.0
2014-09-04,15/9-F-11,24.0,220.124,106.435,166.452,25.132,13.02282,53.672,69.846,1319.0
2014-09-05,15/9-F-14,24.0,260.559,99.867,229.465,21.924,100.0,31.094,88.68,335.0
2014-09-05,15/9-F-15,24.0,201.346,107.013,155.503,27.034,12.52594,45.843,36.348,211.0
2014-09-05,15/9-F-11,24.0,220.241,106.492,166.094,25.924,12.62891,54.147,70.065,1258.0
2014-09-06,15/9-F-15,24.0,200.684,107.002,155.069,26.977,11.97364,45.615,37.176,204.0
2014-09-06,15/9-F-11,24.0,219.884,106.493,165.893,25.879,12.27876,53.991,69.911,1246.0
2014-09-06,15/9-F-14,24.0,260.564,99.873,229.405,21.966,97.91667,31.159,88.98,334.0
2014-09-07,15/9-F-15,24.0,199.561,106.992,154.862,26.69,12.20507,44.699,36.124,204.0
2014-09-07,15/9-F-11,24.0,219.476,106.502,165.616,25.8,12.52074,53.86,69.432,1241.0
2014-09-07,15/9-F-14,24.0,260.468,99.878,229.325,21.969,100.0,31.143,88.624,334.0
2014-09-08,15/9-F-14,24.0,260.328,99.879,229.165,21.912,100.0,31.163,88.848,333.0
2014-09-08,15/9-F-11,24.0,219.523,106.5,165.627,25.576,12.49485,53.896,69.532,1237.0
2014-09-08,15/9-F-15,24.0,200.036,106.946,155.617,25.184,11.89289,44.419,35.52,197.0
2014-09-09,15/9-F-15,24.0,199.627,106.927,155.806,24.533,12.13306,43.822,34.676,201.0
2014-09-09,15/9-F-14,24.0,260.259,99.875,229.087,21.852,100.0,31.172,88.823,332.0
2014-09-09,15/9-F-11,24.0,219.306,106.499,165.504,25.438,12.47704,53.802,69.391,1229.0
2014-09-10,15/9-F-11,24.0,219.565,106.494,165.62,25.66,12.34912,53.945,70.013,1220.0
2014-09-10,15/9-F-14,24.0,260.236,99.868,229.034,22.023,100.0,31.202,89.146,332.0
2014-09-10,15/9-F-15,24.0,199.973,106.892,156.27,23.983,11.9098,43.703,36.867,197.0
2014-09-11,15/9-F-11,24.0,219.764,106.489,165.698,25.631,12.31114,54.066,70.009,1196.0
2014-09-11,15/9-F-15,24.0,200.579,106.85,157.287,23.024,11.75816,43.292,36.896,190.0
2014-09-11,15/9-F-14,24.0,260.265,99.859,229.066,22.06,100.0,31.199,89.2,327.0
2014-09-12,15/9-F-15,24.0,199.951,106.845,157.009,22.484,11.73688,42.942,36.432,196.0
2014-09-12,15/9-F-14,24.0,260.322,99.853,229.117,22.028,100.0,31.206,89.109,338.0
2014-09-12,15/9-F-11,24.0,220.213,106.48,165.921,25.498,12.15938,54.292,69.721,1223.0
2014-09-13,15/9-F-15,24.0,200.476,106.811,157.37,21.926,11.64471,43.106,36.241,194.0
2014-09-13,15/9-F-14,24.0,260.386,99.846,229.189,22.042,100.0,31.197,89.136,337.0
2014-09-13,15/9-F-11,24.0,219.669,106.486,165.665,25.598,12.21352,54.005,69.904,1223.0
2014-09-14,15/9-F-15,24.0,200.288,106.793,157.808,21.147,11.56665,42.48,36.533,189.0
2014-09-14,15/9-F-11,24.0,219.644,106.485,165.673,25.569,12.16664,53.971,70.058,1201.0
2014-09-14,15/9-F-14,24.0,260.468,99.839,229.262,22.014,100.0,31.206,89.036,332.0
2014-09-15,15/9-F-11,24.0,219.553,106.487,165.628,25.449,12.15523,53.925,68.877,1227.0
2014-09-15,15/9-F-15,24.0,200.276,106.78,157.562,20.857,11.50843,42.714,35.117,192.0
2014-09-15,15/9-F-14,24.0,260.53,99.828,229.362,21.906,100.0,31.168,88.695,339.0
2014-09-16,15/9-F-14,24.0,260.72,99.818,229.533,21.725,100.0,31.187,86.847,336.0
2014-09-16,15/9-F-15,24.0,201.513,106.724,158.853,19.333,11.4293,42.659,29.147,188.0
2014-09-16,15/9-F-11,24.0,219.577,106.484,165.651,25.263,12.17985,53.926,67.92,1216.0
2014-09-17,15/9-F-15,24.0,199.931,106.761,157.795,19.881,11.21559,42.136,28.836,185.0
2014-09-17,15/9-F-11,24.0,220.08,106.478,165.931,25.285,11.87725,54.149,68.654,1204.0
2014-09-17,15/9-F-14,24.0,260.681,99.808,229.589,21.708,97.91667,31.092,86.805,333.0
2014-09-18,15/9-F-11,24.0,220.156,106.477,166.006,25.347,12.12078,54.15,69.141,1200.0
2014-09-18,15/9-F-14,24.0,260.753,99.8,229.663,21.742,97.91667,31.09,86.988,333.0
2014-09-18,15/9-F-15,24.0,199.676,106.754,157.686,19.93,11.24266,41.991,29.457,197.0
2014-09-19,15/9-F-15,24.0,200.387,106.718,158.332,19.227,11.21568,42.055,31.375,196.0
2014-09-19,15/9-F-14,24.0,260.852,99.793,229.74,21.835,97.91667,31.112,88.396,331.0
2014-09-19,15/9-F-11,24.0,220.309,106.472,166.125,25.665,12.07843,54.185,69.39,1189.0
2014-09-20,15/9-F-11,24.0,220.493,106.468,166.275,25.536,11.76653,54.217,69.617,1186.0
2014-09-20,15/9-F-14,24.0,260.921,99.787,229.727,21.843,97.91667,31.194,89.044,340.0
2014-09-20,15/9-F-15,24.0,199.575,106.732,158.035,19.228,11.22596,41.54,34.584,201.0
2014-09-21,15/9-F-14,24.0,261.043,99.778,229.88,21.713,97.91667,31.162,88.801,333.0
2014-09-21,15/9-F-15,24.0,200.012,106.708,158.32,18.445,11.22133,41.692,33.165,197.0
2014-09-21,15/9-F-11,24.0,220.573,106.466,166.35,25.31,12.01111,54.224,68.971,1189.0
2014-09-22,15/9-F-15,24.0,199.669,106.709,158.309,18.587,11.24063,41.36,34.242,197.0
2014-09-22,15/9-F-11,24.0,220.41,106.47,166.319,25.529,12.05661,54.091,69.371,1194.0
2014-09-22,15/9-F-14,24.0,261.119,99.772,229.922,21.81,97.91667,31.197,88.997,333.0
2014-09-23,15/9-F-14,24.0,261.18,99.768,229.98,21.845,100.0,31.2,88.959,339.0
2014-09-23,15/9-F-15,24.0,199.977,106.692,158.478,18.277,11.46883,41.5,34.692,198.0
2014-09-23,15/9-F-11,24.0,220.219,106.477,166.238,25.72,12.05731,53.981,69.367,1188.0
2014-09-24,15/9-F-11,24.0,220.149,106.478,166.25,25.664,12.09083,53.899,69.731,1187.0
2014-09-24,15/9-F-14,24.0,261.191,99.757,229.993,21.837,100.0,31.198,89.059,338.0
2014-09-24,15/9-F-15,24.0,200.13,106.679,158.864,17.946,11.47285,41.266,35.141,198.0
2014-09-25,15/9-F-11,24.0,220.181,106.478,166.287,25.52,12.05601,53.894,68.377,1187.0
2014-09-25,15/9-F-15,24.0,199.741,106.687,158.512,17.818,11.4528,41.229,32.929,198.0
2014-09-25,15/9-F-14,24.0,261.2,99.748,230.036,21.704,100.0,31.164,88.325,339.0
2014-09-26,15/9-F-14,24.0,261.214,99.74,230.093,21.604,100.0,31.121,87.881,339.0
2014-09-26,15/9-F-11,24.0,220.175,106.477,166.329,25.244,12.0348,53.846,67.905,1185.0
2014-09-26,15/9-F-15,24.0,199.6,106.685,158.499,17.653,11.44337,41.101,32.489,198.0
2014-09-27,15/9-F-15,24.0,199.527,106.683,158.486,17.541,11.42467,41.041,32.431,196.0
2014-09-27,15/9-F-11,24.0,220.47,106.475,166.476,25.28,11.98322,53.994,67.611,1169.0
2014-09-27,15/9-F-14,24.0,261.264,99.734,230.125,21.568,100.0,31.139,87.633,336.0
2014-09-28,15/9-F-14,24.0,261.286,99.728,230.149,21.629,100.0,31.137,88.033,335.0
2014-09-28,15/9-F-15,24.0,199.514,106.678,158.587,17.531,11.41419,40.926,33.042,195.0
2014-09-28,15/9-F-11,24.0,220.704,106.47,166.643,25.486,11.9785,54.061,67.913,1164.0
2014-09-29,15/9-F-14,1.26,269.57,99.718,236.661,21.673,10.41123,32.91,88.115,5.0
2014-09-29,15/9-F-15,1.09,201.767,106.668,162.095,17.629,3.04923,39.672,35.313,11.0
2014-09-29,15/9-F-11,1.09,230.429,106.508,177.747,25.536,2.55716,52.682,69.387,40.0
2014-09-30,15/9-F-14,18.24,267.47,99.663,232.714,19.322,43.94482,34.756,82.783,158.0
2014-09-30,15/9-F-11,21.24,248.877,105.553,181.361,11.998,7.43655,67.516,54.823,680.0
2014-09-30,15/9-F-15,14.74,215.242,105.7,164.749,7.663,7.25661,50.493,27.236,114.0
2014-10-01,15/9-F-15,24.0,200.026,106.621,156.017,16.017,11.61428,44.01,29.799,190.0
2014-10-01,15/9-F-14,24.0,261.34,99.671,230.3,21.493,100.0,31.041,87.9,323.0
2014-10-01,15/9-F-11,24.0,219.699,106.277,167.854,23.955,12.02507,51.845,68.68,1129.0
2014-10-02,15/9-F-11,24.0,219.558,106.396,167.111,25.215,12.05842,52.447,68.413,1196.0
2014-10-02,15/9-F-14,24.0,261.68,99.678,230.622,21.757,100.0,31.057,88.218,341.0
2014-10-02,15/9-F-15,24.0,200.273,106.63,156.233,16.324,11.02607,44.04,31.635,195.0
2014-10-03,15/9-F-11,24.0,219.839,106.424,167.038,25.313,12.07496,52.801,66.412,1093.0
2014-10-03,15/9-F-14,24.0,262.317,99.641,230.866,21.573,100.0,31.451,86.944,311.0
2014-10-03,15/9-F-15,24.0,201.692,106.625,159.083,15.7,11.04487,42.609,28.733,178.0
2014-10-04,15/9-F-14,24.0,261.483,99.647,230.411,21.625,100.0,31.072,87.38,326.0
2014-10-04,15/9-F-11,24.0,219.671,106.434,166.932,25.566,12.06676,52.738,67.555,1143.0
2014-10-04,15/9-F-15,24.0,199.845,106.686,159.343,17.039,11.57861,40.502,29.964,192.0
2014-10-05,15/9-F-15,24.0,200.442,106.681,159.425,17.294,11.46082,41.017,31.435,188.0
2014-10-05,15/9-F-14,24.0,261.664,99.648,230.505,21.725,100.0,31.16,88.133,322.0
2014-10-05,15/9-F-11,24.0,219.482,106.449,166.802,25.941,12.09516,52.68,68.568,1134.0
2014-10-06,15/9-F-14,24.0,261.723,99.66,230.661,21.554,100.0,31.062,85.538,321.0
2014-10-06,15/9-F-15,24.0,200.354,106.687,159.365,17.154,11.45266,40.988,26.473,187.0
2014-10-06,15/9-F-11,24.0,219.403,106.457,166.733,25.567,12.0653,52.67,66.208,1125.0
2014-10-07,15/9-F-14,24.0,261.427,99.684,230.399,21.338,100.0,31.027,85.609,324.0
2014-10-07,15/9-F-11,24.0,219.22,106.462,166.634,25.043,12.07798,52.585,62.596,1136.0
2014-10-07,15/9-F-15,24.0,199.937,106.703,158.949,17.242,11.49874,40.988,25.431,190.0
2014-10-08,15/9-F-14,24.0,261.532,99.689,230.436,21.665,100.0,31.096,87.603,320.0
2014-10-08,15/9-F-15,24.0,201.342,106.662,159.88,16.701,11.19568,41.463,30.234,185.0
2014-10-08,15/9-F-11,24.0,219.654,106.46,166.855,25.721,12.00717,52.799,66.158,1118.0
2014-10-09,15/9-F-14,24.0,261.362,99.684,230.285,21.661,100.0,31.077,87.579,327.0
2014-10-09,15/9-F-11,24.0,219.812,106.462,166.928,25.649,11.92796,52.885,66.348,1104.0
2014-10-09,15/9-F-15,24.0,200.193,106.698,159.307,17.3,11.42344,40.886,30.481,191.0
2014-10-10,15/9-F-15,24.0,199.975,106.708,159.024,17.463,11.37316,40.952,32.21,193.0
2014-10-10,15/9-F-14,24.0,261.264,99.68,230.194,21.662,100.0,31.069,87.746,331.0
2014-10-10,15/9-F-11,24.0,220.342,106.455,167.18,25.789,11.59102,53.161,67.44,1083.0
2014-10-11,15/9-F-15,24.0,199.82,106.71,158.886,17.659,11.38993,40.934,32.377,190.0
2014-10-11,15/9-F-11,24.0,219.922,106.457,166.993,25.943,11.85447,52.929,67.692,1097.0
2014-10-11,15/9-F-14,24.0,261.349,99.68,230.312,21.715,100.0,31.036,88.105,327.0
2014-10-12,15/9-F-15,24.0,200.532,106.682,159.692,17.088,11.35188,40.841,33.067,189.0
2014-10-12,15/9-F-11,24.0,220.187,106.45,167.148,26.033,11.82243,53.038,68.341,1089.0
2014-10-12,15/9-F-14,24.0,261.391,99.678,230.316,21.737,100.0,31.075,88.369,326.0
2014-10-13,15/9-F-14,24.0,261.266,99.68,230.188,21.837,100.0,31.078,88.864,323.0
2014-10-13,15/9-F-15,24.0,199.643,106.709,158.897,17.686,11.37044,40.746,35.35,188.0
2014-10-13,15/9-F-11,24.0,220.076,106.45,167.126,26.196,11.85875,52.95,69.398,1085.0
2014-10-14,15/9-F-15,24.0,199.566,106.706,158.976,17.501,11.40892,40.59,35.214,188.0
2014-10-14,15/9-F-11,24.0,219.686,106.454,166.932,26.179,11.88732,52.754,69.58,1087.0
2014-10-14,15/9-F-14,24.0,261.326,99.68,230.242,21.8,100.0,31.084,88.789,323.0
2014-10-15,15/9-F-11,24.0,219.703,106.449,166.974,26.324,11.88968,52.729,69.145,1088.0
2014-10-15,15/9-F-15,24.0,199.763,106.697,158.96,17.459,11.39177,40.804,35.236,188.0
2014-10-15,15/9-F-14,24.0,261.418,99.68,230.325,21.875,100.0,31.092,88.921,323.0
2014-10-16,15/9-F-11,24.0,219.628,106.449,166.938,26.051,11.96963,52.69,67.691,1089.0
2014-10-16,15/9-F-15,24.0,200.255,106.676,159.466,16.84,11.37985,40.789,30.431,187.0
2014-10-16,15/9-F-14,24.0,261.389,99.68,230.355,21.715,100.0,31.034,88.267,321.0
2014-10-17,15/9-F-15,24.0,199.619,106.693,158.999,17.013,11.43049,40.62,28.528,187.0
2014-10-17,15/9-F-11,24.0,219.614,106.448,166.914,26.181,12.01156,52.699,68.233,1090.0
2014-10-17,15/9-F-14,24.0,261.406,99.679,230.399,21.669,100.0,31.008,87.201,320.0
2014-10-18,15/9-F-14,24.0,261.423,99.67,230.454,21.545,100.0,30.969,86.424,322.0
2014-10-18,15/9-F-15,24.0,199.809,106.684,158.995,16.795,11.37276,40.814,28.838,187.0
2014-10-18,15/9-F-11,24.0,219.994,106.444,167.1,25.79,11.86788,52.894,65.9,1080.0
2014-10-19,15/9-F-14,24.0,261.445,99.668,230.444,21.616,100.0,31.001,86.875,323.0
2014-10-19,15/9-F-15,24.0,200.354,106.663,159.614,16.363,11.33043,40.74,31.03,188.0
2014-10-19,15/9-F-11,24.0,220.385,106.435,167.348,25.731,11.73023,53.038,65.523,1071.0
2014-10-20,15/9-F-11,24.0,220.36,106.433,167.403,25.893,11.71268,52.957,68.397,1059.0
2014-10-20,15/9-F-14,24.0,261.455,99.667,230.403,21.675,100.0,31.052,88.164,320.0
2014-10-20,15/9-F-15,24.0,200.003,106.67,159.429,16.414,11.3412,40.574,32.621,186.0
2014-10-21,15/9-F-14,24.0,261.474,99.66,230.455,21.511,100.0,31.019,87.279,326.0
2014-10-21,15/9-F-15,24.0,199.369,106.688,158.825,16.535,11.40946,40.544,30.049,190.0
2014-10-21,15/9-F-11,24.0,219.863,106.44,167.153,25.625,11.75498,52.71,67.266,1085.0
2014-10-22,15/9-F-15,24.0,199.765,106.673,159.085,16.287,11.34557,40.68,31.371,189.0
2014-10-22,15/9-F-14,24.0,261.493,99.659,230.44,21.545,100.0,31.053,87.985,325.0
2014-10-22,15/9-F-11,24.0,219.941,106.439,167.22,25.761,11.68103,52.722,67.595,1072.0
2014-10-23,15/9-F-14,24.0,261.536,99.654,230.511,21.567,100.0,31.025,87.203,325.0
2014-10-23,15/9-F-15,24.0,200.276,106.652,159.66,16.01,11.28478,40.615,30.635,188.0
2014-10-23,15/9-F-11,24.0,220.328,106.428,167.448,25.816,11.60502,52.881,66.132,1064.0
2014-10-24,15/9-F-14,24.0,261.567,99.65,230.491,21.609,100.0,31.076,87.434,326.0
2014-10-24,15/9-F-15,23.0,201.057,106.629,160.097,15.866,10.53683,40.959,31.201,174.0
2014-10-24,15/9-F-11,24.0,220.796,106.419,167.705,25.829,11.4845,53.091,66.435,1054.0
2014-10-25,15/9-F-11,24.0,220.415,106.42,167.55,25.678,11.51597,52.865,64.867,1068.0
2014-10-25,15/9-F-14,24.0,261.572,99.65,230.568,21.523,100.0,31.003,86.497,329.0
2014-10-25,15/9-F-15,16.76,201.443,106.566,160.807,14.784,9.50766,40.636,27.916,118.0
2014-10-26,15/9-F-15,21.58,206.666,106.216,162.069,10.736,9.98982,44.597,27.771,161.0
2014-10-27,15/9-F-14,24.0,261.927,99.635,230.652,21.592,100.0,31.274,87.14,330.0
2014-10-27,15/9-F-11,24.0,220.459,106.419,167.631,25.818,11.46045,52.828,66.413,1065.0
2014-10-27,15/9-F-15,24.0,200.439,106.638,159.977,14.863,11.2078,40.463,28.889,190.0
2014-10-28,15/9-F-14,24.0,262.409,99.629,230.77,21.531,100.0,31.639,87.23,329.0
2014-10-28,15/9-F-11,24.0,220.498,106.415,167.696,25.763,11.46007,52.802,66.37,1064.0
2014-10-28,15/9-F-15,24.0,200.113,106.653,160.048,15.899,11.29183,40.065,29.676,191.0
2014-10-29,15/9-F-11,24.0,220.318,106.42,167.641,25.548,11.49323,52.677,68.968,1031.0
2014-10-29,15/9-F-15,24.0,199.642,106.673,159.328,16.095,11.13059,40.314,31.672,183.0
2014-10-29,15/9-F-14,24.0,262.071,99.632,231.277,21.235,100.0,30.794,88.581,318.0
2014-10-30,15/9-F-15,24.0,199.832,106.665,159.618,16.166,11.38249,40.214,28.557,191.0
2014-10-30,15/9-F-14,24.0,261.291,99.631,230.328,21.536,100.0,30.963,87.368,327.0
2014-10-30,15/9-F-11,24.0,219.86,106.432,167.341,26.03,11.60267,52.52,68.05,1072.0
2014-10-31,15/9-F-11,24.0,220.045,106.429,167.463,25.997,11.55929,52.582,67.591,1073.0
2014-10-31,15/9-F-15,24.0,199.752,106.666,159.476,16.193,11.12229,40.276,28.506,189.0
2014-10-31,15/9-F-14,24.0,261.222,99.629,230.305,21.487,97.91667,30.917,87.283,322.0
2014-11-01,15/9-F-11,24.0,220.62,106.413,167.823,25.766,11.45326,52.796,66.426,1054.0
2014-11-01,15/9-F-15,24.0,199.974,106.654,159.722,15.922,11.28358,40.251,29.253,189.0
2014-11-01,15/9-F-14,24.0,261.205,99.629,230.285,21.47,100.0,30.92,86.914,327.0
2014-11-02,15/9-F-11,24.0,220.367,106.412,167.735,25.708,11.18454,52.632,65.777,1043.0
2014-11-02,15/9-F-15,24.0,199.461,106.667,159.356,16.004,11.0535,40.105,29.012,190.0
2014-11-02,15/9-F-14,24.0,261.203,99.629,230.29,21.429,97.91667,30.913,86.627,324.0
2014-11-03,15/9-F-14,24.0,261.235,99.621,230.329,21.479,100.0,30.906,87.455,341.0
2014-11-03,15/9-F-11,24.0,220.027,106.409,167.631,25.936,11.24352,52.395,67.575,1027.0
2014-11-03,15/9-F-15,24.0,199.781,106.653,159.478,15.787,11.01248,40.303,29.08,196.0
2014-11-04,15/9-F-14,24.0,261.272,99.618,230.281,21.521,100.0,30.991,88.27,336.0
2014-11-04,15/9-F-15,24.0,199.983,106.641,159.848,15.506,11.21436,40.135,31.818,194.0
2014-11-04,15/9-F-11,24.0,220.136,106.411,167.698,25.835,11.45582,52.438,68.553,1033.0
2014-11-05,15/9-F-14,24.0,261.292,99.618,230.308,21.523,100.0,30.984,88.402,331.0
2014-11-05,15/9-F-15,24.0,199.626,106.65,159.58,15.53,11.24995,40.046,32.033,191.0
2014-11-05,15/9-F-11,24.0,219.92,106.413,167.633,25.841,11.50323,52.287,68.627,1023.0
2014-11-06,15/9-F-14,24.0,261.321,99.613,230.439,21.378,100.0,30.882,86.726,331.0
2014-11-06,15/9-F-15,24.0,200.009,106.634,159.801,15.112,11.27921,40.208,27.617,191.0
2014-11-06,15/9-F-11,24.0,219.768,106.409,167.598,25.645,11.53273,52.17,66.688,1026.0
2014-11-07,15/9-F-11,24.0,219.846,106.406,167.677,25.247,11.49844,52.169,64.363,1047.0
2014-11-07,15/9-F-15,24.0,200.091,106.627,159.953,14.78,11.26232,40.139,24.802,196.0
2014-11-07,15/9-F-14,24.0,261.127,99.612,230.428,21.212,100.0,30.698,84.961,339.0
2014-11-08,15/9-F-11,24.0,220.074,106.401,167.839,25.701,11.4437,52.235,66.351,1040.0
2014-11-08,15/9-F-15,24.0,199.889,106.631,159.815,14.895,11.22288,40.075,28.462,195.0
2014-11-08,15/9-F-14,24.0,259.119,99.641,230.02,21.422,100.0,29.099,86.966,339.0
2014-11-09,15/9-F-14,24.0,258.694,99.641,230.028,21.45,100.0,28.666,87.226,336.0
2014-11-09,15/9-F-15,24.0,199.658,106.635,159.607,15.045,11.22145,40.052,28.975,194.0
2014-11-09,15/9-F-11,24.0,220.002,106.408,167.797,25.717,11.5,52.205,67.036,1037.0
2014-11-10,15/9-F-14,24.0,258.914,99.636,230.061,21.544,100.0,28.853,88.105,349.0
2014-11-10,15/9-F-11,24.0,219.893,106.414,167.78,25.823,11.5,52.114,68.233,991.0
2014-11-10,15/9-F-15,24.0,199.743,106.629,159.64,15.031,11.2,40.103,30.218,185.0
2014-11-11,15/9-F-14,24.0,258.752,99.638,230.106,21.488,100.0,28.646,86.733,363.0
2014-11-11,15/9-F-15,24.0,200.219,106.608,160.138,14.574,11.19913,40.082,27.073,192.0
2014-11-11,15/9-F-11,24.0,219.9,106.415,167.808,25.793,11.39465,52.092,67.597,1020.0
2014-11-12,15/9-F-15,24.0,200.475,106.597,160.375,14.073,11.1836,40.1,23.553,193.0
2014-11-12,15/9-F-14,24.0,258.818,99.637,230.179,21.286,100.0,28.64,84.826,364.0
2014-11-12,15/9-F-11,24.0,219.968,106.412,167.885,25.322,11.35128,52.084,65.855,1020.0
2014-11-13,15/9-F-15,24.0,200.469,106.596,160.441,14.139,11.14858,40.027,25.903,190.0
2014-11-13,15/9-F-11,24.0,220.026,106.412,167.944,25.695,11.30906,52.082,66.711,1001.0
2014-11-13,15/9-F-14,24.0,258.987,99.629,230.293,21.408,100.0,28.694,85.85,359.0
2014-11-14,15/9-F-11,24.0,220.055,106.411,168.0,25.481,11.26388,52.055,66.954,996.0
2014-11-14,15/9-F-14,24.0,258.938,99.629,230.279,21.319,100.0,28.659,84.942,359.0
2014-11-14,15/9-F-15,24.0,200.412,106.597,160.368,14.007,11.10497,40.044,24.262,190.0
2014-11-15,15/9-F-15,24.0,200.256,106.601,160.288,13.912,11.12086,39.968,23.61,192.0
2014-11-15,15/9-F-11,24.0,219.944,106.414,167.987,25.253,11.24772,51.957,65.709,1004.0
2014-11-15,15/9-F-14,24.0,258.963,99.626,230.305,21.263,100.0,28.657,85.529,363.0
2014-11-16,15/9-F-11,24.0,219.75,106.418,167.913,25.344,11.2794,51.837,64.189,994.0
2014-11-16,15/9-F-15,24.0,199.648,106.62,159.818,14.169,11.12695,39.83,25.018,189.0
2014-11-16,15/9-F-14,24.0,258.949,99.622,230.268,21.27,100.0,28.681,86.874,358.0
2014-11-17,15/9-F-11,24.0,219.603,106.418,167.852,25.539,11.27835,51.751,64.793,981.0
2014-11-17,15/9-F-14,24.0,258.777,99.613,230.108,21.325,100.0,28.669,87.058,353.0
2014-11-17,15/9-F-15,24.0,199.334,106.628,159.555,14.348,11.1284,39.779,27.655,187.0
2014-11-18,15/9-F-15,24.0,200.196,106.596,160.19,13.855,11.07114,40.006,25.99,192.0
2014-11-18,15/9-F-11,24.0,219.548,106.416,167.853,25.852,11.24793,51.695,66.619,1006.0
2014-11-18,15/9-F-14,24.0,258.511,99.599,229.931,21.282,100.0,28.58,86.934,363.0
2014-11-19,15/9-F-11,24.0,219.381,106.412,167.797,25.971,11.22542,51.584,68.092,978.0
2014-11-19,15/9-F-14,24.0,260.268,99.554,230.178,21.218,100.0,30.09,86.703,354.0
2014-11-19,15/9-F-15,24.0,200.636,106.576,160.77,13.588,11.05571,39.866,25.75,187.0
2014-11-20,15/9-F-11,24.0,219.05,106.411,167.64,26.1,11.21233,51.41,68.064,989.0
2014-11-20,15/9-F-14,24.0,260.305,99.54,230.026,21.211,100.0,30.279,87.032,358.0
2014-11-20,15/9-F-15,24.0,200.422,106.581,160.656,13.685,11.04749,39.766,27.383,189.0
2014-11-21,15/9-F-15,24.0,200.373,106.581,160.657,13.653,11.0311,39.716,28.099,188.0
2014-11-21,15/9-F-14,24.0,259.316,99.537,229.792,21.201,100.0,29.524,87.126,356.0
2014-11-21,15/9-F-11,24.0,218.835,106.405,167.569,25.878,11.18807,51.266,67.452,981.0
2014-11-22,15/9-F-14,24.0,259.365,99.529,229.901,20.946,100.0,29.464,84.641,356.0
2014-11-22,15/9-F-11,24.0,218.549,106.397,167.47,25.228,11.19981,51.08,64.984,981.0
2014-11-22,15/9-F-15,24.0,200.244,106.579,160.594,13.356,11.04144,39.65,24.181,188.0
2014-11-23,15/9-F-14,24.0,259.213,99.408,229.65,21.251,100.0,29.563,88.178,344.0
2014-11-23,15/9-F-11,24.0,218.521,106.023,167.362,25.538,11.17006,51.16,68.287,944.0
2014-11-23,15/9-F-15,24.0,199.821,106.214,160.216,13.48,10.99036,39.605,31.559,181.0
2014-11-24,15/9-F-15,24.0,200.59,106.556,161.104,13.247,10.95605,39.486,32.332,188.0
2014-11-24,15/9-F-11,24.0,219.459,106.358,168.11,25.133,11.17315,51.349,68.213,982.0
2014-11-24,15/9-F-14,24.0,260.321,99.509,230.067,21.232,100.0,30.254,88.159,357.0
2014-11-25,15/9-F-15,21.38,200.746,106.551,161.277,13.263,9.71408,39.469,32.674,151.0
2014-11-25,15/9-F-14,24.0,260.959,99.423,230.208,21.293,100.0,30.751,88.01,340.0
2014-11-25,15/9-F-11,24.0,223.271,106.333,169.393,24.797,10.54305,53.878,67.346,861.0
2014-11-26,15/9-F-14,24.0,261.056,98.965,229.562,21.053,100.0,31.494,86.915,305.0
2014-11-26,15/9-F-11,24.0,263.134,104.936,191.559,12.339,5.02083,71.574,49.208,300.0
2014-11-27,15/9-F-11,24.0,266.031,105.175,194.317,20.875,5.01214,71.714,45.968,316.0
2014-11-27,15/9-F-14,24.0,261.899,99.478,230.427,20.826,100.0,31.472,84.063,321.0
2014-11-28,15/9-F-14,22.06,266.176,99.438,231.132,20.555,70.64551,35.044,82.469,401.0
2014-11-28,15/9-F-11,20.73,267.079,105.158,194.595,17.03,4.60535,72.485,45.677,518.0
2014-11-29,15/9-F-14,14.94,273.241,99.378,234.695,17.513,45.25967,38.546,69.733,336.0
2014-11-29,15/9-F-11,10.44,276.476,104.734,194.059,16.727,2.44832,82.417,32.812,272.0
2014-11-30,15/9-F-14,23.5,266.427,99.423,231.435,20.723,70.68659,34.992,83.632,322.0
2014-11-30,15/9-F-11,13.23,278.333,104.776,204.432,22.672,2.76055,73.901,40.069,147.0
2014-12-01,15/9-F-11,17.77,279.243,104.733,203.703,18.583,3.60404,75.54,37.37,130.0
2014-12-01,15/9-F-14,24.0,263.723,99.458,230.555,13.007,82.46092,33.168,85.676,198.0
2014-12-02,15/9-F-11,24.0,281.354,104.806,207.763,24.214,4.17566,73.591,43.762,207.0
2014-12-02,15/9-F-14,24.0,262.048,99.488,230.36,11.225,100.0,31.688,87.609,253.0
2014-12-03,15/9-F-11,24.0,282.759,104.795,208.112,24.672,3.76197,74.646,44.537,193.0
2014-12-03,15/9-F-14,24.0,261.984,99.478,230.269,11.318,100.0,31.715,87.731,263.0
2014-12-04,15/9-F-14,23.33,267.564,99.442,231.145,10.899,72.49158,36.419,84.954,282.0
2014-12-04,15/9-F-11,23.17,274.92,104.937,203.116,24.537,4.68392,71.804,46.525,380.0
2014-12-05,15/9-F-11,24.0,282.36,104.903,203.711,15.209,3.10554,78.649,43.274,421.0
2014-12-05,15/9-F-14,24.0,265.19,99.458,230.356,11.185,73.69037,34.834,87.048,484.0
2014-12-06,15/9-F-14,24.0,261.7,99.51,229.946,11.319,100.0,31.754,86.613,339.0
2014-12-06,15/9-F-11,24.0,276.669,104.93,200.384,17.214,4.01417,76.284,45.348,267.0
2014-12-07,15/9-F-11,24.0,282.352,104.845,203.779,15.444,3.67597,78.573,43.347,223.0
2014-12-07,15/9-F-14,24.0,261.79,99.531,230.023,11.334,100.0,31.767,87.054,310.0
2014-12-08,15/9-F-11,24.0,285.536,104.713,206.557,13.508,3.51502,78.979,42.36,202.0
2014-12-08,15/9-F-14,24.0,261.781,99.554,229.992,11.368,100.0,31.789,87.534,295.0
2014-12-09,15/9-F-14,24.0,261.736,99.568,229.981,11.386,100.0,31.755,86.469,303.0
2014-12-09,15/9-F-11,24.0,284.815,104.728,205.798,13.74,3.52588,79.017,40.523,208.0
2014-12-10,15/9-F-11,24.0,279.1,105.009,200.325,16.314,4.73031,78.775,42.353,291.0
2014-12-10,15/9-F-14,24.0,261.693,99.574,229.926,11.336,100.0,31.767,85.646,314.0
2014-12-11,15/9-F-14,24.0,261.679,99.581,229.893,11.329,100.0,31.786,86.087,282.0
2014-12-11,15/9-F-11,24.0,289.738,104.704,209.133,12.348,3.50044,80.605,36.871,192.0
2014-12-12,15/9-F-14,24.0,261.51,99.582,229.716,11.414,97.91667,31.794,86.97,332.0
2014-12-12,15/9-F-11,24.0,284.819,104.844,204.183,15.035,3.51939,80.636,43.144,233.0
2014-12-13,15/9-F-11,24.0,289.482,104.734,208.122,12.895,3.45104,81.36,40.561,192.0
2014-12-13,15/9-F-14,24.0,261.513,99.59,229.718,11.444,97.91667,31.794,87.423,278.0
2014-12-14,15/9-F-11,24.0,279.967,105.003,200.579,16.695,4.55867,79.388,42.763,300.0
2014-12-14,15/9-F-14,24.0,261.47,99.599,229.736,11.417,97.91667,31.733,85.271,328.0
2014-12-15,15/9-F-11,24.0,284.267,104.924,203.485,15.898,4.42283,80.782,43.423,273.0
2014-12-15,15/9-F-14,24.0,261.468,99.606,229.662,11.465,97.91667,31.806,86.863,307.0
2014-12-16,15/9-F-14,24.0,261.488,99.609,229.68,11.517,100.0,31.809,87.385,325.0
2014-12-16,15/9-F-11,24.0,282.144,104.982,201.514,17.048,4.49167,80.631,45.493,286.0
2014-12-17,15/9-F-14,24.0,261.525,99.609,229.727,11.587,100.0,31.797,86.97,334.0
2014-12-17,15/9-F-11,24.0,281.618,104.958,201.668,17.136,4.51967,79.95,45.69,296.0
2014-12-18,15/9-F-11,22.08,275.242,105.096,197.963,19.107,4.73144,77.279,45.878,358.0
2014-12-18,15/9-F-14,22.33,264.648,99.575,230.581,11.394,75.48932,34.067,85.031,279.0
2014-12-19,15/9-F-11,23.33,278.893,105.132,198.825,18.713,5.1928,80.068,44.281,363.0
2014-12-19,15/9-F-14,23.67,264.441,99.588,230.301,11.492,80.43119,34.14,84.583,279.0
2014-12-20,15/9-F-14,24.0,261.622,99.609,229.729,11.671,97.91667,31.893,87.167,329.0
2014-12-20,15/9-F-11,24.0,280.995,105.016,200.742,17.696,4.80182,80.253,46.07,318.0
2014-12-21,15/9-F-14,24.0,261.669,99.615,229.766,11.752,100.0,31.903,86.29,320.0
2014-12-21,15/9-F-11,24.0,284.0,104.949,202.205,16.751,4.53707,81.795,42.509,284.0
2014-12-22,15/9-F-11,24.0,286.254,104.838,204.277,15.253,4.45393,81.977,42.673,273.0
2014-12-22,15/9-F-14,24.0,261.728,99.618,229.844,11.787,97.91667,31.884,86.267,305.0
2014-12-23,15/9-F-14,24.0,261.728,99.618,229.823,11.824,100.0,31.905,86.763,313.0
2014-12-23,15/9-F-11,24.0,286.137,104.833,204.006,15.38,4.50134,82.132,43.829,276.0
2014-12-24,15/9-F-14,24.0,261.759,99.62,229.789,11.888,100.0,31.971,87.606,313.0
2014-12-24,15/9-F-11,24.0,286.161,104.828,203.913,15.542,4.52638,82.248,44.646,277.0
2014-12-25,15/9-F-11,24.0,286.015,104.839,203.584,15.739,4.55871,82.431,45.897,285.0
2014-12-25,15/9-F-14,24.0,261.792,99.627,229.796,11.883,100.0,31.995,88.034,319.0
2014-12-26,15/9-F-11,24.0,286.399,104.825,203.787,15.76,4.54958,82.612,45.274,291.0
2014-12-26,15/9-F-14,24.0,261.844,99.629,229.849,11.967,100.0,31.995,87.8,327.0
2014-12-27,15/9-F-11,24.0,285.714,104.847,203.12,16.151,4.6233,82.594,45.784,284.0
2014-12-27,15/9-F-14,24.0,261.914,99.629,230.001,11.906,100.0,31.913,86.913,314.0
2014-12-28,15/9-F-11,24.0,286.952,104.822,203.856,15.788,4.47754,83.097,45.259,281.0
2014-12-28,15/9-F-14,24.0,262.02,99.631,230.02,11.969,100.0,32.0,87.985,320.0
2014-12-29,15/9-F-11,23.5,285.57,104.893,202.52,16.521,4.63409,83.051,47.212,331.0
2014-12-29,15/9-F-14,23.5,265.045,99.582,230.956,11.984,83.28402,34.089,87.924,293.0
2014-12-30,15/9-F-14,24.0,262.766,99.569,230.656,12.028,100.0,32.11,87.387,376.0
2014-12-30,15/9-F-11,24.0,284.381,104.913,202.035,17.031,3.98681,82.346,45.626,294.0
2014-12-31,15/9-F-14,24.0,262.468,99.556,230.446,11.93,100.0,32.022,86.643,354.0
2014-12-31,15/9-F-11,24.0,282.234,105.012,200.414,17.697,4.89884,81.819,43.588,340.0
2015-01-01,15/9-F-11,24.0,275.364,105.183,196.754,15.854,5.97323,78.609,45.73,571.0
2015-01-01,15/9-F-15,9.5,265.15,104.738,184.604,12.587,3.32754,80.547,16.808,29.0
2015-01-01,15/9-F-14,24.0,262.292,99.563,230.505,11.929,100.0,31.787,86.28,488.0
2015-01-02,15/9-F-15,24.0,267.83,104.953,186.056,15.303,7.08394,81.773,18.781,159.0
2015-01-02,15/9-F-14,24.0,261.933,99.573,230.625,11.964,100.0,31.308,86.837,325.0
2015-01-02,15/9-F-11,24.0,261.896,105.576,189.176,13.191,7.39075,72.72,55.763,711.0
2015-01-03,15/9-F-14,24.0,262.428,99.568,230.855,12.01,100.0,31.573,87.562,344.0
2015-01-03,15/9-F-15,24.0,242.902,106.288,175.373,25.838,8.96756,67.529,26.092,208.0
2015-01-03,15/9-F-11,24.0,253.325,105.765,184.95,21.684,8.00761,68.375,60.559,834.0
2015-01-04,15/9-F-14,24.0,262.334,99.568,230.964,12.081,100.0,31.37,87.546,338.0
2015-01-04,15/9-F-11,24.0,247.291,105.86,182.217,23.102,7.98692,65.074,62.864,817.0
2015-01-04,15/9-F-15,24.0,238.778,106.502,177.28,26.555,9.0893,61.498,27.779,206.0
2015-01-05,15/9-F-14,24.0,262.629,99.562,231.119,12.125,100.0,31.51,87.789,331.0
2015-01-05,15/9-F-11,24.0,244.851,105.906,180.973,23.63,8.18566,63.878,63.188,822.0
2015-01-05,15/9-F-15,24.0,230.996,106.701,174.474,23.434,10.03805,56.522,30.995,221.0
2015-01-06,15/9-F-11,24.0,241.74,105.915,179.67,23.427,8.83807,62.069,63.703,869.0
2015-01-06,15/9-F-15,24.0,221.129,106.923,167.831,22.534,10.72282,53.298,32.017,223.0
2015-01-06,15/9-F-14,24.0,262.443,99.568,231.245,12.068,100.0,31.198,87.325,324.0
2015-01-07,15/9-F-11,24.0,236.03,105.995,176.936,23.938,9.15316,59.094,63.19,926.0
2015-01-07,15/9-F-15,24.0,218.005,106.921,166.883,20.437,10.74609,51.123,31.988,230.0
2015-01-07,15/9-F-14,24.0,262.63,99.569,231.373,12.075,100.0,31.257,86.729,334.0
2015-01-08,15/9-F-11,24.0,226.748,106.127,172.584,24.509,10.39261,54.164,65.069,1015.0
2015-01-08,15/9-F-14,24.0,262.838,99.567,231.46,12.097,100.0,31.378,86.399,322.0
2015-01-08,15/9-F-15,24.0,214.063,106.947,165.506,20.874,11.10308,48.556,32.097,226.0
2015-01-09,15/9-F-14,18.0,267.462,99.511,233.035,11.469,56.21967,34.428,82.559,189.0
2015-01-09,15/9-F-15,17.67,212.488,106.75,163.271,18.462,8.35059,49.217,28.275,183.0
2015-01-09,15/9-F-11,17.83,227.232,105.988,173.517,20.63,8.34212,53.715,61.179,824.0
2015-01-10,15/9-F-15,20.42,218.401,106.547,170.055,12.897,8.62394,48.346,24.58,197.0
2015-01-10,15/9-F-11,20.33,228.594,105.989,174.095,20.749,9.28994,54.499,61.201,946.0
2015-01-10,15/9-F-14,20.75,268.064,99.494,232.168,11.539,65.13958,35.896,81.985,231.0
2015-01-11,15/9-F-11,24.0,221.374,106.217,170.304,23.934,11.68098,51.07,66.658,1167.0
2015-01-11,15/9-F-14,24.0,264.864,99.535,231.899,12.313,84.24666,32.965,86.586,282.0
2015-01-11,15/9-F-15,24.0,202.743,107.044,159.818,21.789,11.65812,42.926,30.78,236.0
2015-01-12,15/9-F-15,24.0,200.832,107.034,158.793,22.224,11.33993,42.039,28.793,221.0
2015-01-12,15/9-F-14,24.0,264.006,99.549,232.064,12.32,100.0,31.942,85.259,313.0
2015-01-12,15/9-F-11,24.0,220.871,106.231,169.79,23.942,11.49691,51.081,62.504,1089.0
2015-01-13,15/9-F-14,24.0,263.736,99.549,232.035,12.324,100.0,31.702,85.688,316.0
2015-01-13,15/9-F-15,24.0,201.294,106.966,159.351,20.453,11.02061,41.943,28.768,220.0
2015-01-13,15/9-F-11,24.0,219.933,106.223,169.376,23.875,11.53985,50.558,63.23,1103.0
2015-01-14,15/9-F-15,24.0,201.791,106.904,160.448,18.62,10.97655,41.342,28.353,196.0
2015-01-14,15/9-F-11,24.0,219.517,106.207,169.183,23.764,11.55027,50.335,63.307,987.0
2015-01-14,15/9-F-14,24.0,263.92,99.535,232.059,12.32,100.0,31.861,85.878,282.0
2015-01-15,15/9-F-11,24.0,219.599,106.184,169.296,23.216,11.73195,50.303,63.22,1070.0
2015-01-15,15/9-F-15,24.0,200.822,106.887,160.202,17.682,10.97618,40.621,27.041,210.0
2015-01-15,15/9-F-14,24.0,263.912,99.522,232.153,12.259,100.0,31.759,85.533,301.0
2015-01-16,15/9-F-14,24.0,263.867,99.519,232.081,12.3,100.0,31.785,85.485,305.0
2015-01-16,15/9-F-15,24.0,199.87,106.873,159.971,16.982,11.04145,39.898,26.989,213.0
2015-01-16,15/9-F-11,24.0,219.495,106.171,169.274,23.188,11.77022,50.221,64.067,1089.0
2015-01-17,15/9-F-15,24.0,199.459,106.875,159.857,16.908,11.13449,39.602,26.62,198.0
2015-01-17,15/9-F-14,24.0,263.861,99.519,232.071,12.284,100.0,31.79,85.423,282.0
2015-01-18,15/9-F-11,24.0,219.8,106.2,169.4,23.1,12.0,50.4,64.8,1083.0
2015-01-18,15/9-F-15,24.0,199.459,106.875,159.857,16.908,11.13449,39.602,26.62,209.0
2015-01-18,15/9-F-14,24.0,263.861,99.519,232.071,12.284,100.0,31.79,85.423,298.0
2015-01-19,15/9-F-11,24.0,219.8,106.2,169.4,23.1,12.0,50.4,64.8,1005.0
2015-01-19,15/9-F-15,24.0,199.459,106.875,159.857,16.908,11.13449,39.602,26.62,211.0
2015-01-19,15/9-F-14,24.0,263.861,99.519,232.071,12.284,100.0,31.79,85.423,301.0
2015-01-20,15/9-F-11,22.17,221.91,106.025,170.884,21.058,10.81481,51.026,65.146,897.0
2015-01-20,15/9-F-14,22.0,268.366,99.464,233.389,12.024,69.24397,34.978,84.512,215.0
2015-01-20,15/9-F-15,22.33,201.941,106.616,162.735,12.436,9.93216,39.206,24.317,201.0
2015-01-21,15/9-F-11,24.0,219.05,106.106,169.436,22.222,11.80996,49.615,67.386,959.0
2015-01-21,15/9-F-14,24.0,263.144,99.505,232.029,12.519,91.83016,31.115,86.546,299.0
2015-01-21,15/9-F-15,24.0,199.948,106.703,161.723,12.953,10.50835,38.225,24.934,220.0
2015-01-22,15/9-F-11,24.0,214.913,106.189,167.055,22.323,12.23259,47.858,67.393,964.0
2015-01-22,15/9-F-14,24.0,262.878,99.499,232.087,12.546,100.0,30.791,86.807,314.0
2015-01-22,15/9-F-15,24.0,199.747,106.688,161.808,12.82,10.57681,37.939,25.502,215.0
2015-01-23,15/9-F-11,24.0,212.686,106.213,165.878,21.683,12.91373,46.808,63.573,982.0
2015-01-23,15/9-F-14,24.0,262.87,99.501,232.085,12.503,100.0,30.784,86.249,310.0
2015-01-23,15/9-F-15,24.0,199.906,106.658,162.224,12.13,10.47049,37.682,26.251,211.0
2015-01-24,15/9-F-15,24.0,199.788,106.639,162.486,11.764,10.25425,37.302,28.608,208.0
2015-01-24,15/9-F-14,24.0,262.791,99.498,231.983,12.575,100.0,30.809,87.613,308.0
2015-01-24,15/9-F-11,24.0,209.915,106.256,164.423,21.465,13.87064,45.492,68.316,1021.0
2015-01-25,15/9-F-11,24.0,209.906,106.247,164.366,21.066,13.85262,45.541,66.538,1006.0
2015-01-25,15/9-F-15,24.0,200.751,106.584,163.501,11.058,10.13752,37.25,27.714,204.0
2015-01-25,15/9-F-14,24.0,262.706,99.493,231.926,12.562,100.0,30.779,87.063,304.0
2015-01-26,15/9-F-14,22.0,263.718,99.48,232.504,12.557,100.0,31.215,87.735,277.0
2015-01-26,15/9-F-11,24.0,209.795,106.237,164.363,20.571,13.94823,45.432,68.599,1006.0
2015-01-26,15/9-F-15,22.0,199.956,106.595,163.166,11.13,10.4444,36.79,29.532,189.0
2015-01-27,15/9-F-11,24.0,209.974,106.225,164.433,20.075,13.96401,45.54,68.003,1050.0
2015-01-27,15/9-F-14,16.44,266.668,99.444,233.263,11.787,53.83705,33.404,83.282,119.0
2015-01-27,15/9-F-15,11.78,203.212,106.13,160.867,6.329,8.3609,42.346,29.618,88.0
2015-01-28,15/9-F-14,24.0,263.124,99.466,231.801,12.632,100.0,31.324,86.603,310.0
2015-01-28,15/9-F-11,24.0,209.83,106.215,164.366,19.468,14.15601,45.464,65.994,946.0
2015-01-28,15/9-F-15,24.0,200.186,106.557,164.692,9.527,11.07219,35.494,25.394,179.0
2015-01-29,15/9-F-15,24.0,199.953,106.535,163.906,10.276,10.77588,36.048,26.743,176.0
2015-01-29,15/9-F-11,24.0,210.04,106.203,164.552,19.125,14.21589,45.488,68.069,946.0
2015-01-29,15/9-F-14,24.0,263.262,99.468,231.944,12.686,100.0,31.317,87.417,309.0
2015-01-30,15/9-F-15,24.0,200.136,106.512,164.236,10.059,10.69261,35.9,27.446,161.0
2015-01-30,15/9-F-14,24.0,263.207,99.476,231.929,12.717,100.0,31.278,87.462,278.0
2015-01-30,15/9-F-11,24.0,210.172,106.191,164.647,18.799,14.21308,45.525,67.565,920.0
2015-01-31,15/9-F-14,18.94,265.061,99.451,233.003,12.415,77.32078,32.057,85.532,170.0
2015-01-31,15/9-F-15,17.78,200.089,106.502,164.505,9.898,13.01099,35.584,28.293,126.0
2015-01-31,15/9-F-11,24.0,210.04,106.186,164.57,18.51,14.24858,45.47,68.128,908.0
2015-02-01,15/9-F-14,21.06,264.845,99.446,232.544,12.11,72.40304,32.301,84.959,184.0
2015-02-01,15/9-F-15,15.56,203.723,106.116,163.733,5.831,10.64545,39.991,27.516,106.0
2015-02-01,15/9-F-11,24.0,209.868,106.185,164.446,18.036,14.28488,45.422,67.566,937.0
2015-02-02,15/9-F-15,24.0,200.522,106.459,165.653,8.654,11.04863,34.869,25.682,160.0
2015-02-02,15/9-F-11,24.0,209.959,106.176,164.502,17.71,14.34772,45.458,67.608,901.0
2015-02-02,15/9-F-14,24.0,262.527,99.45,231.432,12.656,100.0,31.095,87.361,270.0
2015-02-03,15/9-F-11,24.0,210.075,106.164,164.604,17.475,14.35086,45.471,68.07,898.0
2015-02-03,15/9-F-14,15.94,262.964,99.452,231.863,12.77,76.40842,31.101,87.583,140.0
2015-02-03,15/9-F-15,15.78,200.295,106.46,165.095,9.27,17.52617,35.199,27.678,111.0
2015-02-04,15/9-F-11,15.94,210.857,106.165,165.245,16.988,17.67077,45.612,67.728,625.0
2015-02-04,15/9-F-14,18.06,265.605,99.426,233.022,11.631,56.67801,32.583,82.39,107.0
2015-02-04,15/9-F-15,18.06,206.642,106.001,166.904,5.316,10.86459,39.737,23.871,107.0
2015-02-05,15/9-F-15,24.0,199.709,106.452,164.968,8.671,11.44672,34.741,25.379,204.0
2015-02-05,15/9-F-11,5.39,216.349,105.109,168.305,5.892,12.37931,48.044,50.308,229.0
2015-02-05,15/9-F-14,24.0,261.749,99.432,230.868,12.769,100.0,30.881,87.107,338.0
2015-02-06,15/9-F-15,24.0,199.784,106.438,164.656,14.924,10.75122,35.128,27.356,120.0
2015-02-06,15/9-F-11,24.0,209.939,105.835,167.373,14.494,14.74457,42.566,67.304,703.0
2015-02-06,15/9-F-14,24.0,261.075,99.436,230.683,12.877,100.0,30.392,87.501,207.0
2015-02-07,15/9-F-15,24.0,199.94,106.419,164.915,16.16,10.71302,35.025,26.046,145.0
2015-02-07,15/9-F-11,24.0,209.733,105.99,166.006,15.662,13.40579,43.726,67.225,793.0
2015-02-07,15/9-F-14,24.0,261.628,99.466,231.204,12.917,100.0,30.424,87.342,249.0
2015-02-08,15/9-F-11,17.11,210.845,106.023,166.798,15.724,14.88504,44.047,66.863,624.0
2015-02-08,15/9-F-15,24.0,199.795,106.415,164.871,15.949,10.74929,34.923,25.0,149.0
2015-02-08,15/9-F-14,24.0,262.094,99.474,231.486,12.957,100.0,30.608,87.376,256.0
2015-02-09,15/9-F-15,24.0,199.997,106.405,165.053,15.854,10.56137,34.945,27.651,169.0
2015-02-09,15/9-F-11,17.72,213.806,105.694,169.681,12.195,14.92279,44.125,63.664,744.0
2015-02-09,15/9-F-14,24.0,261.794,99.472,231.232,13.001,100.0,30.563,87.658,294.0
2015-02-10,15/9-F-15,24.0,199.931,106.396,165.385,15.748,10.75735,34.546,27.345,146.0
2015-02-10,15/9-F-11,24.0,209.577,106.022,165.862,15.866,15.04946,43.715,68.249,866.0
2015-02-10,15/9-F-14,24.0,262.199,99.496,231.55,13.181,100.0,30.648,87.725,251.0
2015-02-11,15/9-F-15,24.0,199.596,106.41,164.852,15.812,10.72164,34.744,24.881,179.0
2015-02-11,15/9-F-14,24.0,262.623,99.52,231.889,13.202,100.0,30.734,86.903,273.0
2015-02-11,15/9-F-11,24.0,209.537,106.071,165.336,16.038,14.97631,44.2,66.206,896.0
2015-02-12,15/9-F-15,24.0,200.365,106.379,165.827,15.491,10.62875,34.538,26.123,175.0
2015-02-12,15/9-F-14,24.0,262.994,99.542,232.18,13.32,100.0,30.815,87.556,268.0
2015-02-12,15/9-F-11,24.0,209.824,106.087,165.341,16.045,14.97278,44.483,67.449,940.0
2015-02-13,15/9-F-15,24.0,197.94,105.468,163.675,15.49,10.66328,34.265,23.202,180.0
2015-02-13,15/9-F-14,24.0,261.052,98.705,230.464,13.192,98.46566,30.588,86.265,272.0
2015-02-13,15/9-F-11,24.0,208.373,105.207,163.989,15.807,14.89048,44.384,66.913,962.0
2015-02-14,15/9-F-14,24.0,263.464,99.595,232.616,13.376,100.0,30.848,85.793,271.0
2015-02-14,15/9-F-15,24.0,200.54,106.376,165.988,15.223,10.65595,34.551,20.903,177.0
2015-02-14,15/9-F-11,24.0,209.915,106.115,165.159,15.803,15.24322,44.756,66.751,965.0
2015-02-15,15/9-F-15,24.0,198.746,105.526,164.749,14.94,10.58965,33.998,18.532,179.0
2015-02-15,15/9-F-14,24.0,261.683,98.814,231.031,13.217,97.91179,30.652,84.152,270.0
2015-02-15,15/9-F-11,24.0,208.475,105.27,163.852,15.204,15.05915,44.623,64.264,969.0
2015-02-16,15/9-F-15,24.0,199.777,106.411,165.365,15.385,10.82638,34.412,20.944,178.0
2015-02-16,15/9-F-14,24.0,264.084,99.64,233.119,13.423,100.0,30.965,85.864,270.0
2015-02-16,15/9-F-11,24.0,210.348,106.126,165.302,15.225,15.52333,45.046,66.276,977.0
2015-02-17,15/9-F-11,24.0,210.897,106.126,165.618,15.203,15.4137,45.279,66.611,994.0
2015-02-17,15/9-F-15,24.0,200.298,106.393,166.005,15.305,9.98021,34.293,24.266,174.0
2015-02-17,15/9-F-14,24.0,264.4,99.659,233.259,13.607,93.47826,31.142,86.745,261.0
2015-02-18,15/9-F-15,24.0,199.871,106.413,165.749,15.475,10.755,34.122,24.254,181.0
2015-02-18,15/9-F-11,24.0,210.598,106.149,165.417,15.059,15.62836,45.181,64.951,1002.0
2015-02-18,15/9-F-14,24.0,264.504,99.668,233.373,13.614,100.0,31.13,86.174,275.0
2015-02-19,15/9-F-15,24.0,199.62,106.429,165.531,15.646,10.75885,34.089,24.524,183.0
2015-02-19,15/9-F-11,24.0,210.075,106.184,165.002,14.872,15.92248,45.073,65.559,1031.0
2015-02-19,15/9-F-14,24.0,264.422,99.668,233.324,13.609,100.0,31.098,86.251,278.0
2015-02-20,15/9-F-15,24.0,200.237,106.41,166.143,15.472,10.74639,34.094,25.863,178.0
2015-02-20,15/9-F-11,24.0,210.483,106.198,165.144,14.808,15.97342,45.339,68.208,1009.0
2015-02-20,15/9-F-14,24.0,264.504,99.659,233.209,13.625,100.0,31.295,87.317,272.0
2015-02-21,15/9-F-15,24.0,199.715,106.433,165.755,15.709,10.78028,33.96,28.101,175.0
2015-02-21,15/9-F-14,24.0,264.161,99.657,233.09,13.659,100.0,31.071,88.257,266.0
2015-02-21,15/9-F-11,24.0,210.286,106.223,164.925,14.675,16.13627,45.361,69.646,996.0
2015-02-22,15/9-F-11,24.0,210.007,106.237,164.733,14.232,16.34559,45.273,68.444,1047.0
2015-02-22,15/9-F-15,24.0,201.217,106.38,167.037,15.014,10.53375,34.18,25.175,179.0
2015-02-22,15/9-F-14,24.0,264.239,99.659,233.252,13.574,100.0,30.987,87.195,276.0
2015-02-23,15/9-F-15,24.0,199.686,106.439,165.6,15.551,10.78742,34.086,24.241,182.0
2015-02-23,15/9-F-14,24.0,264.307,99.659,233.34,13.552,100.0,30.968,86.423,276.0
2015-02-23,15/9-F-11,24.0,210.292,106.241,164.858,13.855,16.21726,45.434,66.263,1038.0
2015-02-24,15/9-F-15,24.0,200.402,106.418,166.142,15.362,10.59728,34.259,25.068,176.0
2015-02-24,15/9-F-14,24.0,264.613,99.655,233.446,13.591,100.0,31.166,87.298,270.0
2015-02-24,15/9-F-11,24.0,210.566,106.245,164.975,13.7,16.19581,45.591,68.462,1015.0
2015-02-25,15/9-F-15,24.0,201.365,106.379,167.464,15.021,10.54062,33.902,27.617,177.0
2015-02-25,15/9-F-14,24.0,264.518,99.656,233.456,13.718,100.0,31.062,88.241,272.0
2015-02-25,15/9-F-11,24.0,210.703,106.249,165.041,13.643,16.15778,45.662,69.961,1022.0
2015-02-26,15/9-F-14,24.0,264.481,99.651,233.535,13.567,100.0,30.946,86.62,272.0
2015-02-26,15/9-F-15,24.0,200.9,106.402,166.81,15.095,10.59352,34.089,24.437,177.0
2015-02-26,15/9-F-11,24.0,210.948,106.162,165.763,13.272,16.60875,45.184,68.371,1046.0
2015-02-27,15/9-F-15,24.0,200.988,106.403,166.966,15.184,10.53179,34.022,25.428,157.0
2015-02-27,15/9-F-11,24.0,211.36,106.118,166.207,13.01,16.69452,45.153,67.394,1057.0
2015-02-27,15/9-F-14,24.0,264.451,99.65,233.49,13.607,100.0,30.961,86.535,273.0
2015-02-28,15/9-F-15,24.0,200.59,106.419,166.681,15.286,10.68015,33.909,24.91,158.0
2015-02-28,15/9-F-11,24.0,210.894,106.123,165.664,12.787,16.83836,45.23,66.708,1059.0
2015-02-28,15/9-F-14,24.0,264.497,99.649,233.648,13.588,100.0,30.849,86.513,272.0
2015-03-01,15/9-F-11,24.0,211.008,106.128,165.611,12.524,16.78351,45.397,67.497,1056.0
2015-03-01,15/9-F-14,24.0,264.839,99.642,233.736,13.568,100.0,31.103,86.404,272.0
2015-03-01,15/9-F-15,24.0,200.274,106.433,166.379,15.408,10.66453,33.895,24.685,158.0
2015-03-02,15/9-F-15,24.0,201.492,106.39,167.507,15.081,10.6743,33.985,27.968,157.0
2015-03-02,15/9-F-11,24.0,210.974,106.132,165.66,12.493,16.79768,45.315,70.294,1051.0
2015-03-02,15/9-F-14,24.0,265.349,99.636,233.784,13.711,100.0,31.565,88.224,270.0
2015-03-03,15/9-F-11,24.0,210.905,106.136,165.522,12.284,16.77707,45.383,69.333,1053.0
2015-03-03,15/9-F-15,24.0,202.169,106.356,168.814,14.645,11.22628,33.355,27.024,163.0
2015-03-03,15/9-F-14,24.0,265.305,99.638,233.75,13.677,100.0,31.554,87.471,271.0
2015-03-04,15/9-F-15,24.0,198.523,105.842,164.846,15.459,10.41479,33.678,29.387,162.0
2015-03-04,15/9-F-14,24.0,263.49,98.806,232.181,13.651,100.0,31.308,87.711,283.0
2015-03-04,15/9-F-11,24.0,208.73,105.102,164.011,11.987,15.96138,44.719,69.825,1051.0
2015-03-05,15/9-F-11,24.0,209.431,106.164,164.752,11.817,17.271,44.679,68.433,1078.0
2015-03-05,15/9-F-15,24.0,200.111,106.439,166.503,15.602,10.87281,33.608,27.456,159.0
2015-03-05,15/9-F-14,24.0,264.986,99.645,233.81,13.718,100.0,31.176,87.179,270.0
2015-03-06,15/9-F-15,24.0,200.495,106.422,166.834,15.363,10.51588,33.662,27.71,151.0
2015-03-06,15/9-F-14,24.0,264.731,99.65,233.907,13.723,100.0,30.825,87.223,262.0
2015-03-06,15/9-F-11,24.0,201.507,106.273,160.631,11.499,20.36496,40.876,69.304,1213.0
2015-03-07,15/9-F-14,24.0,264.8,99.65,234.008,13.621,100.0,30.792,85.593,260.0
2015-03-07,15/9-F-11,24.0,199.78,106.313,159.571,10.765,20.64924,40.21,66.196,1219.0
2015-03-07,15/9-F-15,24.0,200.172,106.429,166.553,15.314,10.55783,33.62,24.804,150.0
2015-03-08,15/9-F-11,24.0,200.504,106.31,159.919,10.347,20.20724,40.585,69.867,1211.0
2015-03-08,15/9-F-15,24.0,199.991,106.43,166.442,15.405,10.36002,33.549,28.062,150.0
2015-03-08,15/9-F-14,24.0,264.841,99.65,233.978,13.768,97.91667,30.864,87.547,259.0
2015-03-09,15/9-F-11,24.0,200.218,106.317,159.751,11.015,20.02868,40.468,69.495,1202.0
2015-03-09,15/9-F-15,24.0,199.989,106.425,166.34,15.269,10.56061,33.649,26.13,152.0
2015-03-09,15/9-F-14,24.0,264.895,99.65,234.103,13.688,100.0,30.792,86.661,263.0
2015-03-10,15/9-F-11,24.0,200.226,106.322,159.753,11.084,20.39665,40.473,69.548,1214.0
2015-03-10,15/9-F-14,24.0,264.933,99.653,234.11,13.672,100.0,30.823,87.178,262.0
2015-03-10,15/9-F-15,24.0,200.271,106.406,166.829,14.998,10.51706,33.442,26.736,150.0
2015-03-11,15/9-F-14,24.0,264.982,99.656,234.231,13.734,100.0,30.751,86.807,261.0
2015-03-11,15/9-F-11,24.0,200.035,106.329,159.613,10.615,20.60106,40.422,70.132,1223.0
2015-03-11,15/9-F-15,24.0,200.039,106.411,166.412,15.088,10.51751,33.626,26.319,150.0
2015-03-12,15/9-F-15,24.0,200.049,106.401,166.728,14.925,10.59976,33.321,25.297,151.0
2015-03-12,15/9-F-14,24.0,264.926,99.654,234.158,13.757,100.0,30.768,87.105,261.0
2015-03-12,15/9-F-11,24.0,200.152,106.328,159.719,10.078,20.5596,40.433,70.359,1218.0
2015-03-13,15/9-F-15,24.0,199.731,106.409,166.306,14.936,10.64607,33.426,24.088,149.0
2015-03-13,15/9-F-14,24.0,264.943,99.65,234.234,13.698,100.0,30.708,86.802,257.0
2015-03-13,15/9-F-11,24.0,200.141,106.283,159.809,9.394,20.87011,40.332,69.893,1219.0
2015-03-14,15/9-F-14,24.0,265.002,99.65,234.281,13.777,100.0,30.721,86.858,259.0
2015-03-14,15/9-F-11,24.0,200.058,106.136,159.871,8.748,21.26967,40.188,71.293,1247.0
2015-03-14,15/9-F-15,24.0,200.056,106.389,166.61,14.792,10.52283,33.446,23.335,149.0
2015-03-15,15/9-F-15,24.0,200.158,106.374,166.981,14.609,10.6437,33.177,23.097,149.0
2015-03-15,15/9-F-14,24.0,265.066,99.653,234.323,13.784,100.0,30.742,87.155,257.0
2015-03-15,15/9-F-11,24.0,210.86,105.568,164.692,8.679,21.92727,46.168,73.022,1633.0
2015-03-16,15/9-F-11,24.0,219.38,105.247,167.399,10.489,22.46525,51.981,73.555,2002.0
2015-03-16,15/9-F-14,24.0,265.104,99.654,234.399,13.728,100.0,30.705,86.388,259.0
2015-03-16,15/9-F-15,24.0,200.056,106.378,166.569,14.557,10.40503,33.487,21.603,148.0
2015-03-17,15/9-F-14,24.0,265.181,99.65,234.498,13.709,100.0,30.683,85.552,262.0
2015-03-17,15/9-F-11,24.0,219.628,105.267,167.248,11.25,22.46576,52.381,73.564,2025.0
2015-03-17,15/9-F-15,24.0,199.934,106.371,166.88,14.401,10.6739,33.053,21.315,152.0
2015-03-18,15/9-F-15,24.0,199.368,106.393,166.135,14.867,10.53631,33.233,29.67,152.0
2015-03-18,15/9-F-14,24.0,265.28,99.649,234.432,13.978,100.0,30.848,88.548,264.0
2015-03-18,15/9-F-11,24.0,219.456,105.329,166.87,11.366,22.26938,52.586,75.023,2022.0
2015-03-19,15/9-F-15,24.0,199.693,106.375,166.6,14.673,10.49283,33.093,29.799,152.0
2015-03-19,15/9-F-14,24.0,265.242,99.649,234.431,13.947,100.0,30.811,88.201,264.0
2015-03-19,15/9-F-11,24.0,219.11,105.398,166.486,11.253,21.96316,52.624,74.48,2000.0
2015-03-20,15/9-F-14,24.0,265.218,99.64,234.451,13.88,100.0,30.767,88.099,271.0
2015-03-20,15/9-F-11,24.0,219.368,105.429,166.651,11.081,21.74764,52.717,74.296,2036.0
2015-03-20,15/9-F-15,24.0,199.908,106.364,166.855,14.456,10.4627,33.053,28.835,155.0
2015-03-21,15/9-F-15,24.0,199.497,106.378,166.463,14.514,10.54862,33.034,29.961,158.0
2015-03-21,15/9-F-14,24.0,265.192,99.638,234.438,13.844,100.0,30.754,88.395,274.0
2015-03-21,15/9-F-11,24.0,219.281,105.446,166.84,10.936,21.83396,52.44,74.781,2065.0
2015-03-22,15/9-F-14,24.0,265.24,99.637,234.485,13.749,100.0,30.755,86.348,258.0
2015-03-22,15/9-F-15,8.29,199.612,106.382,166.343,14.568,4.39422,33.269,26.781,29.0
2015-03-22,15/9-F-11,24.0,252.281,105.288,176.553,8.63,12.00069,75.727,55.797,1145.0
2015-03-23,15/9-F-11,23.83,287.052,105.234,188.171,9.427,4.40473,98.881,36.236,334.0
2015-03-23,15/9-F-14,24.0,265.14,99.641,234.417,13.845,99.99409,30.723,87.489,230.0
2015-03-24,15/9-F-14,24.0,265.875,99.642,234.431,13.996,79.22343,31.444,88.508,195.0
2015-03-25,15/9-F-15,9.38,229.411,104.547,173.223,5.784,3.62386,56.188,15.137,32.0
2015-03-25,15/9-F-14,24.0,265.985,99.652,234.418,13.987,81.28986,31.567,88.216,250.0
2015-03-25,15/9-F-11,24.0,285.373,105.051,190.524,14.502,7.32114,94.848,47.433,801.0
2015-03-26,15/9-F-11,24.0,225.205,105.348,174.375,23.834,25.63936,50.83,74.815,1994.0
2015-03-26,15/9-F-14,24.0,266.732,99.648,234.597,13.789,100.0,32.134,86.096,270.0
2015-03-26,15/9-F-15,24.0,209.249,105.98,163.94,9.681,8.27252,45.309,17.265,133.0
2015-03-27,15/9-F-11,24.0,219.559,105.456,168.909,23.127,24.68595,50.65,75.53,1955.0
2015-03-27,15/9-F-14,24.0,265.556,99.661,234.457,14.079,100.0,31.099,88.563,274.0
2015-03-27,15/9-F-15,24.0,203.502,106.368,166.478,12.94,9.55539,37.025,25.824,148.0
2015-03-28,15/9-F-11,24.0,219.383,105.467,168.604,22.289,23.0897,50.779,73.479,2014.0
2015-03-28,15/9-F-14,24.0,265.454,99.659,234.64,13.893,100.0,30.814,86.812,261.0
2015-03-28,15/9-F-15,24.0,199.702,106.538,165.457,15.92,10.35717,34.244,23.193,149.0
2015-03-29,15/9-F-14,24.0,265.451,99.658,234.569,14.061,97.82609,30.881,88.545,250.0
2015-03-29,15/9-F-15,24.0,199.59,106.535,165.323,16.477,9.70016,34.267,27.765,139.0
2015-03-29,15/9-F-11,24.0,220.255,105.463,168.922,22.094,21.52402,51.333,75.531,1835.0
2015-03-30,15/9-F-15,24.0,199.557,106.537,165.229,16.582,9.94773,34.328,26.955,145.0
2015-03-30,15/9-F-11,24.0,220.092,105.477,168.778,21.498,21.99374,51.314,74.976,1928.0
2015-03-30,15/9-F-14,24.0,265.694,99.646,234.629,13.974,97.91667,31.065,88.203,258.0
2015-03-31,15/9-F-11,24.0,219.664,105.495,168.565,21.072,21.94723,51.098,74.697,1918.0
2015-03-31,15/9-F-14,24.0,265.436,99.647,234.616,13.924,100.0,30.821,87.967,262.0
2015-03-31,15/9-F-15,24.0,199.85,106.532,165.477,16.569,9.98038,34.373,25.226,145.0
2015-04-01,15/9-F-15,24.0,200.982,106.491,166.667,16.039,9.85741,34.315,25.543,138.0
2015-04-01,15/9-F-14,24.0,265.444,99.635,234.652,13.869,100.0,30.792,88.015,251.0
2015-04-01,15/9-F-11,24.0,220.203,105.498,168.768,20.648,21.56691,51.435,74.505,1811.0
2015-04-02,15/9-F-14,24.0,265.512,99.629,234.753,13.91,100.0,30.76,88.256,256.0
2015-04-02,15/9-F-15,24.0,201.215,106.484,166.783,16.041,9.70532,34.433,26.863,139.0
2015-04-02,15/9-F-11,24.0,220.488,105.5,168.942,20.258,21.32053,51.547,74.629,1825.0
2015-04-03,15/9-F-11,24.0,219.987,105.517,168.705,20.077,21.49887,51.282,75.073,1826.0
2015-04-03,15/9-F-15,24.0,200.476,106.505,166.372,16.441,9.93189,34.104,28.404,141.0
2015-04-03,15/9-F-14,24.0,265.563,99.627,234.772,14.066,100.0,30.791,88.514,254.0
2015-04-04,15/9-F-14,24.0,265.495,99.62,234.782,14.052,100.0,30.713,88.424,253.0
2015-04-04,15/9-F-15,24.0,200.46,106.508,166.115,16.51,9.68912,34.344,28.739,138.0
2015-04-04,15/9-F-11,24.0,219.749,105.524,168.639,19.677,21.46538,51.111,74.895,1818.0
2015-04-05,15/9-F-14,24.0,265.446,99.619,234.77,14.002,100.0,30.676,88.34,252.0
2015-04-05,15/9-F-15,24.0,199.769,106.521,165.775,16.589,9.89153,33.993,28.526,139.0
2015-04-05,15/9-F-11,24.0,219.681,105.532,168.584,19.232,21.47562,51.097,74.769,1810.0
2015-04-06,15/9-F-14,24.0,265.324,99.618,234.661,14.0,100.0,30.663,88.052,252.0
2015-04-06,15/9-F-15,24.0,199.329,106.535,165.386,16.799,9.89031,33.943,28.794,139.0
2015-04-06,15/9-F-11,24.0,219.654,105.539,168.654,18.888,21.45566,51.0,74.508,1808.0
2015-04-07,15/9-F-11,24.0,219.542,105.437,168.549,18.521,21.38385,50.992,75.072,1791.0
2015-04-07,15/9-F-14,24.0,265.097,99.496,234.516,13.92,100.0,30.581,88.265,250.0
2015-04-07,15/9-F-15,24.0,199.255,106.16,165.488,16.646,9.92347,33.766,28.871,138.0
2015-04-08,15/9-F-14,24.0,265.079,99.599,234.546,13.934,100.0,30.533,88.151,252.0
2015-04-08,15/9-F-15,24.0,200.578,106.478,166.489,16.173,9.68782,34.089,28.501,137.0
2015-04-08,15/9-F-11,24.0,220.018,105.541,168.675,18.204,20.96206,51.343,74.778,1764.0
2015-04-09,15/9-F-15,24.0,199.982,106.484,166.391,16.055,10.22324,33.59,26.909,141.0
2015-04-09,15/9-F-14,24.0,265.088,99.599,234.613,13.877,100.0,30.475,87.264,251.0
2015-04-09,15/9-F-11,24.0,219.943,105.542,168.631,17.814,20.97055,51.312,73.04,1759.0
2015-04-10,15/9-F-14,24.0,265.066,99.599,234.612,13.855,100.0,30.454,87.104,248.0
2015-04-10,15/9-F-15,24.0,200.01,106.482,166.213,16.027,10.01674,33.797,26.231,138.0
2015-04-10,15/9-F-11,24.0,219.632,105.547,168.498,17.519,21.01584,51.134,73.39,1744.0
2015-04-11,15/9-F-14,24.0,265.053,99.599,234.607,13.811,100.0,30.446,86.843,249.0
2015-04-11,15/9-F-15,24.0,200.015,106.47,166.446,15.712,10.13621,33.569,25.081,140.0
2015-04-11,15/9-F-11,24.0,219.662,105.548,168.518,17.205,21.00344,51.144,73.719,1750.0
2015-04-12,15/9-F-14,24.0,265.086,99.599,234.585,13.828,100.0,30.501,86.635,250.0
2015-04-12,15/9-F-11,24.0,220.047,105.549,168.673,17.002,20.70422,51.374,72.502,1729.0
2015-04-12,15/9-F-15,24.0,199.743,106.474,166.259,15.737,10.13773,33.484,25.572,140.0
2015-04-13,15/9-F-11,24.0,220.91,105.539,169.11,16.906,20.49373,51.8,74.125,1709.0
2015-04-13,15/9-F-15,24.0,199.669,106.468,166.221,15.659,10.14072,33.448,26.927,140.0
2015-04-13,15/9-F-14,24.0,265.543,99.614,234.991,13.964,100.0,30.552,87.868,249.0
2015-04-14,15/9-F-11,24.0,220.921,105.554,169.136,16.787,20.47694,51.785,73.318,1714.0
2015-04-14,15/9-F-15,24.0,200.63,106.424,167.248,15.224,9.94441,33.382,26.314,139.0
2015-04-14,15/9-F-14,24.0,265.971,99.636,235.3,14.085,100.0,30.671,87.43,250.0
2015-04-15,15/9-F-14,24.0,266.361,99.655,235.577,14.297,97.91667,30.784,88.702,250.0
2015-04-15,15/9-F-15,24.0,199.572,106.453,166.381,15.597,10.06448,33.191,29.379,142.0
2015-04-15,15/9-F-11,24.0,220.878,105.569,169.164,16.802,20.78581,51.713,75.211,1769.0
2015-04-16,15/9-F-14,24.0,266.54,99.667,235.692,14.344,100.0,30.848,88.763,252.0
2015-04-16,15/9-F-11,24.0,220.972,105.586,169.249,16.657,20.94946,51.723,75.286,1769.0
2015-04-16,15/9-F-15,24.0,200.521,106.418,167.149,15.194,9.9516,33.373,28.913,140.0
2015-04-17,15/9-F-15,24.0,199.683,106.444,166.559,15.519,10.02108,33.123,30.875,144.0
2015-04-17,15/9-F-14,24.0,266.76,99.674,235.848,14.468,97.91667,30.912,88.944,255.0
2015-04-17,15/9-F-11,24.0,221.355,105.601,169.422,16.691,20.52399,51.933,75.607,1781.0
2015-04-18,15/9-F-15,24.0,199.776,106.442,166.621,15.449,9.78463,33.155,30.072,141.0
2015-04-18,15/9-F-11,24.0,221.853,105.617,169.607,16.554,20.98104,52.246,75.482,1803.0
2015-04-18,15/9-F-14,24.0,267.134,99.688,236.166,14.492,97.91667,30.968,88.92,252.0
2015-04-19,15/9-F-14,24.0,267.191,99.697,236.206,14.54,97.91667,30.984,88.991,255.0
2015-04-19,15/9-F-11,24.0,222.201,105.64,169.773,16.559,20.98662,52.428,75.649,1820.0
2015-04-19,15/9-F-15,24.0,199.702,106.446,166.704,15.488,9.61549,32.999,30.689,140.0
2015-04-20,15/9-F-14,24.0,267.032,99.69,236.05,14.564,100.0,30.982,89.007,256.0
2015-04-20,15/9-F-11,24.0,221.888,105.674,169.628,16.556,21.23229,52.26,75.76,1815.0
2015-04-20,15/9-F-15,24.0,199.929,106.44,167.029,15.468,9.86301,32.901,31.08,141.0
2015-04-21,15/9-F-15,24.0,199.8,106.448,166.891,15.468,9.89064,32.909,30.897,142.0
2015-04-21,15/9-F-11,24.0,221.789,105.697,169.625,16.419,21.25809,52.163,75.916,1832.0
2015-04-21,15/9-F-14,24.0,266.937,99.688,235.97,14.522,100.0,30.967,88.975,258.0
2015-04-22,15/9-F-11,24.0,221.891,105.7,169.736,16.287,21.25069,52.155,76.021,1833.0
2015-04-22,15/9-F-14,24.0,266.836,99.682,235.904,14.498,100.0,30.931,88.956,258.0
2015-04-22,15/9-F-15,24.0,199.678,106.456,166.753,15.532,9.87433,32.925,30.883,142.0
2015-04-23,15/9-F-14,24.0,266.739,99.68,235.857,14.491,100.0,30.882,88.872,269.0
2015-04-23,15/9-F-11,24.0,221.725,105.708,169.609,16.194,21.30261,52.116,75.98,1919.0
2015-04-23,15/9-F-15,24.0,199.599,106.46,166.749,15.545,9.93602,32.85,30.055,149.0
2015-04-24,15/9-F-15,24.0,199.895,106.455,166.92,15.491,9.75725,32.974,30.587,147.0
2015-04-24,15/9-F-14,24.0,266.621,99.68,235.808,14.497,100.0,30.814,88.842,268.0
2015-04-24,15/9-F-11,24.0,221.555,105.724,169.419,16.157,21.29273,52.136,75.915,1909.0
2015-04-25,15/9-F-15,24.0,200.392,106.435,167.712,15.145,9.93357,32.68,29.755,147.0
2015-04-25,15/9-F-11,24.0,221.251,105.738,169.245,15.956,21.39999,52.005,75.613,1901.0
2015-04-25,15/9-F-14,24.0,266.575,99.68,235.768,14.429,100.0,30.806,88.614,266.0
2015-04-26,15/9-F-14,24.0,266.536,99.674,235.753,14.418,100.0,30.783,88.686,265.0
2015-04-26,15/9-F-15,24.0,199.543,106.473,166.678,15.484,9.89835,32.865,29.802,146.0
2015-04-26,15/9-F-11,24.0,221.122,105.747,169.162,15.829,21.41682,51.96,75.58,1899.0
2015-04-27,15/9-F-11,24.0,220.826,105.757,168.996,15.762,21.51103,51.829,75.296,1916.0
2015-04-27,15/9-F-15,24.0,199.93,106.457,167.226,15.342,9.97682,32.704,29.13,148.0
2015-04-27,15/9-F-14,24.0,266.511,99.668,235.771,14.398,100.0,30.74,88.504,267.0
2015-04-28,15/9-F-15,24.0,199.665,106.467,166.994,15.378,10.06769,32.671,26.804,148.0
2015-04-28,15/9-F-11,24.0,220.596,105.765,168.894,15.621,21.55464,51.701,74.737,1913.0
2015-04-28,15/9-F-14,24.0,266.482,99.663,235.819,14.327,100.0,30.663,87.848,266.0
2015-04-29,15/9-F-14,24.0,266.478,99.659,235.787,14.382,100.0,30.691,88.012,266.0
2015-04-29,15/9-F-11,24.0,220.61,105.766,168.924,15.583,21.45883,51.686,75.295,1907.0
2015-04-29,15/9-F-15,24.0,199.755,106.464,167.077,15.414,9.98959,32.678,27.052,148.0
2015-04-30,15/9-F-14,24.0,266.59,99.653,235.734,14.373,100.0,30.856,88.58,267.0
2015-04-30,15/9-F-11,24.0,220.495,105.77,168.869,15.467,21.41851,51.627,75.675,1911.0
2015-04-30,15/9-F-15,24.0,199.996,106.455,167.333,15.33,10.00477,32.662,29.838,148.0
2015-05-01,15/9-F-15,24.0,200.551,106.432,168.071,15.069,9.97289,32.48,30.654,148.0
2015-05-01,15/9-F-11,24.0,220.463,105.772,168.877,15.354,21.36788,51.586,75.711,1906.0
2015-05-01,15/9-F-14,24.0,266.43,99.649,235.697,14.362,100.0,30.733,88.669,267.0
2015-05-02,15/9-F-15,24.0,200.034,106.45,167.542,15.244,10.06853,32.491,30.808,148.0
2015-05-02,15/9-F-11,24.0,220.477,105.784,169.07,15.357,21.39576,51.407,75.688,1893.0
2015-05-02,15/9-F-14,24.0,266.389,99.641,235.695,14.371,100.0,30.694,88.633,265.0
2015-05-03,15/9-F-15,24.0,199.289,106.476,166.766,15.462,10.16145,32.523,26.724,147.0
2015-05-03,15/9-F-11,24.0,220.425,105.79,169.28,15.231,21.46273,51.145,74.796,1874.0
2015-05-03,15/9-F-14,24.0,266.317,99.638,235.74,14.286,100.0,30.577,87.484,261.0
2015-05-04,15/9-F-15,24.0,199.488,106.467,166.888,15.336,9.9803,32.6,25.961,142.0
2015-05-04,15/9-F-11,24.0,220.104,105.797,169.383,15.151,21.61467,50.721,73.905,1852.0
2015-05-04,15/9-F-14,24.0,266.288,99.631,235.734,14.223,100.0,30.555,87.349,256.0
2015-05-05,15/9-F-15,17.17,201.677,106.21,168.268,13.342,8.17224,33.409,26.723,89.0
2015-05-05,15/9-F-14,24.0,266.279,99.626,235.721,14.259,100.0,30.558,87.383,256.0
2015-05-05,15/9-F-11,24.0,219.936,105.798,169.542,14.961,21.67387,50.394,74.302,1855.0
2015-05-06,15/9-F-11,24.0,219.876,105.806,169.592,14.641,21.68166,50.284,73.846,1820.0
2015-05-06,15/9-F-15,24.0,200.411,106.415,168.979,14.265,11.43675,31.432,23.507,153.0
2015-05-06,15/9-F-14,24.0,266.274,99.618,235.774,14.216,100.0,30.5,87.062,251.0
2015-05-07,15/9-F-11,24.0,219.828,105.811,169.717,14.364,21.68359,50.112,75.424,1825.0
2015-05-07,15/9-F-14,24.0,266.239,99.616,235.656,14.248,100.0,30.584,88.151,252.0
2015-05-07,15/9-F-15,24.0,199.826,106.449,167.571,15.165,10.20291,32.254,26.096,142.0
2015-05-08,15/9-F-11,24.0,219.993,105.825,169.978,14.144,21.63072,50.015,75.334,1799.0
2015-05-08,15/9-F-15,24.0,199.877,106.443,167.675,15.214,10.18997,32.203,26.909,140.0
2015-05-08,15/9-F-14,24.0,266.229,99.609,235.655,14.294,100.0,30.573,88.192,249.0
2015-05-09,15/9-F-11,24.0,220.227,105.842,170.309,13.741,21.70907,49.918,75.343,1810.0
2015-05-09,15/9-F-15,24.0,199.036,106.47,166.767,15.459,10.23198,32.269,24.67,141.0
2015-05-09,15/9-F-14,24.0,266.206,99.607,235.693,14.236,100.0,30.512,87.476,250.0
2015-05-10,15/9-F-11,24.0,220.333,105.839,170.286,13.48,21.64983,50.047,75.58,1805.0
2015-05-10,15/9-F-14,24.0,266.193,99.6,235.689,14.296,100.0,30.503,87.781,250.0
2015-05-10,15/9-F-15,24.0,199.327,106.455,166.957,15.397,10.03576,32.37,27.108,139.0
2015-05-11,15/9-F-11,24.0,220.315,105.835,170.318,13.13,21.60531,49.997,73.445,1802.0
2015-05-11,15/9-F-15,24.0,199.86,106.428,167.564,14.997,9.94611,32.296,25.165,138.0
2015-05-11,15/9-F-14,24.0,266.157,99.598,235.709,14.218,100.0,30.449,86.988,250.0
2015-05-12,15/9-F-15,24.0,200.27,106.408,168.057,14.755,9.87738,32.213,25.258,137.0
2015-05-12,15/9-F-11,24.0,220.058,105.833,170.23,12.79,21.59288,49.827,72.889,1798.0
2015-05-12,15/9-F-14,24.0,266.14,99.589,235.698,14.24,100.0,30.442,86.387,249.0
2015-05-13,15/9-F-14,24.0,266.434,99.583,235.669,14.233,100.0,30.765,88.062,247.0
2015-05-13,15/9-F-15,24.0,199.482,106.432,167.315,14.945,9.99674,32.168,26.848,137.0
2015-05-13,15/9-F-11,24.0,219.691,105.837,170.137,12.424,21.83126,49.554,75.648,1802.0
2015-05-14,15/9-F-14,24.0,266.665,99.576,235.627,14.246,100.0,31.038,88.332,219.0
2015-05-14,15/9-F-15,24.0,199.851,106.415,167.681,14.806,9.84432,32.17,28.735,128.0
2015-05-14,15/9-F-11,24.0,219.657,105.836,170.152,12.136,21.92297,49.506,75.841,1816.0
2015-05-15,15/9-F-15,24.0,199.954,106.403,167.882,14.674,9.90906,32.072,28.309,129.0
2015-05-15,15/9-F-11,24.0,219.508,105.836,170.063,11.925,21.96428,49.446,75.306,1819.0
2015-05-15,15/9-F-14,24.0,266.656,99.57,235.618,14.274,100.0,31.038,88.086,219.0
2015-05-16,15/9-F-14,24.0,266.654,99.57,235.623,14.257,100.0,31.031,87.993,220.0
2015-05-16,15/9-F-15,24.0,199.81,106.404,167.731,14.657,9.8785,32.079,27.516,129.0
2015-05-16,15/9-F-11,24.0,219.762,105.835,170.152,11.738,21.638,49.61,75.303,1806.0
2015-05-17,15/9-F-11,24.0,220.116,105.834,170.306,11.593,21.42075,49.81,75.684,1785.0
2015-05-17,15/9-F-14,24.0,266.663,99.566,235.633,14.27,100.0,31.03,88.051,220.0
2015-05-17,15/9-F-15,24.0,199.876,106.397,167.877,14.584,9.89611,31.999,28.601,129.0
2015-05-18,15/9-F-14,24.0,266.646,99.559,235.747,14.216,100.0,30.899,87.234,218.0
2015-05-18,15/9-F-15,24.0,199.716,106.396,167.783,14.528,10.01781,31.932,25.571,129.0
2015-05-18,15/9-F-11,24.0,220.023,105.835,170.268,11.394,21.51527,49.754,75.146,1781.0
2015-05-19,15/9-F-15,24.0,199.544,106.4,167.505,14.576,9.91197,32.039,26.49,129.0
2015-05-19,15/9-F-14,24.0,266.601,99.558,235.592,14.281,100.0,31.009,87.621,219.0
2015-05-19,15/9-F-11,24.0,220.031,105.836,170.31,11.341,21.4304,49.72,74.964,1784.0
2015-05-20,15/9-F-15,24.0,201.104,106.334,169.212,14.034,9.71721,31.892,29.84,128.0
2015-05-20,15/9-F-14,24.0,266.574,99.554,235.557,14.391,100.0,31.017,88.467,219.0
2015-05-20,15/9-F-11,24.0,220.072,105.837,170.383,11.253,21.33326,49.689,76.148,1775.0
2015-05-21,15/9-F-11,24.0,220.051,105.838,170.39,11.057,21.28883,49.661,74.669,1747.0
2015-05-21,15/9-F-15,24.0,201.985,106.293,170.159,13.604,9.67575,31.827,27.622,126.0
2015-05-21,15/9-F-14,24.0,266.55,99.55,235.587,14.348,100.0,30.963,87.483,216.0
2015-05-22,15/9-F-14,24.0,266.32,99.552,235.514,14.313,100.0,30.806,87.725,213.0
2015-05-22,15/9-F-11,24.0,220.018,105.838,170.429,10.851,21.30934,49.589,75.187,1727.0
2015-05-22,15/9-F-15,24.0,202.042,106.289,170.201,13.461,9.67843,31.84,27.471,124.0
2015-05-23,15/9-F-11,24.0,219.944,105.84,170.485,10.736,21.3288,49.459,75.982,1639.0
2015-05-23,15/9-F-15,24.0,201.628,106.307,169.706,13.603,9.68997,31.922,28.384,118.0
2015-05-23,15/9-F-14,24.0,265.901,99.551,235.455,14.364,100.0,30.446,88.217,202.0
2015-05-24,15/9-F-15,24.0,201.947,106.295,169.883,13.444,9.75921,32.064,27.156,127.0
2015-05-24,15/9-F-11,24.0,219.877,105.842,170.473,10.619,21.36468,49.404,75.497,1756.0
2015-05-24,15/9-F-14,24.0,266.18,99.543,235.497,14.301,100.0,30.683,87.653,216.0
2015-05-25,15/9-F-11,24.0,219.752,105.845,170.512,10.565,21.33183,49.24,76.29,1653.0
2015-05-25,15/9-F-14,24.0,265.816,99.543,235.357,14.362,100.0,30.458,88.271,204.0
2015-05-25,15/9-F-15,24.0,202.112,106.281,170.307,13.363,9.74202,31.805,28.82,119.0
2015-05-26,15/9-F-11,24.0,219.693,105.848,170.53,10.495,21.33459,49.162,76.321,1706.0
2015-05-26,15/9-F-14,24.0,265.736,99.54,235.327,14.379,100.0,30.41,88.286,211.0
2015-05-26,15/9-F-15,24.0,201.253,106.315,169.359,13.679,9.74474,31.893,28.929,123.0
2015-05-27,15/9-F-15,24.0,200.682,106.334,168.8,13.84,9.54853,31.882,28.329,122.0
2015-05-27,15/9-F-14,24.0,265.655,99.537,235.325,14.36,97.91667,30.33,87.854,206.0
2015-05-27,15/9-F-11,24.0,219.676,105.848,170.565,10.426,20.81662,49.111,75.837,1667.0
2015-05-28,15/9-F-11,24.0,220.258,105.843,170.832,10.339,20.90946,49.427,75.611,1706.0
2015-05-28,15/9-F-14,24.0,265.601,99.529,235.277,14.309,97.91667,30.323,87.692,210.0
2015-05-28,15/9-F-15,24.0,199.919,106.358,168.077,14.034,9.64559,31.843,27.759,125.0
2015-05-29,15/9-F-11,24.0,220.522,105.839,170.962,10.292,20.70415,49.56,74.71,1681.0
2015-05-29,15/9-F-15,24.0,200.136,106.343,168.341,13.979,9.77381,31.795,27.566,125.0
2015-05-29,15/9-F-14,24.0,265.556,99.528,235.234,14.329,100.0,30.322,87.43,213.0
2015-05-30,15/9-F-14,24.0,265.527,99.523,235.184,14.401,100.0,30.343,88.24,211.0
2015-05-30,15/9-F-11,24.0,220.443,105.84,171.005,10.245,20.76541,49.439,76.138,1671.0
2015-05-30,15/9-F-15,24.0,200.62,106.315,169.014,13.732,9.79442,31.606,29.826,124.0
2015-05-31,15/9-F-15,24.0,200.745,106.304,169.202,13.599,9.63575,31.543,26.783,125.0
2015-05-31,15/9-F-11,24.0,220.197,105.843,170.984,12.855,20.4208,49.213,76.105,1672.0
2015-05-31,15/9-F-14,24.0,265.5,99.519,235.246,14.363,97.91667,30.253,87.285,210.0
2015-06-01,15/9-F-11,24.0,220.136,105.842,171.034,19.92,20.82932,49.102,74.318,1683.0
2015-06-01,15/9-F-14,24.0,265.502,99.519,235.247,14.236,100.0,30.255,86.692,212.0
2015-06-01,15/9-F-15,24.0,200.457,106.311,168.882,13.505,9.83959,31.576,25.779,124.0
2015-06-02,15/9-F-11,24.0,219.98,105.842,171.053,19.727,20.86392,48.927,73.276,1683.0
2015-06-02,15/9-F-15,24.0,200.36,106.31,168.805,13.455,9.88528,31.556,24.304,125.0
2015-06-02,15/9-F-14,24.0,265.522,99.516,235.28,14.212,100.0,30.241,85.902,212.0
2015-06-03,15/9-F-11,24.0,220.006,105.838,171.209,19.763,20.80031,48.797,76.076,1667.0
2015-06-03,15/9-F-15,24.0,200.563,106.295,169.15,13.398,9.848,31.413,28.574,123.0
2015-06-03,15/9-F-14,24.0,265.472,99.509,235.181,14.367,100.0,30.291,88.101,210.0
2015-06-04,15/9-F-11,24.0,220.06,105.836,171.321,19.74,20.73307,48.738,76.026,1659.0
2015-06-04,15/9-F-15,24.0,199.921,106.315,168.473,13.613,9.89328,31.448,29.71,123.0
2015-06-04,15/9-F-14,24.0,265.448,99.508,235.176,14.425,100.0,30.272,87.948,210.0
2015-06-05,15/9-F-14,24.0,265.445,99.508,235.279,14.3,100.0,30.167,85.889,210.0
2015-06-05,15/9-F-15,24.0,200.416,106.291,168.966,13.341,9.83935,31.451,24.412,123.0
2015-06-05,15/9-F-11,24.0,219.816,105.839,171.29,19.441,20.80439,48.526,75.302,1664.0
2015-06-06,15/9-F-11,24.0,219.848,105.839,171.388,19.269,20.68406,48.46,72.965,1651.0
2015-06-06,15/9-F-15,24.0,201.077,106.255,169.83,13.021,9.80395,31.247,26.653,123.0
2015-06-06,15/9-F-14,24.0,265.492,99.506,235.306,14.313,100.0,30.186,86.121,209.0
2015-06-07,15/9-F-11,22.82,226.651,105.776,174.246,18.759,17.84592,52.405,72.633,1497.0
2015-06-07,15/9-F-14,22.82,268.385,99.472,236.121,14.029,74.92783,32.264,86.136,158.0
2015-06-07,15/9-F-15,22.98,202.382,106.18,170.699,12.489,9.46178,31.683,27.644,125.0
2015-06-08,15/9-F-11,24.0,220.212,105.862,171.887,19.104,20.91732,48.325,76.262,1673.0
2015-06-08,15/9-F-14,24.0,265.59,99.496,235.182,14.451,98.83031,30.408,87.988,208.0
2015-06-08,15/9-F-15,24.0,200.588,106.254,169.582,12.995,11.1286,31.006,29.334,130.0
2015-06-09,15/9-F-11,24.0,220.06,105.864,171.859,19.07,20.79633,48.201,76.578,1655.0
2015-06-09,15/9-F-14,24.0,265.699,99.49,235.309,14.555,100.0,30.389,88.255,209.0
2015-06-09,15/9-F-15,24.0,200.131,106.287,169.008,13.38,10.22291,31.123,31.124,125.0
2015-06-10,15/9-F-11,24.0,220.262,105.859,172.02,18.853,20.6464,48.242,76.503,1633.0
2015-06-10,15/9-F-14,24.0,265.727,99.498,235.367,14.552,100.0,30.36,88.117,207.0
2015-06-10,15/9-F-15,24.0,199.526,106.313,168.106,13.666,10.0154,31.42,31.514,123.0
2015-06-11,15/9-F-14,24.0,265.742,99.499,235.387,14.588,100.0,30.356,88.072,205.0
2015-06-11,15/9-F-11,24.0,220.157,105.855,172.038,18.768,20.62981,48.12,76.345,1616.0
2015-06-11,15/9-F-15,24.0,201.082,106.239,170.088,13.039,9.95274,30.994,30.737,121.0
2015-06-12,15/9-F-14,24.0,265.77,99.494,235.429,14.592,100.0,30.341,87.958,206.0
2015-06-12,15/9-F-15,24.0,200.067,106.272,169.171,13.313,10.22691,30.895,31.064,123.0
2015-06-12,15/9-F-11,24.0,220.128,105.853,172.118,18.635,20.57621,48.009,76.334,1616.0
2015-06-13,15/9-F-15,24.0,199.356,106.302,168.15,13.608,9.95936,31.205,32.344,120.0
2015-06-13,15/9-F-14,24.0,265.642,99.484,235.272,14.592,100.0,30.37,88.372,203.0
2015-06-13,15/9-F-11,24.0,220.167,105.85,172.271,18.514,20.59866,47.896,76.879,1598.0
2015-06-14,15/9-F-11,24.0,219.996,105.849,172.309,18.23,20.77804,47.688,76.297,1580.0
2015-06-14,15/9-F-14,24.0,265.588,99.478,235.269,14.451,100.0,30.319,87.961,200.0
2015-06-14,15/9-F-15,24.0,199.97,106.268,169.003,13.151,10.03708,30.967,29.308,118.0
2015-06-15,15/9-F-11,24.0,219.968,105.848,172.436,18.161,20.75875,47.532,76.379,1584.0
2015-06-15,15/9-F-14,24.0,265.563,99.478,235.231,14.474,100.0,30.332,88.04,200.0
2015-06-15,15/9-F-15,24.0,200.371,106.244,169.595,12.893,10.19861,30.776,29.653,119.0
2015-06-16,15/9-F-11,24.0,219.958,105.846,172.584,18.141,20.72289,47.373,76.6,1566.0
2015-06-16,15/9-F-14,24.0,265.541,99.471,235.249,14.533,100.0,30.292,87.906,198.0
2015-06-16,15/9-F-15,24.0,199.584,106.272,168.784,13.221,10.4439,30.8,30.725,119.0
2015-06-17,15/9-F-15,24.0,200.496,106.235,169.531,12.837,10.13,30.965,29.49,117.0
2015-06-17,15/9-F-11,24.0,220.076,105.842,172.808,17.952,20.60948,47.268,76.176,1551.0
2015-06-17,15/9-F-14,24.0,265.501,99.469,235.209,14.478,100.0,30.292,87.516,197.0
2015-06-18,15/9-F-15,24.0,200.715,106.215,170.048,12.589,11.21019,30.668,29.328,122.0
2015-06-18,15/9-F-14,24.0,265.884,99.463,235.267,14.443,100.0,30.617,87.909,197.0
2015-06-18,15/9-F-11,24.0,220.218,105.841,172.988,17.777,20.66876,47.23,76.424,1553.0
2015-06-19,15/9-F-11,24.0,220.227,105.836,173.182,17.769,20.80475,47.045,76.533,1538.0
2015-06-19,15/9-F-15,24.0,201.256,106.183,170.925,12.3,13.37645,30.331,29.251,124.0
2015-06-19,15/9-F-14,24.0,266.289,99.473,235.489,14.522,100.0,30.8,88.063,194.0
2015-06-20,15/9-F-15,24.0,199.731,106.258,168.275,12.996,9.67168,31.457,31.556,116.0
2015-06-20,15/9-F-14,24.0,266.153,99.496,235.704,14.752,100.0,30.449,88.556,200.0
2015-06-20,15/9-F-11,24.0,220.342,105.838,173.442,17.825,20.70688,46.899,76.975,1575.0
2015-06-21,15/9-F-14,24.0,266.455,99.512,236.026,14.709,100.0,30.429,87.42,198.0
2015-06-21,15/9-F-15,24.0,200.971,106.188,170.737,12.31,11.32858,30.233,26.224,123.0
2015-06-21,15/9-F-11,24.0,220.616,105.842,173.698,17.628,20.81758,46.918,76.568,1569.0
2015-06-22,15/9-F-14,24.0,266.717,99.524,236.145,14.826,100.0,30.573,88.504,202.0
2015-06-22,15/9-F-15,24.0,199.633,106.249,168.783,12.84,10.58126,30.851,30.693,122.0
2015-06-22,15/9-F-11,24.0,221.192,105.847,174.136,17.578,20.75372,47.056,77.022,1598.0
2015-06-23,15/9-F-11,24.0,220.919,105.862,174.17,17.517,21.17692,46.749,76.853,1607.0
2015-06-23,15/9-F-14,24.0,267.008,99.537,236.365,14.848,100.0,30.643,88.557,200.0
2015-06-23,15/9-F-15,24.0,200.554,106.208,169.964,12.457,10.39832,30.59,29.71,120.0
2015-06-24,15/9-F-14,24.0,267.257,99.545,236.559,14.943,100.0,30.698,88.711,200.0
2015-06-24,15/9-F-15,24.0,200.036,106.227,169.444,12.629,10.61305,30.592,29.834,121.0
2015-06-24,15/9-F-11,24.0,221.145,105.876,174.44,17.595,21.34365,46.705,77.073,1623.0
2015-06-25,15/9-F-11,24.0,220.787,105.894,174.47,17.724,21.81495,46.318,77.512,1649.0
2015-06-25,15/9-F-15,24.0,200.202,106.227,169.422,12.743,10.51277,30.78,31.672,120.0
2015-06-25,15/9-F-14,24.0,267.513,99.553,236.734,15.135,100.0,30.779,88.991,200.0
2015-06-26,15/9-F-15,24.0,200.223,106.223,169.699,12.59,10.75717,30.524,25.614,119.0
2015-06-26,15/9-F-11,24.0,220.718,105.909,174.609,17.502,22.36589,46.108,77.212,1651.0
2015-06-26,15/9-F-14,24.0,267.744,99.564,237.024,15.024,100.0,30.72,87.331,196.0
2015-06-27,15/9-F-11,24.0,221.366,105.922,175.087,17.581,22.2122,46.279,77.536,1662.0
2015-06-27,15/9-F-15,24.0,200.347,106.23,169.39,12.697,10.45573,30.957,29.779,119.0
2015-06-27,15/9-F-14,24.0,268.113,99.569,237.115,15.165,100.0,30.998,88.874,198.0
2015-06-28,15/9-F-14,24.0,267.749,99.566,237.002,15.113,100.0,30.747,88.193,210.0
2015-06-28,15/9-F-11,24.0,229.601,105.858,178.632,17.559,17.99774,50.969,76.793,1465.0
2015-06-28,15/9-F-15,24.0,201.958,106.164,171.34,12.111,10.37393,30.618,28.475,126.0
2015-06-29,15/9-F-14,24.0,267.861,99.554,236.828,15.174,100.0,31.033,88.96,209.0
2015-06-29,15/9-F-11,24.0,227.704,105.896,178.034,17.708,19.19963,49.67,77.58,1546.0
2015-06-29,15/9-F-15,24.0,202.75,106.138,172.138,11.949,10.41771,30.612,31.08,126.0
2015-06-30,15/9-F-15,24.0,201.067,106.216,170.32,12.613,10.59658,30.746,29.538,128.0
2015-06-30,15/9-F-14,24.0,267.5,99.554,236.782,15.089,100.0,30.718,88.209,211.0
2015-06-30,15/9-F-11,24.0,226.097,105.926,177.509,17.61,20.02495,48.588,77.417,1619.0
2015-07-01,15/9-F-14,24.0,267.346,99.552,236.768,14.992,100.0,30.578,86.957,195.0
2015-07-01,15/9-F-11,24.0,221.85,105.969,175.893,17.467,22.88707,45.957,76.828,1682.0
2015-07-01,15/9-F-15,24.0,201.891,106.201,170.878,12.376,9.65481,31.013,26.751,113.0
2015-07-02,15/9-F-14,24.0,267.277,99.556,236.724,14.986,100.0,30.553,86.891,239.0
2015-07-02,15/9-F-15,24.0,199.736,106.291,168.786,13.162,10.38268,30.95,27.2,137.0
2015-07-02,15/9-F-11,24.0,220.473,105.984,175.408,17.401,23.94197,45.065,76.534,1562.0
2015-07-03,15/9-F-11,24.0,220.377,105.984,175.448,17.465,23.92522,44.929,77.837,1555.0
2015-07-03,15/9-F-14,24.0,267.157,99.549,236.478,15.065,100.0,30.679,88.699,238.0
2015-07-03,15/9-F-15,24.0,200.7,106.264,169.627,13.01,9.90507,31.072,30.676,134.0
2015-07-04,15/9-F-15,24.0,202.239,106.199,171.629,12.438,10.01885,30.61,30.274,132.0
2015-07-04,15/9-F-14,24.0,267.005,99.544,236.405,15.035,100.0,30.6,88.554,234.0
2015-07-04,15/9-F-11,24.0,219.858,105.988,175.308,17.386,23.99863,44.551,77.984,1533.0
2015-07-05,15/9-F-14,24.0,266.963,99.54,236.418,15.061,100.0,30.545,88.416,232.0
2015-07-05,15/9-F-15,24.0,200.386,106.277,169.783,13.094,10.4524,30.603,30.787,134.0
2015-07-05,15/9-F-11,24.0,219.718,105.984,175.355,17.405,23.90559,44.364,77.406,1520.0
2015-07-06,15/9-F-11,24.0,219.688,105.98,175.52,17.311,23.90474,44.168,78.054,1506.0
2015-07-06,15/9-F-15,24.0,200.211,106.296,169.151,13.273,9.74309,31.06,32.033,129.0
2015-07-06,15/9-F-14,24.0,266.952,99.54,236.365,15.067,100.0,30.588,88.814,230.0
2015-07-07,15/9-F-11,24.0,219.632,105.977,175.604,17.224,23.95174,44.028,77.874,1501.0
2015-07-07,15/9-F-15,24.0,200.848,106.26,170.327,12.946,10.14563,30.521,29.537,130.0
2015-07-07,15/9-F-14,24.0,266.918,99.54,236.414,15.009,100.0,30.504,88.447,229.0
2015-07-08,15/9-F-11,24.0,219.53,105.972,175.71,17.063,23.93897,43.821,77.67,1482.0
2015-07-08,15/9-F-14,24.0,266.913,99.54,236.393,14.947,100.0,30.52,88.479,226.0
2015-07-08,15/9-F-15,24.0,199.569,106.312,168.757,13.333,10.36345,30.812,30.643,130.0
2015-07-09,15/9-F-14,24.0,266.902,99.537,236.407,14.854,100.0,30.495,88.083,225.0
2015-07-09,15/9-F-11,24.0,219.507,105.967,175.857,16.942,24.00082,43.65,77.168,1473.0
2015-07-09,15/9-F-15,24.0,199.34,106.318,168.567,13.353,10.35387,30.772,28.818,129.0
2015-07-10,15/9-F-11,24.0,219.573,105.965,176.052,17.135,24.00844,43.522,77.494,1462.0
2015-07-10,15/9-F-14,24.0,266.886,99.532,236.405,15.02,97.91667,30.481,88.163,218.0
2015-07-10,15/9-F-15,24.0,199.613,106.301,168.941,13.349,10.10223,30.672,30.057,127.0
2015-07-11,15/9-F-11,24.0,219.555,105.963,176.208,17.003,23.98199,43.346,77.346,1437.0
2015-07-11,15/9-F-15,24.0,200.434,106.263,169.834,13.012,10.0345,30.6,28.379,124.0
2015-07-11,15/9-F-14,24.0,266.867,99.529,236.454,14.964,97.91667,30.413,87.685,214.0
2015-07-12,15/9-F-11,24.0,219.689,105.957,176.499,16.962,23.95809,43.19,77.511,1427.0
2015-07-12,15/9-F-15,24.0,201.603,106.211,171.14,12.569,10.17674,30.462,29.5,124.0
2015-07-12,15/9-F-14,24.0,266.855,99.529,236.426,15.009,100.0,30.429,88.126,218.0
2015-07-13,15/9-F-15,24.0,201.24,106.219,170.978,12.713,10.46742,30.262,32.126,132.0
2015-07-13,15/9-F-11,24.0,219.997,105.95,176.863,17.129,23.4183,43.134,78.124,1417.0
2015-07-13,15/9-F-14,24.0,266.823,99.529,236.357,15.17,100.0,30.466,88.817,230.0
2015-07-14,15/9-F-14,24.0,266.827,99.529,236.366,15.146,100.0,30.461,88.843,226.0
2015-07-14,15/9-F-15,24.0,198.864,106.32,168.132,13.645,10.45259,30.732,33.53,130.0
2015-07-14,15/9-F-11,24.0,220.029,105.951,177.22,16.941,23.91096,42.81,78.242,1412.0
2015-07-15,15/9-F-14,24.0,266.831,99.529,236.352,15.127,100.0,30.479,88.778,223.0
2015-07-15,15/9-F-15,24.0,199.994,106.273,169.355,13.234,10.15876,30.639,32.82,127.0
2015-07-15,15/9-F-11,24.0,220.048,105.953,177.385,16.824,23.91776,42.663,78.122,1394.0
2015-07-16,15/9-F-14,24.0,266.816,99.529,236.347,15.181,100.0,30.469,88.857,221.0
2015-07-16,15/9-F-15,24.0,202.044,106.177,171.923,12.435,10.34544,30.12,32.838,126.0
2015-07-16,15/9-F-11,24.0,220.124,105.952,177.532,16.846,23.86822,42.592,78.255,1375.0
2015-07-17,15/9-F-15,24.0,201.374,106.2,171.259,12.436,11.10008,30.115,28.026,129.0
2015-07-17,15/9-F-14,24.0,266.792,99.528,236.412,14.989,100.0,30.38,87.271,219.0
2015-07-17,15/9-F-11,24.0,219.957,105.952,177.517,16.569,23.95868,42.44,76.682,1368.0
2015-07-18,15/9-F-15,12.18,200.431,106.249,169.828,12.774,6.02132,30.603,28.004,51.0
2015-07-18,15/9-F-11,24.0,220.034,105.951,177.678,16.458,23.90773,42.356,74.549,1364.0
2015-07-18,15/9-F-14,24.0,266.798,99.521,236.407,14.924,100.0,30.391,86.713,219.0
2015-07-19,15/9-F-14,24.0,266.831,99.519,236.41,15.061,100.0,30.421,88.253,215.0
2015-07-19,15/9-F-11,24.0,220.172,105.95,177.876,16.602,23.91637,42.296,77.11,1345.0
2015-07-20,15/9-F-14,24.0,266.865,99.519,236.464,15.108,100.0,30.401,88.28,214.0
2015-07-20,15/9-F-11,24.0,220.193,105.948,177.994,16.604,23.94907,42.199,77.341,1335.0
2015-07-21,15/9-F-11,24.0,220.383,105.946,178.151,16.436,23.87514,42.232,75.356,1345.0
2015-07-21,15/9-F-14,24.0,266.883,99.519,236.491,14.984,100.0,30.392,86.928,216.0
2015-07-22,15/9-F-14,24.0,266.913,99.519,236.46,15.211,100.0,30.453,88.839,218.0
2015-07-22,15/9-F-11,24.0,220.574,105.945,178.4,16.61,23.8392,42.174,78.07,1355.0
2015-07-23,15/9-F-14,24.0,266.917,99.515,236.494,15.126,100.0,30.423,87.983,218.0
2015-07-23,15/9-F-11,24.0,220.629,105.943,178.474,16.505,23.87174,42.156,76.721,1357.0
2015-07-24,15/9-F-14,24.0,266.903,99.508,236.467,15.131,100.0,30.436,88.243,215.0
2015-07-24,15/9-F-11,24.0,220.817,105.937,178.669,16.476,23.84727,42.148,77.646,1342.0
2015-07-25,15/9-F-11,24.0,220.243,105.941,178.493,16.454,24.3342,41.751,78.111,1345.0
2015-07-25,15/9-F-14,24.0,266.906,99.508,236.456,15.184,100.0,30.45,88.749,213.0
2015-07-26,15/9-F-11,24.0,220.18,105.942,178.506,16.406,24.47139,41.674,77.929,1333.0
2015-07-26,15/9-F-14,24.0,266.903,99.506,236.471,15.144,100.0,30.432,88.641,211.0
2015-07-27,15/9-F-14,24.0,266.886,99.499,236.451,15.213,100.0,30.435,88.763,209.0
2015-07-27,15/9-F-11,24.0,220.224,105.942,178.602,16.44,24.44513,41.622,78.184,1321.0
2015-07-28,15/9-F-11,24.0,220.207,105.942,178.637,16.249,24.46016,41.571,78.216,1299.0
2015-07-28,15/9-F-14,24.0,266.886,99.499,236.455,15.172,100.0,30.431,88.758,205.0
2015-07-29,15/9-F-11,24.0,219.946,105.946,178.553,16.11,24.79594,41.392,77.875,1336.0
2015-07-29,15/9-F-14,21.04,268.37,99.479,237.123,14.801,81.42267,31.246,87.196,144.0
2015-07-30,15/9-F-11,24.0,220.062,105.947,178.662,16.062,24.80303,41.4,77.499,1310.0
2015-07-30,15/9-F-14,24.0,267.073,99.493,236.641,15.196,100.0,30.432,88.157,205.0
2015-07-31,15/9-F-11,24.0,219.978,105.949,178.688,16.169,24.96372,41.29,77.749,1290.0
2015-07-31,15/9-F-14,24.0,267.137,99.485,236.72,15.3,100.0,30.416,88.274,201.0
2015-08-01,15/9-F-11,24.0,219.961,105.949,178.713,16.089,24.95014,41.247,76.613,1283.0
2015-08-01,15/9-F-14,24.0,267.124,99.49,236.752,15.24,100.0,30.372,87.644,200.0
2015-08-02,15/9-F-14,24.0,267.115,99.487,236.69,15.336,100.0,30.425,88.202,200.0
2015-08-02,15/9-F-11,24.0,220.1,105.948,178.877,16.164,24.76854,41.223,77.366,1277.0
2015-08-03,15/9-F-11,24.0,220.12,105.948,178.966,15.983,24.88207,41.154,75.661,1268.0
2015-08-03,15/9-F-14,24.0,267.101,99.478,236.805,15.18,100.0,30.296,85.921,198.0
2015-08-04,15/9-F-11,24.0,220.208,105.946,179.081,15.999,24.8745,41.127,76.734,1273.0
2015-08-04,15/9-F-14,24.0,267.067,99.471,236.773,15.203,100.0,30.295,87.116,199.0
2015-08-05,15/9-F-11,24.0,220.304,105.95,179.191,16.002,24.88179,41.113,77.11,1277.0
2015-08-05,15/9-F-14,24.0,267.117,99.468,236.772,15.211,100.0,30.346,87.789,200.0
2015-08-06,15/9-F-11,24.0,220.446,105.96,179.304,15.991,24.86383,41.142,76.805,1256.0
2015-08-06,15/9-F-14,24.0,267.039,99.468,236.702,15.218,100.0,30.337,87.652,197.0
2015-08-07,15/9-F-14,24.0,267.009,99.461,236.588,15.39,100.0,30.42,88.74,194.0
2015-08-07,15/9-F-11,24.0,220.563,105.959,179.471,16.119,24.68045,41.091,78.408,1237.0
2015-08-08,15/9-F-14,24.0,266.981,99.46,236.609,15.315,100.0,30.372,88.293,191.0
2015-08-08,15/9-F-11,24.0,220.564,105.958,179.497,16.021,24.74995,41.067,77.4,1217.0
2015-08-09,15/9-F-14,24.0,266.946,99.457,236.634,15.19,100.0,30.312,87.583,192.0
2015-08-09,15/9-F-11,24.0,220.59,105.959,179.599,15.909,24.85224,40.991,76.559,1230.0
2015-08-10,15/9-F-11,24.0,220.639,105.964,179.689,15.923,24.8358,40.951,77.442,1222.0
2015-08-10,15/9-F-14,24.0,266.921,99.451,236.629,15.227,100.0,30.292,87.676,191.0
2015-08-11,15/9-F-11,24.0,220.629,105.96,179.728,15.873,24.76583,40.901,76.946,1202.0
2015-08-11,15/9-F-14,24.0,266.872,99.448,236.544,15.225,100.0,30.328,87.758,188.0
2015-08-12,15/9-F-11,24.0,220.675,105.956,179.845,15.954,24.73385,40.83,77.866,1211.0
2015-08-12,15/9-F-14,24.0,266.872,99.448,236.519,15.315,100.0,30.353,88.477,190.0
2015-08-13,15/9-F-14,24.0,266.89,99.448,236.572,15.296,100.0,30.318,88.385,189.0
2015-08-13,15/9-F-11,24.0,220.642,105.955,179.889,15.904,24.85149,40.753,77.748,1205.0
2015-08-14,15/9-F-11,24.0,220.682,105.952,179.999,15.753,24.79701,40.682,76.654,1206.0
2015-08-14,15/9-F-14,24.0,266.86,99.448,236.591,15.173,100.0,30.269,86.736,189.0
2015-08-15,15/9-F-14,24.0,266.874,99.448,236.586,15.172,100.0,30.288,86.757,189.0
2015-08-15,15/9-F-11,24.0,220.771,105.95,180.098,15.714,24.7725,40.674,75.475,1205.0
2015-08-15,15/9-F-15,5.36,281.853,104.071,189.179,6.963,1.65052,92.674,24.546,58.0
2015-08-16,15/9-F-14,24.0,266.899,99.448,236.51,15.387,100.0,30.389,88.692,188.0
2015-08-16,15/9-F-15,24.0,262.03,106.086,196.36,20.237,6.95295,65.671,35.278,317.0
2015-08-16,15/9-F-11,24.0,220.923,105.948,180.331,15.861,24.6939,40.591,78.248,1200.0
2015-08-17,15/9-F-15,24.0,250.451,106.488,197.327,18.223,8.139,53.124,45.518,287.0
2015-08-17,15/9-F-11,24.0,221.017,105.947,180.485,15.686,24.73077,40.532,78.288,1186.0
2015-08-17,15/9-F-14,24.0,266.88,99.448,236.505,15.303,100.0,30.375,88.465,186.0
2015-08-18,15/9-F-15,24.0,244.932,106.486,192.947,17.212,8.29008,51.985,41.22,289.0
2015-08-18,15/9-F-11,24.0,221.064,105.944,180.558,15.517,24.71768,40.506,76.805,1193.0
2015-08-18,15/9-F-14,24.0,266.821,99.448,236.549,15.138,100.0,30.273,87.611,187.0
2015-08-19,15/9-F-14,24.0,266.815,99.448,236.571,15.138,97.91667,30.244,85.942,185.0
2015-08-19,15/9-F-11,24.0,221.056,105.943,180.554,15.475,24.24979,40.502,74.652,1192.0
2015-08-19,15/9-F-15,24.0,240.495,106.484,189.843,21.585,8.76862,50.652,40.847,294.0
2015-08-20,15/9-F-14,24.0,266.809,99.448,236.555,15.19,100.0,30.254,87.334,189.0
2015-08-20,15/9-F-11,24.0,221.138,105.94,180.718,15.422,24.77058,40.42,76.077,1205.0
2015-08-20,15/9-F-15,24.0,235.374,106.498,185.663,26.936,9.53824,49.711,43.662,295.0
2015-08-21,15/9-F-14,24.0,266.809,99.448,236.558,15.187,100.0,30.251,87.023,187.0
2015-08-21,15/9-F-11,24.0,221.183,105.938,180.841,15.236,24.25881,40.342,76.12,1179.0
2015-08-21,15/9-F-15,24.0,232.12,106.484,182.534,28.383,9.28719,49.587,43.794,324.0
2015-08-22,15/9-F-11,24.0,221.172,105.941,180.881,15.105,24.2313,40.291,76.305,1177.0
2015-08-22,15/9-F-14,24.0,266.808,99.453,236.574,15.249,100.0,30.234,87.118,187.0
2015-08-22,15/9-F-15,24.0,229.892,106.46,180.892,28.488,9.24765,49.0,44.651,323.0
2015-08-23,15/9-F-14,24.0,266.576,99.445,236.361,15.168,100.0,30.215,87.065,183.0
2015-08-23,15/9-F-11,24.0,221.117,105.945,180.904,14.904,24.70406,40.213,76.833,1163.0
2015-08-23,15/9-F-15,24.0,227.944,106.443,179.485,27.997,9.41607,48.459,41.974,324.0
2015-08-24,15/9-F-11,24.0,220.998,105.942,180.905,14.757,24.69037,40.093,77.279,1160.0
2015-08-24,15/9-F-14,24.0,266.357,99.429,236.168,15.103,100.0,30.189,87.968,182.0
2015-08-24,15/9-F-15,24.0,226.269,106.427,178.477,27.165,9.40596,47.792,42.863,323.0
2015-08-25,15/9-F-14,24.0,266.452,99.437,236.213,15.227,100.0,30.239,87.834,182.0
2015-08-25,15/9-F-11,24.0,220.886,105.932,180.924,14.552,24.73742,39.961,77.261,1159.0
2015-08-25,15/9-F-15,24.0,224.518,106.418,177.557,27.272,9.41023,46.961,46.4,322.0
2015-08-26,15/9-F-14,15.15,267.04,99.438,236.834,1.946,61.81982,30.206,87.087,83.0
2015-08-26,15/9-F-15,13.53,224.53,106.387,177.573,3.422,6.42166,46.957,44.375,204.0
2015-08-26,15/9-F-11,14.28,221.389,105.925,181.603,0.387,15.65121,39.786,75.914,671.0
2015-08-31,15/9-F-15,17.41,242.138,105.803,181.413,0.001,6.19732,60.725,37.858,217.0
2015-08-31,15/9-F-11,17.74,268.23,105.098,199.402,5.049,8.13805,68.828,61.488,447.0
2015-08-31,15/9-F-14,14.24,273.725,99.328,239.269,1.077,25.52949,34.455,76.74,28.0
2015-09-01,15/9-F-15,24.0,231.231,106.431,183.068,11.351,9.01676,48.163,47.886,313.0
2015-09-01,15/9-F-14,24.0,267.21,99.504,236.742,10.126,90.28784,30.468,87.559,157.0
2015-09-01,15/9-F-11,24.0,229.787,105.765,188.516,13.517,25.69489,41.271,79.057,1154.0
2015-09-02,15/9-F-11,24.0,222.253,105.9,185.177,13.462,29.5901,37.076,79.053,1193.0
2015-09-02,15/9-F-15,24.0,226.436,106.418,179.569,16.197,9.23989,46.867,46.103,296.0
2015-09-02,15/9-F-14,24.0,266.859,99.401,236.405,12.524,100.0,30.454,87.488,167.0
2015-09-03,15/9-F-11,24.0,223.319,105.862,184.075,13.367,27.28412,39.244,78.594,1099.0
2015-09-03,15/9-F-15,24.0,224.423,106.402,177.828,16.674,9.21174,46.595,47.524,287.0
2015-09-03,15/9-F-14,24.0,269.275,99.415,236.812,12.706,93.20938,32.463,87.459,149.0
2015-09-04,15/9-F-14,24.0,271.566,99.369,237.638,12.376,78.19404,33.928,85.09,117.0
2015-09-04,15/9-F-11,24.0,231.272,105.719,188.517,13.181,23.21283,42.755,75.609,956.0
2015-09-04,15/9-F-15,24.0,227.221,106.346,179.79,14.16,8.95169,47.431,45.314,275.0
2015-09-05,15/9-F-15,24.0,220.284,106.426,174.844,17.686,9.75361,45.439,44.948,281.0
2015-09-05,15/9-F-11,24.0,220.366,105.844,182.786,13.239,27.44449,37.58,77.824,1079.0
2015-09-05,15/9-F-14,24.0,266.971,99.414,236.69,12.744,98.93662,30.281,87.33,194.0
2015-09-06,15/9-F-11,24.0,219.999,105.829,182.543,13.226,27.46599,37.456,78.172,1044.0
2015-09-06,15/9-F-14,24.0,267.04,99.393,236.751,12.777,100.0,30.289,87.762,190.0
2015-09-06,15/9-F-15,24.0,220.488,106.402,175.604,16.352,9.7425,44.884,44.771,272.0
2015-09-07,15/9-F-14,24.0,267.024,99.389,236.724,12.822,100.0,30.3,87.992,188.0
2015-09-07,15/9-F-15,24.0,220.022,106.404,175.635,16.223,9.67968,44.386,46.138,270.0
2015-09-07,15/9-F-11,24.0,219.722,105.822,182.311,13.193,27.4729,37.411,78.432,1036.0
2015-09-08,15/9-F-11,24.0,219.531,105.818,182.153,13.148,27.49162,37.378,78.576,1028.0
2015-09-08,15/9-F-14,24.0,266.984,99.374,236.656,12.866,100.0,30.328,88.173,187.0
2015-09-08,15/9-F-15,24.0,219.552,106.406,175.875,16.242,9.66851,43.678,47.043,268.0
2015-09-09,15/9-F-15,24.0,219.356,106.407,176.556,16.292,9.66923,42.8,47.28,268.0
2015-09-09,15/9-F-11,24.0,219.584,105.819,182.117,13.206,27.22283,37.467,78.565,1028.0
2015-09-09,15/9-F-14,24.0,266.945,99.36,236.614,12.929,100.0,30.331,88.285,187.0
2015-09-10,15/9-F-14,24.0,266.834,99.361,236.55,12.884,100.0,30.284,87.587,186.0
2015-09-10,15/9-F-11,24.0,219.725,105.821,182.091,13.057,26.95543,37.634,77.487,1024.0
2015-09-10,15/9-F-15,24.0,219.228,106.406,177.072,16.117,9.65174,42.156,43.733,267.0
2015-09-11,15/9-F-14,24.0,266.7,99.368,236.467,12.787,100.0,30.233,86.028,187.0
2015-09-11,15/9-F-11,24.0,219.824,105.82,182.199,12.91,26.97215,37.626,76.362,1028.0
2015-09-11,15/9-F-15,24.0,219.17,106.402,177.485,15.795,9.62898,41.686,39.83,241.0
2015-09-12,15/9-F-14,24.0,266.543,99.379,236.328,12.753,100.0,30.214,85.193,190.0
2015-09-12,15/9-F-11,24.0,219.829,105.818,182.231,12.774,26.96183,37.598,76.213,1041.0
2015-09-12,15/9-F-15,24.0,218.991,106.403,177.84,15.533,9.61219,41.151,37.938,244.0
2015-09-13,15/9-F-14,24.0,266.431,99.389,236.175,12.834,100.0,30.256,87.004,188.0
2015-09-13,15/9-F-11,24.0,219.857,105.816,182.317,12.745,27.00691,37.539,77.025,1033.0
2015-09-13,15/9-F-15,24.0,220.531,106.387,181.124,15.007,9.62138,39.406,41.344,242.0
2015-09-14,15/9-F-14,24.0,266.322,99.398,236.043,12.844,100.0,30.279,87.25,183.0
2015-09-14,15/9-F-11,24.0,219.804,105.818,182.29,12.606,26.96444,37.514,77.395,1005.0
2015-09-14,15/9-F-15,24.0,220.797,106.381,181.934,14.75,9.61071,38.864,40.621,236.0
2015-09-15,15/9-F-14,24.0,266.249,99.407,235.98,12.876,100.0,30.268,87.516,189.0
2015-09-15,15/9-F-11,24.0,219.687,105.821,182.215,12.595,27.02111,37.472,78.076,1041.0
2015-09-15,15/9-F-15,24.0,220.965,106.385,182.005,14.985,9.60468,38.961,41.557,244.0
2015-09-16,15/9-F-11,24.0,219.602,105.825,182.142,12.556,27.06959,37.459,77.829,1051.0
2015-09-16,15/9-F-14,24.0,266.2,99.409,235.942,12.924,100.0,30.258,87.796,191.0
2015-09-16,15/9-F-15,24.0,220.76,106.383,182.029,15.247,9.59874,38.732,42.26,246.0
2015-09-17,15/9-F-11,24.0,219.571,105.828,182.17,12.427,26.98082,37.401,78.616,1041.0
2015-09-17,15/9-F-14,24.0,266.182,99.409,235.844,12.937,100.0,30.339,88.24,189.0
2015-09-17,15/9-F-15,24.0,220.535,106.385,181.85,15.129,9.59334,38.685,44.665,244.0
2015-09-18,15/9-F-11,24.0,219.546,105.833,182.16,12.338,27.00518,37.385,78.608,1083.0
2015-09-18,15/9-F-15,24.0,220.281,106.386,181.666,15.167,9.6134,38.615,44.392,254.0
2015-09-18,15/9-F-14,24.0,266.166,99.41,235.834,12.931,100.0,30.332,88.167,197.0
2015-09-19,15/9-F-15,24.0,219.936,106.389,181.411,15.388,9.62145,38.526,45.172,247.0
2015-09-19,15/9-F-14,24.0,266.226,99.409,235.82,12.947,100.0,30.406,88.237,191.0
2015-09-19,15/9-F-11,24.0,219.615,105.834,182.254,12.3,27.03064,37.362,78.646,1052.0
2015-09-20,15/9-F-14,24.0,266.302,99.409,235.838,12.988,100.0,30.464,88.343,183.0
2015-09-20,15/9-F-15,24.0,219.988,106.385,181.673,15.357,9.62007,38.315,45.676,236.0
2015-09-20,15/9-F-11,24.0,219.713,105.833,182.294,12.334,26.99472,37.42,78.515,1007.0
2015-09-21,15/9-F-11,24.0,219.737,105.833,182.317,12.164,27.0088,37.42,77.793,1066.0
2015-09-21,15/9-F-14,24.0,266.174,99.409,235.915,12.921,100.0,30.259,87.921,194.0
2015-09-21,15/9-F-15,24.0,219.486,106.39,181.397,15.444,9.6757,38.088,43.029,250.0
2015-09-22,15/9-F-11,22.72,231.401,104.847,187.201,11.897,19.04029,44.2,74.956,811.0
2015-09-22,15/9-F-15,23.16,221.685,105.55,184.089,12.419,9.19274,37.597,41.255,206.0
2015-09-22,15/9-F-14,23.07,257.284,94.192,221.871,12.38,58.89591,35.413,84.949,99.0
2015-09-23,15/9-F-15,24.0,220.167,106.373,182.074,15.216,10.79748,38.093,45.638,256.0
2015-09-23,15/9-F-14,24.0,266.435,99.402,235.637,12.934,97.54721,30.798,88.133,190.0
2015-09-23,15/9-F-11,24.0,221.231,105.859,183.136,12.155,26.49395,38.094,78.07,1070.0
2015-09-24,15/9-F-15,24.0,221.053,106.358,183.064,14.312,10.33039,37.989,41.761,223.0
2015-09-24,15/9-F-11,24.0,220.48,105.854,182.853,12.083,26.97748,37.627,76.249,1069.0
2015-09-24,15/9-F-14,24.0,266.564,99.391,235.822,12.838,100.0,30.742,87.186,195.0
2015-09-25,15/9-F-11,24.0,220.403,105.844,182.877,12.04,26.9823,37.527,77.29,1068.0
2015-09-25,15/9-F-15,24.0,221.374,106.353,183.556,14.063,10.31001,37.818,42.076,209.0
2015-09-25,15/9-F-14,24.0,266.661,99.405,235.863,12.868,100.0,30.798,87.46,169.0
2015-09-26,15/9-F-11,24.0,220.712,105.83,183.118,12.121,26.59803,37.594,78.352,1070.0
2015-09-26,15/9-F-15,24.0,221.63,106.35,183.894,14.158,10.29745,37.736,44.043,210.0
2015-09-26,15/9-F-14,24.0,266.717,99.416,235.889,12.973,100.0,30.828,88.23,170.0
2015-09-27,15/9-F-11,24.0,220.925,105.824,183.289,12.18,26.47622,37.636,77.883,1057.0
2015-09-27,15/9-F-14,24.0,266.753,99.418,235.949,13.012,100.0,30.804,88.368,168.0
2015-09-27,15/9-F-15,24.0,221.993,106.343,184.262,14.058,10.28702,37.731,44.671,207.0
2015-09-28,15/9-F-15,24.0,222.21,106.34,184.674,13.822,10.27089,37.536,42.584,206.0
2015-09-28,15/9-F-14,24.0,266.744,99.419,236.012,12.918,100.0,30.732,87.816,167.0
2015-09-28,15/9-F-11,24.0,221.073,105.82,183.4,12.057,26.49747,37.673,76.692,1053.0
2015-09-29,15/9-F-11,24.0,221.17,105.818,183.501,12.003,25.90304,37.669,75.243,1051.0
2015-09-29,15/9-F-14,24.0,266.743,99.423,236.058,12.86,97.91667,30.686,87.026,165.0
2015-09-29,15/9-F-15,24.0,222.791,106.327,185.767,13.417,10.04348,37.023,40.09,206.0
2015-09-30,15/9-F-11,24.0,220.933,105.82,183.445,12.097,26.19897,37.488,77.075,1089.0
2015-09-30,15/9-F-14,24.0,266.736,99.428,235.994,12.944,97.91667,30.741,87.831,171.0
2015-09-30,15/9-F-15,24.0,220.819,106.373,183.488,15.139,10.03144,37.331,44.24,213.0
2015-10-01,15/9-F-11,24.0,220.301,105.827,183.214,12.097,26.08514,37.087,77.981,1105.0
2015-10-01,15/9-F-14,24.0,265.371,99.448,235.793,12.998,100.0,29.578,88.06,175.0
2015-10-01,15/9-F-15,24.0,219.594,106.385,182.63,15.856,10.31266,36.964,45.162,217.0
2015-10-02,15/9-F-14,24.0,263.069,99.478,235.544,13.102,100.0,27.525,88.346,191.0
2015-10-02,15/9-F-11,24.0,219.927,105.835,183.109,12.079,24.12295,36.817,77.999,1118.0
2015-10-02,15/9-F-15,24.0,219.876,106.375,183.017,15.257,10.20494,36.859,44.533,212.0
2015-10-03,15/9-F-14,24.0,263.145,99.488,235.614,13.151,100.0,27.531,88.498,190.0
2015-10-03,15/9-F-11,24.0,215.982,105.867,181.385,12.106,27.9552,34.597,78.175,1162.0
2015-10-03,15/9-F-15,24.0,219.594,106.38,182.848,15.405,10.18357,36.746,44.888,210.0
2015-10-04,15/9-F-11,24.0,215.545,105.868,181.248,12.183,28.12838,34.297,78.811,1160.0
2015-10-04,15/9-F-14,24.0,263.129,99.49,235.602,13.211,97.91667,27.527,88.721,187.0
2015-10-04,15/9-F-15,24.0,220.386,106.361,183.697,14.905,9.78538,36.689,45.647,209.0
2015-10-05,15/9-F-15,24.0,220.086,106.368,184.133,14.861,9.65826,35.954,38.868,207.0
2015-10-05,15/9-F-14,24.0,263.121,99.49,235.692,13.065,100.0,27.429,86.504,188.0
2015-10-05,15/9-F-11,24.0,215.314,105.87,181.082,12.05,28.3458,34.231,77.112,1151.0
2015-10-06,15/9-F-14,24.0,263.123,99.492,235.737,12.913,100.0,27.387,84.42,187.0
2015-10-06,15/9-F-15,24.0,219.934,106.37,185.933,14.652,9.98944,34.002,34.062,206.0
2015-10-06,15/9-F-11,24.0,215.345,105.867,181.162,11.879,28.3406,34.182,75.014,1145.0
2015-10-07,15/9-F-14,24.0,263.135,99.499,235.747,12.856,100.0,27.388,84.474,187.0
2015-10-07,15/9-F-15,24.0,219.901,106.368,185.657,14.564,9.98299,34.244,32.393,207.0
2015-10-07,15/9-F-11,24.0,215.274,105.868,181.163,11.822,28.43142,34.112,76.018,1149.0
2015-10-08,15/9-F-14,24.0,263.191,99.499,235.716,12.976,100.0,27.475,86.244,184.0
2015-10-08,15/9-F-11,24.0,215.362,105.869,181.28,11.902,28.8448,34.082,77.084,1134.0
2015-10-08,15/9-F-15,24.0,221.232,106.34,187.529,13.877,9.95347,33.703,36.283,204.0
2015-10-09,15/9-F-15,24.0,220.125,106.369,185.216,15.225,9.93362,34.91,44.53,213.0
2015-10-09,15/9-F-11,24.0,210.936,105.925,179.275,12.158,42.44378,31.662,78.936,1189.0
2015-10-09,15/9-F-14,24.0,263.339,99.502,235.679,13.232,100.0,27.659,88.62,193.0
2015-10-10,15/9-F-11,24.0,209.959,105.951,178.972,12.049,43.82959,30.987,78.619,1187.0
2015-10-10,15/9-F-14,24.0,263.292,99.507,235.742,13.182,100.0,27.55,88.321,192.0
2015-10-10,15/9-F-15,24.0,219.045,106.387,183.653,15.987,10.19985,35.393,43.361,212.0
2015-10-11,15/9-F-15,24.0,218.614,106.389,183.286,15.852,10.34942,35.328,39.13,213.0
2015-10-11,15/9-F-11,24.0,209.48,105.954,178.633,11.858,43.44669,30.847,76.779,1190.0
2015-10-11,15/9-F-14,24.0,263.349,99.508,235.83,13.077,100.0,27.519,87.004,193.0
2015-10-12,15/9-F-14,24.0,263.411,99.508,235.855,13.098,100.0,27.556,87.432,190.0
2015-10-12,15/9-F-15,24.0,219.048,106.377,183.851,15.332,10.06346,35.198,38.948,210.0
2015-10-12,15/9-F-11,24.0,209.551,105.946,178.637,11.764,43.04646,30.915,77.392,1176.0
2015-10-13,15/9-F-15,23.17,219.991,106.34,185.387,14.566,9.47202,34.604,41.073,187.0
2015-10-13,15/9-F-11,23.17,218.98,105.855,183.285,11.713,32.77104,35.695,76.448,1037.0
2015-10-13,15/9-F-14,23.17,265.919,99.482,236.567,13.054,79.45008,29.352,87.394,152.0
2015-10-14,15/9-F-15,24.0,219.867,106.357,184.433,15.109,9.70539,35.434,43.611,206.0
2015-10-14,15/9-F-14,24.0,264.15,99.488,235.821,13.189,99.81711,28.33,88.29,186.0
2015-10-14,15/9-F-11,24.0,213.51,105.939,180.634,11.77,35.06368,32.876,78.431,1141.0
2015-10-15,15/9-F-14,24.0,265.562,99.467,236.035,13.111,100.0,29.527,87.888,186.0
2015-10-15,15/9-F-15,24.0,219.788,106.359,184.637,14.915,10.31315,35.15,41.875,205.0
2015-10-15,15/9-F-11,24.0,212.324,105.942,180.037,11.677,46.10846,32.287,78.251,1150.0
2015-10-16,15/9-F-15,24.0,218.965,106.375,183.994,15.594,10.45856,34.971,46.092,211.0
2015-10-16,15/9-F-11,24.0,209.458,105.967,178.735,11.627,45.38304,30.724,79.434,1183.0
2015-10-16,15/9-F-14,24.0,263.566,99.498,235.719,13.265,100.0,27.848,88.712,191.0
2015-10-17,15/9-F-15,24.0,219.076,106.371,184.279,15.34,10.43752,34.798,45.692,209.0
2015-10-17,15/9-F-11,24.0,209.357,105.96,178.625,11.476,44.70346,30.732,79.489,1170.0
2015-10-17,15/9-F-14,24.0,263.496,99.493,235.689,13.243,100.0,27.808,88.667,189.0
2015-10-18,15/9-F-14,24.0,263.26,99.488,235.602,13.237,100.0,27.658,88.652,190.0
2015-10-18,15/9-F-15,24.0,218.654,106.377,183.836,15.526,10.44461,34.818,46.076,210.0
2015-10-18,15/9-F-11,24.0,209.352,105.955,178.615,11.414,43.39151,30.737,79.437,1172.0
2015-10-19,15/9-F-15,24.0,218.83,106.364,184.583,15.194,10.43639,34.247,45.495,203.0
2015-10-19,15/9-F-11,24.0,209.783,105.94,178.889,11.353,42.94065,30.894,79.232,1136.0
2015-10-19,15/9-F-14,24.0,263.483,99.478,235.643,13.225,100.0,27.84,88.557,184.0
2015-10-20,15/9-F-14,24.0,263.556,99.474,235.682,13.159,100.0,27.874,88.168,184.0
2015-10-20,15/9-F-11,24.0,209.86,105.936,178.908,11.202,42.98139,30.951,79.039,1138.0
2015-10-20,15/9-F-15,24.0,219.25,106.356,185.174,14.758,10.37338,34.077,43.964,204.0
2015-10-21,15/9-F-11,24.0,209.668,105.936,178.8,11.037,42.94778,30.867,77.056,1130.0
2015-10-21,15/9-F-14,24.0,263.423,99.473,235.737,13.039,100.0,27.686,86.861,183.0
2015-10-21,15/9-F-15,24.0,220.273,106.33,187.47,13.761,10.35314,32.803,39.371,202.0
2015-10-22,15/9-F-11,24.0,209.874,105.921,179.107,10.914,42.95432,30.767,76.567,1129.0
2015-10-22,15/9-F-14,24.0,263.434,99.469,235.769,12.994,100.0,27.665,86.551,183.0
2015-10-22,15/9-F-15,24.0,221.9,106.3,189.562,12.649,10.32917,32.338,37.233,202.0
2015-10-23,15/9-F-14,24.0,263.426,99.465,235.822,13.057,100.0,27.604,87.305,181.0
2015-10-23,15/9-F-11,24.0,209.941,105.911,179.22,10.874,42.96868,30.721,77.514,1115.0
2015-10-23,15/9-F-15,24.0,221.734,106.307,189.784,13.167,11.00074,31.95,38.908,200.0
2015-10-24,15/9-F-15,24.0,220.402,106.341,187.742,14.243,11.08872,32.66,39.086,197.0
2015-10-24,15/9-F-11,24.0,210.408,105.905,179.511,10.778,42.96336,30.897,77.247,1102.0
2015-10-24,15/9-F-14,24.0,263.7,99.459,235.884,12.969,100.0,27.816,87.2,178.0
2015-10-25,15/9-F-11,24.0,210.278,105.907,179.46,10.701,42.8856,30.818,77.656,1165.0
2015-10-25,15/9-F-14,24.0,263.616,99.457,235.83,13.007,100.0,27.786,87.122,189.0
2015-10-25,15/9-F-15,24.0,220.149,106.345,187.309,14.322,10.8532,32.84,39.942,208.0
2015-10-26,15/9-F-14,24.0,263.381,99.458,235.866,13.001,100.0,27.515,87.091,165.0
2015-10-26,15/9-F-11,1.53,224.888,105.919,186.297,10.626,2.26897,38.591,74.855,11.0
2015-10-26,15/9-F-15,24.0,224.913,106.218,194.215,10.783,10.9565,30.699,34.8,182.0
2015-10-27,15/9-F-15,24.0,222.368,106.314,189.743,13.359,11.36751,32.625,36.543,182.0
2015-10-27,15/9-F-14,24.0,263.535,99.459,235.902,13.048,100.0,27.633,86.502,165.0
2015-10-28,15/9-F-15,24.0,218.56,106.387,185.426,16.003,11.78043,33.134,35.051,198.0
2015-10-28,15/9-F-14,24.0,263.773,99.459,235.947,12.936,100.0,27.827,84.741,179.0
2015-10-29,15/9-F-11,9.0,286.139,104.202,193.252,6.253,9.5,92.887,26.789,269.0
2015-10-29,15/9-F-15,24.0,216.985,106.409,183.525,16.762,11.78414,33.46,36.109,215.0
2015-10-29,15/9-F-14,22.75,270.887,99.412,238.084,12.314,68.45869,32.803,80.093,152.0
2015-10-30,15/9-F-11,17.2,240.011,105.54,202.935,9.862,65.12867,37.076,66.718,811.0
2015-10-30,15/9-F-15,24.0,221.718,106.304,188.954,13.029,11.77888,32.764,34.903,198.0
2015-10-30,15/9-F-14,24.0,268.617,99.418,237.219,12.529,76.1522,31.398,82.808,156.0
2015-10-31,15/9-F-14,24.0,263.89,99.471,236.009,13.208,100.0,27.881,86.289,187.0
2015-10-31,15/9-F-15,24.0,218.621,106.397,185.69,16.27,11.75842,32.931,39.605,207.0
2015-11-01,15/9-F-15,24.0,219.608,106.379,187.068,15.76,11.75576,32.54,41.447,209.0
2015-11-01,15/9-F-14,24.0,264.215,99.477,236.209,13.352,100.0,28.006,87.416,189.0
2015-11-02,15/9-F-15,23.17,219.928,106.368,187.803,15.542,12.46289,32.126,41.398,199.0
2015-11-02,15/9-F-14,23.5,266.089,99.46,236.544,13.252,83.81319,29.545,86.963,167.0
2015-11-03,15/9-F-15,24.0,224.255,106.215,193.171,14.959,12.68953,31.084,36.298,201.0
2015-11-03,15/9-F-14,24.0,264.504,99.451,235.974,13.259,100.0,28.53,87.601,181.0
2015-11-03,15/9-F-11,23.31,278.434,105.392,201.147,8.928,10.48853,77.287,57.307,863.0
2015-11-04,15/9-F-11,24.0,243.871,105.992,194.096,11.24,25.12756,49.775,79.684,1482.0
2015-11-04,15/9-F-15,24.0,230.036,106.104,200.446,13.845,17.48396,29.59,32.065,208.0
2015-11-04,15/9-F-14,24.0,265.007,99.435,236.206,13.274,100.0,28.802,87.344,188.0
2015-11-05,15/9-F-14,24.0,266.468,99.404,236.502,13.123,77.81883,29.966,86.063,168.0
2015-11-05,15/9-F-15,23.63,223.131,106.375,188.804,21.894,13.2648,34.327,38.069,207.0
2015-11-05,15/9-F-11,24.0,232.023,106.183,190.509,11.283,34.05393,41.515,79.2,1536.0
2015-11-06,15/9-F-15,13.65,236.947,105.672,208.802,8.121,14.1404,28.145,27.005,110.0
2015-11-06,15/9-F-14,24.0,264.713,99.423,236.305,13.198,100.0,28.409,86.93,175.0
2015-11-06,15/9-F-11,24.0,225.473,106.201,188.279,11.203,41.71766,37.194,80.154,1429.0
2015-11-07,15/9-F-11,24.0,222.308,106.2,188.864,11.251,52.4983,33.443,80.777,1414.0
2015-11-07,15/9-F-14,24.0,264.971,99.432,236.554,13.286,100.0,28.416,87.973,172.0
2015-11-07,15/9-F-15,10.23,211.723,106.493,187.599,18.611,15.52883,24.123,49.415,81.0
2015-11-08,15/9-F-15,24.0,207.292,106.605,178.315,15.803,23.12034,28.977,49.633,186.0
2015-11-08,15/9-F-14,24.0,265.39,99.457,236.952,13.326,100.0,28.438,86.901,167.0
2015-11-08,15/9-F-11,24.0,220.922,106.203,188.915,11.154,83.90926,32.007,79.698,1398.0
2015-11-09,15/9-F-15,24.0,206.597,106.585,177.226,12.969,21.60417,29.371,45.881,278.0
2015-11-09,15/9-F-11,24.0,220.684,106.195,189.096,11.1,99.96043,31.588,78.592,1304.0
2015-11-09,15/9-F-14,24.0,265.717,99.475,237.205,13.327,100.0,28.512,86.327,155.0
2015-11-10,15/9-F-14,24.0,265.797,99.492,237.354,13.53,100.0,28.442,87.862,153.0
2015-11-10,15/9-F-15,24.0,207.999,106.558,177.845,10.443,20.67459,30.153,47.528,276.0
2015-11-10,15/9-F-11,24.0,220.453,106.193,188.988,11.202,99.99564,31.465,80.747,1292.0
2015-11-11,15/9-F-15,24.0,200.09,106.668,172.195,16.71,26.11307,27.896,51.252,291.0
2015-11-11,15/9-F-14,24.0,265.296,99.515,237.5,13.617,100.0,27.797,87.771,162.0
2015-11-11,15/9-F-11,24.0,219.391,106.203,188.458,11.229,100.0,30.933,80.252,1360.0
2015-11-12,15/9-F-14,24.0,265.556,99.525,237.735,13.582,100.0,27.821,86.733,189.0
2015-11-12,15/9-F-15,24.0,200.131,106.661,172.742,14.323,27.06314,27.389,47.522,235.0
2015-11-12,15/9-F-11,24.0,220.363,106.192,188.842,11.141,100.0,31.521,79.297,1296.0
2015-11-13,15/9-F-11,24.0,221.065,106.175,188.824,11.117,100.0,32.242,78.554,1287.0
2015-11-13,15/9-F-15,24.0,201.564,106.639,174.011,11.821,26.95369,27.553,45.136,233.0
2015-11-13,15/9-F-14,24.0,266.068,99.534,237.92,13.585,100.0,28.149,86.666,188.0
2015-11-14,15/9-F-15,24.0,201.512,106.642,174.157,11.407,26.82006,27.355,46.659,238.0
2015-11-14,15/9-F-14,24.0,265.976,99.554,238.048,13.629,100.0,27.928,87.767,192.0
2015-11-14,15/9-F-11,24.0,220.453,106.172,188.241,11.071,100.0,32.212,80.542,1314.0
2015-11-15,15/9-F-15,24.0,202.515,106.629,175.142,11.072,26.34486,27.373,48.555,239.0
2015-11-15,15/9-F-11,24.0,220.349,106.169,187.87,11.243,100.0,32.479,81.038,1321.0
2015-11-15,15/9-F-14,24.0,266.253,99.56,238.052,13.836,100.0,28.201,88.542,193.0
2015-11-16,15/9-F-15,24.0,203.238,106.618,175.802,9.762,27.25294,27.436,43.365,240.0
2015-11-16,15/9-F-14,24.0,266.298,99.552,237.98,13.626,97.91667,28.318,86.612,191.0
2015-11-16,15/9-F-11,24.0,220.381,106.176,187.615,11.075,97.91667,32.766,78.218,1322.0
2015-11-17,15/9-F-11,24.0,220.549,106.175,187.745,11.083,100.0,32.804,77.397,1312.0
2015-11-17,15/9-F-15,24.0,206.037,106.577,178.315,9.23,28.09178,27.722,41.144,238.0
2015-11-17,15/9-F-14,24.0,266.12,99.551,237.854,13.585,100.0,28.266,86.262,192.0
2015-11-18,15/9-F-14,24.0,265.635,99.559,237.663,13.735,100.0,27.972,88.511,190.0
2015-11-18,15/9-F-15,10.66,218.841,106.309,191.202,4.958,13.41088,27.64,37.998,103.0
2015-11-18,15/9-F-11,24.0,218.815,106.186,186.927,11.164,100.0,31.888,80.988,1298.0
2015-11-19,15/9-F-14,24.0,265.179,99.57,237.412,13.747,100.0,27.767,88.793,196.0
2015-11-19,15/9-F-11,24.0,217.688,106.187,186.388,11.165,100.0,31.3,81.262,1338.0
2015-11-20,15/9-F-15,12.49,232.492,105.814,189.722,0.657,7.62389,42.77,27.727,95.0
2015-11-20,15/9-F-11,24.0,218.337,106.165,186.608,11.104,100.0,31.73,80.826,1281.0
2015-11-20,15/9-F-14,24.0,265.854,99.559,237.469,13.707,100.0,28.385,88.4,187.0
2015-11-21,15/9-F-11,24.0,219.333,106.141,186.969,11.024,100.0,32.364,80.34,1317.0
2015-11-21,15/9-F-14,24.0,266.649,99.546,237.506,13.557,100.0,29.144,88.14,192.0
2015-11-21,15/9-F-15,24.0,234.523,106.101,206.392,2.174,24.79945,28.131,30.685,44.0
2015-11-22,15/9-F-15,8.91,237.717,105.978,209.136,1.882,9.12343,28.581,29.198,14.0
2015-11-22,15/9-F-11,24.0,219.737,106.135,187.286,11.088,100.0,32.45,80.63,1281.0
2015-11-22,15/9-F-14,24.0,266.718,99.544,237.436,13.615,100.0,29.283,88.351,187.0
2015-11-23,15/9-F-14,24.0,266.453,99.545,237.4,13.606,100.0,29.053,87.307,188.0
2015-11-23,15/9-F-11,24.0,219.703,106.134,187.428,11.064,100.0,32.275,79.394,1284.0
2015-11-24,15/9-F-14,24.0,266.467,99.54,237.343,13.602,100.0,29.124,88.079,186.0
2015-11-24,15/9-F-11,24.0,219.909,106.125,187.635,11.025,100.0,32.274,80.613,1273.0
2015-11-25,15/9-F-11,24.0,220.022,106.116,187.755,10.981,100.0,32.267,80.487,1259.0
2015-11-25,15/9-F-14,24.0,266.464,99.54,237.35,13.559,100.0,29.114,88.138,184.0
2015-11-26,15/9-F-11,24.0,219.961,106.105,187.809,10.943,100.0,32.153,79.521,1251.0
2015-11-26,15/9-F-14,24.0,266.278,99.54,237.295,13.58,100.0,28.983,87.292,183.0
2015-11-27,15/9-F-11,24.0,220.316,106.089,188.064,10.874,100.0,32.252,78.613,1241.0
2015-11-27,15/9-F-14,24.0,266.461,99.529,237.327,13.534,100.0,29.134,86.772,181.0
2015-11-28,15/9-F-14,24.0,266.361,99.529,237.305,13.463,100.0,29.055,86.592,180.0
2015-11-28,15/9-F-11,24.0,220.339,106.08,188.153,10.806,100.0,32.185,78.759,1231.0
2015-11-29,15/9-F-11,24.0,220.363,106.069,188.235,10.746,100.0,32.128,79.515,1218.0
2015-11-29,15/9-F-14,24.0,266.297,99.528,237.275,13.389,100.0,29.022,86.687,178.0
2015-11-30,15/9-F-14,24.0,266.17,99.525,237.231,13.426,100.0,28.939,87.673,177.0
2015-11-30,15/9-F-11,24.0,220.316,106.059,188.326,10.739,100.0,31.99,80.368,1208.0
2015-12-01,15/9-F-11,24.0,220.419,106.049,188.469,10.792,100.0,31.95,80.359,1191.0
2015-12-01,15/9-F-14,24.0,266.168,99.519,237.269,13.494,100.0,28.899,87.65,174.0
2015-12-02,15/9-F-14,24.0,266.373,99.515,237.304,13.466,100.0,29.069,86.336,173.0
2015-12-02,15/9-F-11,24.0,220.776,106.037,188.699,10.739,100.0,32.076,78.144,1186.0
2015-12-03,15/9-F-11,24.0,220.9,106.025,188.818,10.765,100.0,32.083,80.362,1189.0
2015-12-03,15/9-F-14,24.0,266.417,99.512,237.316,13.513,100.0,29.101,87.472,174.0
2015-12-04,15/9-F-11,24.0,220.168,106.021,188.586,10.697,100.0,31.582,79.064,1169.0
2015-12-04,15/9-F-14,24.0,266.027,99.538,237.497,13.575,100.0,28.529,86.9,171.0
2015-12-05,15/9-F-11,24.0,220.519,106.011,188.89,10.669,100.0,31.629,77.27,1221.0
2015-12-05,15/9-F-14,24.0,266.451,99.553,237.817,13.63,100.0,28.634,86.126,178.0
2015-12-06,15/9-F-11,24.0,220.784,106.007,189.171,10.668,100.0,31.613,80.496,1204.0
2015-12-06,15/9-F-14,24.0,266.711,99.568,237.992,13.735,100.0,28.719,87.674,176.0
2015-12-07,15/9-F-11,24.0,221.367,106.004,189.517,10.724,100.0,31.851,80.228,1215.0
2015-12-07,15/9-F-14,24.0,267.191,99.578,238.273,13.851,100.0,28.918,87.458,178.0
2015-12-08,15/9-F-14,24.0,267.691,99.582,238.571,13.817,100.0,29.12,86.416,177.0
2015-12-08,15/9-F-11,24.0,221.994,106.004,189.875,10.658,100.0,32.119,79.139,1211.0
2015-12-09,15/9-F-11,20.17,235.555,105.83,197.38,10.397,39.14916,38.176,72.972,973.0
2015-12-09,15/9-F-15,13.18,244.357,106.047,194.723,20.853,8.76609,49.635,33.283,213.0
2015-12-09,15/9-F-14,20.5,273.233,99.52,240.114,13.175,53.29708,33.119,82.147,96.0
2015-12-10,15/9-F-11,24.0,228.878,105.979,192.819,10.671,31.34392,36.059,77.656,1168.0
2015-12-10,15/9-F-15,24.0,232.14,106.758,196.322,19.072,18.36391,35.817,45.584,310.0
2015-12-10,15/9-F-14,24.0,268.265,99.568,238.427,13.916,58.16891,29.839,85.803,138.0
2015-12-11,15/9-F-11,24.0,225.278,106.012,191.513,10.706,44.11448,33.765,80.391,1221.0
2015-12-11,15/9-F-14,24.0,267.346,99.565,238.227,13.949,77.47441,29.119,87.483,163.0
2015-12-11,15/9-F-15,24.0,227.788,106.76,195.702,19.367,18.95642,32.086,48.758,246.0
2015-12-12,15/9-F-11,24.0,222.654,106.032,190.606,10.755,71.79522,32.048,81.362,1221.0
2015-12-12,15/9-F-14,24.0,266.489,99.579,238.062,14.085,100.0,28.428,88.535,182.0
2015-12-12,15/9-F-15,24.0,226.059,106.687,194.33,18.265,18.95778,31.729,49.351,242.0
2015-12-13,15/9-F-14,24.0,266.334,99.572,238.011,14.053,100.0,28.323,88.431,179.0
2015-12-13,15/9-F-11,24.0,221.887,106.029,190.406,10.731,100.0,31.482,81.321,1224.0
2015-12-13,15/9-F-15,24.0,223.111,106.658,192.261,18.553,20.0088,30.85,49.084,238.0
2015-12-14,15/9-F-14,24.0,266.196,99.559,238.013,13.958,100.0,28.183,87.93,177.0
2015-12-14,15/9-F-11,24.0,221.709,106.018,190.39,10.699,100.0,31.319,80.326,1213.0
2015-12-14,15/9-F-15,24.0,219.827,106.607,189.125,18.426,20.64937,30.702,46.258,236.0
2015-12-15,15/9-F-14,24.0,266.021,99.553,237.989,13.87,100.0,28.032,86.487,176.0
2015-12-15,15/9-F-11,24.0,221.537,106.007,190.335,10.627,100.0,31.202,79.807,1206.0
2015-12-15,15/9-F-15,24.0,218.935,106.55,187.63,16.292,20.03711,31.305,40.976,235.0
2015-12-16,15/9-F-11,24.0,221.479,105.995,190.331,10.548,100.0,31.148,79.471,1190.0
2015-12-16,15/9-F-14,24.0,265.91,99.549,237.957,13.813,100.0,27.953,85.809,174.0
2015-12-16,15/9-F-15,24.0,218.318,106.511,186.595,14.755,19.17622,31.724,39.647,231.0
2015-12-17,15/9-F-11,24.0,221.464,105.984,190.429,10.58,100.0,31.034,78.964,1200.0
2015-12-17,15/9-F-15,24.0,218.471,106.484,186.607,13.566,18.61237,31.864,43.511,210.0
2015-12-17,15/9-F-14,24.0,265.803,99.546,237.864,13.894,100.0,27.939,87.056,175.0
2015-12-18,15/9-F-11,24.0,221.478,105.974,190.535,10.531,100.0,30.943,77.925,1182.0
2015-12-18,15/9-F-15,24.0,218.48,106.472,186.644,12.888,18.57915,31.836,41.068,207.0
2015-12-18,15/9-F-14,24.0,265.697,99.541,237.773,13.861,100.0,27.924,86.173,173.0
2015-12-19,15/9-F-11,24.0,221.489,105.972,190.662,10.515,100.0,30.827,78.405,1173.0
2015-12-19,15/9-F-14,24.0,265.576,99.54,237.765,13.838,100.0,27.812,86.718,171.0
2015-12-19,15/9-F-15,24.0,218.8,106.456,186.921,12.087,18.59179,31.879,41.383,205.0
2015-12-20,15/9-F-14,24.0,265.424,99.539,237.662,13.813,100.0,27.762,86.243,169.0
2015-12-20,15/9-F-15,24.0,218.812,106.448,187.128,11.627,18.58338,31.684,40.444,202.0
2015-12-20,15/9-F-11,24.0,221.55,105.966,190.845,10.487,100.0,30.705,77.831,1156.0
2015-12-21,15/9-F-11,24.0,221.686,105.959,191.015,10.45,100.0,30.672,77.375,1150.0
2015-12-21,15/9-F-15,24.0,218.497,106.444,186.95,11.473,18.59907,31.547,39.309,201.0
2015-12-21,15/9-F-14,24.0,265.346,99.535,237.61,13.754,100.0,27.736,85.936,168.0
2015-12-22,15/9-F-11,24.0,221.812,105.953,191.204,10.446,100.0,30.608,78.612,1137.0
2015-12-22,15/9-F-15,24.0,218.378,106.438,187.056,11.336,18.5879,31.323,39.932,199.0
2015-12-22,15/9-F-14,24.0,265.326,99.531,237.585,13.755,100.0,27.742,86.057,166.0
2015-12-23,15/9-F-15,24.0,218.082,106.435,187.001,11.139,18.18929,31.08,38.545,199.0
2015-12-23,15/9-F-11,24.0,221.532,105.95,191.174,10.406,97.91667,30.358,77.258,1136.0
2015-12-23,15/9-F-14,24.0,264.965,99.536,237.497,13.722,97.91667,27.468,85.486,164.0
2015-12-24,15/9-F-11,24.0,221.555,105.945,191.309,10.367,100.0,30.246,77.74,1125.0
2015-12-24,15/9-F-15,24.0,217.089,106.443,186.322,17.238,18.66688,30.766,38.616,197.0
2015-12-24,15/9-F-14,24.0,264.845,99.535,237.499,13.676,100.0,27.346,85.979,164.0
2015-12-25,15/9-F-14,24.0,264.81,99.534,237.407,13.746,100.0,27.403,86.863,164.0
2015-12-25,15/9-F-11,24.0,221.714,105.937,191.545,10.399,97.91667,30.168,79.409,1120.0
2015-12-25,15/9-F-15,24.0,215.88,106.45,185.674,20.76,19.17349,30.206,41.683,196.0
2015-12-26,15/9-F-11,24.0,221.805,105.93,191.696,10.373,100.0,30.108,79.483,1111.0
2015-12-26,15/9-F-14,24.0,264.746,99.531,237.37,13.763,100.0,27.376,87.201,162.0
2015-12-26,15/9-F-15,24.0,214.395,106.461,184.637,21.159,19.54367,29.758,42.513,195.0
2015-12-27,15/9-F-14,24.0,264.847,99.529,237.39,13.662,100.0,27.458,86.481,159.0
2015-12-27,15/9-F-15,24.0,213.963,106.456,184.51,20.647,19.92366,29.454,38.787,190.0
2015-12-27,15/9-F-11,24.0,222.176,105.924,192.04,10.322,100.0,30.136,78.528,1086.0
2015-12-28,15/9-F-11,24.0,222.126,105.92,192.089,10.3,100.0,30.037,78.059,1098.0
2015-12-28,15/9-F-15,24.0,211.763,106.477,182.856,21.473,20.63686,28.907,37.341,193.0
2015-12-28,15/9-F-14,24.0,264.7,99.529,237.435,13.659,97.91667,27.265,84.662,159.0
2015-12-29,15/9-F-11,24.0,222.229,105.915,192.241,10.236,100.0,29.988,77.822,1089.0
2015-12-29,15/9-F-14,24.0,264.674,99.529,237.43,13.624,100.0,27.244,84.57,159.0
2015-12-29,15/9-F-15,24.0,210.576,106.482,182.271,21.344,22.27389,28.306,36.686,191.0
2015-12-30,15/9-F-15,24.0,209.966,106.482,182.098,20.959,23.20447,27.868,37.931,192.0
2015-12-30,15/9-F-14,24.0,264.656,99.529,237.421,13.629,100.0,27.235,84.744,159.0
2015-12-30,15/9-F-11,24.0,222.374,105.911,192.421,10.198,100.0,29.953,78.253,1088.0
2015-12-31,15/9-F-11,24.0,222.487,105.906,192.566,10.238,100.0,29.922,78.429,1080.0
2015-12-31,15/9-F-14,24.0,264.632,99.53,237.37,13.713,100.0,27.262,85.736,158.0
2015-12-31,15/9-F-15,24.0,208.456,106.494,181.167,21.505,25.6676,27.289,40.334,191.0
2016-01-01,15/9-F-15,24.0,208.562,106.486,181.508,21.04,26.4064,27.054,41.937,190.0
2016-01-01,15/9-F-11,24.0,222.578,105.902,192.681,10.276,100.0,29.896,79.343,1076.0
2016-01-01,15/9-F-14,24.0,264.618,99.532,237.308,13.783,100.0,27.31,86.62,157.0
2016-01-02,15/9-F-14,24.0,264.81,99.531,237.407,13.6,100.0,27.403,83.334,154.0
2016-01-02,15/9-F-11,24.0,222.976,105.896,192.949,10.157,100.0,30.027,77.63,1053.0
2016-01-02,15/9-F-15,24.0,209.462,106.469,182.408,19.704,27.12134,27.054,32.954,186.0
2016-01-03,15/9-F-11,21.67,233.825,105.765,193.595,9.503,72.05367,40.23,65.468,767.0
2016-01-03,15/9-F-15,21.17,213.699,106.202,179.029,17.076,19.62655,34.669,24.806,134.0
2016-01-03,15/9-F-14,21.5,271.91,99.394,234.801,11.738,71.01747,37.109,70.661,96.0
2016-01-04,15/9-F-11,24.0,237.287,105.701,201.388,9.654,67.30765,35.898,67.32,855.0
2016-01-04,15/9-F-14,24.0,269.268,99.441,237.12,12.399,68.27501,32.149,76.468,105.0
2016-01-04,15/9-F-15,9.66,234.449,104.917,174.614,4.337,2.78137,59.835,7.037,19.0
2016-01-05,15/9-F-14,24.0,264.529,99.532,237.197,13.791,100.0,27.332,84.248,156.0
2016-01-05,15/9-F-11,24.0,223.833,105.911,193.706,10.178,100.0,30.127,78.874,1064.0
2016-01-06,15/9-F-11,24.0,224.076,105.893,193.954,12.041,100.0,30.122,78.95,1050.0
2016-01-06,15/9-F-14,24.0,265.193,99.55,237.676,13.9,100.0,27.516,84.173,153.0
2016-01-07,15/9-F-14,24.0,265.559,99.58,238.055,13.963,100.0,27.504,83.736,154.0
2016-01-07,15/9-F-11,24.0,224.034,105.887,194.016,14.388,100.0,30.019,78.338,1055.0
2016-01-08,15/9-F-11,24.0,224.549,105.881,194.381,14.481,100.0,30.168,78.604,1062.0
2016-01-08,15/9-F-14,24.0,266.049,99.588,238.242,14.138,100.0,27.807,86.665,155.0
2016-01-09,15/9-F-11,24.0,224.857,105.882,194.59,14.441,100.0,30.267,78.402,1066.0
2016-01-09,15/9-F-14,24.0,266.326,99.589,238.458,14.15,100.0,27.868,85.849,156.0
2016-01-10,15/9-F-11,24.0,225.254,105.885,194.927,14.445,100.0,30.327,78.282,1069.0
2016-01-10,15/9-F-14,24.0,266.563,99.599,238.623,14.204,100.0,27.94,85.702,156.0
2016-01-11,15/9-F-14,24.0,266.94,99.606,238.791,14.369,100.0,28.149,86.68,158.0
2016-01-11,15/9-F-11,24.0,225.838,105.888,195.312,14.556,100.0,30.526,80.027,1080.0
2016-01-12,15/9-F-11,24.0,226.349,105.89,195.757,14.707,100.0,30.592,80.678,1085.0
2016-01-12,15/9-F-14,24.0,267.213,99.615,238.856,14.562,100.0,28.356,88.275,159.0
2016-01-13,15/9-F-11,23.33,231.58,105.839,198.673,14.635,81.80433,32.907,80.176,975.0
2016-01-13,15/9-F-14,23.33,268.935,99.592,239.195,14.513,85.20861,29.739,88.018,133.0
2016-01-14,15/9-F-11,24.0,227.364,105.911,196.368,14.749,100.0,30.996,81.115,1096.0
2016-01-14,15/9-F-14,24.0,267.071,99.597,238.528,14.527,100.0,28.543,88.04,160.0
2016-01-15,15/9-F-11,24.0,227.023,105.912,196.38,14.691,100.0,30.643,80.74,1095.0
2016-01-15,15/9-F-14,24.0,266.628,99.588,238.402,14.483,100.0,28.226,87.921,160.0
2016-01-16,15/9-F-14,24.0,266.322,99.588,238.284,14.406,100.0,28.038,88.136,159.0
2016-01-16,15/9-F-11,24.0,226.882,105.909,196.445,14.614,100.0,30.438,81.017,1089.0
2016-01-17,15/9-F-14,24.0,266.089,99.588,238.19,14.536,100.0,27.899,88.438,158.0
2016-01-17,15/9-F-11,24.0,226.812,105.902,196.544,14.818,100.0,30.268,81.239,1078.0
2016-01-18,15/9-F-14,24.0,266.07,99.581,238.16,14.422,100.0,27.91,87.996,156.0
2016-01-18,15/9-F-11,24.0,226.99,105.893,196.706,14.687,100.0,30.284,80.908,1070.0
2016-01-19,15/9-F-11,24.0,227.362,105.883,196.97,14.638,100.0,30.392,80.983,1038.0
2016-01-19,15/9-F-14,24.0,266.217,99.575,238.079,14.392,100.0,28.138,88.238,152.0
2016-01-20,15/9-F-14,20.83,268.707,99.536,238.853,14.327,70.71155,29.855,87.808,110.0
2016-01-20,15/9-F-11,20.83,230.959,105.818,199.994,14.659,86.41695,30.966,79.904,885.0
2016-01-20,15/9-F-15,9.08,264.004,104.685,199.704,19.825,3.04135,64.3,18.99,93.0
2016-01-21,15/9-F-14,24.0,267.704,99.543,238.221,14.399,93.68124,29.483,87.159,141.0
2016-01-21,15/9-F-11,24.0,230.124,105.86,198.405,14.68,99.98955,31.719,80.546,1000.0
2016-01-21,15/9-F-15,24.0,232.582,106.659,198.745,20.182,18.8742,33.837,45.262,273.0
2016-01-22,15/9-F-14,24.0,267.096,99.549,238.229,14.274,100.0,28.866,85.493,150.0
2016-01-22,15/9-F-15,24.0,233.326,106.619,203.032,17.253,19.77215,30.294,39.283,195.0
2016-01-22,15/9-F-11,24.0,229.611,105.855,198.211,14.502,99.99033,31.4,79.121,987.0
2016-01-23,15/9-F-15,24.0,228.311,106.676,198.93,20.672,20.78007,29.38,44.235,201.0
2016-01-23,15/9-F-11,24.0,228.158,105.863,197.68,14.584,100.0,30.478,78.999,1018.0
2016-01-23,15/9-F-14,24.0,266.295,99.566,238.079,14.419,100.0,28.215,86.483,155.0
2016-01-24,15/9-F-15,24.0,222.709,106.68,194.649,23.215,23.49728,28.06,46.451,203.0
2016-01-24,15/9-F-11,24.0,227.292,105.866,197.438,14.631,99.98994,29.854,80.172,1030.0
2016-01-24,15/9-F-14,24.0,265.572,99.579,238.023,14.479,100.0,27.55,87.106,156.0
2016-01-25,15/9-F-11,22.67,233.257,105.803,200.453,14.449,71.30567,32.804,77.389,1019.0
2016-01-25,15/9-F-15,22.5,222.199,106.569,193.956,20.019,17.91389,28.243,43.42,216.0
2016-01-25,15/9-F-14,22.67,268.914,99.541,238.648,14.186,72.44894,30.266,85.624,153.0
2016-01-26,15/9-F-14,24.0,268.825,99.512,238.479,14.024,80.35385,30.346,84.397,139.0
2016-01-26,15/9-F-11,24.0,235.565,105.756,202.669,14.346,75.77978,32.896,75.076,910.0
2016-01-26,15/9-F-15,24.0,223.247,106.322,189.765,16.578,11.38109,33.482,38.985,191.0
2016-01-27,15/9-F-11,24.0,227.643,105.869,197.769,14.664,100.0,29.874,81.444,1047.0
2016-01-27,15/9-F-15,24.0,211.929,106.589,184.789,23.023,13.04444,27.14,49.181,206.0
2016-01-27,15/9-F-14,24.0,265.307,99.553,237.748,14.504,100.0,27.559,88.24,159.0
2016-01-28,15/9-F-11,24.0,227.655,105.858,197.901,14.519,100.0,29.754,78.909,999.0
2016-01-28,15/9-F-15,24.0,217.117,106.47,187.887,17.015,12.34673,29.23,40.817,196.0
2016-01-28,15/9-F-14,24.0,265.368,99.553,237.891,14.369,100.0,27.477,86.427,152.0
2016-01-29,15/9-F-11,24.0,227.697,105.854,198.003,14.44,100.0,29.695,76.747,1004.0
2016-01-29,15/9-F-14,24.0,265.341,99.558,237.915,14.278,100.0,27.426,85.166,153.0
2016-01-29,15/9-F-15,24.0,214.829,106.482,185.859,17.935,12.81049,28.971,39.725,197.0
2016-01-30,15/9-F-15,24.0,212.546,106.492,184.318,18.45,13.02906,28.228,39.901,196.0
2016-01-30,15/9-F-14,24.0,265.353,99.552,237.896,14.212,100.0,27.456,85.351,152.0
2016-01-30,15/9-F-11,24.0,227.786,105.846,198.094,14.411,100.0,29.692,77.348,999.0
2016-01-31,15/9-F-15,24.0,213.291,106.474,184.953,17.619,12.98147,28.338,44.309,193.0
2016-01-31,15/9-F-14,24.0,265.32,99.549,237.828,14.389,100.0,27.492,88.092,150.0
2016-01-31,15/9-F-11,24.0,227.779,105.837,198.25,14.547,100.0,29.529,80.984,984.0
2016-02-01,15/9-F-11,24.0,227.916,105.827,198.328,14.492,100.0,29.588,78.449,974.0
2016-02-01,15/9-F-15,24.0,212.547,106.476,184.427,17.442,12.90218,28.12,41.118,191.0
2016-02-01,15/9-F-14,24.0,265.346,99.546,237.893,14.296,100.0,27.454,86.021,148.0
2016-02-02,15/9-F-11,24.0,228.082,105.82,198.478,14.397,100.0,29.605,77.965,975.0
2016-02-02,15/9-F-15,24.0,212.001,106.473,184.137,17.093,12.86404,27.864,39.347,192.0
2016-02-02,15/9-F-14,24.0,265.399,99.541,237.88,14.208,100.0,27.519,85.835,148.0
2016-02-03,15/9-F-15,24.0,211.462,106.473,183.877,17.258,12.92334,27.584,41.746,188.0
2016-02-03,15/9-F-14,24.0,265.449,99.54,237.839,14.296,100.0,27.61,87.576,146.0
2016-02-03,15/9-F-11,24.0,228.266,105.816,198.634,14.488,100.0,29.632,80.497,958.0
2016-02-04,15/9-F-11,23.58,234.528,105.733,202.341,14.447,77.456,32.187,78.934,815.0
2016-02-04,15/9-F-14,23.58,269.155,99.504,238.47,14.12,80.93449,30.685,86.378,124.0
2016-02-04,15/9-F-15,22.75,213.493,106.406,185.757,15.592,11.31025,27.735,42.148,165.0
2016-02-05,15/9-F-15,24.0,211.482,106.469,184.251,16.662,11.909,27.231,42.141,193.0
2016-02-05,15/9-F-11,24.0,229.411,105.809,199.207,14.532,92.01064,30.204,78.276,960.0
2016-02-05,15/9-F-14,24.0,265.966,99.529,237.943,14.274,88.06339,28.023,86.465,143.0
2016-02-06,15/9-F-15,24.0,209.56,106.483,182.681,18.754,11.97357,26.879,41.315,189.0
2016-02-06,15/9-F-11,24.0,228.356,105.817,198.895,15.276,100.0,29.46,79.375,965.0
2016-02-06,15/9-F-14,24.0,265.232,99.541,237.776,15.096,100.0,27.456,86.759,147.0
2016-02-07,15/9-F-15,24.0,207.997,106.494,181.978,24.918,12.42848,26.019,39.958,185.0
2016-02-07,15/9-F-14,24.0,265.393,99.544,237.89,19.771,100.0,27.503,85.484,143.0
2016-02-07,15/9-F-11,24.0,228.621,105.806,199.139,19.983,100.0,29.482,77.957,943.0
2016-02-08,15/9-F-11,24.0,228.946,105.798,199.425,20.076,100.0,29.521,79.446,941.0
2016-02-08,15/9-F-14,24.0,265.551,99.549,237.84,19.884,100.0,27.711,86.953,143.0
2016-02-08,15/9-F-15,24.0,207.458,106.494,181.722,24.878,12.33945,25.736,42.705,185.0
2016-02-09,15/9-F-14,24.0,265.726,99.543,237.842,19.958,100.0,27.884,87.573,144.0
2016-02-09,15/9-F-15,24.0,207.327,106.491,181.822,24.621,12.32933,25.505,44.62,186.0
2016-02-09,15/9-F-11,24.0,229.303,105.792,199.684,20.134,100.0,29.619,80.585,946.0
2016-02-10,15/9-F-15,24.0,206.977,106.491,181.688,24.602,12.33886,25.289,46.484,183.0
2016-02-10,15/9-F-11,24.0,229.933,105.783,200.09,20.234,100.0,29.842,81.253,934.0
2016-02-10,15/9-F-14,24.0,266.09,99.535,237.851,20.051,100.0,28.239,88.371,142.0
2016-02-11,15/9-F-14,24.0,266.695,99.525,237.928,19.974,100.0,28.768,87.989,144.0
2016-02-11,15/9-F-11,24.0,230.951,105.768,200.651,20.139,100.0,30.3,80.674,947.0
2016-02-11,15/9-F-15,24.0,206.622,106.492,181.522,24.429,12.3545,25.101,45.327,186.0
2016-02-12,15/9-F-15,24.0,205.896,106.498,181.02,24.472,12.48728,24.876,42.023,176.0
2016-02-12,15/9-F-11,24.0,231.269,105.761,200.882,20.073,100.0,30.387,78.812,895.0
2016-02-12,15/9-F-14,24.0,266.744,99.524,237.933,19.802,100.0,28.811,87.108,136.0
2016-02-13,15/9-F-15,24.0,206.152,106.492,181.522,24.237,12.56479,24.63,46.232,171.0
2016-02-13,15/9-F-11,24.0,231.534,105.755,201.129,20.226,100.0,30.405,80.773,869.0
2016-02-13,15/9-F-14,24.0,266.785,99.52,237.882,19.979,100.0,28.903,88.074,132.0
2016-02-14,15/9-F-11,24.0,232.015,105.745,201.475,20.135,100.0,30.541,80.743,885.0
2016-02-14,15/9-F-14,24.0,266.966,99.519,237.898,19.915,100.0,29.068,87.916,134.0
2016-02-14,15/9-F-15,24.0,206.103,106.491,181.592,24.019,12.5894,24.51,45.713,174.0
2016-02-15,15/9-F-11,24.0,232.132,105.742,201.689,20.079,100.0,30.443,80.732,882.0
2016-02-15,15/9-F-14,24.0,266.896,99.519,237.899,19.871,100.0,28.997,87.972,134.0
2016-02-15,15/9-F-15,24.0,205.899,106.492,181.451,23.849,12.57159,24.447,44.961,173.0
2016-02-16,15/9-F-14,24.0,266.891,99.511,238.019,19.724,100.0,28.872,86.032,133.0
2016-02-16,15/9-F-11,24.0,232.334,105.737,201.895,19.961,100.0,30.439,77.594,872.0
2016-02-16,15/9-F-15,24.0,205.376,106.497,180.914,23.688,12.56763,24.462,40.728,171.0
2016-02-17,15/9-F-11,24.0,232.689,105.73,202.198,19.906,100.0,30.491,77.578,870.0
2016-02-17,15/9-F-15,24.0,205.185,106.498,180.979,23.404,12.82169,24.206,40.092,171.0
2016-02-17,15/9-F-14,24.0,266.987,99.508,238.025,19.662,100.0,28.962,86.153,132.0
2016-02-18,15/9-F-11,24.0,232.905,105.725,202.461,20.201,100.0,30.444,80.499,854.0
2016-02-18,15/9-F-14,24.0,267.001,99.502,237.927,19.941,100.0,29.073,87.773,130.0
2016-02-18,15/9-F-15,24.0,205.557,106.492,181.552,23.599,13.04115,24.005,44.892,168.0
2016-02-19,15/9-F-15,24.0,204.415,106.502,180.752,23.725,14.03378,23.663,41.096,162.0
2016-02-19,15/9-F-11,24.0,232.759,105.725,202.475,20.0,100.0,30.285,78.044,826.0
2016-02-19,15/9-F-14,24.0,266.757,99.502,238.008,19.758,100.0,28.749,86.003,125.0
2016-02-20,15/9-F-11,24.0,232.707,105.722,202.662,19.926,100.0,30.045,79.335,853.0
2016-02-20,15/9-F-15,24.0,193.187,106.608,173.411,19.44,22.6824,19.776,47.505,169.0
2016-02-20,15/9-F-14,24.0,266.685,99.51,238.058,19.766,100.0,28.626,86.48,130.0
2016-02-21,15/9-F-15,24.0,204.679,106.466,182.828,10.979,13.77462,21.851,40.093,160.0
2016-02-21,15/9-F-14,24.0,267.033,99.525,238.314,19.83,100.0,28.719,86.872,123.0
2016-02-21,15/9-F-11,24.0,233.114,105.715,203.051,19.899,100.0,30.063,80.018,812.0
2016-02-22,15/9-F-11,24.0,232.746,105.722,203.059,19.985,100.0,29.686,80.875,828.0
2016-02-22,15/9-F-15,24.0,205.14,106.486,182.639,15.225,14.09268,22.502,41.976,163.0
2016-02-22,15/9-F-14,24.0,266.763,99.552,238.409,20.055,100.0,28.353,88.026,126.0
2016-02-23,15/9-F-14,24.0,267.139,99.566,238.663,20.089,100.0,28.476,87.876,126.0
2016-02-23,15/9-F-11,24.0,233.312,105.721,203.506,19.976,100.0,29.806,80.299,827.0
2016-02-23,15/9-F-15,24.0,204.288,106.514,181.502,16.291,14.55132,22.786,41.644,163.0
2016-02-24,15/9-F-14,24.0,267.473,99.581,238.867,20.196,100.0,28.605,88.173,125.0
2016-02-24,15/9-F-11,24.0,233.817,105.722,203.939,20.059,100.0,29.878,80.484,825.0
2016-02-24,15/9-F-15,24.0,204.301,106.525,181.525,16.855,14.71305,22.776,42.954,162.0
2016-02-25,15/9-F-15,24.0,204.94,106.525,182.15,16.981,14.69715,22.79,43.665,166.0
2016-02-25,15/9-F-14,24.0,268.147,99.587,239.096,20.309,100.0,29.05,88.372,128.0
2016-02-25,15/9-F-11,24.0,234.894,105.721,204.634,20.128,100.0,30.261,80.657,842.0
2016-02-26,15/9-F-11,24.0,233.645,105.749,204.182,20.367,100.0,29.463,81.353,915.0
2016-02-26,15/9-F-14,24.0,267.224,99.616,239.081,20.592,100.0,28.144,88.863,139.0
2016-02-26,15/9-F-15,24.0,204.023,106.546,181.338,18.245,14.81834,22.685,47.327,180.0
2016-02-27,15/9-F-15,24.0,203.856,106.554,181.322,18.687,15.02188,22.534,47.726,179.0
2016-02-27,15/9-F-11,24.0,234.3,105.754,204.714,20.394,100.0,29.586,81.298,909.0
2016-02-27,15/9-F-14,24.0,267.769,99.622,239.413,20.67,100.0,28.356,88.916,138.0
2016-02-28,15/9-F-15,24.0,203.822,106.562,181.276,19.059,14.91477,22.546,48.292,181.0
2016-02-28,15/9-F-11,24.0,235.079,105.755,205.279,20.416,100.0,29.8,81.6,920.0
2016-02-28,15/9-F-14,24.0,268.224,99.633,239.605,20.757,100.0,28.619,89.06,140.0
2016-02-29,15/9-F-14,24.0,268.425,99.644,239.837,20.615,100.0,28.588,87.814,139.0
2016-02-29,15/9-F-11,24.0,235.607,105.762,205.71,20.24,100.0,29.897,79.446,913.0
2016-02-29,15/9-F-15,24.0,203.006,106.578,180.444,19.529,15.27975,22.563,44.758,180.0
2016-03-01,15/9-F-15,24.0,201.287,106.597,180.192,20.231,18.27107,21.095,41.123,183.0
2016-03-01,15/9-F-14,24.0,268.254,99.637,239.678,20.348,100.0,28.576,86.185,141.0
2016-03-01,15/9-F-11,24.0,235.99,105.77,206.017,20.03,100.0,29.973,79.12,928.0
2016-03-02,15/9-F-15,24.0,201.315,106.601,180.616,20.91,19.86501,20.699,48.084,180.0
2016-03-02,15/9-F-14,24.0,268.083,99.63,239.439,20.649,100.0,28.643,88.836,139.0
2016-03-02,15/9-F-11,24.0,236.284,105.774,206.411,20.367,100.0,29.874,81.42,914.0
2016-03-03,15/9-F-11,24.0,236.458,105.775,206.641,20.382,100.0,29.817,81.704,905.0
2016-03-03,15/9-F-15,24.0,200.844,106.606,179.552,20.691,18.77676,21.292,48.566,178.0
2016-03-03,15/9-F-14,24.0,267.937,99.629,239.352,20.244,100.0,28.585,88.968,137.0
2016-03-04,15/9-F-14,24.0,267.808,99.629,239.327,19.793,100.0,28.481,88.234,136.0
2016-03-04,15/9-F-15,24.0,201.307,106.602,179.773,20.048,18.30675,21.534,44.118,177.0
2016-03-04,15/9-F-11,24.0,236.592,105.775,206.828,20.352,100.0,29.765,81.344,898.0
2016-03-05,15/9-F-15,24.0,202.251,106.593,180.616,19.524,17.75457,21.635,46.808,174.0
2016-03-05,15/9-F-11,24.0,236.624,105.774,206.969,20.383,100.0,29.655,81.37,885.0
2016-03-05,15/9-F-14,24.0,267.647,99.629,239.226,19.846,100.0,28.421,88.833,135.0
2016-03-06,15/9-F-11,24.0,236.799,105.771,207.187,20.343,100.0,29.612,81.163,884.0
2016-03-06,15/9-F-15,24.0,202.465,106.593,180.583,19.442,17.56481,21.882,47.151,174.0
2016-03-06,15/9-F-14,24.0,267.572,99.629,239.17,19.828,100.0,28.403,88.707,134.0
2016-03-07,15/9-F-11,24.0,236.904,105.77,207.358,20.289,100.0,29.546,81.513,875.0
2016-03-07,15/9-F-15,24.0,202.525,106.595,180.693,19.423,17.51963,21.831,47.518,172.0
2016-03-07,15/9-F-14,24.0,267.512,99.629,239.126,19.815,100.0,28.385,88.803,133.0
2016-03-08,15/9-F-11,24.0,237.168,105.766,207.593,20.278,100.0,29.575,80.308,865.0
2016-03-08,15/9-F-14,24.0,267.521,99.629,239.176,19.772,100.0,28.346,88.028,131.0
2016-03-08,15/9-F-15,24.0,201.758,106.604,179.881,19.835,17.08137,21.877,45.958,170.0
2016-03-09,15/9-F-14,24.0,267.503,99.629,239.185,19.74,100.0,28.318,87.916,130.0
2016-03-09,15/9-F-15,24.0,201.986,106.603,180.237,19.588,16.80704,21.749,44.087,168.0
2016-03-09,15/9-F-11,24.0,237.466,105.761,207.883,20.236,100.0,29.583,80.73,854.0
2016-03-10,15/9-F-11,24.0,237.652,105.757,208.097,20.258,100.0,29.555,80.767,853.0
2016-03-10,15/9-F-14,24.0,267.465,99.629,239.171,19.758,100.0,28.294,87.85,130.0
2016-03-10,15/9-F-15,24.0,202.111,106.602,180.449,19.541,16.80701,21.663,43.659,168.0
2016-03-11,15/9-F-14,24.0,267.465,99.629,239.186,19.641,100.0,28.279,86.806,128.0
2016-03-11,15/9-F-15,24.0,201.847,106.605,180.072,19.547,16.80862,21.774,42.788,166.0
2016-03-11,15/9-F-11,24.0,237.911,105.753,208.377,20.161,100.0,29.533,79.912,842.0
2016-03-12,15/9-F-14,18.67,270.283,99.594,240.096,19.09,60.97388,30.188,84.949,79.0
2016-03-12,15/9-F-15,24.0,202.058,106.604,180.462,19.305,16.7687,21.596,41.702,165.0
2016-03-12,15/9-F-11,24.0,237.438,105.756,208.248,20.119,100.0,29.19,79.227,840.0
2016-03-13,15/9-F-11,24.0,238.818,105.738,209.115,20.219,100.0,29.703,79.173,810.0
2016-03-13,15/9-F-14,24.0,267.9,99.627,239.318,19.895,100.0,28.582,87.359,123.0
2016-03-13,15/9-F-15,24.0,202.326,106.603,180.771,19.399,16.72131,21.555,44.802,160.0
2016-03-14,15/9-F-15,24.0,203.311,106.592,181.876,19.083,16.61511,21.435,47.691,164.0
2016-03-14,15/9-F-14,24.0,266.962,99.634,239.162,20.124,100.0,27.8,88.595,127.0
2016-03-14,15/9-F-11,24.0,237.392,105.755,208.496,20.397,100.0,28.896,81.37,834.0
2016-03-15,15/9-F-15,24.0,202.923,106.599,181.229,19.405,16.59709,21.694,48.084,163.0
2016-03-15,15/9-F-11,24.0,237.572,105.751,208.736,20.273,100.0,28.836,81.694,827.0
2016-03-15,15/9-F-14,24.0,266.98,99.649,239.195,19.976,100.0,27.785,88.735,126.0
2016-03-16,15/9-F-15,11.17,208.731,106.309,182.144,14.902,6.90833,26.587,41.596,54.0
2016-03-16,15/9-F-11,24.0,237.765,105.748,208.955,20.698,100.0,28.81,81.608,836.0
2016-03-16,15/9-F-14,24.0,266.972,99.649,239.198,19.826,100.0,27.774,88.737,127.0
2016-03-17,15/9-F-15,24.0,214.317,106.455,194.27,20.852,13.8322,20.047,42.602,156.0
2016-03-17,15/9-F-11,24.0,237.956,105.744,209.184,23.429,100.0,28.773,81.67,794.0
2016-03-17,15/9-F-14,24.0,266.962,99.639,239.208,22.02,100.0,27.754,88.747,121.0
2016-03-18,15/9-F-11,24.0,238.533,105.736,209.638,22.689,100.0,28.895,81.67,783.0
2016-03-18,15/9-F-15,24.0,208.161,106.577,185.719,22.462,13.85642,22.443,47.017,154.0
2016-03-18,15/9-F-14,24.0,267.132,99.638,239.24,22.308,100.0,27.892,88.694,119.0
2016-03-19,15/9-F-15,24.0,206.923,106.586,184.346,22.9,13.90381,22.577,46.292,152.0
2016-03-19,15/9-F-11,24.0,238.514,105.736,209.738,22.662,100.0,28.776,81.571,775.0
2016-03-19,15/9-F-14,24.0,266.974,99.637,239.215,22.294,100.0,27.758,88.612,118.0
2016-03-20,15/9-F-11,24.0,238.917,105.731,210.078,22.629,100.0,28.839,81.685,780.0
2016-03-20,15/9-F-15,24.0,206.677,106.579,184.082,22.645,13.88684,22.595,45.845,153.0
2016-03-20,15/9-F-14,24.0,267.081,99.635,239.213,22.289,100.0,27.868,88.565,119.0
2016-03-21,15/9-F-15,24.0,206.002,106.583,183.236,22.889,13.87573,22.766,46.427,152.0
2016-03-21,15/9-F-14,24.0,267.268,99.63,239.2,22.307,100.0,28.068,88.659,117.0
2016-03-21,15/9-F-11,24.0,239.533,105.724,210.528,22.626,100.0,29.005,81.68,772.0
2016-03-22,15/9-F-15,24.0,205.764,106.583,182.986,22.932,13.87267,22.778,47.431,147.0
2016-03-22,15/9-F-11,24.0,239.683,105.722,210.72,22.717,100.0,28.962,81.816,748.0
2016-03-22,15/9-F-14,24.0,267.21,99.629,239.171,22.362,100.0,28.04,88.779,114.0
2016-03-23,15/9-F-11,24.0,240.157,105.718,211.106,22.846,100.0,29.052,81.6,742.0
2016-03-23,15/9-F-15,24.0,205.812,106.58,182.91,22.912,13.94295,22.903,47.9,146.0
2016-03-23,15/9-F-14,24.0,267.322,99.625,239.189,22.416,100.0,28.133,88.754,113.0
2016-03-24,15/9-F-14,24.0,267.33,99.62,239.203,22.283,100.0,28.127,87.491,114.0
2016-03-24,15/9-F-15,11.49,206.101,106.578,183.03,22.597,7.23937,23.071,45.206,70.0
2016-03-24,15/9-F-11,24.0,240.463,105.715,211.34,22.685,100.0,29.123,79.744,747.0
2016-03-25,15/9-F-11,24.0,240.508,105.714,211.529,22.669,100.0,28.979,81.041,751.0
2016-03-25,15/9-F-14,24.0,267.19,99.619,239.127,22.298,100.0,28.063,88.354,114.0
2016-03-26,15/9-F-11,24.0,241.116,105.707,211.941,22.461,100.0,29.175,78.796,737.0
2016-03-26,15/9-F-14,24.0,267.389,99.618,239.23,22.048,100.0,28.159,86.368,112.0
2016-03-27,15/9-F-11,23.0,241.75,105.699,212.399,22.436,100.0,29.35,77.651,700.0
2016-03-27,15/9-F-14,23.0,267.596,99.61,239.224,22.027,100.0,28.371,86.016,106.0
2016-03-28,15/9-F-11,24.0,242.061,105.697,212.698,22.551,100.0,29.363,80.195,719.0
2016-03-28,15/9-F-14,24.0,267.63,99.609,239.203,22.089,100.0,28.428,86.608,109.0
2016-03-29,15/9-F-11,24.0,242.193,105.697,212.954,22.675,100.0,29.239,81.418,724.0
2016-03-29,15/9-F-14,24.0,267.67,99.602,239.178,22.297,100.0,28.491,88.615,110.0
2016-03-30,15/9-F-11,24.0,242.441,105.696,213.225,22.787,100.0,29.216,81.366,708.0
2016-03-30,15/9-F-14,24.0,267.69,99.6,239.224,22.366,100.0,28.465,88.622,108.0
2016-03-31,15/9-F-11,24.0,243.16,105.69,213.793,22.704,100.0,29.367,81.22,694.0
2016-03-31,15/9-F-14,24.0,267.942,99.595,239.236,22.295,100.0,28.705,88.553,105.0
2016-04-01,15/9-F-11,24.0,243.577,105.688,214.13,22.518,100.0,29.447,79.393,682.0
2016-04-01,15/9-F-14,24.0,268.001,99.588,239.337,22.089,100.0,28.664,86.885,104.0
2016-04-02,15/9-F-11,24.0,243.849,105.69,214.424,22.661,100.0,29.426,79.647,671.0
2016-04-02,15/9-F-14,24.0,267.932,99.584,239.207,22.207,100.0,28.726,87.504,102.0
2016-04-03,15/9-F-14,24.0,267.798,99.58,239.239,22.204,100.0,28.559,87.554,103.0
2016-04-03,15/9-F-11,24.0,243.853,105.696,214.549,22.682,100.0,29.304,80.363,676.0
2016-04-04,15/9-F-14,24.0,267.489,99.58,239.178,22.252,100.0,28.311,88.147,103.0
2016-04-04,15/9-F-11,24.0,243.617,105.701,214.597,22.727,100.0,29.02,80.843,677.0
2016-04-05,15/9-F-14,24.0,267.325,99.582,239.204,22.196,100.0,28.121,87.669,102.0
2016-04-05,15/9-F-11,24.0,243.602,105.704,214.741,22.661,100.0,28.861,80.932,674.0
2016-04-06,15/9-F-14,22.83,275.786,99.498,240.459,21.492,65.90897,35.327,82.958,77.0
2016-04-06,15/9-F-11,22.83,248.959,105.61,219.31,22.372,79.94593,29.65,77.831,558.0
2016-04-07,15/9-F-14,24.0,269.384,99.55,239.418,22.057,76.53764,29.966,87.772,94.0
2016-04-07,15/9-F-15,24.0,234.982,106.501,200.83,15.058,15.82933,34.153,43.184,263.0
2016-04-07,15/9-F-11,24.0,244.29,105.722,215.573,22.726,99.99938,28.717,81.602,670.0
2016-04-08,15/9-F-11,24.0,243.465,105.742,215.207,22.785,99.99408,28.258,81.536,619.0
2016-04-08,15/9-F-14,24.0,266.614,99.589,238.954,22.322,100.0,27.66,88.594,119.0
2016-04-08,15/9-F-15,24.0,232.15,106.632,205.119,22.004,22.9972,27.03,47.565,159.0
2016-04-09,15/9-F-14,24.0,266.66,99.59,239.147,22.208,100.0,27.512,87.492,116.0
2016-04-09,15/9-F-11,24.0,243.785,105.745,215.593,22.688,99.98817,28.193,81.183,603.0
2016-04-09,15/9-F-15,24.0,230.196,106.629,204.041,22.781,26.21868,26.155,39.842,155.0
2016-04-10,15/9-F-11,24.0,244.165,105.748,216.034,22.602,99.99642,28.131,80.162,600.0
2016-04-10,15/9-F-15,24.0,228.859,106.593,203.011,22.531,28.83257,25.849,38.335,155.0
2016-04-10,15/9-F-14,24.0,266.603,99.599,239.087,22.152,100.0,27.516,87.479,115.0
2016-04-11,15/9-F-15,24.0,227.579,106.551,201.535,21.993,30.78233,26.044,42.354,151.0
2016-04-11,15/9-F-11,24.0,244.443,105.749,216.333,22.726,99.99742,28.11,80.601,586.0
2016-04-11,15/9-F-14,24.0,266.555,99.59,239.007,22.279,100.0,27.548,87.988,113.0
2016-04-12,15/9-F-15,24.0,220.825,106.6,195.072,25.609,30.62685,25.753,46.847,192.0
2016-04-12,15/9-F-11,24.0,244.708,105.75,216.653,22.708,100.0,28.056,80.305,568.0
2016-04-12,15/9-F-14,24.0,266.515,99.588,238.976,22.283,100.0,27.539,88.107,109.0
2016-04-13,15/9-F-15,24.0,219.17,106.576,193.157,24.862,27.80546,26.013,47.108,192.0
2016-04-13,15/9-F-14,24.0,266.47,99.59,238.93,22.293,100.0,27.539,88.034,109.0
2016-04-13,15/9-F-11,24.0,244.839,105.753,216.793,22.634,99.99907,28.045,80.786,567.0
2016-04-14,15/9-F-14,24.0,266.424,99.599,238.865,22.364,100.0,27.559,88.572,110.0
2016-04-14,15/9-F-11,24.0,244.892,105.756,216.862,22.723,99.99484,28.03,81.355,571.0
2016-04-14,15/9-F-15,24.0,219.053,106.545,192.564,23.605,23.29139,26.489,47.38,197.0
2016-04-15,15/9-F-11,24.0,244.943,105.76,216.923,22.639,99.98743,28.02,81.162,555.0
2016-04-15,15/9-F-15,24.0,219.928,106.507,192.878,22.013,21.43466,27.05,45.308,192.0
2016-04-15,15/9-F-14,24.0,266.373,99.599,238.826,22.307,100.0,27.547,88.323,107.0
2016-04-16,15/9-F-15,24.0,219.094,106.503,191.966,21.894,23.00141,27.128,45.181,203.0
2016-04-16,15/9-F-14,24.0,266.338,99.607,238.799,22.3,100.0,27.539,88.414,113.0
2016-04-16,15/9-F-11,1.99,250.634,105.767,218.243,22.471,6.4448,32.39,80.064,23.0
2016-04-17,15/9-F-15,24.0,217.381,106.507,190.501,22.339,23.02793,26.879,43.797,210.0
2016-04-17,15/9-F-14,24.0,265.892,99.62,238.707,22.288,100.0,27.185,87.718,117.0
2016-04-18,15/9-F-11,10.59,285.248,104.513,248.705,19.225,14.24149,36.543,60.783,162.0
2016-04-18,15/9-F-15,24.0,218.404,106.475,191.441,21.149,23.02192,26.963,41.574,180.0
2016-04-18,15/9-F-14,24.0,266.836,99.619,238.757,22.242,94.13128,28.079,87.187,98.0
2016-04-19,15/9-F-15,24.0,218.141,106.473,191.032,21.002,23.17813,27.109,43.143,215.0
2016-04-19,15/9-F-11,24.0,270.865,104.547,242.224,22.437,100.0,28.641,82.518,303.0
2016-04-19,15/9-F-14,24.0,268.529,99.596,238.801,22.104,78.28967,29.728,87.919,112.0
2016-04-20,15/9-F-14,24.0,266.049,99.621,238.525,22.376,100.0,27.524,88.272,116.0
2016-04-20,15/9-F-15,24.0,217.906,106.471,190.759,21.414,23.25892,27.146,44.836,208.0
2016-04-20,15/9-F-11,13.49,268.549,104.477,239.462,22.513,54.69164,29.087,82.322,151.0
2016-04-21,15/9-F-14,24.0,266.024,99.626,238.502,22.335,100.0,27.522,88.343,112.0
2016-04-21,15/9-F-15,24.0,217.59,106.47,190.429,21.423,23.27618,27.161,44.651,201.0
2016-04-22,15/9-F-14,21.0,272.787,99.553,239.589,21.428,63.74319,33.198,83.99,78.0
2016-04-22,15/9-F-15,24.0,217.207,106.47,190.073,21.492,23.33864,27.135,44.448,191.0
2016-04-23,15/9-F-15,24.0,217.181,106.463,190.024,21.134,23.3424,27.157,42.518,199.0
2016-04-23,15/9-F-14,24.0,265.753,99.643,238.202,22.216,100.0,27.551,87.936,111.0
2016-04-23,15/9-F-11,2.17,296.355,103.975,233.439,13.195,1.94828,62.916,31.061,65.0
2016-04-24,15/9-F-11,24.0,271.89,104.67,238.442,21.685,60.0721,33.448,77.543,461.0
2016-04-24,15/9-F-15,24.0,217.953,106.445,190.8,20.385,23.14504,27.153,42.858,194.0
2016-04-24,15/9-F-14,24.0,267.768,99.621,238.532,22.066,70.7204,29.235,88.125,99.0
2016-04-25,15/9-F-15,24.0,218.668,106.428,191.435,19.725,23.10057,27.233,42.129,199.0
2016-04-25,15/9-F-14,24.0,269.728,99.605,238.839,22.002,46.48684,30.889,87.771,96.0
2016-04-25,15/9-F-11,24.0,262.209,104.759,233.643,22.56,99.94905,28.565,82.298,479.0
2016-04-26,15/9-F-11,24.0,258.739,104.827,230.432,22.48,99.94954,28.307,82.533,489.0
2016-04-26,15/9-F-15,24.0,218.408,106.427,191.273,19.691,23.07691,27.136,43.027,203.0
2016-04-26,15/9-F-14,24.0,270.504,99.599,238.975,22.016,43.14023,31.529,87.829,94.0
2016-04-27,15/9-F-11,24.0,256.143,104.863,227.947,22.469,99.94696,28.196,82.485,482.0
2016-04-27,15/9-F-15,24.0,219.681,106.396,192.602,18.741,23.07167,27.079,43.128,200.0
2016-04-27,15/9-F-14,24.0,270.545,99.599,238.995,22.079,43.03706,31.55,88.131,92.0
2016-04-28,15/9-F-11,24.0,254.16,104.924,226.078,22.467,100.0,28.082,82.074,487.0
2016-04-28,15/9-F-15,24.0,219.733,106.388,192.683,18.501,23.09964,27.05,41.794,202.0
2016-04-28,15/9-F-14,24.0,270.477,99.601,239.105,22.099,43.13353,31.372,87.84,93.0
2016-04-29,15/9-F-15,24.0,221.087,106.353,194.149,17.225,23.08995,26.937,39.061,142.0
2016-04-29,15/9-F-11,24.0,252.992,104.939,224.802,22.264,100.0,28.19,81.324,525.0
2016-04-29,15/9-F-14,24.0,270.526,99.609,239.141,22.042,43.16424,31.385,87.433,100.0
2016-04-30,15/9-F-15,24.0,224.45,106.285,197.682,14.839,23.07493,26.768,38.686,142.0
2016-04-30,15/9-F-11,24.0,251.942,104.958,223.769,22.312,100.0,28.174,82.069,524.0
2016-04-30,15/9-F-14,24.0,270.583,99.617,239.17,22.156,43.20491,31.413,88.043,100.0
2016-05-01,15/9-F-14,24.0,270.691,99.621,239.301,22.02,43.14962,31.39,86.806,98.0
2016-05-01,15/9-F-11,24.0,251.535,104.972,223.207,22.13,100.0,28.328,80.189,511.0
2016-05-01,15/9-F-15,15.16,229.016,106.181,202.447,11.958,21.70769,26.569,32.525,87.0
2016-05-02,15/9-F-14,24.0,270.914,99.628,239.355,22.013,43.0596,31.558,86.238,101.0
2016-05-02,15/9-F-11,24.0,250.965,104.998,222.506,22.101,100.0,28.458,80.068,530.0
2016-05-03,15/9-F-14,24.0,271.089,99.633,239.306,22.183,42.96701,31.783,87.259,111.0
2016-05-03,15/9-F-11,24.0,250.218,105.038,222.023,22.267,100.0,28.195,81.616,530.0
2016-05-04,15/9-F-14,24.0,270.836,99.645,239.375,22.145,43.08009,31.461,86.607,110.0
2016-05-04,15/9-F-11,24.0,249.666,105.088,221.37,22.217,100.0,28.296,81.179,525.0
2016-05-04,15/9-F-15,14.01,234.947,105.941,207.065,5.622,5.91933,27.882,27.985,108.0
2016-05-05,15/9-F-14,24.0,270.698,99.657,239.378,22.115,43.06768,31.32,86.096,111.0
2016-05-05,15/9-F-11,24.0,249.318,105.117,221.083,22.164,100.0,28.235,81.087,528.0
2016-05-05,15/9-F-15,24.0,219.999,106.517,200.913,21.485,13.84434,19.086,44.032,148.0
2016-05-06,15/9-F-15,24.0,212.835,106.515,189.846,24.096,13.81936,22.99,44.486,177.0
2016-05-06,15/9-F-11,24.0,249.302,105.132,220.951,22.26,100.0,28.352,81.16,530.0
2016-05-06,15/9-F-14,24.0,270.689,99.665,239.379,22.236,43.03577,31.31,86.727,111.0
2016-05-07,15/9-F-11,24.0,249.208,105.14,220.864,22.382,100.0,28.344,82.232,528.0
2016-05-07,15/9-F-14,24.0,270.684,99.675,239.297,22.42,42.95842,31.387,88.012,111.0
2016-05-07,15/9-F-15,24.0,208.648,106.499,185.161,24.111,15.13182,23.487,47.164,177.0
2016-05-08,15/9-F-15,24.0,206.384,106.495,183.331,23.476,16.42713,23.053,41.305,176.0
2016-05-08,15/9-F-14,24.0,270.684,99.683,239.37,22.322,43.14234,31.314,85.767,110.0
2016-05-08,15/9-F-11,24.0,249.166,105.141,220.62,22.281,100.0,28.547,82.01,526.0
2016-05-09,15/9-F-15,24.0,205.442,106.48,182.613,22.667,16.38477,22.829,41.413,174.0
2016-05-09,15/9-F-14,24.0,270.628,99.692,239.369,22.371,43.09314,31.26,86.209,109.0
2016-05-09,15/9-F-11,24.0,249.332,105.141,220.864,22.296,100.0,28.468,80.979,519.0
2016-05-10,15/9-F-15,24.0,204.927,106.47,182.347,22.093,16.37484,22.579,46.441,172.0
2016-05-10,15/9-F-14,24.0,270.626,99.703,239.28,22.549,43.01633,31.346,88.167,108.0
2016-05-10,15/9-F-11,24.0,249.485,105.144,221.068,22.368,100.0,28.417,82.8,513.0
2016-05-11,15/9-F-15,24.0,204.558,106.462,182.28,21.482,16.45494,22.277,47.99,171.0
2016-05-11,15/9-F-11,24.0,249.571,105.148,221.172,22.329,100.0,28.398,82.908,512.0
2016-05-11,15/9-F-14,24.0,270.711,99.712,239.259,22.595,43.29153,31.451,88.482,107.0
2016-05-12,15/9-F-14,24.0,270.748,99.723,239.24,22.653,43.26442,31.508,88.602,106.0
2016-05-12,15/9-F-11,24.0,249.631,105.151,221.24,22.363,100.0,28.392,82.731,507.0
2016-05-12,15/9-F-15,24.0,204.5,106.457,182.458,20.955,16.44137,22.043,47.566,170.0
2016-05-13,15/9-F-15,24.0,204.074,106.457,182.285,20.363,16.51196,21.789,44.826,169.0
2016-05-13,15/9-F-14,24.0,270.792,99.734,239.251,22.459,43.19102,31.541,88.192,106.0
2016-05-13,15/9-F-11,24.0,249.696,105.153,221.289,22.128,100.0,28.407,82.154,504.0
2016-05-14,15/9-F-15,24.0,203.736,106.451,182.278,20.081,16.53904,21.457,43.191,167.0
2016-05-14,15/9-F-14,24.0,270.791,99.746,239.257,22.417,43.1583,31.535,87.933,105.0
2016-05-14,15/9-F-11,24.0,249.717,105.156,221.303,22.095,100.0,28.414,81.669,499.0
2016-05-15,15/9-F-14,18.0,274.244,99.727,240.224,21.258,30.14008,34.02,82.997,71.0
2016-05-15,15/9-F-15,24.0,203.72,106.448,182.541,19.979,16.53865,21.18,44.164,156.0
2016-05-15,15/9-F-11,24.0,250.197,105.149,221.537,22.229,100.0,28.66,81.771,465.0
2016-05-16,15/9-F-15,24.0,203.838,106.444,182.98,19.816,16.50088,20.858,46.317,169.0
2016-05-16,15/9-F-14,24.0,270.143,99.786,239.477,22.795,47.38329,30.666,88.265,107.0
2016-05-16,15/9-F-11,24.0,249.955,105.161,221.528,22.364,100.0,28.427,82.456,503.0
2016-05-17,15/9-F-15,24.0,203.763,106.444,183.102,19.733,16.51458,20.661,46.421,166.0
2016-05-17,15/9-F-14,24.0,270.746,99.779,239.223,22.958,43.20237,31.523,88.403,104.0
2016-05-17,15/9-F-11,24.0,249.972,105.166,221.554,22.404,100.0,28.418,82.527,495.0
2016-05-18,15/9-F-15,24.0,203.542,106.443,183.035,19.7,16.58357,20.508,44.505,165.0
2016-05-18,15/9-F-11,24.0,250.005,105.168,221.6,22.41,100.0,28.406,82.262,492.0
2016-05-18,15/9-F-14,24.0,270.751,99.8,239.286,22.903,43.13295,31.465,88.021,103.0
2016-05-19,15/9-F-14,24.0,270.666,99.822,239.235,22.479,43.24423,31.432,87.987,102.0
2016-05-19,15/9-F-15,24.0,203.236,106.445,182.961,19.509,16.68096,20.275,44.028,163.0
2016-05-19,15/9-F-11,24.0,250.056,105.17,221.67,22.242,100.0,28.386,82.315,488.0
2016-05-20,15/9-F-14,24.0,270.772,99.828,239.269,22.504,43.10103,31.503,87.671,102.0
2016-05-20,15/9-F-11,24.0,250.112,105.172,221.744,22.31,100.0,28.368,81.827,487.0
2016-05-20,15/9-F-15,24.0,203.388,106.44,183.279,19.335,16.72026,20.109,44.148,163.0
2016-05-21,15/9-F-15,24.0,205.508,106.406,185.454,17.942,16.72718,20.053,40.464,161.0
2016-05-21,15/9-F-14,24.0,270.636,99.828,239.258,22.469,43.12721,31.377,87.095,101.0
2016-05-21,15/9-F-11,24.0,250.195,105.173,221.824,22.243,100.0,28.371,81.804,480.0
2016-05-22,15/9-F-15,24.0,206.315,106.395,186.124,17.656,16.72952,20.19,43.598,162.0
2016-05-22,15/9-F-14,24.0,270.55,99.83,239.144,22.611,43.01565,31.406,88.261,101.0
2016-05-22,15/9-F-11,24.0,250.247,105.173,221.937,22.419,100.0,28.31,82.187,482.0
2016-05-23,15/9-F-11,24.0,250.326,105.173,222.029,22.327,100.0,28.297,82.63,484.0
2016-05-23,15/9-F-14,24.0,270.513,99.842,239.106,22.65,43.08322,31.407,88.633,102.0
2016-05-23,15/9-F-15,24.0,204.398,106.423,184.183,18.758,18.24893,20.215,46.074,162.0
2016-05-24,15/9-F-14,24.0,270.625,99.851,239.144,22.553,43.29055,31.481,88.356,102.0
2016-05-24,15/9-F-15,24.0,202.392,106.446,182.848,19.604,18.95524,19.545,44.947,164.0
2016-05-24,15/9-F-11,24.0,250.372,105.174,222.079,22.142,100.0,28.294,82.275,488.0
2016-05-25,15/9-F-15,24.0,201.814,106.452,182.471,19.707,18.95788,19.343,46.271,164.0
2016-05-25,15/9-F-14,24.0,270.604,99.86,239.114,22.713,43.19123,31.49,88.604,103.0
2016-05-25,15/9-F-11,24.0,250.423,105.175,222.152,22.298,100.0,28.271,82.598,490.0
2016-05-26,15/9-F-11,24.0,250.368,105.177,222.13,22.521,100.0,28.238,82.703,490.0
2016-05-26,15/9-F-15,24.0,201.946,106.448,182.831,19.647,18.94368,19.115,47.55,164.0
2016-05-26,15/9-F-14,24.0,270.57,99.872,239.077,22.884,43.16555,31.493,88.795,103.0
2016-05-27,15/9-F-11,24.0,250.313,105.18,222.118,22.526,100.0,28.195,82.701,485.0
2016-05-27,15/9-F-14,24.0,270.497,99.882,239.054,22.919,43.18984,31.444,88.787,102.0
2016-05-27,15/9-F-15,24.0,201.792,106.448,182.69,19.537,18.95074,19.102,47.811,163.0
2016-05-28,15/9-F-11,24.0,250.334,105.182,222.157,22.446,100.0,28.177,82.82,487.0
2016-05-28,15/9-F-14,24.0,270.567,99.891,239.078,22.937,43.26818,31.489,88.691,102.0
2016-05-28,15/9-F-15,24.0,201.889,106.442,182.861,19.232,18.99222,19.028,47.357,163.0
2016-05-29,15/9-F-15,24.0,202.899,106.423,183.977,18.463,19.08526,18.922,44.108,162.0
2016-05-29,15/9-F-11,24.0,250.328,105.184,222.151,22.428,100.0,28.177,82.647,482.0
2016-05-29,15/9-F-14,24.0,270.597,99.901,239.097,22.923,43.15886,31.5,88.077,101.0
2016-05-30,15/9-F-11,24.0,250.368,105.184,222.196,22.371,100.0,28.172,83.013,480.0
2016-05-30,15/9-F-15,24.0,204.175,106.405,185.617,17.816,19.11993,18.559,45.856,161.0
2016-05-30,15/9-F-14,24.0,270.608,99.911,239.063,22.979,43.09711,31.545,88.829,101.0
2016-05-31,15/9-F-14,24.0,270.517,99.922,239.042,22.903,43.16316,31.474,88.629,103.0
2016-05-31,15/9-F-11,24.0,250.392,105.186,222.208,22.265,100.0,28.185,82.676,490.0
2016-05-31,15/9-F-15,24.0,195.278,106.516,176.98,22.648,24.4616,18.299,49.894,192.0
2016-06-01,15/9-F-15,24.0,196.145,106.489,179.411,21.357,29.60099,16.734,47.782,192.0
2016-06-01,15/9-F-11,24.0,250.374,105.19,222.189,22.185,100.0,28.186,82.55,489.0
2016-06-01,15/9-F-14,24.0,270.457,99.931,239.037,22.877,43.15085,31.42,88.538,103.0
2016-06-02,15/9-F-14,24.0,270.42,99.939,239.035,22.939,43.11983,31.385,88.571,102.0
2016-06-02,15/9-F-15,24.0,193.887,106.517,177.242,22.115,29.75179,16.645,48.664,191.0
2016-06-02,15/9-F-11,24.0,250.353,105.193,222.15,22.299,100.0,28.203,82.496,485.0
2016-06-03,15/9-F-15,17.68,206.33,106.294,190.12,15.199,43.01704,16.21,41.249,135.0
2016-06-03,15/9-F-14,24.0,270.378,99.95,238.986,23.146,43.00968,31.392,88.926,97.0
2016-06-03,15/9-F-11,24.0,250.341,105.196,222.179,22.379,100.0,28.162,83.069,463.0
2016-06-04,15/9-F-11,24.0,250.384,105.199,222.214,22.246,100.0,28.17,82.791,489.0
2016-06-04,15/9-F-14,24.0,270.325,99.959,238.99,23.042,43.03511,31.335,88.763,103.0
2016-06-05,15/9-F-14,24.0,270.27,99.968,238.97,23.102,43.01964,31.3,88.771,103.0
2016-06-05,15/9-F-11,24.0,250.43,105.201,222.267,22.314,100.0,28.162,82.713,492.0
2016-06-06,15/9-F-11,24.0,250.499,105.205,222.337,22.563,100.0,28.163,82.737,493.0
2016-06-06,15/9-F-14,24.0,270.236,99.979,238.976,23.302,43.02548,31.26,88.857,103.0
2016-06-07,15/9-F-14,24.0,270.514,99.983,239.003,23.268,43.19166,31.511,88.819,104.0
2016-06-07,15/9-F-11,24.0,250.538,105.21,222.366,22.461,100.0,28.172,82.74,494.0
2016-06-08,15/9-F-14,22.42,273.159,99.971,239.799,22.494,37.86183,33.36,86.402,92.0
2016-06-08,15/9-F-11,22.42,253.541,105.178,223.72,22.002,78.43669,29.822,80.343,427.0
2016-06-08,15/9-F-15,11.24,240.81,104.634,185.449,2.012,5.51567,55.361,20.182,66.0
2016-06-09,15/9-F-15,24.0,228.066,106.074,207.134,7.084,18.70135,20.933,34.56,107.0
2016-06-09,15/9-F-14,24.0,268.024,100.028,238.708,23.245,53.93733,29.316,88.856,102.0
2016-06-09,15/9-F-11,24.0,251.17,105.24,222.811,22.335,100.0,28.359,82.939,479.0
2016-06-10,15/9-F-14,24.0,267.922,100.042,238.676,23.414,56.41115,29.247,89.061,106.0
2016-06-10,15/9-F-11,24.0,251.03,105.25,222.73,22.439,100.0,28.3,83.084,494.0
2016-06-10,15/9-F-15,24.0,224.894,106.236,205.889,11.751,19.83047,19.005,40.16,84.0
2016-06-11,15/9-F-15,24.0,224.263,106.262,206.916,13.151,20.78115,17.347,41.358,84.0
2016-06-11,15/9-F-14,23.99,266.805,100.08,238.556,23.661,88.61951,28.249,89.287,109.0
2016-06-11,15/9-F-11,24.0,250.919,105.252,222.666,22.594,100.0,28.253,83.139,496.0
2016-06-12,15/9-F-14,21.68,274.113,99.976,239.93,22.274,58.29478,34.183,82.431,91.0
2016-06-12,15/9-F-11,24.0,250.778,105.251,222.569,22.404,100.0,28.209,82.949,472.0
2016-06-12,15/9-F-15,24.0,223.249,106.29,206.21,14.234,21.47732,17.039,37.35,80.0
2016-06-13,15/9-F-15,24.0,222.234,106.3,204.459,14.869,21.52785,17.776,39.434,84.0
2016-06-13,15/9-F-11,24.0,250.738,105.25,222.566,22.456,100.0,28.172,83.416,494.0
2016-06-13,15/9-F-14,24.0,267.821,100.062,238.664,23.575,71.53202,29.157,88.898,107.0
2016-06-14,15/9-F-15,24.0,219.403,106.349,201.52,16.348,22.86116,17.884,42.958,84.0
2016-06-14,15/9-F-11,24.0,250.698,105.249,222.548,22.363,100.0,28.151,82.779,496.0
2016-06-14,15/9-F-14,24.0,269.681,100.038,238.861,23.429,45.04221,30.82,88.445,104.0
2016-06-15,15/9-F-11,24.0,250.686,105.25,222.532,22.307,100.0,28.154,83.107,493.0
2016-06-15,15/9-F-14,24.0,269.713,100.05,238.835,23.441,45.02504,30.878,88.624,104.0
2016-06-15,15/9-F-15,24.0,212.741,106.453,194.502,20.384,24.74155,18.239,47.366,129.0
2016-06-16,15/9-F-14,24.0,269.709,100.051,238.834,23.446,45.03461,30.875,88.721,105.0
2016-06-16,15/9-F-11,24.0,250.659,105.25,222.511,22.334,100.0,28.148,83.151,497.0
2016-06-16,15/9-F-15,24.0,212.332,106.457,194.031,20.604,24.7528,18.301,47.684,130.0
2016-06-17,15/9-F-14,24.0,269.734,100.073,238.839,23.661,44.93863,30.895,89.226,103.0
2016-06-17,15/9-F-11,24.0,250.689,105.255,222.543,22.504,100.0,28.146,83.219,490.0
2016-06-17,15/9-F-15,24.0,202.878,106.518,185.15,23.339,25.33171,17.728,50.287,160.0
2016-06-18,15/9-F-14,24.0,269.683,100.081,238.859,23.415,44.99246,30.824,88.806,103.0
2016-06-18,15/9-F-15,24.0,200.246,106.507,182.192,22.592,25.40309,18.054,47.758,160.0
2016-06-18,15/9-F-11,24.0,250.693,105.257,222.527,22.21,100.0,28.166,82.627,491.0
2016-06-19,15/9-F-14,24.0,269.651,100.091,238.873,23.584,45.02269,30.779,88.937,104.0
2016-06-19,15/9-F-11,24.0,250.694,105.261,222.524,22.399,100.0,28.17,82.881,492.0
2016-06-19,15/9-F-15,24.0,199.805,106.496,181.768,22.131,25.47617,18.037,48.462,160.0
2016-06-20,15/9-F-15,24.0,196.028,104.843,178.212,22.09,25.49183,17.815,45.945,161.0
2016-06-20,15/9-F-14,24.0,269.604,99.808,238.878,23.529,44.90169,30.726,87.809,104.0
2016-06-20,15/9-F-11,24.0,247.818,103.811,219.626,22.325,100.0,28.192,81.579,493.0
2016-06-21,15/9-F-15,24.0,197.894,106.504,180.253,22.055,25.44733,17.641,49.436,160.0
2016-06-21,15/9-F-14,24.0,269.607,100.111,238.878,23.75,44.92385,30.729,89.046,103.0
2016-06-21,15/9-F-11,24.0,250.727,105.266,222.569,22.515,100.0,28.158,82.53,491.0
2016-06-22,15/9-F-11,24.0,250.757,105.269,222.577,22.381,100.0,28.18,81.886,490.0
2016-06-22,15/9-F-15,24.0,198.465,106.497,181.013,21.205,25.52784,17.451,46.014,160.0
2016-06-22,15/9-F-14,24.0,269.584,100.121,238.959,23.636,44.94573,30.626,88.468,103.0
2016-06-23,15/9-F-15,24.0,202.469,106.429,184.591,18.687,26.37711,17.878,44.36,124.0
2016-06-23,15/9-F-14,24.0,269.555,100.13,238.942,23.75,44.92858,30.613,88.751,103.0
2016-06-23,15/9-F-11,24.0,250.765,105.272,222.594,22.457,100.0,28.171,82.671,490.0
2016-06-24,15/9-F-11,24.0,250.841,105.276,222.702,22.63,100.0,28.139,83.367,491.0
2016-06-24,15/9-F-15,24.0,200.407,106.474,182.932,20.492,27.69871,17.475,49.332,146.0
2016-06-24,15/9-F-14,24.0,269.568,100.14,238.845,23.98,44.79734,30.723,89.446,103.0
2016-06-25,15/9-F-11,24.0,250.866,105.278,222.738,22.62,100.0,28.127,83.394,487.0
2016-06-25,15/9-F-15,24.0,199.984,106.474,182.455,20.46,27.68973,17.529,48.836,145.0
2016-06-25,15/9-F-14,24.0,269.519,100.15,238.846,24.015,44.81041,30.673,89.456,103.0
2016-06-26,15/9-F-15,24.0,199.969,106.472,182.557,20.08,27.84791,17.412,47.991,146.0
2016-06-26,15/9-F-14,24.0,269.485,100.159,238.839,23.92,44.85947,30.645,89.322,103.0
2016-06-26,15/9-F-11,24.0,250.918,105.281,222.78,22.438,100.0,28.138,83.25,488.0
2016-06-27,15/9-F-15,24.0,199.741,106.473,182.404,19.984,27.93148,17.337,46.698,144.0
2016-06-27,15/9-F-14,24.0,269.762,100.167,238.904,23.878,45.10704,30.857,89.051,101.0
2016-06-27,15/9-F-11,24.0,250.965,105.285,222.826,22.399,100.0,28.138,82.884,482.0
2016-06-28,15/9-F-11,24.0,251.048,105.288,222.885,22.46,100.0,28.163,81.866,485.0
2016-06-28,15/9-F-14,24.0,269.877,100.173,238.908,23.928,45.12606,30.969,88.781,102.0
2016-06-28,15/9-F-15,24.0,198.299,106.489,181.021,20.756,27.88221,17.279,47.552,145.0
2016-06-29,15/9-F-11,24.0,251.083,105.29,222.95,22.479,100.0,28.133,82.736,486.0
2016-06-29,15/9-F-15,24.0,197.156,106.502,180.29,21.238,27.97156,16.865,45.817,145.0
2016-06-29,15/9-F-14,24.0,269.828,100.185,238.94,23.872,45.20393,30.887,88.38,102.0
2016-06-30,15/9-F-15,24.0,196.611,106.498,179.793,21.018,28.26319,16.818,47.85,144.0
2016-06-30,15/9-F-14,24.0,269.827,100.195,238.893,23.483,45.15537,30.933,88.835,101.0
2016-06-30,15/9-F-11,24.0,251.167,105.292,223.015,22.43,100.0,28.153,82.084,482.0
2016-07-01,15/9-F-15,24.0,193.302,106.539,177.447,22.784,31.05844,15.855,49.113,146.0
2016-07-01,15/9-F-11,24.0,251.379,105.294,223.143,22.438,100.0,28.236,82.244,488.0
2016-07-01,15/9-F-14,24.0,269.893,100.203,238.912,23.503,45.16079,30.981,88.827,103.0
2016-07-02,15/9-F-14,24.0,269.794,100.217,238.868,23.611,45.17506,30.926,89.176,102.0
2016-07-02,15/9-F-15,24.0,194.984,106.518,179.171,21.318,31.57577,15.813,49.02,144.0
2016-07-02,15/9-F-11,24.0,251.308,105.298,223.18,22.47,100.0,28.128,82.586,482.0
2016-07-03,15/9-F-14,24.0,269.789,100.226,238.826,23.651,45.10948,30.963,89.142,102.0
2016-07-03,15/9-F-15,24.0,194.978,106.516,179.204,21.105,31.54061,15.773,48.988,145.0
2016-07-03,15/9-F-11,24.0,251.37,105.301,223.265,22.462,100.0,28.105,82.892,486.0
2016-07-04,15/9-F-15,24.0,194.317,106.521,178.615,21.354,31.5221,15.702,50.103,143.0
2016-07-04,15/9-F-14,24.0,269.78,100.235,238.819,23.759,45.08411,30.961,89.477,101.0
2016-07-04,15/9-F-11,24.0,251.409,105.303,223.316,22.524,100.0,28.093,83.285,478.0
2016-07-05,15/9-F-11,24.0,251.476,105.305,223.385,22.539,100.0,28.091,83.399,484.0
2016-07-05,15/9-F-14,24.0,269.766,100.246,238.797,23.807,45.07721,30.97,89.525,102.0
2016-07-05,15/9-F-15,24.0,195.207,106.507,179.599,20.63,31.52346,15.608,49.841,144.0
2016-07-06,15/9-F-15,18.38,195.306,106.507,179.548,20.405,24.92257,15.758,48.734,106.0
2016-07-06,15/9-F-11,24.0,251.531,105.307,223.444,22.426,100.0,28.087,83.33,466.0
2016-07-06,15/9-F-14,24.0,269.599,100.257,238.794,23.775,45.85686,30.805,89.429,98.0
2016-07-07,15/9-F-14,24.0,266.199,100.314,238.436,23.948,93.42386,27.762,89.442,106.0
2016-07-07,15/9-F-11,24.0,251.613,105.31,223.5,22.436,100.0,28.113,82.131,480.0
2016-07-08,15/9-F-11,24.0,251.664,105.313,223.544,22.459,100.0,28.119,82.086,478.0
2016-07-08,15/9-F-14,24.0,266.038,100.328,238.475,23.989,100.0,27.563,89.31,106.0
2016-07-09,15/9-F-14,22.67,268.813,100.295,239.081,23.646,82.19069,29.732,87.864,102.0
2016-07-09,15/9-F-11,23.5,252.346,105.313,223.843,22.421,92.68108,28.503,82.302,444.0
2016-07-10,15/9-F-14,24.0,265.923,100.338,238.398,23.98,100.0,27.524,89.154,113.0
2016-07-10,15/9-F-11,24.0,251.603,105.319,223.443,22.44,100.0,28.16,81.269,472.0
2016-07-11,15/9-F-14,23.67,267.769,100.321,238.639,23.935,91.16232,29.13,89.075,109.0
2016-07-11,15/9-F-11,23.67,252.218,105.316,223.72,22.447,93.08743,28.498,81.595,454.0
2016-07-12,15/9-F-14,24.0,266.002,100.346,238.274,24.059,100.0,27.729,89.504,114.0
2016-07-12,15/9-F-11,24.0,251.874,105.319,223.607,22.302,100.0,28.267,83.358,474.0
2016-07-13,15/9-F-14,14.89,266.389,100.359,238.257,24.062,60.58989,28.132,89.355,68.0
2016-07-13,15/9-F-11,24.0,252.217,105.316,223.769,22.239,89.79074,28.448,83.151,471.0
2016-07-14,15/9-F-11,24.0,251.301,105.347,224.03,22.378,97.34679,27.272,83.425,488.0
2016-07-15,15/9-F-11,24.0,247.185,105.42,222.882,22.616,99.99998,24.303,84.152,464.0
2016-07-16,15/9-F-11,24.0,247.27,105.401,222.376,22.458,100.0,24.895,82.814,502.0
2016-07-17,15/9-F-11,20.83,253.314,105.334,225.002,22.162,63.46997,28.312,80.769,375.0
2016-07-18,15/9-F-11,24.0,248.977,105.389,223.601,22.662,93.60645,25.375,84.259,446.0
2016-07-19,15/9-F-11,24.0,248.324,105.373,223.108,22.657,100.0,25.216,83.717,471.0
2016-07-20,15/9-F-11,24.0,248.359,105.356,223.186,22.475,100.0,25.174,81.882,476.0
2016-07-21,15/9-F-11,24.0,248.461,105.347,223.385,22.555,100.0,25.076,84.068,467.0
2016-07-22,15/9-F-11,24.0,248.486,105.341,223.423,22.656,100.0,25.064,84.197,445.0
2016-07-23,15/9-F-11,24.0,248.342,105.323,223.451,22.568,100.0,24.891,83.356,445.0
2016-07-24,15/9-F-11,24.0,251.591,104.932,226.917,22.363,100.0,24.674,83.672,459.0
2016-07-25,15/9-F-11,24.0,251.232,104.936,226.567,22.303,100.0,24.665,82.285,459.0
2016-07-26,15/9-F-11,24.0,251.189,104.939,226.624,22.361,100.0,24.565,83.093,454.0
2016-07-27,15/9-F-11,24.0,251.205,104.939,226.618,22.343,100.0,24.587,83.098,446.0
2016-07-28,15/9-F-11,24.0,251.359,104.92,226.712,22.297,100.0,24.647,83.144,452.0
2016-07-29,15/9-F-11,24.0,251.344,104.908,226.717,22.394,100.0,24.627,84.135,457.0
2016-07-30,15/9-F-11,24.0,251.085,104.904,226.505,22.298,100.0,24.58,84.489,466.0
2016-07-31,15/9-F-11,24.0,250.921,104.904,226.328,22.221,100.0,24.593,84.22,457.0
2016-08-01,15/9-F-11,24.0,250.608,104.826,226.031,22.171,100.0,24.577,84.279,469.0
2016-08-02,15/9-F-11,24.0,250.465,104.899,225.851,22.276,100.0,24.615,84.143,457.0
2016-08-03,15/9-F-11,24.0,251.137,104.892,225.932,22.156,100.0,25.205,83.191,442.0
2016-08-04,15/9-F-11,24.0,252.775,104.875,226.376,22.297,100.0,26.398,83.572,423.0
2016-08-05,15/9-F-11,24.0,252.71,104.875,226.287,22.158,100.0,26.423,83.891,434.0
2016-08-06,15/9-F-11,24.0,252.606,104.875,226.151,22.262,100.0,26.455,83.634,423.0
2016-08-07,15/9-F-11,24.0,252.549,104.875,226.005,22.03,100.0,26.544,79.683,427.0
2016-08-08,15/9-F-11,24.0,252.464,104.876,225.915,21.846,100.0,26.549,81.037,426.0
2016-08-09,15/9-F-11,23.67,253.353,104.866,226.183,21.85,92.94252,27.171,82.639,398.0
2016-08-10,15/9-F-11,24.0,252.415,104.88,225.774,22.086,98.44016,26.641,83.3,420.0
2016-08-11,15/9-F-11,24.0,252.348,104.881,225.615,22.175,98.43097,26.733,82.225,429.0
2016-08-12,15/9-F-11,24.0,252.304,104.884,225.526,22.075,98.4518,26.778,81.479,439.0
2016-08-13,15/9-F-11,24.0,252.177,104.892,225.47,22.114,98.43952,26.708,83.122,440.0
2016-08-14,15/9-F-11,24.0,252.269,104.91,225.438,22.215,98.44619,26.831,83.993,455.0
2016-08-15,15/9-F-11,24.0,252.336,104.927,225.387,22.417,98.43304,26.95,84.096,468.0
2016-08-16,15/9-F-11,24.0,252.336,104.944,225.242,22.474,98.4382,27.094,84.093,480.0
2016-08-17,15/9-F-11,24.0,252.144,104.957,225.036,22.497,98.44814,27.108,84.136,476.0
2016-08-18,15/9-F-11,24.0,251.946,104.966,224.836,22.503,98.45358,27.11,84.168,486.0
2016-08-19,15/9-F-11,24.0,251.801,104.976,224.694,22.419,98.44823,27.107,84.242,490.0
2016-08-20,15/9-F-11,24.0,251.643,104.985,224.506,22.211,98.45706,27.137,83.254,474.0
2016-08-21,15/9-F-11,24.0,251.59,104.993,224.441,22.244,98.45523,27.149,83.687,493.0
2016-08-22,15/9-F-11,24.0,251.511,105.001,224.335,22.4,98.45654,27.175,84.346,494.0
2016-08-23,15/9-F-11,24.0,251.424,105.009,224.211,22.451,99.19283,27.214,84.118,504.0
2016-08-24,15/9-F-11,24.0,251.326,105.017,224.094,22.386,100.0,27.232,83.876,502.0
2016-08-25,15/9-F-11,24.0,251.231,105.024,224.028,22.457,100.0,27.203,84.426,503.0
2016-08-26,15/9-F-11,24.0,251.079,105.031,223.898,22.375,100.0,27.181,83.518,511.0
2016-08-27,15/9-F-11,24.0,251.134,105.048,224.121,22.514,100.0,27.014,84.348,540.0
2016-08-28,15/9-F-11,24.0,251.628,105.084,224.61,22.509,100.0,27.018,84.51,530.0
2016-08-29,15/9-F-11,24.0,252.318,105.119,225.369,22.498,100.0,26.949,84.502,500.0
2016-08-30,15/9-F-11,24.0,253.776,105.156,227.024,22.517,100.0,26.752,81.689,507.0
2016-08-31,15/9-F-11,24.0,253.79,105.174,227.065,22.483,100.0,26.725,80.798,542.0
2016-09-01,15/9-F-11,24.0,253.686,105.187,227.004,22.52,100.0,26.682,82.942,526.0
2016-09-02,15/9-F-11,24.0,253.657,105.196,227.04,22.551,100.0,26.617,82.283,498.0
2016-09-03,15/9-F-11,24.0,253.743,105.202,227.09,22.639,97.91667,26.653,83.167,518.0
2016-09-04,15/9-F-11,24.0,253.754,105.211,227.107,22.613,100.0,26.647,84.841,523.0
2016-09-05,15/9-F-11,24.0,253.8,105.218,227.07,22.629,97.91667,26.731,84.325,514.0
2016-09-06,15/9-F-11,24.0,253.783,105.224,226.985,22.55,100.0,26.798,81.789,519.0
2016-09-07,15/9-F-11,24.0,253.761,105.23,227.018,22.692,100.0,26.743,84.669,524.0
2016-09-08,15/9-F-11,24.0,253.76,105.236,226.964,22.583,100.0,26.796,83.113,527.0
2016-09-09,15/9-F-11,24.0,253.82,105.243,226.952,22.536,100.0,26.868,82.395,528.0
2016-09-10,15/9-F-11,24.0,253.749,105.249,226.849,22.598,100.0,26.9,82.605,531.0
2016-09-11,15/9-F-11,24.0,253.73,105.255,226.766,22.58,100.0,26.964,81.769,533.0
2016-09-12,15/9-F-11,24.0,253.658,105.259,226.68,22.457,100.0,26.978,83.754,537.0
2016-09-13,15/9-F-11,24.0,253.399,105.267,226.401,22.564,100.0,26.999,83.821,544.0
2016-09-14,15/9-F-11,24.0,253.21,105.272,226.255,22.72,100.0,26.955,84.78,542.0
2016-09-15,15/9-F-11,24.0,252.939,105.274,226.037,22.581,100.0,26.902,82.589,535.0
2016-09-16,15/9-F-11,24.0,252.892,105.276,226.022,22.571,100.0,26.87,83.608,530.0
2016-09-17,15/9-F-11,8.28,253.546,105.279,226.081,22.636,73.76372,27.465,85.029,180.0
