WELL,DEPTH_MD,X_LOC,Y_LOC,Z_LOC,GROUP,FORMATION,CALI,RSHA,RMED,RDEP,RHOB,GR,SGR,NPHI,PEF,DTC,SP,BS,ROP,DTS,DCAL,DRHO,MUDWEIGHT,RMIC,ROPA,RXO,LITHOLOGY_CLASS,LITHOLOGY_CLASS_CONFIDENCE
25/2-7,204.59400061,479890.53125,6641111.5,-179.5914001,NORDLAND GP.,Vaale Fm.,21.203889847,2.3517463207,2.3517463207,3.4842948914,2.1016924381,58.923786163,0.0,0.0,2.2361624241,121.83041382,26.04164505,17.5,0.0,0.0,0.0,0.0367150679,0.0,0.0,0.0,0.0,Sandstone/Shale,2
25/2-7,206.72200061,479890.53125,6641111.5,-181.7193756,NORDLAND GP.,Vaale Fm.,18.907993317,2.6766240597,2.6766240597,3.5779006481,2.2227833271,63.073738098,0.0,0.0,2.2962782383,146.03553772,30.308666229,17.5,0.0,0.0,0.0,0.0072611365,0.0,0.0,0.0,0.0,Sandstone/Shale,2
25/2-7,208.85000061,479890.53125,6641111.5,-183.8473511,NORDLAND GP.,Vaale Fm.,18.785766602,2.6711969376,2.6711969376,3.6191887856,2.2100000381,62.495113373,0.0,0.0,2.2323644161,146.2802887,31.651475906,17.5,3.6965501308,0.0,0.0,0.0060000001,0.0,0.0,0.0,0.0,Sandstone/Shale,1
25/2-7,212.80200061,479890.53125,6641111.5,-187.7993011,NORDLAND GP.,Vaale Fm.,19.37743187,2.2081429958,2.2081429958,2.8738164902,2.1576337814,63.315563202,0.0,0.0,2.2298181057,152.76202393,30.419712067,17.5,1.4541317225,0.0,0.0,0.0,0.0,0.0,0.0,0.0,Sandstone/Shale,1
25/2-7,212.95400061,479890.53125,6641111.5,-187.9512939,NORDLAND GP.,Vaale Fm.,19.465328217,2.1954393387,2.1954393387,2.8624799252,2.156106472,61.012447357,0.0,0.0,2.1929068565,152.89797974,30.159151077,17.5,1.35849154,0.0,0.0,-0.000631159,0.0,0.0,0.0,0.0,Sandstone/Shale,1
25/2-7,213.71400061,479890.53125,6641111.5,-188.7112885,NORDLAND GP.,Vaale Fm.,19.648580551,2.1798756123,2.1798756123,2.955467701,2.1618540287,60.670742035,0.0,0.0,2.2402925491,153.10877991,31.505842209,17.5,1.1781995296,0.0,0.0,0.0051459521,0.0,0.0,0.0,0.0,Sandstone/Shale,1
25/2-7,214.32200061,479890.53125,6641111.5,-189.3192902,NORDLAND GP.,Vaale Fm.,19.395557404,2.2539999485,2.2539999485,2.9856383801,2.1625695229,67.9529953,0.0,0.0,2.269285202,153.79785156,29.329645157,17.5,0.6758478284,0.0,0.0,0.0056075924,0.0,0.0,0.0,0.0,Sandstone/Shale,1
25/2-7,215.84200061,479890.5,6641111.5,-190.8392487,NORDLAND GP.,Vaale Fm.,19.634302139,2.135641098,2.135641098,2.8841602802,2.1323254108,61.550060272,0.0,0.0,2.1834669113,155.78274536,29.900218964,17.5,0.9003099799,0.0,0.0,0.0095813321,0.0,0.0,0.0,0.0,Sandstone/Shale,1
25/2-7,215.99400061,479890.5,6641111.5,-190.9912567,NORDLAND GP.,Vaale Fm.,19.681512833,2.1216757298,2.1216757298,2.8884649277,2.1345787048,64.126953125,0.0,0.0,2.1685731411,156.76411438,30.288738251,17.5,0.9007880092,0.0,0.0,0.0088425307,0.0,0.0,0.0,0.0,Sandstone/Shale,1
25/2-7,216.90600061,479890.5,6641111.5,-191.903244,NORDLAND GP.,Vaale Fm.,19.371097565,2.2410435677,2.2410435677,2.9315495491,2.1471259594,62.352806091,0.0,0.0,2.1872425079,155.20271301,29.790109634,17.5,0.7640299797,0.0,0.0,0.0025629413,0.0,0.0,0.0,0.0,Sandstone/Shale,1
25/2-7,217.66600061,479890.5,6641111.5,-192.6632385,NORDLAND GP.,Vaale Fm.,19.340398788,2.1402015686,2.1402015686,2.9501874447,2.166549921,64.677749634,0.0,0.0,2.0968532562,154.18759155,30.083717346,17.5,0.7299299836,0.0,0.0,-0.002450139,0.0,0.0,0.0,0.0,Sandstone/Shale,1
25/2-7,218.42600061,479890.5,6641111.5,-193.4232178,NORDLAND GP.,Vaale Fm.,19.354656219,2.1473109722,2.1473109722,2.9289288521,2.153853178,59.955055237,0.0,0.0,2.175899744,154.06144714,29.563772202,17.5,0.6957299709,0.0,0.0,-0.000463318,0.0,0.0,0.0,0.0,Sandstone/Shale,1
25/2-7,218.88200061,479890.5,6641111.5,-193.8792267,NORDLAND GP.,Vaale Fm.,19.103914261,2.1701686382,2.1701686382,2.8666675091,2.1572880745,66.270782471,0.0,0.0,2.3417870998,153.98864746,28.627065659,17.5,0.6752099991,0.0,0.0,-0.004471186,0.0,0.0,0.0,0.0,Sandstone/Shale,1
25/2-7,220.55400061,479890.5,6641111.5,-195.5511932,NORDLAND GP.,Vaale Fm.,19.35949707,2.0675685406,2.0675685406,2.7093102932,2.1584999561,59.289543152,0.0,0.0,2.2041327953,150.62376404,29.774927139,17.5,0.6001240015,0.0,0.0,-0.001,0.1258177161,0.0,0.0,0.0,Sandstone/Shale,1
25/2-7,222.68200061,479890.5,6641111.5,-197.679184,NORDLAND GP.,Vaale Fm.,21.818487167,1.2214485407,1.2214485407,1.7077032328,2.00050807,32.389919281,0.0,0.0,1.6389377117,155.88027954,30.00835228,17.5,0.3604878187,0.0,0.0,0.0209999997,0.1258177161,0.0,0.0,0.0,Sandstone,1
25/2-7,223.59400061,479890.5,6641111.5,-198.591156,NORDLAND GP.,Vaale Fm.,22.20303154,1.2042149305,1.2042149305,1.7279090881,2.0316298008,40.797748566,0.0,0.0,1.6899218559,150.89952087,28.976024628,17.5,0.0632880032,0.0,0.0,0.1053980067,0.1258177161,0.0,0.0,0.0,Sandstone,1
25/2-7,223.74600061,479890.5,6641111.5,-198.7431641,NORDLAND GP.,Vaale Fm.,22.909460068,1.2020000219,1.2020000219,1.7286759615,2.0187711716,41.399673462,0.0,0.0,1.7100615501,152.58604431,29.364839554,17.5,0.0635920018,0.0,0.0,0.1116609126,0.1258177161,0.0,0.0,0.0,Sandstone,1
25/2-7,226.33000061,479890.5,6641111.5,-201.3271332,NORDLAND GP.,Vaale Fm.,22.902629852,1.1377980709,1.1377980709,1.592802763,1.9878019094,31.919244766,0.0,0.0,1.728151679,159.58262634,29.040725708,17.5,1.8936599493,0.0,0.0,0.0260000005,0.1258177161,0.0,0.0,0.0,Sandstone,1
25/2-7,227.39400061,479890.5,6641111.5,-202.3911133,NORDLAND GP.,Vaale Fm.,21.727945328,1.1700888872,1.1700888872,1.6685693264,1.9864919186,38.834583282,0.0,0.0,1.984988451,159.74351501,29.368057251,17.5,0.207476005,0.0,0.0,0.0098543577,0.1258177161,0.0,0.0,0.0,Sandstone,1
25/2-7,228.15400061,479890.5,6641111.5,-203.1511078,NORDLAND GP.,Vaale Fm.,20.11448288,1.3184703588,1.3184703588,1.7149095535,1.9511618614,47.746650696,0.0,0.0,2.2074935436,166.91973877,28.189149857,17.5,0.2095080018,0.0,0.0,0.0014748034,0.1258177161,0.0,0.0,0.0,Sandstone,1
25/2-7,230.43400061,479890.46875,6641111.5,-205.431076,NORDLAND GP.,Vaale Fm.,19.161792755,2.6446056366,2.6446056366,3.614231348,2.2259757519,75.056442261,0.0,0.0,2.2954428196,143.50134277,28.987073898,17.5,5.7257122993,0.0,0.0,0.001658589,0.1258177161,0.0,0.0,0.0,Sandstone/Shale,1
25/2-7,248.37000061,479890.4375,6641111.5,-223.3668365,NORDLAND GP.,Vaale Fm.,18.766115189,1.8227052689,1.8227052689,2.5975546837,2.0960197449,70.783996582,0.0,0.0,2.3360984325,157.12744141,30.059959412,17.5,0.8802399635,0.0,0.0,0.0246245656,0.1258177161,0.0,0.0,0.0,Shale,1
25/2-7,254.90600061,479890.40625,6641111.5,-229.902771,NORDLAND GP.,Vaale Fm.,19.162508011,1.9514904022,1.9514904022,2.6097736359,2.1119742393,79.011100769,0.0,0.0,2.3712177277,154.46311951,30.573549271,17.5,1.3494979143,0.0,0.0,0.0101864925,0.1258177161,0.0,0.0,0.0,Shale,1
25/2-7,255.36200061,479890.40625,6641111.5,-230.3587494,NORDLAND GP.,Vaale Fm.,19.147293091,2.016977787,2.016977787,2.6484668255,2.1244943142,75.263763428,0.0,0.0,2.399699688,153.81375122,30.469432831,17.5,1.3520239592,0.0,0.0,0.003898886,0.1258177161,0.0,0.0,0.0,Shale,1
25/2-7,259.31400061,479890.40625,6641111.5,-234.3106995,NORDLAND GP.,Vaale Fm.,19.325292587,1.9305351973,1.9305351973,2.5657055378,2.1073384285,72.653007507,0.0,0.0,2.3684091568,154.50549316,31.058721542,17.5,0.5025280118,0.0,0.0,-0.003,0.1258177161,0.0,0.0,0.0,Shale,1
25/2-7,260.22600061,479890.40625,6641111.5,-235.2226868,NORDLAND GP.,Vaale Fm.,19.32226181,1.9402555227,1.9402555227,2.5651166439,2.1088149548,69.071685791,0.0,0.0,2.3933882713,153.9370575,30.602510452,17.5,0.806420207,0.0,0.0,-0.001444686,0.1258177161,0.0,0.0,0.0,Shale,1
25/2-7,260.53000061,479890.40625,6641111.5,-235.5266876,NORDLAND GP.,Vaale Fm.,19.351999283,1.9624686241,1.9624686241,2.5583398342,2.1128587723,70.259788513,0.0,0.0,2.2321240902,153.2973938,30.325536728,17.5,0.8267899752,0.0,0.0,-0.001570649,0.1258177161,0.0,0.0,0.0,Sandstone/Shale,1
25/2-7,262.50600061,479890.40625,6641111.5,-237.5026703,NORDLAND GP.,Vaale Fm.,18.893543243,1.9721956253,1.9721956253,2.6260979176,2.1229999065,73.69077301,0.0,0.0,2.2638933659,149.74899292,30.454601288,17.5,0.5881978273,0.0,0.0,-0.001775656,0.1258177161,0.0,0.0,0.0,Sandstone/Shale,1
25/2-7,265.69800061,479890.40625,6641111.5,-240.6946259,NORDLAND GP.,Vaale Fm.,19.26014328,1.9301928282,1.9301928282,2.5837543011,2.1192793846,77.857597351,0.0,0.0,2.3987619877,153.99423218,31.235387802,17.5,0.5161960125,0.0,0.0,0.0018385559,0.1258177161,0.0,0.0,0.0,Shale,1
25/2-7,265.85000061,479890.40625,6641111.5,-240.8466339,NORDLAND GP.,Vaale Fm.,19.278743744,1.9494823217,1.9494823217,2.5917329788,2.1182820797,75.098083496,0.0,0.0,2.378002882,153.5927124,30.828472137,17.5,0.570200026,0.0,0.0,0.001,0.1258177161,0.0,0.0,0.0,Shale,1
25/2-7,266.76200061,479890.40625,6641111.5,-241.758606,NORDLAND GP.,Vaale Fm.,19.288999557,1.9648035765,1.9648035765,2.6181964874,2.1224040985,72.569068909,0.0,0.0,2.3418109417,155.05986023,31.264820099,17.5,0.7495401502,0.0,0.0,0.0134041794,0.1258177161,0.0,0.0,0.0,Sandstone/Shale,1
25/2-7,269.34600061,479890.375,6641111.5,-244.3425751,NORDLAND GP.,Vaale Fm.,19.260520935,1.8814985752,1.8814985752,2.4834365845,2.1126849651,84.48324585,0.0,0.0,2.3477494717,155.19606018,30.780000687,17.5,0.6581460238,0.0,0.0,0.0029726161,0.1258177161,0.0,0.0,0.0,Shale,1
25/2-7,271.32200061,479890.375,6641111.5,-246.3185577,NORDLAND GP.,Vaale Fm.,19.069412231,1.8903554678,1.8903554678,2.4777555466,2.1176235676,85.603096008,0.0,0.0,2.3141613007,154.66503906,30.586126328,17.5,0.9303879738,0.0,0.0,0.0060000001,0.1258177161,0.0,0.0,0.0,Shale,1
25/2-7,271.47400061,479890.375,6641111.5,-246.4705505,NORDLAND GP.,Vaale Fm.,18.94906044,1.8886631727,1.8886631727,2.462130785,2.1186206341,86.444778442,0.0,0.0,2.2717359066,154.92881775,30.907682419,17.5,0.9307739735,0.0,0.0,0.0066207554,0.1258177161,0.0,0.0,0.0,Shale,1
25/2-7,272.08200061,479890.375,6641111.5,-247.0785522,NORDLAND GP.,Vaale Fm.,18.842645645,1.9199644327,1.9199644327,2.4367818832,2.1053898335,88.613113403,0.0,0.0,2.2599537373,155.26252747,31.521810532,17.5,1.1320744753,0.0,0.0,-0.002,0.1258177161,0.0,0.0,0.0,Shale,1
25/2-7,273.60200061,479890.375,6641111.5,-248.598526,NORDLAND GP.,Vaale Fm.,19.192087173,1.8930000067,1.8930000067,2.4576621056,2.1210000515,78.644851685,0.0,0.0,2.3001229763,154.52178955,31.673067093,17.5,1.1766040325,0.0,0.0,-0.000167944,0.1258177161,0.0,0.0,0.0,Shale,1
25/2-7,275.88200061,479890.375,6641111.0,-250.8784943,NORDLAND GP.,Vaale Fm.,19.589641571,1.8529129028,1.8529129028,2.5450000763,2.1228210926,75.814994812,0.0,0.0,2.2561762333,152.81750488,31.019300461,17.5,1.0416581631,0.0,0.0,0.0070894659,0.1258177161,0.0,0.0,0.0,Shale,1
25/2-7,277.55400061,479890.375,6641111.0,-252.5504761,NORDLAND GP.,Vaale Fm.,20.107557297,1.8681765795,1.8681765795,2.5557501316,2.1229686737,72.716293335,0.0,0.0,2.2909998894,153.09713745,31.610927582,17.5,1.4504539967,0.0,0.0,0.0075471518,0.1258177161,0.0,0.0,0.0,Shale,1
25/2-7,279.07400061,479890.375,6641111.0,-254.0704651,NORDLAND GP.,Vaale Fm.,19.218999863,1.9144184589,1.9144184589,2.6769301891,2.1140208244,75.789802551,0.0,0.0,2.3206045628,152.43214417,31.066322327,17.5,1.284206152,0.0,0.0,0.0245313272,0.1258177161,0.0,0.0,0.0,Shale,1
25/2-7,279.37800061,479890.375,6641111.0,-254.3744507,NORDLAND GP.,Vaale Fm.,19.330644608,1.9258995056,1.9258995056,2.6922152042,2.1128740311,74.31476593,0.0,0.0,2.2581415176,152.18481445,30.968038559,17.5,1.339282155,0.0,0.0,0.0125472629,0.1258177161,0.0,0.0,0.0,Shale,1
25/2-7,279.98600061,479890.375,6641111.0,-254.9824524,NORDLAND GP.,Vaale Fm.,19.258312225,2.0168702602,2.0168702602,2.7271094322,2.1319999695,77.963249207,0.0,0.0,2.2189834118,150.9818573,30.927124023,17.5,1.3458720446,0.0,0.0,0.0080000004,0.1258177161,0.0,0.0,0.0,Shale,1
25/2-7,280.29000061,479890.375,6641111.0,-255.286438,NORDLAND GP.,Vaale Fm.,19.25,2.0697391033,2.0697391033,2.6941194534,2.1237204075,78.372810364,0.0,0.0,2.3687205315,149.07983398,31.129192352,17.5,1.3460899591,0.0,0.0,0.00706298,0.1258177161,0.0,0.0,0.0,Shale,1
25/2-7,280.74600061,479890.375,6641111.0,-255.7424316,NORDLAND GP.,Vaale Fm.,19.149723053,1.9330778122,1.9330778122,2.6454305649,2.1246843338,84.951278687,0.0,0.0,2.2118799686,151.57519531,31.714885712,17.5,1.3857741356,0.0,0.0,0.0117632532,0.1258177161,0.0,0.0,0.0,Shale,1
25/2-7,283.17800061,479890.34375,6641111.0,-258.174408,NORDLAND GP.,Vaale Fm.,19.376922607,2.0060684681,2.0060684681,2.6626603603,2.1426508427,80.03603363,0.0,0.0,2.2858967781,148.25863647,31.066547394,17.5,0.9529738426,0.0,0.0,0.0366051197,0.1258177161,0.0,0.0,0.0,Shale,1
25/2-7,284.09000061,479890.34375,6641111.0,-259.0863953,NORDLAND GP.,Vaale Fm.,18.984287262,2.061811924,2.061811924,2.6278204918,2.1562087536,78.341880798,0.0,0.0,2.2509875298,147.44802856,31.567264557,17.5,1.2349505424,0.0,0.0,0.0627912655,0.1258177161,0.0,0.0,0.0,Shale,1
25/2-7,284.54600061,479890.34375,6641111.0,-259.5423889,NORDLAND GP.,Vaale Fm.,18.981248856,2.0414242744,2.0414242744,2.6523637772,2.1595561504,73.649810791,0.0,0.0,2.2779991627,146.98899841,30.977485657,17.5,1.3507000208,0.0,0.0,0.0422097147,0.1258177161,0.0,0.0,0.0,Shale,1
25/2-7,284.69800061,479890.34375,6641111.0,-259.694397,NORDLAND GP.,Vaale Fm.,19.021587372,2.0390000343,2.0390000343,2.6591303349,2.1661775112,73.095527649,0.0,0.0,2.2549827099,147.1408844,31.456684113,17.5,1.3246318102,0.0,0.0,0.0374676101,0.1258177161,0.0,0.0,0.0,Shale,1
25/2-7,291.08200061,479890.34375,6641111.0,-266.0783081,NORDLAND GP.,Vaale Fm.,19.526584625,2.0068759918,2.0068759918,2.7435040474,2.1575889587,72.415435791,0.0,0.0,2.3958666325,149.1061554,31.821660995,17.5,1.1384401321,0.0,0.0,0.0171534158,0.1258177161,0.0,0.0,0.0,Sandstone/Shale,1
25/2-7,295.18600061,479890.3125,6641111.0,-270.182251,NORDLAND GP.,Vaale Fm.,19.287307739,1.9655795097,1.9655795097,2.6085796356,2.1482114792,82.088821411,0.0,0.0,2.351477623,147.87779236,32.196727753,17.5,1.1514377594,0.0,0.0,-0.000788573,0.1258177161,0.0,0.0,0.0,Shale,1
25/2-7,296.25000061,479890.3125,6641111.0,-271.2462463,NORDLAND GP.,Vaale Fm.,19.296340942,2.0048489571,2.0048489571,2.6161510944,2.1468417645,75.64541626,0.0,0.0,2.41015625,148.28771973,31.83265686,17.5,1.1219500303,0.0,0.0,0.0102278572,0.1258177161,0.0,0.0,0.0,Shale,1
25/2-7,296.70600061,479890.3125,6641111.0,-271.70224,NORDLAND GP.,Vaale Fm.,19.035442352,1.9676321745,1.9676321745,2.6381034851,2.141220808,74.805809021,0.0,0.0,2.4422609806,147.90493774,31.998001099,17.5,1.1224060059,0.0,0.0,0.0124058798,0.1258177161,0.0,0.0,0.0,Shale,1
25/2-7,300.05000061,479890.3125,6641111.0,-275.0461731,NORDLAND GP.,Vaale Fm.,19.00892067,1.9243985415,1.9243985415,2.6627771854,2.1808726788,71.959136963,0.0,0.0,2.3882353306,149.65483093,31.999183655,17.5,1.1646502018,0.0,0.0,0.0659805089,0.1258177161,0.0,0.0,0.0,Shale,1
25/2-7,300.50600061,479890.3125,6641111.0,-275.5021973,NORDLAND GP.,Vaale Fm.,19.228504181,1.9629461765,1.9629461765,2.7130000591,2.16152215,69.4348526,0.0,0.0,2.3622612953,148.16239929,32.203163147,17.5,1.1212879419,0.0,0.0,0.0210442487,0.1258177161,0.0,0.0,0.0,Sandstone/Shale,1
25/2-7,301.72200061,479890.3125,6641111.0,-276.7181702,NORDLAND GP.,Vaale Fm.,19.359786987,1.9532916546,1.9532916546,2.7392222881,2.1436219215,71.578117371,0.0,0.0,2.3623342514,148.92330933,32.148349762,17.5,1.4384340048,0.0,0.0,0.0102953231,0.1258177161,0.0,0.0,0.0,Shale,1
25/2-7,304.91400061,479890.3125,6641111.0,-279.9101257,NORDLAND GP.,Vaale Fm.,19.283042908,2.0324931145,2.0324931145,2.7394509315,2.1640868187,79.084487915,0.0,0.0,2.402299881,146.05487061,32.568157196,17.5,1.5736492872,0.0,0.0,-0.00086966,0.1258177161,0.0,0.0,0.0,Shale,1
25/2-7,305.52200061,479890.3125,6641111.0,-280.5181274,NORDLAND GP.,Vaale Fm.,19.602861404,2.0308089256,2.0308089256,2.7009363174,2.1721313,75.780128479,0.0,0.0,2.3151965141,146.26062012,32.438228607,17.5,1.4796559811,0.0,0.0,0.0079343552,0.1258177161,0.0,0.0,0.0,Shale,1
25/2-7,306.28200061,479890.3125,6641111.0,-281.2781372,NORDLAND GP.,Vaale Fm.,19.085071564,2.0208330154,2.0208330154,2.6385178566,2.1809604168,80.209449768,0.0,0.0,2.3110055923,146.31251526,32.757770538,17.5,1.1029360294,0.0,0.0,-0.000980257,0.1258177161,0.0,0.0,0.0,Shale,1
25/2-7,306.43400061,479890.3125,6641111.0,-281.4300842,NORDLAND GP.,Vaale Fm.,19.038726807,2.0120637417,2.0120637417,2.6128251553,2.1789314747,78.076904297,0.0,0.0,2.3085336685,146.58937073,32.423042297,17.5,1.0755980015,0.0,0.0,1.70869e-05,0.1258177161,0.0,0.0,0.0,Shale,1
25/2-7,307.34600061,479890.3125,6641111.0,-282.3421021,NORDLAND GP.,Vaale Fm.,18.991979599,1.9429992437,1.9429992437,2.4819967747,2.1580014229,79.188217163,0.0,0.0,2.4021995068,148.76757813,32.466976166,17.5,1.313462019,0.0,0.0,-0.001001351,0.1258177161,0.0,0.0,0.0,Shale,1
25/2-7,309.32200061,479890.28125,6641111.0,-284.3180542,NORDLAND GP.,Vaale Fm.,18.908327103,2.0042717457,2.0042717457,2.5627961159,2.1720654964,77.552680969,0.0,0.0,2.4263284206,146.7321167,32.557735443,17.5,2.0022339821,0.0,0.0,0.0079344483,0.1258177161,0.0,0.0,0.0,Shale,1
25/2-7,310.08200061,479890.28125,6641111.0,-285.078064,NORDLAND GP.,Vaale Fm.,18.957056046,1.9611059427,1.9611059427,2.5898118019,2.1589081287,74.592414856,0.0,0.0,2.3804364204,147.68226624,32.197860718,17.5,0.9302540421,0.0,0.0,0.0146790091,0.1258177161,0.0,0.0,0.0,Shale,1
25/2-7,311.14600061,479890.28125,6641111.0,-286.1420288,NORDLAND GP.,Vaale Fm.,18.650497437,1.9951305389,1.9951305389,2.6598696709,2.164678812,68.262794495,0.0,0.0,2.5083448887,146.86169434,32.896053314,17.5,1.0872700214,0.0,0.0,0.0120000001,0.1258177161,0.0,0.0,0.0,Shale,1
25/2-7,311.45000061,479890.28125,6641111.0,-286.4460449,NORDLAND GP.,Vaale Fm.,19.000741959,1.9977883101,1.9977883101,2.6478588581,2.1660695076,68.265975952,0.0,0.0,2.4801580906,146.5453186,33.022838593,17.5,1.0996501446,0.0,0.0,0.008208679,0.1258177161,0.0,0.0,0.0,Sandstone/Shale,1
25/2-7,311.60200061,479890.28125,6641111.0,-286.5980225,NORDLAND GP.,Vaale Fm.,19.146419525,1.9961464405,1.9961464405,2.6452195644,2.1650719643,67.800376892,0.0,0.0,2.4539940357,145.93504333,32.853420258,17.5,1.1130301952,0.0,0.0,0.0061440594,0.1258177161,0.0,0.0,0.0,Sandstone/Shale,1
25/2-7,311.90600061,479890.28125,6641111.0,-286.9020386,NORDLAND GP.,Vaale Fm.,19.016313553,1.9434343576,1.9434343576,2.6406860352,2.1679227352,67.433059692,0.0,0.0,2.3544211388,145.48815918,31.826568604,17.5,1.1382819414,0.0,0.0,0.0079226736,0.1258177161,0.0,0.0,0.0,Sandstone/Shale,1
25/2-7,314.94600061,479890.28125,6641111.0,-289.9420166,NORDLAND GP.,Vaale Fm.,19.322076797,1.879786253,1.879786253,2.5930483341,2.1245193481,71.778923035,0.0,0.0,2.360506773,148.28974915,32.71313858,17.5,1.1574597359,0.0,0.0,0.0066492311,0.1258177161,0.0,0.0,0.0,Shale,1
25/2-7,318.29000061,479890.28125,6641111.0,-293.2859497,NORDLAND GP.,Vaale Fm.,18.958810806,1.8973209858,1.8973209858,2.431358099,2.1438751221,81.664413452,0.0,0.0,2.3405675888,147.87515259,32.257511139,17.5,1.6526200771,0.0,0.0,0.0018125231,0.1258177161,0.0,0.0,0.0,Shale,1
25/2-7,320.72200061,479890.25,6641111.0,-295.717926,NORDLAND GP.,Vaale Fm.,18.898000717,1.8832306862,1.8832306862,2.4107692242,2.1671478748,78.6587677,0.0,0.0,2.5272452831,147.98571777,32.351539612,17.5,0.8961340189,0.0,0.0,0.0042295726,0.1258177161,0.0,0.0,0.0,Shale,1
25/2-7,324.97800061,479890.25,6641111.0,-299.973877,NORDLAND GP.,Vaale Fm.,19.173397064,1.8676035404,1.8676035404,2.4178247452,2.1555747986,64.60004425,0.0,0.0,2.3839855194,149.24263,32.564605713,17.5,0.9360439777,0.0,0.0,-0.001303139,0.1258177161,0.0,0.0,0.0,Sandstone/Shale,1
25/2-7,325.73800061,479890.25,6641111.0,-300.7338562,NORDLAND GP.,Vaale Fm.,19.2123909,1.9025589228,1.9025589228,2.4369516373,2.1419999599,71.203483582,0.0,0.0,2.3421030045,148.83158875,32.534778595,17.5,0.9870100617,0.0,0.0,0.0016837814,0.1258177161,0.0,0.0,0.0,Sandstone/Shale,1
25/2-7,326.65000061,479890.25,6641111.0,-301.6458435,NORDLAND GP.,Vaale Fm.,18.976634979,1.8560023308,1.8560023308,2.4913363457,2.1366679668,66.771949768,0.0,0.0,2.3858809471,148.95619202,32.453865051,17.5,1.1578501463,0.0,0.0,0.0076721823,0.1258177161,0.0,0.0,0.0,Sandstone/Shale,1
25/2-7,327.71400061,479890.25,6641111.0,-302.7098389,NORDLAND GP.,Vaale Fm.,18.836870193,1.886054039,1.886054039,2.4751081467,2.1319999695,74.251869202,0.0,0.0,2.3619320393,149.68113708,33.147079468,17.5,0.8240101337,0.0,0.0,-0.000350346,0.1258177161,0.0,0.0,0.0,Shale,1
25/2-7,331.51400061,479890.25,6641111.0,-306.5097961,NORDLAND GP.,Vaale Fm.,19.055130005,1.88674891,1.88674891,2.4649999142,2.1685841084,81.98034668,0.0,0.0,2.3553452492,147.74073792,33.081756592,17.5,0.9149719477,0.0,0.0,0.0094158277,0.1258177161,0.0,0.0,0.0,Shale,1
25/2-7,335.16200061,479890.21875,6641111.0,-310.1577148,NORDLAND GP.,Vaale Fm.,18.847013474,1.8724822998,1.8724822998,2.3600399494,2.1595211029,70.847572327,0.0,0.0,2.4586575031,147.54418945,32.741752625,17.5,1.0636899471,0.0,0.0,0.0050844504,0.1258177161,0.0,0.0,0.0,Sandstone/Shale,1
25/2-7,336.07400061,479890.21875,6641111.0,-311.0697327,NORDLAND GP.,Vaale Fm.,19.066375732,1.9206544161,1.9206544161,2.4886293411,2.1665267944,72.100524902,0.0,0.0,2.23259902,145.65348816,32.696685791,17.5,1.2212519646,0.0,0.0,0.0049999999,0.1258177161,0.0,0.0,0.0,Sandstone/Shale,1
25/2-7,336.22600061,479890.21875,6641111.0,-311.2217407,NORDLAND GP.,Vaale Fm.,19.042934418,1.9746078253,1.9746078253,2.519547224,2.1689999104,73.909637451,0.0,0.0,2.2694523335,145.07366943,32.43951416,17.5,1.2206220627,0.0,0.0,0.0044972789,0.1258177161,0.0,0.0,0.0,Shale,1
25/2-7,338.20200061,479890.21875,6641111.0,-313.1976929,NORDLAND GP.,Vaale Fm.,18.717525482,1.8806521893,1.8806521893,2.3944237232,2.1660628319,69.246841431,0.0,0.0,2.362334013,147.07814026,33.015045166,17.5,0.8400899768,0.0,0.0,0.0108743738,0.1258177161,0.0,0.0,0.0,Sandstone/Shale,1
25/2-7,340.78600061,479890.21875,6641111.0,-315.7816772,NORDLAND GP.,Vaale Fm.,18.773000717,1.8489243984,1.8489243984,2.3531928062,2.1767282486,82.600921631,0.0,0.0,2.4316112995,148.41348267,32.779266357,17.5,0.9653699398,0.0,0.0,0.0171846561,0.1258177161,0.0,0.0,0.0,Shale,1
25/2-7,342.30600061,479890.21875,6641111.0,-317.3016357,NORDLAND GP.,Vaale Fm.,19.093999863,1.6802805662,1.6802805662,2.1114962101,2.0984325409,82.481369019,0.0,0.0,2.2318983078,153.84336853,32.957286835,17.5,0.8803820014,0.0,0.0,0.0038069515,0.1258177161,0.0,0.0,0.0,Shale,1
25/2-7,342.76200061,479890.21875,6641111.0,-317.7576294,NORDLAND GP.,Vaale Fm.,19.024595261,1.6817811728,1.6817811728,2.0657231808,2.0833387375,83.062606812,0.0,0.0,2.3894350529,156.47463989,33.044506073,17.5,0.9322759509,0.0,0.0,0.0023387575,0.1258177161,0.0,0.0,0.0,Shale,1
25/2-7,343.21800061,479890.21875,6641111.0,-318.213623,NORDLAND GP.,Vaale Fm.,19.021730423,1.7074763775,1.7074763775,2.0417618752,2.0897986889,84.122528076,0.0,0.0,2.3665003777,156.2963562,32.843761444,17.5,0.935670197,0.0,0.0,0.0140902651,0.1258177161,0.0,0.0,0.0,Shale,1
25/2-7,344.58600061,479890.21875,6641111.0,-319.581604,NORDLAND GP.,Vaale Fm.,19.044109344,1.847150445,1.847150445,2.2957117558,2.14473176,75.277137756,0.0,0.0,2.3656020164,143.22984314,32.712444305,17.5,0.926527977,0.0,0.0,0.0014922956,0.1318090409,0.0,0.0,0.0,Sandstone/Shale,1
25/2-7,346.10600061,479890.21875,6641111.0,-321.101593,NORDLAND GP.,Vaale Fm.,18.609361649,1.5146619081,1.5146619081,1.8253580332,2.1216642857,79.520858765,0.0,0.0,2.3996553421,151.24153137,32.513362885,17.5,0.3334699869,0.0,0.0,0.0023283365,0.1318090409,0.0,0.0,0.0,Shale,1
25/2-7,347.01800061,479890.1875,6641111.0,-322.0135803,NORDLAND GP.,Vaale Fm.,18.494939804,1.7065060139,1.7065060139,1.9762277603,2.1345813274,72.525001526,0.0,0.0,2.3841669559,150.29896545,33.240745544,17.5,0.5978460312,0.0,0.0,-0.000265099,0.1318090409,0.0,0.0,0.0,Shale,1
25/2-7,348.08200061,479890.1875,6641111.0,-323.0775757,NORDLAND GP.,Vaale Fm.,18.547000885,1.6907334328,1.6907334328,2.1668732166,2.1401925087,70.796516418,0.0,0.0,2.2860839367,149.8992157,33.117702484,17.5,0.6479359865,0.0,0.0,0.000298157,0.1318090409,0.0,0.0,0.0,Sandstone/Shale,1
25/2-7,350.05800061,479890.1875,6641111.0,-325.0535583,NORDLAND GP.,Vaale Fm.,18.758184433,1.6237308979,1.6237308979,2.117525816,2.1383202076,69.352272034,0.0,0.0,2.3704717159,152.39035034,32.650009155,17.5,0.240425989,0.0,0.0,0.02147194,0.1318090409,0.0,0.0,0.0,Sandstone/Shale,1
25/2-7,351.12200061,479890.1875,6641111.0,-326.1175537,NORDLAND GP.,Vaale Fm.,18.734090805,1.6315560341,1.6315560341,2.0783779621,2.1185436249,68.905555725,0.0,0.0,2.3109030724,151.50170898,32.959598541,17.5,0.0498559996,0.0,0.0,0.0117718102,0.1318090409,0.0,0.0,0.0,Sandstone/Shale,1
25/2-7,352.18600061,479890.1875,6641111.0,-327.1815186,NORDLAND GP.,Vaale Fm.,18.62754631,1.6092604399,1.6092604399,2.0133562088,2.1039543152,74.833580017,0.0,0.0,2.3445780277,153.37536621,32.894775391,17.5,0.0464419983,0.0,0.0,0.0163182616,0.1318090409,0.0,0.0,0.0,Shale,1
25/2-7,352.79400061,479890.1875,6641111.0,-327.7895203,NORDLAND GP.,Vaale Fm.,18.690181732,1.6411836147,1.6411836147,2.0327231884,2.1239168644,69.672698975,0.0,0.0,2.364089489,151.22399902,33.195289612,17.5,0.1465106606,0.0,0.0,0.0041335104,0.1318090409,0.0,0.0,0.0,Shale,1
25/2-7,354.61800061,479890.1875,6641111.0,-329.6134949,NORDLAND GP.,Vaale Fm.,19.116374969,1.7090469599,1.7090469599,2.2143347263,2.1153337955,83.262741089,0.0,0.0,2.3681118488,150.65310669,32.683433533,17.5,0.3084639907,0.0,0.0,0.0054445472,0.1318090409,0.0,0.0,0.0,Shale,1
25/2-7,356.29000061,479890.1875,6641111.0,-331.2854919,NORDLAND GP.,Vaale Fm.,18.62820816,1.5457589626,1.5457589626,1.7544597387,2.0909378529,85.865379333,0.0,0.0,2.5252871513,157.68177795,32.866378784,17.5,0.5180199742,0.0,0.0,0.0061563356,0.1318090409,0.0,0.0,0.0,Shale,1
25/2-7,360.85000061,479890.15625,6641111.0,-335.8454285,NORDLAND GP.,Vaale Fm.,21.405303955,1.13877666,1.13877666,1.4988652468,1.8420705795,33.932384491,0.0,0.0,1.9320619106,150.2101593,32.482185364,17.5,0.0244999994,0.0,0.0,0.0870635808,0.1318090409,0.0,0.0,0.0,Sandstone,1
25/2-7,361.30600061,479890.15625,6641111.0,-336.3013916,NORDLAND GP.,Vaale Fm.,20.946842194,1.1176948547,1.1176948547,1.5492041111,1.8403589725,34.344657898,0.0,0.0,1.7754918337,151.96588135,32.599590302,17.5,0.0233699959,0.0,0.0,0.0794865265,0.1318090409,0.0,0.0,0.0,Sandstone,1
25/2-7,363.13000061,479890.15625,6641111.0,-338.1253967,NORDLAND GP.,Vaale Fm.,19.093999863,2.1382219791,2.1382219791,3.0327045918,2.2212660313,74.141677856,0.0,0.0,2.2948668003,138.23330688,33.835075378,17.5,0.0184499975,0.0,0.0,0.0051520704,0.1318090409,0.0,0.0,0.0,Shale,1
25/2-7,363.28200061,479890.15625,6641111.0,-338.2774048,NORDLAND GP.,Vaale Fm.,19.092903137,2.1707258224,2.1707258224,2.9719631672,2.2281413078,76.105918884,0.0,0.0,2.338142395,138.11820984,33.663360596,17.5,0.0179359987,0.0,0.0,0.009141475,0.1318090409,0.0,0.0,0.0,Shale,1
25/2-7,363.89000061,479890.15625,6641111.0,-338.885376,NORDLAND GP.,Vaale Fm.,19.126745224,2.2038378716,2.2038378716,2.9201436043,2.2200000286,76.877319336,0.0,0.0,2.1996092796,137.20022583,33.647506714,17.5,0.1847311407,0.0,0.0,0.0030997517,0.1318090409,0.0,0.0,0.0,Shale,1
25/2-7,366.93000061,479890.15625,6641111.0,-341.9253235,NORDLAND GP.,Vaale Fm.,21.387470245,1.2785422802,1.2785422802,1.5829424858,1.8431643248,45.500934601,0.0,0.0,1.6838411093,154.81964111,33.155715942,17.5,0.941400528,0.0,0.0,0.0595619045,0.1318090409,0.0,0.0,0.0,Sandstone,1
25/2-7,367.38600061,479890.15625,6641111.0,-342.3813171,NORDLAND GP.,Vaale Fm.,22.37339592,1.1712193489,1.1712193489,1.6301827431,1.7692422867,44.457748413,0.0,0.0,1.8533700705,150.74221802,32.451972961,17.5,1.2370280027,0.0,0.0,0.0618593767,0.1318090409,0.0,0.0,0.0,Sandstone,1
25/2-7,368.45000061,479890.15625,6641111.0,-343.4453125,NORDLAND GP.,Vaale Fm.,23.8716259,1.0225330591,1.0225330591,1.4523832798,1.6372840405,40.25320816,0.0,0.0,1.5089690685,156.19616699,33.684860229,17.5,1.3679000139,0.0,0.0,0.0504994243,0.1318090409,0.0,0.0,0.0,Sandstone,1
25/2-7,369.21000061,479890.15625,6641111.0,-344.2052917,NORDLAND GP.,Vaale Fm.,23.78821373,1.0149319172,1.0149319172,1.5624833107,1.7364424467,41.918453217,0.0,0.0,1.8323020935,157.19485474,32.890007019,17.5,1.6064599752,0.0,0.0,0.0021336405,0.1318090409,0.0,0.0,0.0,Sandstone,1
25/2-7,369.51400061,479890.15625,6641111.0,-344.5093079,NORDLAND GP.,Vaale Fm.,22.567806244,1.1403676271,1.1403676271,1.5210481882,2.0040931702,44.842815399,0.0,0.0,1.9364333153,150.73710632,33.02085495,17.5,1.6056720018,0.0,0.0,0.0261366442,0.1318090409,0.0,0.0,0.0,Sandstone,1
25/2-7,370.42600061,479890.15625,6641111.0,-345.4212952,NORDLAND GP.,Vaale Fm.,23.484529495,1.0332186222,1.0332186222,1.3860769272,2.0203340054,38.437679291,0.0,0.0,1.7006303072,158.07066345,32.920318604,17.5,0.8009480238,0.0,0.0,0.0338059254,0.1318090409,0.0,0.0,0.0,Sandstone,1
25/2-7,370.73000061,479890.15625,6641111.0,-345.7252808,NORDLAND GP.,Vaale Fm.,20.186092377,1.017224431,1.017224431,1.3310359716,1.983138442,39.354156494,0.0,0.0,1.7124724388,157.13757324,32.810901642,17.5,0.7734399438,0.0,0.0,0.0011859592,0.1318090409,0.0,0.0,0.0,Sandstone,1
25/2-7,371.03400061,479890.15625,6641111.0,-346.0292664,NORDLAND GP.,Vaale Fm.,19.629384995,1.0060995817,1.0060995817,1.3211989403,1.9818205833,40.546707153,0.0,0.0,1.6940593719,156.94645691,32.649147034,17.5,0.7277736664,0.0,0.0,0.0704785883,0.1318090409,0.0,0.0,0.0,Sandstone,1
25/2-7,371.49000061,479890.15625,6641111.0,-346.48526,NORDLAND GP.,Vaale Fm.,19.626972198,1.0079671144,1.0079671144,1.304967165,2.0118033886,37.403755188,0.0,0.0,1.7015599012,158.08331299,32.510246277,17.5,0.5842400193,0.0,0.0,0.0486675426,0.1318090409,0.0,0.0,0.0,Sandstone,1
25/2-7,374.53000061,479890.125,6641111.0,-349.525238,NORDLAND GP.,Vaale Fm.,19.098423004,0.9287557006,0.9287557006,1.2569999695,2.0079526901,36.015346527,0.0,0.0,1.6598409414,155.58200073,32.605041504,17.5,0.0948399976,0.0,0.0,0.0344290063,0.1318090409,0.0,0.0,0.0,Sandstone,1
25/2-7,375.13800061,479890.125,6641111.0,-350.1332397,NORDLAND GP.,Vaale Fm.,18.995634079,0.9595959187,0.9595959187,1.2525105476,1.9956616163,41.146762848,0.0,0.0,1.659663558,156.92997742,33.312362671,17.5,0.7018403411,0.0,0.0,0.0120152133,0.1318090409,0.0,0.0,0.0,Sandstone,1
25/2-7,376.20200061,479890.125,6641111.0,-351.1972046,NORDLAND GP.,Vaale Fm.,20.781682968,0.92900002,0.92900002,1.2813026905,1.9673751593,39.831821442,0.0,0.0,1.6613417864,158.27365112,32.650543213,17.5,0.8389959931,0.0,0.0,0.0496263131,0.1318090409,0.0,0.0,0.0,Sandstone,1
25/2-7,376.65800061,479890.125,6641111.0,-351.6531982,NORDLAND GP.,Vaale Fm.,21.628931046,0.9839673042,0.9839673042,1.3120181561,1.974758625,42.749633789,0.0,0.0,1.8878631592,156.23104858,32.872089386,17.5,0.8377839327,0.0,0.0,0.0480000004,0.1318090409,0.0,0.0,0.0,Sandstone,1
25/2-7,380.76200061,479890.125,6641111.0,-355.7571411,NORDLAND GP.,Vaale Fm.,21.413541794,1.0287227631,1.0287227631,1.2671979666,1.9699449539,43.62828064,0.0,0.0,1.677593708,156.46911621,32.779167175,17.5,0.1317759901,0.0,0.0,0.0326581411,0.1318090409,0.0,0.0,0.0,Sandstone,1
25/2-7,382.13000061,479890.125,6641111.0,-357.1251526,NORDLAND GP.,Vaale Fm.,19.325557709,1.5201677084,1.5201677084,1.8049060106,2.0455796719,56.377258301,0.0,0.0,2.053283453,147.9679718,33.47076416,17.5,0.1280400008,0.0,0.0,0.0591022409,0.1318090409,0.0,0.0,0.0,Sandstone/Shale,1
25/2-7,382.28200061,479890.125,6641111.0,-357.2771606,NORDLAND GP.,Vaale Fm.,19.525362015,1.5072381496,1.5072381496,1.8088171482,2.0322637558,54.609004974,0.0,0.0,2.0155746937,147.75311279,33.024517059,17.5,0.1055958346,0.0,0.0,0.0506789088,0.1318090409,0.0,0.0,0.0,Sandstone/Shale,1
25/2-7,385.17000061,479890.125,6641111.0,-360.1651001,NORDLAND GP.,Vaale Fm.,18.670524597,1.5157988071,1.5157988071,1.965059042,2.1155035496,49.277965546,0.0,0.0,1.743792057,143.85365295,33.688873291,17.5,0.4647911191,0.0,0.0,0.0246308204,0.1318090409,0.0,0.0,0.0,Sandstone/Shale,1
25/2-7,386.99400061,479890.09375,6641111.0,-361.9890747,NORDLAND GP.,Vaale Fm.,20.145326614,1.071628809,1.071628809,1.7488734722,1.6815373898,49.336296082,0.0,0.0,1.6079545021,155.02319336,32.826534271,17.5,0.7630432844,0.0,0.0,0.05799013,0.1318090409,0.0,0.0,0.0,Sandstone,1
25/2-7,388.51400061,479890.09375,6641111.0,-363.5090637,NORDLAND GP.,Vaale Fm.,21.745611191,1.0150398016,1.0150398016,1.3918093443,1.8254076242,46.555446625,0.0,0.0,1.6178770065,165.0035553,32.870708466,17.5,1.1270719767,0.0,0.0,0.1037977412,0.1318090409,0.0,0.0,0.0,Sandstone,1
25/2-7,389.57800061,479890.09375,6641111.0,-364.5730591,NORDLAND GP.,Vaale Fm.,21.16711998,1.2028281689,1.2028281689,1.6154844761,1.8872778416,52.603553772,0.0,0.0,1.8677965403,158.91688538,33.312770844,17.5,0.6963439584,0.0,0.0,0.0560222082,0.1318090409,0.0,0.0,0.0,Sandstone,1
25/2-7,389.73000061,479890.09375,6641111.0,-364.7250671,NORDLAND GP.,Vaale Fm.,22.305490494,1.2386826277,1.2386826277,1.6930114031,1.8549528122,52.595531464,0.0,0.0,1.807816267,157.4107666,33.10987854,17.5,0.6692799926,0.0,0.0,0.0556306131,0.1318090409,0.0,0.0,0.0,Sandstone,1
25/2-7,390.49000061,479890.09375,6641111.0,-365.4850159,NORDLAND GP.,Vaale Fm.,19.947437286,1.4593993425,1.4593993425,1.9579566717,1.962116003,67.044967651,0.0,0.0,2.0105276108,147.79417419,33.432014465,17.5,0.0521400012,0.0,0.0,0.0444862023,0.1318090409,0.0,0.0,0.0,Shale,1
25/2-7,392.31400061,479890.09375,6641111.0,-367.3089905,NORDLAND GP.,Vaale Fm.,19.360610962,1.7215980291,1.7215980291,1.8674001694,2.098834753,68.408599854,0.0,0.0,2.0350899696,145.47511292,34.019191742,17.5,0.9028719664,0.0,0.0,0.0079314485,0.1318090409,0.0,0.0,0.0,Shale,1
25/2-7,393.68200061,479890.09375,6641111.0,-368.677002,NORDLAND GP.,Vaale Fm.,18.960212708,1.7065933943,1.7065933943,2.0771386623,2.1569154263,66.457633972,0.0,0.0,2.0983717442,142.25849915,33.969581604,17.5,0.6050900221,0.0,0.0,0.025256848,0.1318090409,0.0,0.0,0.0,Shale,1
25/2-7,400.97800061,479890.09375,6641111.0,-375.9729614,NORDLAND GP.,Vaale Fm.,20.41135788,1.0216312408,1.0216312408,1.3075191975,1.888379097,38.566776276,0.0,0.0,1.6054993868,144.59074402,33.669841766,17.5,0.07711,0.0,0.0,0.0513081178,0.1318090409,0.0,0.0,0.0,Sandstone,1
25/2-7,401.28200061,479890.09375,6641111.0,-376.2769775,NORDLAND GP.,Vaale Fm.,20.532209396,0.9871621132,0.9871621132,1.3942428827,1.8058246374,41.742637634,0.0,0.0,1.6431639194,150.09281921,33.430839539,17.5,0.0492899977,0.0,0.0,0.0868323445,0.1318090409,0.0,0.0,0.0,Sandstone,1
25/2-7,403.41000061,479890.0625,6641111.0,-378.4049377,NORDLAND GP.,Vaale Fm.,20.509231567,1.3106180429,1.3106180429,1.8740587234,1.8331725597,50.424575806,0.0,0.0,1.7502563,148.60093689,33.695022583,17.5,0.0424799994,0.0,0.0,0.0232837405,0.1318090409,0.0,0.0,0.0,Sandstone/Shale,1
25/2-7,405.23400061,479890.0625,6641111.0,-380.2289429,NORDLAND GP.,Vaale Fm.,22.934803009,1.1721197367,1.1721197367,1.4694669247,1.7793111801,48.380561829,0.0,0.0,1.8406658173,152.52275085,33.574520111,17.5,0.7051320076,0.0,0.0,0.0683776364,0.1318090409,0.0,0.0,0.0,Sandstone,1
25/2-7,407.66600061,479890.0625,6641111.0,-382.6609497,NORDLAND GP.,Vaale Fm.,23.875,1.0019214153,1.0019214153,1.3997085094,1.7184622288,44.007572174,0.0,0.0,1.5445486307,155.18107605,33.682956696,17.5,0.1358679831,0.0,0.0,0.0977309346,0.1318090409,0.0,0.0,0.0,Sandstone,1
25/2-7,408.88200061,479890.0625,6641111.0,-383.8769226,NORDLAND GP.,Vaale Fm.,23.875,0.9201681018,0.9201681018,1.4465720654,1.4798247814,46.579277039,0.0,0.0,1.325933218,154.96984863,33.759849548,17.5,1.4909301996,0.0,0.0,0.0225328151,0.1318090409,0.0,0.0,0.0,Sandstone,1
25/2-7,410.70600061,479890.0625,6641111.0,-385.7009277,NORDLAND GP.,Vaale Fm.,23.875,1.0744521618,1.0744521618,1.3438619375,1.6918218136,44.429374695,0.0,0.0,1.9772254229,154.69914246,34.014835358,17.5,0.072581999,0.0,0.0,0.0495350473,0.1318090409,0.0,0.0,0.0,Sandstone,1
25/2-7,411.31400061,479890.0625,6641111.0,-386.3089294,NORDLAND GP.,Vaale Fm.,23.288393021,0.9262053967,0.9262053967,1.4508202076,1.6726418734,46.07144165,0.0,0.0,1.7850906849,154.61351013,33.160797119,17.5,0.0707299933,0.0,0.0,0.052290529,0.1318090409,0.0,0.0,0.0,Sandstone,1
25/2-7,412.53000061,479890.0625,6641111.0,-387.5249023,NORDLAND GP.,Vaale Fm.,21.803520203,0.9991053939,0.9991053939,1.521843195,1.8632270098,44.091739655,0.0,0.0,1.8855028152,154.40646362,33.999252319,17.5,0.7619400024,0.0,0.0,0.0723374411,0.1318090409,0.0,0.0,0.0,Sandstone,1
25/2-7,413.74600061,479890.0625,6641111.0,-388.7409058,NORDLAND GP.,Vaale Fm.,20.360980988,1.028840661,1.028840661,1.4441254139,1.9744777679,38.196311951,0.0,0.0,1.6808875799,154.19755554,33.796798706,17.5,0.0628699958,0.0,0.0,0.0885818377,0.1318090409,0.0,0.0,0.0,Sandstone,1
25/2-7,415.41800061,479890.0625,6641111.0,-390.4129028,NORDLAND GP.,Vaale Fm.,21.26232338,1.0762425661,1.0762425661,1.6696186066,1.7635656595,53.53181076,0.0,0.0,1.8744250536,156.11831665,33.998703003,17.5,0.0575459972,0.0,0.0,0.0452427752,0.1318090409,0.0,0.0,0.0,Sandstone/Shale,1
25/2-7,417.54600061,479890.0625,6641111.0,-392.5408936,NORDLAND GP.,Vaale Fm.,20.812404633,0.9770063758,0.9770063758,1.1498311758,1.9612721205,37.838695526,0.0,0.0,1.6130831242,159.20452881,33.776882172,17.5,0.0445179865,0.0,0.0,0.0822339356,0.1318090409,0.0,0.0,0.0,Sandstone,1
25/2-7,420.89000061,479890.0625,6641111.0,-395.8848877,NORDLAND GP.,Vaale Fm.,20.845933914,0.9647553563,0.9647553563,1.2398808002,1.9527814388,39.489246368,0.0,0.0,1.7724411488,159.67382813,33.85458374,17.5,0.0266999993,0.0,0.0,0.0138771292,0.1318090409,0.0,0.0,0.0,Sandstone,1
25/2-7,423.17000061,479890.0625,6641111.0,-398.1648865,NORDLAND GP.,Vaale Fm.,22.625793457,0.892999351,0.892999351,1.2189984322,1.9498952627,39.90568161,0.0,0.0,1.6351951361,155.69871521,33.991043091,17.5,0.0,0.0,0.0,0.0500091091,0.1318090409,0.0,0.0,0.0,Sandstone,1
25/2-7,424.08200061,479890.0625,6641111.0,-399.0768738,NORDLAND GP.,Vaale Fm.,21.107147217,0.9707869291,0.9707869291,1.2817716599,1.9213317633,39.522556305,0.0,0.0,1.7130236626,155.43051147,33.62443161,17.5,0.0,0.0,0.0,0.0726729855,0.1318090409,0.0,0.0,0.0,Sandstone,1
25/2-7,425.29800061,479890.03125,6641111.0,-400.2928772,NORDLAND GP.,Vaale Fm.,20.848291397,1.0043109655,1.0043109655,1.3138703108,1.9845288992,45.418750763,0.0,0.0,1.8246798515,150.52609253,34.247783661,17.5,0.0,0.0,0.0,0.0261410624,0.1318090409,0.0,0.0,0.0,Sandstone,1
25/2-7,426.36200061,479890.03125,6641111.0,-401.3568726,NORDLAND GP.,Vaale Fm.,23.256010056,0.9794856906,0.9794856906,1.26978755,1.7152585983,42.108215332,0.0,0.0,1.7362002134,160.98240662,34.355949402,17.5,0.0,0.0,0.0,0.0441414863,0.1318090409,0.0,0.0,0.0,Sandstone,1
25/2-7,426.81800061,479890.03125,6641111.0,-401.8128662,NORDLAND GP.,Vaale Fm.,22.784128189,1.0127472878,1.0127472878,1.4121307135,1.9268487692,43.988605499,0.0,0.0,1.7962545156,154.74606323,34.605869293,17.5,0.0,0.0,0.0,0.1011848822,0.1318090409,0.0,0.0,0.0,Sandstone,1
25/2-7,426.97000061,479890.03125,6641111.0,-401.9648743,NORDLAND GP.,Vaale Fm.,22.044826508,1.0343078375,1.0343078375,1.544213891,1.8772687912,50.66740799,0.0,0.0,1.8563443422,159.76356506,34.314849854,17.5,0.0,0.0,0.0,0.0776023418,0.1318090409,0.0,0.0,0.0,Sandstone,1
25/2-7,428.49000061,479890.03125,6641111.0,-403.4848633,NORDLAND GP.,Vaale Fm.,23.806987762,1.1129472256,1.1129472256,1.3744982481,1.9523823261,45.507862091,0.0,0.0,1.8294810057,154.59315491,34.544864655,17.5,0.0,0.0,0.0,0.099186033,0.1318090409,0.0,0.0,0.0,Sandstone,1
25/2-7,431.07400061,479890.03125,6641111.0,-406.0688477,NORDLAND GP.,Vaale Fm.,19.975482941,0.9897280335,0.9897280335,1.2385522127,2.0003249645,38.961784363,0.0,0.0,1.6577115059,153.16471863,33.972084045,17.5,0.0,0.0,0.0,0.0297299623,0.1318090409,0.0,0.0,0.0,Sandstone,1
25/2-7,431.37800061,479890.03125,6641111.0,-406.3728333,NORDLAND GP.,Vaale Fm.,19.145055771,0.9749891162,0.9749891162,1.262152195,1.988244772,44.580413818,0.0,0.0,1.6787959337,154.4258728,33.867717743,17.5,0.0,0.0,0.0,0.0481581762,0.1318090409,0.0,0.0,0.0,Sandstone,1
25/2-7,434.26600061,479890.03125,6641111.0,-409.2608337,NORDLAND GP.,Vaale Fm.,21.028148651,0.9596618414,0.9596618414,1.2976031303,1.8371865749,43.98633194,0.0,0.0,1.8250232935,154.85879517,33.97095871,17.5,0.0,0.0,0.0,0.0236200672,0.1318090409,0.0,0.0,0.0,Sandstone,1
25/2-7,434.41800061,479890.03125,6641111.0,-409.4128418,NORDLAND GP.,Vaale Fm.,21.119005203,0.9537444115,0.9537444115,1.3423087597,1.7606761456,43.467288971,0.0,0.0,1.849894166,154.99339294,33.875778198,17.5,0.0,0.0,0.0,0.0264221337,0.1318090409,0.0,0.0,0.0,Sandstone,1
25/2-7,434.87400061,479890.03125,6641111.0,-409.8688354,NORDLAND GP.,Vaale Fm.,22.789810181,0.952578485,0.952578485,1.462157011,1.7739882469,38.627239227,0.0,0.0,1.9192488194,155.41029358,33.609615326,17.5,0.0,0.0,0.0,0.0056017707,0.1318090409,0.0,0.0,0.0,Sandstone,1
25/2-7,437.91400061,479890.03125,6641111.0,-412.908844,NORDLAND GP.,Vaale Fm.,18.470178604,1.7811723948,1.7811723948,2.5531249046,2.079344511,61.266506195,0.0,0.0,2.0459237099,137.12434387,34.603256226,17.5,0.0,0.0,0.0,0.001518656,0.1318090409,0.0,0.0,0.0,Sandstone/Shale,1
25/2-7,442.17000061,479890.03125,6641111.0,-417.1648254,NORDLAND GP.,Vaale Fm.,21.935108185,0.8713274598,0.8713274598,1.1848945618,1.8868980408,41.619457245,0.0,0.0,1.7142926455,158.75523376,34.487129211,17.5,0.0,0.0,0.0,0.0766530782,0.1318090409,0.0,0.0,0.0,Sandstone,1
25/2-7,444.29800061,479890.03125,6641111.0,-419.2928162,NORDLAND GP.,Vaale Fm.,19.424186707,0.9298934937,0.9298934937,1.1636357307,1.9584532976,38.419979095,0.0,0.0,1.6907906532,157.75958252,34.278511047,17.5,0.0,0.0,0.0,0.0084533272,0.1318090409,0.0,0.0,0.0,Sandstone,1
25/2-7,444.60200061,479890.03125,6641111.0,-419.5968018,NORDLAND GP.,Vaale Fm.,19.201265335,0.9203261733,0.9203261733,1.1780433655,1.9403171539,43.349876404,0.0,0.0,1.6981858015,157.73120117,33.862220764,17.5,0.0,0.0,0.0,0.0352600068,0.1318090409,0.0,0.0,0.0,Sandstone,1
25/2-7,445.21000061,479890.03125,6641111.0,-420.2048035,NORDLAND GP.,Vaale Fm.,19.918451309,0.9064797163,0.9064797163,1.168941021,1.9897953272,34.842308044,0.0,0.0,1.6044228077,157.64508057,34.86769104,17.5,0.0,0.0,0.0,-0.00672483,0.1318090409,0.0,0.0,0.0,Sandstone,1
25/2-7,446.12200061,479890.03125,6641111.0,-421.1168213,NORDLAND GP.,Vaale Fm.,20.507404327,0.9003756046,0.9003756046,1.1816244125,1.9766050577,39.952716827,0.0,0.0,1.6521667242,157.54101563,34.263851166,17.5,0.0,0.0,0.0,0.0122101391,0.1318090409,0.0,0.0,0.0,Sandstone,1
25/2-7,446.73000061,479890.03125,6641111.0,-421.724823,NORDLAND GP.,Vaale Fm.,21.538909912,0.9283427596,0.9283427596,1.2391203642,1.8945640326,42.234889984,0.0,0.0,1.7244151831,157.49264526,34.632392883,17.5,0.0,0.0,0.0,0.0229464564,0.1318090409,0.0,0.0,0.0,Sandstone,1
25/2-7,449.46600061,479890.0,6641111.0,-424.4607849,NORDLAND GP.,Vaale Fm.,21.096879959,0.9900885224,0.9900885224,1.3228250742,1.8022216558,48.199760437,0.0,0.0,1.6532628536,151.73751831,34.005046844,17.5,0.0,0.0,0.0,0.1087367386,0.1318090409,0.0,0.0,0.0,Sandstone,1
25/2-7,450.98600061,479890.0,6641111.0,-425.9807739,NORDLAND GP.,Vaale Fm.,20.809278488,0.91483742,0.91483742,1.1862388849,1.942702055,47.125652313,0.0,0.0,1.7185630798,158.00695801,34.016105652,17.5,0.0,0.0,0.0,0.1122233719,0.1318090409,0.0,0.0,0.0,Sandstone,1
25/2-7,451.59400061,479890.0,6641111.0,-426.5887756,NORDLAND GP.,Vaale Fm.,22.008005142,0.8814324141,0.8814324141,1.1209228039,1.9340434074,44.669895172,0.0,0.0,1.641523838,160.16220093,34.614448547,17.5,0.0,0.0,0.0,0.0464457236,0.1318090409,0.0,0.0,0.0,Sandstone,1
25/2-7,452.35400061,479890.0,6641111.0,-427.3487854,NORDLAND GP.,Vaale Fm.,18.548017502,0.9214964509,0.9214964509,1.1374752522,1.9609395266,38.681808472,0.0,0.0,1.7387212515,158.4208374,33.909851074,17.5,0.0,0.0,0.0,0.0299116541,0.1318090409,0.0,0.0,0.0,Sandstone,1
25/2-7,454.48200061,479890.0,6641111.0,-429.4767761,NORDLAND GP.,Vaale Fm.,19.501020432,0.8607581258,0.8607581258,1.0365402699,1.9908440113,37.39491272,0.0,0.0,1.6397901773,158.03076172,34.893211365,17.5,0.0,0.0,0.0,0.0199290849,0.1318090409,0.0,0.0,0.0,Sandstone,1
25/2-7,456.00200061,479890.0,6641111.0,-430.9967957,NORDLAND GP.,Vaale Fm.,19.061624527,0.8931331635,0.8931331635,1.0546005964,1.9579999447,37.234596252,0.0,0.0,1.7150497437,158.5249176,34.43838501,17.5,0.0,0.0,0.0,0.0336995497,0.1318090409,0.0,0.0,0.0,Sandstone,1
25/2-7,456.15400061,479890.0,6641111.0,-431.1487732,NORDLAND GP.,Vaale Fm.,18.98315239,0.9066463709,0.9066463709,1.0549845695,1.9523843527,39.157054901,0.0,0.0,1.7677175999,157.60717773,34.467601776,17.5,0.0,0.0,0.0,0.0133843012,0.1318090409,0.0,0.0,0.0,Sandstone,1
25/2-7,456.91400061,479890.0,6641111.0,-431.9087524,NORDLAND GP.,Vaale Fm.,20.192863464,0.8824691176,0.8824691176,1.1918333769,1.9840534925,47.153766632,0.0,0.0,1.8632200956,159.25375366,34.637874603,17.5,0.0,0.0,0.0,0.0152031612,0.1318090409,0.0,0.0,0.0,Sandstone,1
25/2-7,457.06600061,479890.0,6641111.0,-432.0607605,NORDLAND GP.,Vaale Fm.,20.58956337,0.8919776082,0.8919776082,1.2767685652,2.0183959007,50.262535095,0.0,0.0,2.0882337093,159.02101135,34.793239594,17.5,0.0,0.0,0.0,-0.00074617,0.1318090409,0.0,0.0,0.0,Sandstone,1
25/2-7,458.58600061,479890.0,6641111.0,-433.5807495,NORDLAND GP.,Vaale Fm.,19.545207977,1.3677235842,1.3677235842,1.8935425282,2.0126793385,47.378700256,0.0,0.0,2.0527942181,151.82469177,35.223876953,17.5,0.0,0.0,0.0,0.0140000004,0.1318090409,0.0,0.0,0.0,Sandstone,1
25/2-7,462.84200061,479890.0,6641111.0,-437.8367615,NORDLAND GP.,Vaale Fm.,19.478536606,0.8926362395,0.8926362395,1.0794706345,1.9888852835,39.746902466,0.0,0.0,1.6942322254,156.20280457,34.278377533,17.5,0.0,0.0,0.0,0.0638715178,0.1318090409,0.0,0.0,0.0,Sandstone,1
25/2-7,463.14600061,479890.0,6641111.0,-438.1407471,NORDLAND GP.,Vaale Fm.,19.539531708,0.8740000129,0.8740000129,1.1083427668,1.9526431561,40.907295227,0.0,0.0,1.7454712391,157.95553589,34.421703339,17.5,0.0,0.0,0.0,0.0189336091,0.1318090409,0.0,0.0,0.0,Sandstone,1
25/2-7,463.90600061,479890.0,6641111.0,-438.9007568,NORDLAND GP.,Vaale Fm.,19.791744232,0.875028789,0.875028789,1.1186230183,1.9003661871,40.149318695,0.0,0.0,1.6582510471,159.31765747,34.381988525,17.5,0.0,0.0,0.0,0.0587581806,0.1318090409,0.0,0.0,0.0,Sandstone,1
25/2-7,465.42600061,479890.0,6641111.0,-440.4207153,NORDLAND GP.,Vaale Fm.,20.180147171,0.8367508054,0.8367508054,1.0116245747,1.942641139,44.003704071,0.0,0.0,1.6887770891,160.33345032,34.232749939,17.5,0.0,0.0,0.0,0.0200211983,0.1318090409,0.0,0.0,0.0,Sandstone,1
25/2-7,465.57800061,479890.0,6641111.0,-440.5727234,NORDLAND GP.,Vaale Fm.,20.630758286,0.8325577974,0.8325577974,1.0160000324,1.9433057308,43.232448578,0.0,0.0,1.6847976446,160.10928345,34.011543274,17.5,0.0,0.0,0.0,0.0050764312,0.1318090409,0.0,0.0,0.0,Sandstone,1
25/2-7,465.88200061,479890.0,6641111.0,-440.876709,NORDLAND GP.,Vaale Fm.,19.824819565,0.8278929591,0.8278929591,1.0220520496,1.9559999704,37.590427399,0.0,0.0,1.6969717741,160.01808167,34.252468109,17.5,0.0,0.0,0.0,0.0138479723,0.1318090409,0.0,0.0,0.0,Sandstone,1
25/2-7,466.94600061,479890.0,6641111.0,-441.9407349,NORDLAND GP.,Vaale Fm.,19.500225067,0.8610215783,0.8610215783,1.0798921585,1.9751929045,38.759029388,0.0,0.0,1.6383568048,159.72674561,34.372718811,17.5,0.0,0.0,0.0,-0.004035166,0.1318090409,0.0,0.0,0.0,Sandstone,1
25/2-7,467.25000061,479890.0,6641111.0,-442.2447205,NORDLAND GP.,Vaale Fm.,19.875514984,0.8587858081,0.8587858081,1.1110678911,1.9962017536,38.742584229,0.0,0.0,1.6641508341,158.54167175,34.282012939,17.5,0.0,0.0,0.0,0.0042789783,0.1318090409,0.0,0.0,0.0,Sandstone,1
25/2-7,468.92200061,479890.0,6641111.0,-443.9167175,NORDLAND GP.,Vaale Fm.,20.251819611,0.8767895103,0.8767895103,1.1148952246,1.9894233942,38.024211884,0.0,0.0,1.6641429663,155.97489929,34.23122406,17.5,0.0,0.0,0.0,-0.004423355,0.1318090409,0.0,0.0,0.0,Sandstone,1
25/2-7,469.83400061,479889.96875,6641111.0,-444.8287354,NORDLAND GP.,Vaale Fm.,20.631404877,0.8452216983,0.8452216983,1.09147048,1.9808243513,37.7993927,0.0,0.0,1.6722888947,156.86381531,34.629356384,17.5,0.0,0.0,0.0,0.004608117,0.1318090409,0.0,0.0,0.0,Sandstone,1
25/2-7,469.98600061,479889.96875,6641111.0,-444.9807129,NORDLAND GP.,Vaale Fm.,20.719802856,0.841039598,0.841039598,1.0796554089,1.9752267599,35.38419342,0.0,0.0,1.688352108,157.65260315,34.46257782,17.5,0.0,0.0,0.0,0.0020335722,0.1318090409,0.0,0.0,0.0,Sandstone,1
25/2-7,470.44200061,479889.96875,6641111.0,-445.4367065,NORDLAND GP.,Vaale Fm.,19.431987762,0.8380793929,0.8380793929,1.0578159094,1.9679266214,44.237701416,0.0,0.0,1.6848481894,157.3195343,34.832012177,17.5,0.0,0.0,0.0,0.0001503989,0.1318090409,0.0,0.0,0.0,Sandstone,1
25/2-7,470.74600061,479889.96875,6641111.0,-445.7407227,NORDLAND GP.,Vaale Fm.,19.101484299,0.8294636011,0.8294636011,1.0621788502,1.9778200388,39.815567017,0.0,0.0,1.6728595495,158.93890381,34.304676056,17.5,0.0,0.0,0.0,0.0290997904,0.1318090409,0.0,0.0,0.0,Sandstone,1
25/2-7,471.05000061,479889.96875,6641111.0,-446.0447083,NORDLAND GP.,Vaale Fm.,19.718442917,0.8339106441,0.8339106441,1.0654789209,1.9783498049,35.280460358,0.0,0.0,1.6636590958,160.02061462,34.495422363,17.5,0.0,0.0,0.0,0.006901273,0.1318090409,0.0,0.0,0.0,Sandstone,1
25/2-7,471.96200061,479889.96875,6641111.0,-446.9567261,NORDLAND GP.,Vaale Fm.,20.150238037,0.8311579227,0.8311579227,1.0731579065,1.9704774618,40.161724091,0.0,0.0,1.6393487453,160.41691589,34.244255066,17.5,0.0,0.0,0.0,0.0060000001,0.1318090409,0.0,0.0,0.0,Sandstone,1
25/2-7,474.24200061,479889.96875,6641111.0,-449.2366943,NORDLAND GP.,Vaale Fm.,19.5063591,0.8828000426,0.8828000426,1.1099481583,1.9990422726,40.693496704,0.0,0.0,1.6479157209,158.56636047,34.535755157,17.5,0.0,0.0,0.0,0.0558028109,0.1318090409,0.0,0.0,0.0,Sandstone,1
25/2-7,476.82600061,479889.96875,6641111.0,-451.8206787,NORDLAND GP.,Vaale Fm.,19.792198181,0.9063341618,0.9063341618,1.0761861801,1.9533252716,43.918102264,0.0,0.0,1.7396742105,158.58847046,34.356445313,17.5,0.0,0.0,0.0,0.0304002594,0.1318090409,0.0,0.0,0.0,Sandstone,1
25/2-7,478.49800061,479889.96875,6641111.0,-453.4926758,NORDLAND GP.,Vaale Fm.,18.70703125,0.7932257652,0.7932257652,0.9369096756,1.9709076881,40.624435425,0.0,0.0,1.5405724049,160.64916992,34.534923553,17.5,0.0,0.0,0.0,-0.007276913,0.1318090409,0.0,0.0,0.0,Sandstone,1
25/2-7,478.95400061,479889.96875,6641111.0,-453.9487,NORDLAND GP.,Vaale Fm.,18.494100571,0.7891487479,0.7891487479,0.9298140407,1.9750000238,37.629295349,0.0,0.0,1.569756031,161.91723633,34.240451813,17.5,0.0,0.0,0.0,-0.014923616,0.1318090409,0.0,0.0,0.0,Sandstone,1
25/2-7,483.05800061,479889.96875,6641111.0,-458.0527039,NORDLAND GP.,Vaale Fm.,22.818719864,0.9197639227,0.9197639227,1.3036071062,1.6681308746,46.069145203,0.0,0.0,1.7176378965,155.94287109,34.977977753,17.5,0.0,0.0,0.0,0.0370327272,0.1318090409,0.0,0.0,0.0,Sandstone,1
25/2-7,483.36200061,479889.96875,6641111.0,-458.3566589,NORDLAND GP.,Vaale Fm.,23.135570526,0.9474562407,0.9474562407,1.3021165133,1.6128325462,45.225727081,0.0,0.0,1.6114046574,155.74949646,34.727020264,17.5,0.0,0.0,0.0,0.0338864662,0.1318090409,0.0,0.0,0.0,Sandstone,1
25/2-7,485.49000061,479889.96875,6641111.0,-460.4846497,NORDLAND GP.,Vaale Fm.,22.172161102,0.9357313514,0.9357313514,1.2169830799,1.9811719656,29.904150009,0.0,0.0,1.6743174791,159.57069397,34.455150604,17.5,0.0,0.0,0.0,0.0951163173,0.1318090409,0.0,0.0,0.0,Sandstone,1
25/2-7,489.44200061,479889.96875,6641111.0,-464.4366455,NORDLAND GP.,Vaale Fm.,19.032600403,0.9610000253,0.9610000253,1.1901439428,2.0285656452,26.004776001,0.0,0.0,1.6960339546,153.26046753,35.155349731,17.5,0.0,0.0,0.0,0.0418547876,0.1318090409,0.0,0.0,0.0,Sandstone,1
25/2-7,491.41800061,479889.96875,6641111.0,-466.4126587,NORDLAND GP.,Vaale Fm.,18.354652405,0.9346681237,0.9346681237,1.129245162,2.0645303726,28.36681366,0.0,0.0,1.6370075941,153.97154236,35.133171082,17.5,0.0,0.0,0.0,-0.012292645,0.1318090409,0.0,0.0,0.0,Sandstone,1
25/2-7,492.02600061,479889.9375,6641111.0,-467.0206604,NORDLAND GP.,Vaale Fm.,18.559879303,0.9336231351,0.9336231351,1.0973190069,2.0568125248,22.505645752,0.0,0.0,1.6190093756,154.57830811,34.823833466,17.5,0.0,0.0,0.0,-0.015812574,0.1318090409,0.0,0.0,0.0,Sandstone,1
25/2-7,496.43400061,479889.9375,6641111.0,-471.4286194,NORDLAND GP.,Vaale Fm.,18.406000137,0.9050580263,0.9050580263,1.099470973,2.0330545902,27.193119049,0.0,0.0,1.639595747,155.36032104,35.358612061,17.5,0.0,0.0,0.0,-0.016472701,0.1318090409,0.0,0.0,0.0,Sandstone,1
25/2-7,496.58600061,479889.9375,6641111.0,-471.5806274,NORDLAND GP.,Vaale Fm.,18.389122009,0.9039999843,0.9039999843,1.1000000238,2.034201622,27.209669113,0.0,0.0,1.6273032427,155.55085754,35.219390869,17.5,0.0,0.0,0.0,-0.01626616,0.1318090409,0.0,0.0,0.0,Sandstone,1
25/2-7,498.56200061,479889.9375,6641111.0,-473.5566406,NORDLAND GP.,Vaale Fm.,18.730958939,0.9186025858,0.9186025858,1.1429038048,2.0789010525,25.135702133,0.0,0.0,1.574930191,153.25769043,34.298480988,17.5,0.0,0.0,0.0,0.0006005865,0.1318090409,0.0,0.0,0.0,Sandstone,1
25/2-7,498.71400061,479889.9375,6641111.0,-473.7086182,NORDLAND GP.,Vaale Fm.,18.887327194,0.9193922281,0.9193922281,1.137127161,2.069634676,27.268129349,0.0,0.0,1.5982426405,153.11006165,34.501033783,17.5,0.0,0.0,0.0,-0.004182666,0.1318090409,0.0,0.0,0.0,Sandstone,1
25/2-7,499.62600061,479889.9375,6641111.0,-474.620636,NORDLAND GP.,Vaale Fm.,18.636405945,0.9322878718,0.9322878718,1.097876668,2.0216813087,28.43214035,0.0,0.0,1.6501979828,152.94258118,35.214118958,17.5,0.0,0.0,0.0,-0.010274754,0.1318090409,0.0,0.0,0.0,Sandstone,1
25/2-7,500.99400061,479889.9375,6641111.0,-475.9885864,NORDLAND GP.,Vaale Fm.,18.535879135,1.5747416019,1.5747416019,1.4193732738,2.1992528439,24.13611412,0.0,0.0,2.0433747768,125.20787048,35.228885651,17.5,0.0,0.0,0.0,0.0463153422,0.1318090409,0.0,0.0,0.0,Sandstone,1
25/2-7,503.27400061,479889.9375,6641111.0,-478.2685547,NORDLAND GP.,Vaale Fm.,19.267957687,1.3789519072,1.3789519072,1.378559351,2.0454866886,42.951728821,0.0,0.0,1.6892200708,145.01029968,34.969215393,17.5,0.0,0.0,0.0,0.0543944873,0.1318090409,0.0,0.0,0.0,Sandstone,1
25/2-7,503.57800061,479889.90625,6641111.0,-478.5725403,NORDLAND GP.,Vaale Fm.,18.829566956,1.0496772528,1.0496772528,1.2934781313,2.0068013668,34.316711426,0.0,0.0,1.5849947929,147.18478394,34.935501099,17.5,0.0,0.0,0.0,0.0250000004,0.1318090409,0.0,0.0,0.0,Sandstone,1
25/2-7,506.92200061,479889.90625,6641111.0,-481.9165039,NORDLAND GP.,Vaale Fm.,18.284555435,0.8963257074,0.8963257074,1.0638799667,2.0237774849,28.301343918,0.0,0.0,1.5751999617,155.36210632,34.839057922,17.5,0.0,0.0,0.0,-0.00833353,0.1318090409,0.0,0.0,0.0,Sandstone,1
25/2-7,509.05000061,479889.90625,6641111.0,-484.0444336,NORDLAND GP.,Vaale Fm.,18.460077286,1.1243137121,1.1243137121,1.1960707903,2.0729949474,28.564144135,0.0,0.0,1.6892422438,128.52610779,35.354671478,17.5,0.0,0.0,0.0,0.0026632841,0.1318090409,0.0,0.0,0.0,Sandstone,1
25/2-7,514.06600061,479889.875,6641111.0,-489.0603638,NORDLAND GP.,Vaale Fm.,18.702999115,0.9162583947,0.9162583947,1.0672931671,2.0294318199,27.700902939,0.0,0.0,1.6139662266,156.7983551,35.134746552,17.5,0.0,0.0,0.0,-0.00243186,0.1318090409,0.0,0.0,0.0,Sandstone,1
25/2-7,519.38600061,479889.84375,6641111.0,-494.380249,NORDLAND GP.,Vaale Fm.,18.589530945,0.9941335917,0.9941335917,1.1163723469,2.0953402519,24.760578156,0.0,0.0,1.7255485058,148.70858765,34.459098816,17.5,0.0,0.0,0.0,-0.004020714,0.1318090409,0.0,0.0,0.0,Sandstone,1
25/2-7,519.69000061,479889.84375,6641111.0,-494.6842651,NORDLAND GP.,Vaale Fm.,19.083147049,0.9879685044,0.9879685044,1.1323379278,2.0799722672,26.393156052,0.0,0.0,1.6815093756,148.88697815,35.437641144,17.5,0.0,0.0,0.0,-0.01200557,0.1318090409,0.0,0.0,0.0,Sandstone,1
25/2-7,523.49000061,479889.8125,6641111.0,-498.4841919,NORDLAND GP.,Vaale Fm.,18.835159302,0.8771960735,0.8771960735,1.0975880623,2.0306158066,24.117166519,0.0,0.0,1.6517512798,154.21685791,35.277854919,17.5,0.0,0.0,0.0,0.0179228038,0.1318090409,0.0,0.0,0.0,Sandstone,1
25/2-7,524.40200061,479889.8125,6641111.0,-499.3961792,NORDLAND GP.,Vaale Fm.,21.015136719,0.8502230048,0.8502230048,1.0662721395,2.0512244701,26.54142952,0.0,0.0,1.6054749489,154.3407135,34.941982269,17.5,0.0,0.0,0.0,0.062941514,0.1318090409,0.0,0.0,0.0,Sandstone,1
25/2-7,525.16200061,479889.8125,6641111.0,-500.1561584,NORDLAND GP.,Vaale Fm.,20.889904022,0.9394161701,0.9394161701,1.1736353636,1.9656919241,24.431821823,0.0,0.0,1.7210578918,148.9125824,34.926990509,17.5,0.0,0.0,0.0,0.0819709003,0.1318090409,0.0,0.0,0.0,Sandstone,1
25/2-7,528.65800061,479889.78125,6641111.0,-503.6520996,NORDLAND GP.,Vaale Fm.,19.051605225,0.9131035209,0.9131035209,1.0900000334,2.0300805569,27.102775574,0.0,0.0,1.5934960842,155.64201355,34.836868286,17.5,0.0,0.0,0.0,0.0140000004,0.1318090409,0.0,0.0,0.0,Sandstone,1
25/2-7,529.11400061,479889.78125,6641111.0,-504.1080933,NORDLAND GP.,Vaale Fm.,19.294334412,0.9148566127,0.9148566127,1.0886573792,2.0381393433,29.099243164,0.0,0.0,1.6036195755,154.75796509,34.930744171,17.5,0.0,0.0,0.0,0.002827879,0.1318090409,0.0,0.0,0.0,Sandstone,1
25/2-7,529.57000061,479889.78125,6641111.0,-504.5640869,NORDLAND GP.,Vaale Fm.,19.361186981,0.9116533995,0.9116533995,1.0825098753,2.0236566067,25.93031311,0.0,0.0,1.5958577394,154.92828369,35.447757721,17.5,0.0,0.0,0.0,0.0045075412,0.1318090409,0.0,0.0,0.0,Sandstone,1
25/2-7,530.93800061,479889.78125,6641111.0,-505.9320374,NORDLAND GP.,Vaale Fm.,18.537874222,0.912139833,0.912139833,1.0980000496,2.0391559601,25.144205093,0.0,0.0,1.6301805973,155.09812927,35.441455841,17.5,0.0,0.0,0.0,0.0104528544,0.1318090409,0.0,0.0,0.0,Sandstone,1
25/2-7,535.04200061,479889.75,6641111.0,-510.0359802,NORDLAND GP.,Vaale Fm.,19.456607819,0.8719310164,0.8719310164,1.0775173903,2.0263948441,30.246400833,0.0,0.0,1.5820040703,151.91070557,35.264968872,17.5,0.0,0.0,0.0,0.0320224278,0.1318090409,0.0,0.0,0.0,Sandstone,1
25/2-7,536.41000061,479889.75,6641111.0,-511.4039612,NORDLAND GP.,Vaale Fm.,19.015583038,0.9889537692,0.9889537692,1.2702610493,1.925126791,28.785154343,0.0,0.0,1.7668818235,146.33856201,35.506614685,17.5,0.0,0.0,0.0,0.0888322368,0.1318090409,0.0,0.0,0.0,Sandstone,1
25/2-7,538.53800061,479889.71875,6641111.0,-513.5319214,NORDLAND GP.,Vaale Fm.,18.390924454,0.9151155353,0.9151155353,1.0739257336,2.0138676167,28.602119446,0.0,0.0,1.606077075,154.31115723,35.418968201,17.5,2.033675909,0.0,0.0,0.0099999998,0.1318090409,0.0,0.0,0.0,Sandstone,1
25/2-7,547.65800061,479889.6875,6641111.0,-522.6517944,NORDLAND GP.,Vaale Fm.,21.237548828,1.2031490803,1.2031490803,1.834184885,2.0561413765,65.790435791,0.0,0.0,2.1479423046,139.34611511,35.605083466,17.5,0.4494320154,0.0,0.0,0.0996688604,0.1318090409,0.0,0.0,0.0,Sandstone/Shale,1
25/2-7,548.57000061,479889.6875,6641111.0,-523.5637207,NORDLAND GP.,Vaale Fm.,21.947706223,1.2074763775,1.2074763775,1.7343171835,1.8824123144,57.322235107,0.0,0.0,1.4806010723,136.06706238,35.853340149,17.5,1.604640007,0.0,0.0,0.1109491363,0.1318090409,0.0,0.0,0.0,Sandstone/Shale,1
25/2-7,549.02600061,479889.65625,6641111.0,-524.0197144,NORDLAND GP.,Vaale Fm.,23.892599106,1.0979287624,1.0979287624,1.6835649014,1.6448941231,48.313327789,0.0,0.0,1.8821256161,146.65383911,35.953613281,17.5,1.4380358458,0.0,0.0,0.0643127635,0.1318090409,0.0,0.0,0.0,Coal,1
25/2-7,550.39400061,479889.65625,6641111.0,-525.3876953,NORDLAND GP.,Vaale Fm.,23.064945221,1.2585459948,1.2585459948,1.6339222193,2.0815312862,77.604522705,0.0,0.0,2.1002662182,134.52870178,36.28370285,17.5,2.8957941532,0.0,0.0,0.1186796948,0.1318090409,0.0,0.0,0.0,Sandstone/Shale,1
25/2-7,551.30600061,479889.65625,6641111.0,-526.2997437,NORDLAND GP.,Vaale Fm.,23.889522552,1.170060277,1.170060277,1.5170241594,1.9197599888,70.287353516,0.0,0.0,1.6483783722,142.70205688,35.52425766,17.5,2.1462059021,0.0,0.0,0.1717462242,0.1318090409,0.0,0.0,0.0,Sandstone/Shale,1
25/2-7,557.23400061,479889.625,6641111.0,-532.2276001,NORDLAND GP.,Vaale Fm.,19.221456528,0.9422318935,0.9422318935,1.1657114029,2.0126264095,46.727531433,0.0,0.0,1.679105401,153.66725159,35.664897919,17.5,1.3391218185,0.0,0.0,0.0071206228,0.1318090409,0.0,0.0,0.0,Sandstone,1
25/2-7,558.75400061,479889.625,6641111.0,-533.7475586,NORDLAND GP.,Vaale Fm.,18.95113945,0.9302970171,0.9302970171,1.2051305771,2.0036787987,46.77180481,0.0,0.0,1.6953811646,153.31813049,35.6508255,17.5,1.0013539791,0.0,0.0,0.0076606115,0.1318090409,0.0,0.0,0.0,Sandstone,1
25/2-7,558.90600061,479889.625,6641111.0,-533.8995361,NORDLAND GP.,Vaale Fm.,18.900737762,0.9372540116,0.9372540116,1.1924325228,1.9977363348,44.858627319,0.0,0.0,1.6538505554,153.26365662,35.633384705,17.5,1.031522274,0.0,0.0,0.0073420452,0.1318090409,0.0,0.0,0.0,Sandstone,1
25/2-7,559.97000061,479889.59375,6641111.0,-534.963501,NORDLAND GP.,Vaale Fm.,18.762144089,0.9628914595,0.9628914595,1.2019156218,1.9858361483,47.644817352,0.0,0.0,1.7227449417,150.71636963,35.766471863,17.5,1.7265548706,0.0,0.0,0.0116393631,0.1318090409,0.0,0.0,0.0,Sandstone,1
25/2-7,564.07400061,479889.59375,6641111.0,-539.0674438,NORDLAND GP.,Vaale Fm.,18.554264069,1.0308647156,1.0308647156,1.3025147915,2.0051162243,44.902011871,0.0,0.0,2.0606689453,147.66360474,35.624862671,17.5,1.550241828,0.0,0.0,0.0158422627,0.1318090409,0.0,0.0,0.0,Sandstone,1
25/2-7,564.83400061,479889.59375,6641111.0,-539.8274536,NORDLAND GP.,Vaale Fm.,18.92411232,1.0907825232,1.0907825232,1.3137825727,2.0390000343,57.705410004,0.0,0.0,2.1780459881,146.51657104,35.737674713,17.5,1.4368339777,0.0,0.0,-0.014555573,0.1318090409,0.0,0.0,0.0,Sandstone/Shale,1
25/2-7,566.35400061,479889.5625,6641111.0,-541.3474121,NORDLAND GP.,Vaale Fm.,18.554065704,1.1831332445,1.1831332445,1.4373384714,2.037296772,53.259567261,0.0,0.0,2.1932284832,142.55328369,36.196361542,17.5,1.1166540384,0.0,0.0,-0.006354934,0.1318090409,0.0,0.0,0.0,Sandstone/Shale,1
25/2-7,566.50600061,479889.5625,6641111.0,-541.4993896,NORDLAND GP.,Vaale Fm.,18.563316345,1.1664888859,1.1664888859,1.4519344568,2.0318944454,54.069389343,0.0,0.0,2.1725959778,143.04283142,35.97819519,17.5,1.0901060104,0.0,0.0,-0.003473643,0.1318090409,0.0,0.0,0.0,Sandstone/Shale,1
25/2-7,568.78600061,479889.5625,6641111.0,-543.7793579,NORDLAND GP.,Vaale Fm.,18.39342308,0.9043195248,0.9043195248,1.1013746262,2.0615386963,29.351528168,0.0,0.0,1.450196743,150.82170105,35.961807251,17.5,2.8313481808,0.0,0.0,-0.01,0.1318090409,0.0,0.0,0.0,Sandstone,1
25/2-7,571.21800061,479889.53125,6641111.0,-546.2113647,NORDLAND GP.,Vaale Fm.,18.548362732,0.9183320403,0.9183320403,1.0914440155,2.0685548782,22.513288498,0.0,0.0,1.4580435753,151.65060425,35.858734131,17.5,0.3663938344,0.0,0.0,-0.006445223,0.1318090409,0.0,0.0,0.0,Sandstone,1
25/2-7,571.37000061,479889.53125,6641111.0,-546.3633423,NORDLAND GP.,Vaale Fm.,18.580621719,0.9217655063,0.9217655063,1.0920000076,2.0680000782,23.259721756,0.0,0.0,1.439353466,151.30021667,35.523509979,17.5,0.3071196675,0.0,0.0,-0.007,0.1318090409,0.0,0.0,0.0,Sandstone,1
25/2-7,572.13000061,479889.53125,6641111.0,-547.123291,NORDLAND GP.,Vaale Fm.,18.98783493,0.9229999781,0.9229999781,1.0851429701,2.0542891026,24.714624405,0.0,0.0,1.4639195204,151.14163208,36.063831329,17.5,0.5679702163,0.0,0.0,-0.010570312,0.1318090409,0.0,0.0,0.0,Sandstone,1
25/2-7,573.95400061,479889.53125,6641111.0,-548.9472656,NORDLAND GP.,Vaale Fm.,18.377908707,0.8876029849,0.8876029849,1.0727940798,2.0520000458,23.103652954,0.0,0.0,1.4565799236,150.33976746,36.317626953,17.5,0.9216217399,0.0,0.0,0.0078053512,0.1318090409,0.0,0.0,0.0,Sandstone,1
25/2-7,575.47400061,479889.53125,6641111.0,-550.4672241,NORDLAND GP.,Vaale Fm.,18.351413727,0.9060351849,0.9060351849,1.0707763433,2.046681881,29.045862198,0.0,0.0,1.4690401554,149.63194275,36.560214996,17.5,0.5625259876,0.0,0.0,0.0023716565,0.1318090409,0.0,0.0,0.0,Sandstone,1
25/2-7,581.25000061,479889.5,6641111.0,-556.2431641,NORDLAND GP.,Vaale Fm.,18.389955521,0.7827288508,0.7827288508,0.9077288508,1.988368392,27.442050934,0.0,0.0,1.4112228155,157.50270081,35.844509125,17.5,1.3472502232,0.0,0.0,-0.018640349,0.1318090409,0.0,0.0,0.0,Sandstone,1
25/2-7,582.01000061,479889.5,6641111.0,-557.0031128,NORDLAND GP.,Vaale Fm.,18.402118683,0.8019999862,0.8019999862,0.910836339,1.9757763147,27.45368576,0.0,0.0,1.4770727158,155.54753113,35.989440918,17.5,1.6251997948,0.0,0.0,-0.011741246,0.1318090409,0.0,0.0,0.0,Sandstone,1
25/2-7,584.44200061,479889.46875,6641111.0,-559.4351196,NORDLAND GP.,Vaale Fm.,18.357450485,0.8295479417,0.8295479417,0.9607260227,1.9705660343,31.501121521,0.0,0.0,1.4497861862,154.7020874,36.004272461,17.5,1.544858098,0.0,0.0,-0.018349133,0.1318090409,0.0,0.0,0.0,Sandstone,1
25/2-7,585.20200061,479889.46875,6641111.0,-560.1950684,NORDLAND GP.,Vaale Fm.,18.607517242,0.8944920301,0.8944920301,1.0140000582,1.9377963543,44.247303009,0.0,0.0,1.6452070475,152.63206482,36.028316498,17.5,1.4099979401,0.0,0.0,0.0012036756,0.1318090409,0.0,0.0,0.0,Sandstone,1
25/2-7,587.33000061,479889.46875,6641111.0,-562.3230591,NORDLAND GP.,Vaale Fm.,18.337335587,0.8278201222,0.8278201222,0.9840000272,1.9609973431,34.529560089,0.0,0.0,1.5810465813,154.69828796,36.229412079,17.5,0.8178700209,0.0,0.0,-0.003667569,0.1318090409,0.0,0.0,0.0,Sandstone,1
25/2-7,588.24200061,479889.4375,6641111.0,-563.2350464,NORDLAND GP.,Vaale Fm.,18.600400925,0.834846735,0.834846735,1.0293034315,1.9156054258,33.155117035,0.0,0.0,1.4695409536,156.57138062,36.16494751,17.5,1.5944160223,0.0,0.0,0.0186325628,0.1318090409,0.0,0.0,0.0,Sandstone,1
25/2-7,590.06600061,479889.4375,6641111.0,-565.05896,NORDLAND GP.,Vaale Fm.,18.745716095,0.8484065533,0.8484065533,1.004101038,1.9918800592,30.006607056,0.0,0.0,1.4642771482,154.33273315,36.367733002,17.5,0.6273340583,0.0,0.0,-0.007239771,0.1318090409,0.0,0.0,0.0,Sandstone,1
25/2-7,590.52200061,479889.4375,6641111.0,-565.5149536,NORDLAND GP.,Vaale Fm.,18.756376266,0.8509964943,0.8509964943,0.9769999981,1.9992238283,30.418125153,0.0,0.0,1.4687999487,154.77494812,36.15171814,17.5,0.6862741709,0.0,0.0,-0.020111917,0.1318090409,0.0,0.0,0.0,Sandstone,1
25/2-7,591.58600061,479889.4375,6641111.0,-566.5789795,NORDLAND GP.,Vaale Fm.,18.312749863,0.8557224274,0.8557224274,0.9857224226,2.013156414,27.043394089,0.0,0.0,1.4590445757,153.18055725,36.542934418,17.5,0.6524279714,0.0,0.0,0.0020627393,0.1318090409,0.0,0.0,0.0,Sandstone,1
25/2-7,592.04200061,479889.4375,6641111.0,-567.0349731,NORDLAND GP.,Vaale Fm.,18.31231308,0.8376617432,0.8376617432,0.9696617723,2.000600338,28.411287308,0.0,0.0,1.4673346281,154.57923889,36.212902069,17.5,0.6519579887,0.0,0.0,-0.015828485,0.1318090409,0.0,0.0,0.0,Sandstone,1
25/2-7,593.56200061,479889.4375,6641111.0,-568.5549316,NORDLAND GP.,Vaale Fm.,18.172000885,0.803350389,0.803350389,0.9281167984,2.0129404068,26.486803055,0.0,0.0,1.4028736353,155.95396423,36.504745483,17.5,1.0358219147,0.0,0.0,-0.013059599,0.1318090409,0.0,0.0,0.0,Sandstone,1
25/2-7,596.45000061,479889.40625,6641111.0,-571.4428711,NORDLAND GP.,Vaale Fm.,18.656448364,0.8150174618,0.8150174618,0.9429912567,1.9970095158,23.296834946,0.0,0.0,1.4688773155,155.68617249,37.053211212,17.5,0.5400000215,0.0,0.0,-0.009961858,0.1318090409,0.0,0.0,0.0,Sandstone,1
25/2-7,598.12200061,479889.40625,6641111.0,-573.1148682,NORDLAND GP.,Vaale Fm.,18.375,0.8011843562,0.8011843562,0.9448770881,1.9950385094,25.230451584,0.0,0.0,1.5029000044,153.68138123,36.664722443,17.5,0.8062999845,0.0,0.0,-0.00301928,0.1318090409,0.0,0.0,0.0,Sandstone,1
25/2-7,601.16200061,479889.375,6641111.0,-576.1547852,NORDLAND GP.,Vaale Fm.,18.756847382,0.8116359711,0.8116359711,0.9524368048,2.0029280186,26.798442841,0.0,0.0,1.4860150814,153.20350647,36.64553833,17.5,0.8693458438,0.0,0.0,-0.012784002,0.1318090409,0.0,0.0,0.0,Sandstone,1
25/2-7,602.98600061,479889.375,6641111.0,-577.9787598,NORDLAND GP.,Vaale Fm.,18.764345169,0.8391042352,0.8391042352,0.9816871881,2.0195860863,26.969923019,0.0,0.0,1.4785097837,151.85385132,36.494850159,17.5,1.5581719875,0.0,0.0,-0.002,0.1318090409,0.0,0.0,0.0,Sandstone,1
25/2-7,603.74600061,479889.375,6641111.0,-578.7387085,NORDLAND GP.,Vaale Fm.,18.624334335,0.8551771641,0.8551771641,0.9909999967,2.0298836231,21.336856842,0.0,0.0,1.4750646353,152.05812073,36.612228394,17.5,1.5858000517,0.0,0.0,-0.013883604,0.1318090409,0.0,0.0,0.0,Sandstone,1
25/2-7,604.96200061,479889.34375,6641111.0,-579.9546509,NORDLAND GP.,Vaale Fm.,18.924329758,0.8587856293,0.8587856293,0.9935848117,2.0201370716,24.287591934,0.0,0.0,1.4971642494,152.04078674,36.771694183,17.5,2.2685728073,0.0,0.0,-0.008,0.1318090409,0.0,0.0,0.0,Sandstone,1
25/2-7,605.87400061,479889.34375,6641111.0,-580.8666992,NORDLAND GP.,Vaale Fm.,18.211421967,0.8543086648,0.8543086648,0.9914630055,2.0300810337,25.592798233,0.0,0.0,1.422470808,151.30107117,36.384025574,17.5,2.6417131424,0.0,0.0,-0.012306266,0.1318090409,0.0,0.0,0.0,Sandstone,1
25/2-7,607.54600061,479889.34375,6641111.0,-582.5386963,NORDLAND GP.,Vaale Fm.,19.132095337,0.8253663182,0.8253663182,0.9731831551,2.0220901966,24.403568268,0.0,0.0,1.4764605761,153.08551025,36.617675781,17.5,0.8928459883,0.0,0.0,-0.007181949,0.1318090409,0.0,0.0,0.0,Sandstone,1
25/2-7,608.45800061,479889.34375,6641111.0,-583.4506226,NORDLAND GP.,Vaale Fm.,18.371833801,0.8631945252,0.8631945252,0.9869999886,2.0251979828,25.488500595,0.0,0.0,1.5123999119,152.02323914,36.547466278,17.5,1.3495579958,0.0,0.0,-0.003197885,0.1318090409,0.0,0.0,0.0,Sandstone,1
25/2-7,610.28200061,479889.3125,6641111.0,-585.2745972,NORDLAND GP.,Vaale Fm.,18.737880707,0.8356190324,0.8356190324,1.0036904812,2.0364587307,24.448539734,0.0,0.0,1.4382238388,152.43197632,36.425857544,17.5,0.9177581668,0.0,0.0,-0.007770645,0.1318090409,0.0,0.0,0.0,Sandstone,1
25/2-7,612.86600061,479889.3125,6641111.0,-587.8585815,NORDLAND GP.,Vaale Fm.,18.560348511,0.8482509255,0.8482509255,0.9942508936,2.016094923,22.820976257,0.0,0.0,1.5069707632,151.16934204,36.811115265,17.5,1.7826304436,0.0,0.0,-0.002894397,0.1318090409,0.0,0.0,0.0,Sandstone,1
25/2-7,613.01800061,479889.3125,6641111.0,-588.0105591,NORDLAND GP.,Vaale Fm.,18.465911865,0.8531672955,0.8531672955,0.999889791,2.0106582642,23.459400177,0.0,0.0,1.4718455076,151.14427185,36.901679993,17.5,2.2660179138,0.0,0.0,-0.014236372,0.1318090409,0.0,0.0,0.0,Sandstone,1
25/2-7,617.12200061,479889.28125,6641111.0,-592.1144409,NORDLAND GP.,Vaale Fm.,18.305322647,0.84769696,0.84769696,0.9610453844,2.0382635593,22.521226883,0.0,0.0,1.4714831114,152.50189209,36.837619781,17.5,1.1712220907,0.0,0.0,-0.008694547,0.1318090409,0.0,0.0,0.0,Sandstone,1
25/2-7,617.57800061,479889.28125,6641111.0,-592.5704346,NORDLAND GP.,Vaale Fm.,18.244316101,0.8590000272,0.8590000272,0.9576435685,2.0390658379,21.982149124,0.0,0.0,1.5081118345,152.85810852,36.697921753,17.5,1.1775738001,0.0,0.0,-0.019223792,0.1318090409,0.0,0.0,0.0,Sandstone,1
25/2-7,619.55400061,479889.25,6641111.0,-594.5463867,NORDLAND GP.,Vaale Fm.,18.543676376,0.8554849029,0.8554849029,0.9789999723,2.0473892689,25.805786133,0.0,0.0,1.5846669674,151.85163879,36.535873413,17.5,0.8788540363,0.0,0.0,-0.004610631,0.1318090409,0.0,0.0,0.0,Sandstone,1
25/2-7,619.70600061,479889.25,6641111.0,-594.6983643,NORDLAND GP.,Vaale Fm.,18.629657745,0.860820353,0.860820353,0.9771796465,2.0476078987,25.020868301,0.0,0.0,1.60722363,151.72770691,36.687763214,17.5,0.8790060282,0.0,0.0,-0.000744174,0.1318090409,0.0,0.0,0.0,Sandstone,1
25/2-7,621.68200061,479889.25,6641111.0,-596.6743774,NORDLAND GP.,Vaale Fm.,18.520017624,0.8837094307,0.8837094307,1.0161452293,2.0587215424,23.098711014,0.0,0.0,1.597168088,151.0133667,36.83795929,17.5,0.1304820031,0.0,0.0,-0.011426152,0.1318090409,0.0,0.0,0.0,Sandstone,1
25/2-7,626.09000061,479889.21875,6641111.0,-601.0822754,NORDLAND GP.,Vaale Fm.,18.480445862,0.8714831471,0.8714831471,1.0094898939,2.0375022888,25.290561676,0.0,0.0,1.4786573648,150.98803711,36.859851837,17.5,0.8322799802,0.0,0.0,-0.010511874,0.1318090409,0.0,0.0,0.0,Sandstone,1
25/2-7,627.76200061,479889.21875,6641111.0,-602.7542725,NORDLAND GP.,Vaale Fm.,18.601999283,0.9261943698,0.9261943698,1.0464676619,2.0587184429,22.449954987,0.0,0.0,1.576086998,149.36061096,36.821754456,17.5,1.258405447,0.0,0.0,-0.012344048,0.1318090409,0.0,0.0,0.0,Sandstone,1
25/2-7,628.82600061,479889.21875,6641111.0,-603.8181763,NORDLAND GP.,Vaale Fm.,18.584688187,0.9075953364,0.9075953364,1.0431011915,2.0630996227,23.659826279,0.0,0.0,1.5433140993,148.81462097,36.744270325,17.5,0.8561304808,0.0,0.0,-0.015649347,0.1318090409,0.0,0.0,0.0,Sandstone,1
25/2-7,629.89000061,479889.1875,6641111.0,-604.8822021,NORDLAND GP.,Vaale Fm.,18.380393982,0.9258616567,0.9258616567,1.0502609015,2.082296133,25.064689636,0.0,0.0,1.5216656923,148.10726929,36.879276276,17.5,1.2224010229,0.0,0.0,-0.003864053,0.1318090409,0.0,0.0,0.0,Sandstone,1
25/2-7,630.80200061,479889.1875,6641111.0,-605.7941895,NORDLAND GP.,Vaale Fm.,18.233999252,0.8968306184,0.8968306184,1.027584672,2.0610001087,22.74102211,0.0,0.0,1.6089997292,149.49337769,36.926715851,17.5,1.3456958532,0.0,0.0,-0.010249473,0.1318090409,0.0,0.0,0.0,Sandstone,1
25/2-7,631.25800061,479889.1875,6641111.0,-606.2501221,NORDLAND GP.,Vaale Fm.,18.240541458,0.8936293125,0.8936293125,1.0210000277,2.0702712536,19.68993187,0.0,0.0,1.5455851555,149.36029053,36.891487122,17.5,0.6790181994,0.0,0.0,-0.01477323,0.1318090409,0.0,0.0,0.0,Sandstone,1
25/2-7,632.01800061,479889.1875,6641111.0,-607.0101318,NORDLAND GP.,Vaale Fm.,18.507289886,0.8857582808,0.8857582808,1.0282119513,2.0834174156,22.135738373,0.0,0.0,1.5896223783,149.49745178,36.390357971,17.5,0.5806658268,0.0,0.0,-0.015208714,0.1318090409,0.0,0.0,0.0,Sandstone,1
25/2-7,633.84200061,479889.1875,6641111.0,-608.8341064,NORDLAND GP.,Vaale Fm.,18.99782753,0.8969240189,0.8969240189,0.9843742847,2.0316240788,24.136177063,0.0,0.0,1.4899693727,150.45141602,36.860736847,17.5,1.1528611183,0.0,0.0,-0.006907484,0.1318090409,0.0,0.0,0.0,Sandstone,1
25/2-7,634.45000061,479889.15625,6641111.0,-609.4420776,NORDLAND GP.,Vaale Fm.,18.981988907,0.7745307684,0.7745307684,0.9401780367,1.9398787022,28.3182621,0.0,0.0,1.5340291262,154.44190979,37.253810883,17.5,1.5048500299,0.0,0.0,0.0035858068,0.1318090409,0.0,0.0,0.0,Sandstone,1
25/2-7,635.36200061,479889.15625,6641111.0,-610.3540649,NORDLAND GP.,Vaale Fm.,18.557043076,0.8009895682,0.8009895682,0.936357677,1.9567180872,28.160577774,0.0,0.0,1.5054285526,152.94070435,36.564746857,17.5,0.7572100163,0.0,0.0,0.0040280772,0.1318090409,0.0,0.0,0.0,Sandstone,1
25/2-7,636.57800061,479889.15625,6641111.0,-611.5700684,NORDLAND GP.,Vaale Fm.,18.419864655,0.7641041875,0.7641041875,0.9256319404,1.9886832237,27.897356033,0.0,0.0,1.4656354189,153.82330322,36.942195892,17.5,0.761056006,0.0,0.0,-0.006316765,0.1318090409,0.0,0.0,0.0,Sandstone,1
25/2-7,636.73000061,479889.15625,6641111.0,-611.7220459,NORDLAND GP.,Vaale Fm.,18.398000717,0.7593733668,0.7593733668,0.9269999862,1.9861153364,27.139057159,0.0,0.0,1.443443656,153.95314026,37.083538055,17.5,0.7615500093,0.0,0.0,-0.007628218,0.1318090409,0.0,0.0,0.0,Sandstone,1
25/2-7,637.03400061,479889.15625,6641111.0,-612.026001,NORDLAND GP.,Vaale Fm.,18.366016388,0.7673879266,0.7673879266,0.9331559539,1.9783087969,26.246551514,0.0,0.0,1.4515858889,153.19969177,36.781734467,17.5,0.7716821432,0.0,0.0,-0.006073609,0.1318090409,0.0,0.0,0.0,Sandstone,1
25/2-7,640.98600061,479889.125,6641111.0,-615.9779663,NORDLAND GP.,Vaale Fm.,18.435531616,0.7722807527,0.7722807527,0.8850820661,1.9677972794,28.228885651,0.0,0.0,1.4783840179,152.76365662,36.51783371,17.5,0.850127995,0.0,0.0,-0.015518916,0.1318090409,0.0,0.0,0.0,Sandstone,1
25/2-7,641.44200061,479889.125,6641111.0,-616.43396,NORDLAND GP.,Vaale Fm.,18.468999863,0.7558541894,0.7558541894,0.8705364466,1.969465971,28.332103729,0.0,0.0,1.4586390257,154.14857483,36.889919281,17.5,0.8493160009,0.0,0.0,-0.013164874,0.1318090409,0.0,0.0,0.0,Sandstone,1
25/2-7,645.39400061,479889.09375,6641111.0,-620.3858643,NORDLAND GP.,Vaale Fm.,18.427097321,0.7580189109,0.7580189109,0.8543459177,1.9890136719,28.556083679,0.0,0.0,1.4946241379,154.75505066,37.107662201,17.5,0.8430880308,0.0,0.0,-0.009,0.1318090409,0.0,0.0,0.0,Sandstone,1
25/2-7,645.85000061,479889.09375,6641111.0,-620.8417969,NORDLAND GP.,Vaale Fm.,18.494508743,0.7385333776,0.7385333776,0.8462222219,1.979470253,29.860239029,0.0,0.0,1.4344393015,155.93161011,36.725292206,17.5,0.9919502139,0.0,0.0,-0.006372992,0.1318090409,0.0,0.0,0.0,Sandstone,1
25/2-7,647.67400061,479889.09375,6641111.0,-622.6658325,NORDLAND GP.,Vaale Fm.,18.764230728,0.7617518902,0.7617518902,0.8392481208,1.9528725147,27.623197556,0.0,0.0,1.4252724648,156.6925354,37.005363464,17.5,0.5486021638,0.0,0.0,-0.004501123,0.1318090409,0.0,0.0,0.0,Sandstone,1
25/2-7,649.95400061,479889.0625,6641111.0,-624.9457397,NORDLAND GP.,Vaale Fm.,18.411407471,0.8178150654,0.8178150654,0.9337460995,2.011141777,25.519102097,0.0,0.0,1.4775574207,151.30082703,37.328250885,17.5,1.1258080006,0.0,0.0,-0.011171683,0.1318090409,0.0,0.0,0.0,Sandstone,1
25/2-7,650.41000061,479889.0625,6641111.0,-625.4017334,NORDLAND GP.,Vaale Fm.,18.563245773,0.8003801107,0.8003801107,0.9215399623,1.9995450974,29.859817505,0.0,0.0,1.5056587458,152.58105469,37.317375183,17.5,0.745579958,0.0,0.0,-0.018999999,0.1318090409,0.0,0.0,0.0,Sandstone,1
25/2-7,652.23400061,479889.0625,6641111.0,-627.225708,NORDLAND GP.,Vaale Fm.,18.633676529,1.0210396051,1.0210396051,1.1333053112,2.1048145294,39.96604538,0.0,0.0,1.9666000605,146.06538391,37.528804779,17.5,0.7406319976,0.0,0.0,0.0241647623,0.1318090409,0.0,0.0,0.0,Sandstone,1
25/2-7,654.81800061,479889.03125,6641111.0,-629.8096313,NORDLAND GP.,Vaale Fm.,18.359922409,1.0989855528,1.0989855528,1.3619915247,2.0409851074,44.064353943,0.0,0.0,1.8790668249,145.45193481,37.388671875,17.5,0.7871640325,0.0,0.0,-0.010004953,0.1318090409,0.0,0.0,0.0,Sandstone,1
25/2-7,657.09800061,479889.03125,6641111.0,-632.0896606,NORDLAND GP.,Vaale Fm.,18.515697479,0.8352701068,0.8352701068,0.9385016561,2.0239999294,25.484130859,0.0,0.0,1.4824000597,153.60374451,37.386287689,17.5,0.6232373714,0.0,0.0,-0.013037789,0.1318090409,0.0,0.0,0.0,Sandstone,1
25/2-7,658.61800061,479889.03125,6641111.0,-633.6095581,NORDLAND GP.,Vaale Fm.,18.683452606,0.8410423398,0.8410423398,0.9553908706,2.0008544922,25.827625275,0.0,0.0,1.5237488747,154.01344299,37.381378174,17.5,0.9904639721,0.0,0.0,-0.015616313,0.1318090409,0.0,0.0,0.0,Sandstone,1
25/2-7,663.63400061,479889.0,6641111.0,-638.6254272,NORDLAND GP.,Vaale Fm.,18.64106369,0.9772154093,0.9772154093,1.1794255972,2.0255477428,30.842060089,0.0,0.0,1.5766450167,144.08708191,37.450771332,17.5,0.7103319764,0.0,0.0,-0.014547616,0.1318090409,0.0,0.0,0.0,Sandstone,1
25/2-7,665.15400061,479888.96875,6641111.0,-640.1454468,NORDLAND GP.,Vaale Fm.,18.606351852,0.8763326406,0.8763326406,0.985177815,2.0555284023,25.077888489,0.0,0.0,1.4655172825,150.1547699,37.510383606,17.5,1.1596919298,0.0,0.0,-0.004706214,0.1318090409,0.0,0.0,0.0,Sandstone,1
25/2-7,667.28200061,479888.96875,6641111.0,-642.2733765,NORDLAND GP.,Vaale Fm.,18.244026184,0.8427169919,0.8427169919,0.9819999933,2.0566399097,26.685310364,0.0,0.0,1.5656014681,148.9740448,37.377292633,17.5,1.2339359522,0.0,0.0,-0.001640011,0.1318090409,0.0,0.0,0.0,Sandstone,1
25/2-7,668.49800061,479888.96875,6641111.0,-643.4893799,NORDLAND GP.,Vaale Fm.,18.258506775,0.8094123602,0.8094123602,0.9634123445,2.0603606701,22.912696838,0.0,0.0,1.5212827921,148.98968506,37.519962311,17.5,1.0441040993,0.0,0.0,-0.005468369,0.1318090409,0.0,0.0,0.0,Sandstone,1
25/2-7,668.95400061,479888.9375,6641111.0,-643.9453735,NORDLAND GP.,Vaale Fm.,18.44817543,0.821056366,0.821056366,0.9402147532,2.0619688034,23.579359055,0.0,0.0,1.523352623,149.70669556,37.299606323,17.5,1.1105101109,0.0,0.0,-0.005,0.1318090409,0.0,0.0,0.0,Sandstone,1
25/2-7,669.10600061,479888.9375,6641111.0,-644.0973511,NORDLAND GP.,Vaale Fm.,18.527906418,0.8260175586,0.8260175586,0.9374911785,2.0579791069,21.685760498,0.0,0.0,1.5017700195,149.7272644,37.621650696,17.5,1.1224819422,0.0,0.0,-0.003489616,0.1318090409,0.0,0.0,0.0,Sandstone,1
25/2-7,669.71400061,479888.9375,6641111.0,-644.7053223,NORDLAND GP.,Vaale Fm.,18.689786911,0.8217687011,0.8217687011,0.9217687249,2.032554388,26.103652954,0.0,0.0,1.5150952339,150.58328247,37.420154572,17.5,1.1207720041,0.0,0.0,-0.002233704,0.1318090409,0.0,0.0,0.0,Sandstone,1
25/2-7,670.17000061,479888.9375,6641111.0,-645.1613159,NORDLAND GP.,Vaale Fm.,18.630895615,0.8202642202,0.8202642202,0.9229432344,2.027684927,25.240251541,0.0,0.0,1.4690580368,150.42565918,36.923049927,17.5,0.7169595361,0.0,0.0,0.0032110014,0.1318090409,0.0,0.0,0.0,Sandstone,1
25/2-7,670.47400061,479888.9375,6641111.0,-645.465332,NORDLAND GP.,Vaale Fm.,18.643781662,0.8275817037,0.8275817037,0.9363048673,2.0351951122,25.489379883,0.0,0.0,1.449562788,149.96075439,37.133022308,17.5,0.6920520067,0.0,0.0,0.0018049348,0.1318090409,0.0,0.0,0.0,Sandstone,1
25/2-7,671.84200061,479888.9375,6641111.0,-646.833313,NORDLAND GP.,Vaale Fm.,18.699810028,0.8641209602,0.8641209602,0.9784650803,2.0428767204,26.170532227,0.0,0.0,1.5556002855,149.75508118,37.045688629,17.5,0.7417159677,0.0,0.0,-0.002876646,0.1318090409,0.0,0.0,0.0,Sandstone,1
25/2-7,672.75400061,479888.9375,6641111.0,-647.7453003,NORDLAND GP.,Vaale Fm.,18.362466812,0.7939268351,0.7939268351,0.9443820715,2.0079991817,22.618038177,0.0,0.0,1.4851812124,153.76898193,37.810707092,17.5,0.7393919826,0.0,0.0,-0.005076747,0.1318090409,0.0,0.0,0.0,Sandstone,1
25/2-7,674.73000061,479888.90625,6641111.0,-649.7212524,NORDLAND GP.,Vaale Fm.,18.412796021,0.7857446074,0.7857446074,0.9123723507,1.992367506,24.515081406,0.0,0.0,1.469825983,149.53860474,37.715385437,17.5,1.4273400307,0.0,0.0,-0.007974365,0.1318090409,0.0,0.0,0.0,Sandstone,1
25/2-7,676.09800061,479888.90625,6641111.0,-651.0892334,NORDLAND GP.,Vaale Fm.,18.764587402,0.7926334143,0.7926334143,0.9053341746,1.9895840883,26.695167542,0.0,0.0,1.562158227,150.87228394,38.060295105,17.5,0.2728971839,0.0,0.0,-0.001097346,0.1318090409,0.0,0.0,0.0,Sandstone,1
25/2-7,676.85800061,479888.90625,6641111.0,-651.8491821,NORDLAND GP.,Vaale Fm.,18.865867615,0.8528832793,0.8528832793,0.9660617709,2.0310480595,24.58531189,0.0,0.0,1.5067332983,150.54170227,37.3020401,17.5,0.1417099833,0.0,0.0,0.0367573202,0.1318090409,0.0,0.0,0.0,Sandstone,1
25/2-7,678.37800061,479888.90625,6641111.0,-653.3691406,NORDLAND GP.,Vaale Fm.,18.432449341,0.887812078,0.887812078,1.0038722754,2.0794048309,22.367483139,0.0,0.0,1.5155180693,148.75488281,37.763504028,17.5,0.937687993,0.0,0.0,0.0020241048,0.1318090409,0.0,0.0,0.0,Sandstone,1
25/2-7,679.74600061,479888.875,6641111.0,-654.7371216,NORDLAND GP.,Vaale Fm.,18.469989777,0.8084228635,0.8084228635,0.8948656917,2.0092849731,28.998445511,0.0,0.0,1.5023881197,150.64402771,37.577068329,17.5,0.9751338363,0.0,0.0,0.0015712752,0.1318090409,0.0,0.0,0.0,Sandstone,1
25/2-7,680.05000061,479888.875,6641111.0,-655.0411377,NORDLAND GP.,Vaale Fm.,18.582706451,0.7867393494,0.7867393494,0.8889999986,2.0183956623,28.322492599,0.0,0.0,1.5385665894,151.97491455,37.536834717,17.5,0.9599499702,0.0,0.0,0.0049999999,0.1318090409,0.0,0.0,0.0,Sandstone,1
25/2-7,683.09000061,479888.875,6641111.0,-658.0811157,NORDLAND GP.,Vaale Fm.,18.815122604,0.8348258138,0.8348258138,0.9404626489,2.0023226738,27.359048843,0.0,0.0,1.5632921457,151.54483032,37.250263214,17.5,0.7650399804,0.0,0.0,0.0061091548,0.1318090409,0.0,0.0,0.0,Sandstone,1
25/2-7,687.04200061,479888.84375,6641111.0,-662.032959,NORDLAND GP.,Vaale Fm.,18.266319275,0.8657790422,0.8657790422,0.9752209187,2.0507731438,28.442035675,0.0,0.0,1.6834424734,148.77488708,37.352394104,17.5,0.3332476318,0.0,0.0,-0.004890779,0.1318090409,0.0,0.0,0.0,Sandstone,1
25/2-7,695.70600061,479888.78125,6641111.0,-670.6967773,NORDLAND GP.,Vaale Fm.,18.99174118,1.1749253273,1.1749253273,1.4012742043,2.0612199306,51.658031464,0.0,0.0,1.7567410469,134.86682129,37.945472717,17.5,0.8915759921,0.0,0.0,0.0072956006,0.1318090409,0.0,0.0,0.0,Sandstone/Shale,1
25/2-7,696.16200061,479888.78125,6641111.0,-671.152771,NORDLAND GP.,Vaale Fm.,18.801134109,0.9135123491,0.9135123491,1.3132711649,2.0664086342,47.464363098,0.0,0.0,2.4643983841,145.33279419,37.820228577,17.5,0.2705436945,0.0,0.0,0.0559300296,0.1318090409,0.0,0.0,0.0,Sandstone,1
25/2-7,697.68200061,479888.78125,6641111.0,-672.6727905,NORDLAND GP.,Vaale Fm.,18.907487869,1.2929042578,1.2929042578,1.5688356161,2.1647384167,56.492797852,0.0,0.0,2.7324995995,129.79699707,38.197975159,17.5,0.2461360097,0.0,0.0,0.060504809,0.1318090409,0.0,0.0,0.0,Sandstone/Shale,1
25/2-7,698.13800061,479888.78125,6641111.0,-673.1287231,NORDLAND GP.,Vaale Fm.,19.812295914,1.1239458323,1.1239458323,1.5374729633,2.1632254124,52.96629715,0.0,0.0,2.771412611,133.24633789,38.205001831,17.5,0.7287244797,0.0,0.0,0.1188738272,0.1318090409,0.0,0.0,0.0,Sandstone,1
25/2-7,701.48200061,479888.75,6641111.0,-676.4726563,NORDLAND GP.,Vaale Fm.,18.590019226,1.464645505,1.464645505,1.9124077559,2.2318408489,66.80531311,0.0,0.0,3.2821667194,124.12766266,38.288375854,17.5,0.9294359684,0.0,0.0,0.0136074508,0.1318090409,0.0,0.0,0.0,Sandstone/Shale,1
25/2-7,701.78600061,479888.75,6641111.0,-676.7766724,NORDLAND GP.,Vaale Fm.,19.114746094,1.5046197176,1.5046197176,1.8826622963,2.2093820572,61.823150635,0.0,0.0,3.2086408138,124.6960144,38.202903748,17.5,0.9286280274,0.0,0.0,0.0207186639,0.1318090409,0.0,0.0,0.0,Sandstone/Shale,1
25/2-7,706.49800061,479888.71875,6641111.0,-681.4885864,NORDLAND GP.,Vaale Fm.,18.390604019,1.0764248371,1.0764248371,1.3215302229,2.0625436306,58.89225769,0.0,0.0,1.5121223927,133.91004944,38.624118805,17.5,0.3764687777,0.0,0.0,0.0802154541,0.1318090409,0.0,0.0,0.0,Sandstone/Shale,1
25/2-7,710.90600061,479888.6875,6641111.0,-685.8964844,NORDLAND GP.,Vaale Fm.,18.289264679,0.7190647721,0.7190647721,0.8088703752,1.9613653421,30.612695694,0.0,0.0,1.4893926382,153.01580811,37.655826569,17.5,0.4615824819,0.0,0.0,-0.002900344,0.1318090409,0.0,0.0,0.0,Sandstone,1
25/2-7,711.97000061,479888.6875,6641111.0,-686.9604492,NORDLAND GP.,Vaale Fm.,18.296415329,0.7702416182,0.7702416182,0.8701847792,2.0200150013,29.732233047,0.0,0.0,1.4800665379,150.64547729,37.750999451,17.5,0.5025590062,0.0,0.0,0.0099249296,0.1318090409,0.0,0.0,0.0,Sandstone,1
25/2-7,714.40200061,479888.65625,6641111.0,-689.392395,NORDLAND GP.,Vaale Fm.,18.688838959,0.795139432,0.795139432,0.9149721265,2.0220813751,29.729570389,0.0,0.0,1.4924923182,148.34069824,38.285785675,17.5,2.0493919849,0.0,0.0,0.0038104311,0.1318090409,0.0,0.0,0.0,Sandstone,1
25/2-7,717.13800061,479888.65625,6641111.0,-692.1283569,NORDLAND GP.,Vaale Fm.,18.298713684,0.7777741551,0.7777741551,0.8896988034,2.0217766762,27.74341011,0.0,0.0,1.4663157463,149.75030518,38.273036957,17.5,0.763448,0.0,0.0,0.001,0.1318090409,0.0,0.0,0.0,Sandstone,1
25/2-7,717.74600061,479888.65625,6641111.0,-692.7363281,NORDLAND GP.,Vaale Fm.,18.297000885,0.7996563315,0.7996563315,0.8957422972,2.0237457752,27.485239029,0.0,0.0,1.4583967924,149.38047791,38.252609253,17.5,0.7622079849,0.0,0.0,0.01057644,0.1318090409,0.0,0.0,0.0,Sandstone,1
25/2-7,718.81000061,479888.625,6641111.0,-693.800293,NORDLAND GP.,Vaale Fm.,18.222202301,0.8022712469,0.8022712469,0.9206876755,2.0258967876,29.814561844,0.0,0.0,1.4774668217,147.56761169,37.720394135,17.5,1.2932800055,0.0,0.0,-0.005896696,0.1318090409,0.0,0.0,0.0,Sandstone,1
25/2-7,719.11400061,479888.625,6641111.0,-694.1043091,NORDLAND GP.,Vaale Fm.,18.199235916,0.8065623045,0.8065623045,0.9078753591,2.039239645,29.035722733,0.0,0.0,1.4434000254,147.27102661,37.297348022,17.5,1.2888479233,0.0,0.0,0.0006741522,0.1318090409,0.0,0.0,0.0,Sandstone,1
25/2-7,719.26600061,479888.625,6641111.0,-694.2562866,NORDLAND GP.,Vaale Fm.,18.243879318,0.8007845283,0.8007845283,0.9025603533,2.0355563164,25.992910385,0.0,0.0,1.4457749128,147.78572083,37.812343597,17.5,1.2479798794,0.0,0.0,-0.001666184,0.1318090409,0.0,0.0,0.0,Sandstone,1
25/2-7,721.09000061,479888.625,6641111.0,-696.0803223,NORDLAND GP.,Vaale Fm.,18.997133255,0.7824354768,0.7824354768,0.8638612628,2.0089991093,26.807806015,0.0,0.0,1.4837253094,150.61384583,38.586925507,17.5,1.037702322,0.0,0.0,-0.014142743,0.1318090409,0.0,0.0,0.0,Sandstone,1
25/2-7,725.04200061,479888.59375,6641111.0,-700.0321655,NORDLAND GP.,Vaale Fm.,19.029432297,0.8326702118,0.8326702118,1.0040347576,2.0297338963,33.207695007,0.0,0.0,1.5645266771,146.35169983,38.087478638,17.5,0.5866159797,0.0,0.0,0.0141649703,0.1306107789,0.0,0.0,0.0,Sandstone,1
25/2-7,725.49800061,479888.59375,6641111.0,-700.4881592,NORDLAND GP.,Vaale Fm.,18.399211884,0.8715604544,0.8715604544,1.0296814442,2.0581240654,31.462823868,0.0,0.0,1.5809797049,146.93994141,37.489437103,17.5,0.585703969,0.0,0.0,-0.003124136,0.1306107789,0.0,0.0,0.0,Sandstone,1
25/2-7,726.56200061,479888.59375,6641111.0,-701.5521851,NORDLAND GP.,Vaale Fm.,18.780399323,0.855905354,0.855905354,1.0460954905,2.0295257568,33.063217163,0.0,0.0,1.6963137388,147.61964417,37.955810547,17.5,0.5833380222,0.0,0.0,-0.004711472,0.1306107789,0.0,0.0,0.0,Sandstone,1
25/2-7,727.62600061,479888.59375,6641111.0,-702.6160889,NORDLAND GP.,Vaale Fm.,18.565906525,0.912052393,0.912052393,1.0570523739,2.0750000477,25.549684525,0.0,0.0,1.4802650213,146.25341797,38.121959686,17.5,0.5810739994,0.0,0.0,-0.010277255,0.1306107789,0.0,0.0,0.0,Sandstone,1
25/2-7,729.14600061,479888.5625,6641111.0,-704.1361084,NORDLAND GP.,Vaale Fm.,18.284488678,0.6161308289,0.6161308289,0.9989789128,2.0726914406,23.337387085,0.0,0.0,1.4882968664,144.47772217,38.161277771,17.5,0.4915089607,0.0,0.0,0.0062819086,0.1306107789,0.0,0.0,0.0,Sandstone,1
25/2-7,731.27400061,479888.5625,6641111.0,-706.2640381,NORDLAND GP.,Vaale Fm.,18.436162949,0.6507635713,0.6507635713,0.9654025435,2.0175933838,31.074605942,0.0,0.0,1.5860311985,149.6683197,38.426174164,17.5,0.2671356797,0.0,0.0,-0.00740654,0.1306107789,0.0,0.0,0.0,Sandstone,1
25/2-7,734.16200061,479888.53125,6641111.0,-709.1519775,NORDLAND GP.,Vaale Fm.,18.452999115,0.7226524353,0.7226524353,1.0565872192,2.0618574619,29.006818771,0.0,0.0,1.5294069052,146.91036987,38.8644104,17.5,0.1036301628,0.0,0.0,0.0066884109,0.1306107789,0.0,0.0,0.0,Sandstone,1
25/2-7,734.61800061,479888.53125,6641111.0,-709.6079712,NORDLAND GP.,Vaale Fm.,18.475353241,0.7742045522,0.7742045522,1.1656540632,2.0992553234,29.889057159,0.0,0.0,1.5866160393,145.83110046,38.06810379,17.5,0.1395639926,0.0,0.0,0.003759223,0.1306107789,0.0,0.0,0.0,Sandstone,1
25/2-7,735.37800061,479888.53125,6641111.0,-710.367981,NORDLAND GP.,Vaale Fm.,18.475357056,0.7403146029,0.7403146029,1.2145113945,2.0639998913,30.291185379,0.0,0.0,1.6014715433,145.56472778,38.593776703,17.5,0.511243999,0.0,0.0,0.0068863821,0.1306107789,0.0,0.0,0.0,Sandstone,1
25/2-7,735.83400061,479888.53125,6641111.0,-710.8239746,NORDLAND GP.,Vaale Fm.,18.279874802,0.7424588799,0.7424588799,1.1387553215,2.0174901485,25.149238586,0.0,0.0,1.5004090071,146.64883423,38.496833801,17.5,0.5101659894,0.0,0.0,0.0795421302,0.1306107789,0.0,0.0,0.0,Sandstone,1
25/2-7,736.13800061,479888.53125,6641111.0,-711.1279297,NORDLAND GP.,Vaale Fm.,18.88463974,0.7494689822,0.7494689822,1.100646019,1.8717645407,26.425012589,0.0,0.0,1.3680963516,148.98536682,38.494728088,17.5,0.2455931753,0.0,0.0,0.1046395525,0.1306107789,0.0,0.0,0.0,Sandstone,1
25/2-7,737.20200061,479888.53125,6641111.0,-712.1919556,NORDLAND GP.,Vaale Fm.,18.356496811,0.6463140845,0.6463140845,0.9356859326,2.0547380447,23.930431366,0.0,0.0,1.4083800316,140.17582703,38.866188049,17.5,0.1605959982,0.0,0.0,-0.007579327,0.1306107789,0.0,0.0,0.0,Sandstone,1
25/2-7,738.26600061,479888.5,6641111.0,-713.2559204,NORDLAND GP.,Vaale Fm.,18.948373795,0.5588818192,0.5588818192,0.9074400663,2.0441222191,23.470983505,0.0,0.0,1.4850747585,145.50082397,38.52878952,17.5,0.1317020059,0.0,0.0,-0.009438865,0.1306107789,0.0,0.0,0.0,Sandstone,1
25/2-7,740.85000061,479888.5,6641111.0,-715.8398438,NORDLAND GP.,Vaale Fm.,18.203262329,0.5495778918,0.5495778918,0.8894532323,2.0260000229,21.470573425,0.0,0.0,1.4954890013,145.06251526,38.376747131,17.5,0.5395501852,0.0,0.0,0.0009672327,0.1306107789,0.0,0.0,0.0,Sandstone,1
25/2-7,743.89000061,479888.46875,6641111.0,-718.8798218,NORDLAND GP.,Vaale Fm.,18.406370163,0.495759964,0.495759964,0.9182228446,2.0453920364,24.873580933,0.0,0.0,1.4372793436,144.92785645,38.55657959,17.5,0.975689888,0.0,0.0,-0.01085626,0.1306107789,0.0,0.0,0.0,Sandstone,1
25/2-7,745.25800061,479888.46875,6641111.0,-720.2477417,NORDLAND GP.,Vaale Fm.,18.237520218,0.5144393444,0.5144393444,0.8498032093,2.0050001144,24.036001205,0.0,0.0,1.4859093428,145.0256958,38.448646545,17.5,0.4900839925,0.0,0.0,-0.007559839,0.1306107789,0.0,0.0,0.0,Sandstone,1
25/2-7,747.08200061,479888.46875,6641111.0,-722.0717163,NORDLAND GP.,Vaale Fm.,18.877922058,0.4959605634,0.4959605634,0.9145920873,2.0297739506,25.293092728,0.0,0.0,1.4035233259,145.25621033,37.815395355,17.5,0.6804306507,0.0,0.0,0.0015478623,0.1306107789,0.0,0.0,0.0,Sandstone,1
25/2-7,747.53800061,479888.46875,6641111.0,-722.52771,NORDLAND GP.,Vaale Fm.,18.318498611,0.4981997609,0.4981997609,0.9133998752,2.0296030045,28.062189102,0.0,0.0,1.4243911505,145.31404114,37.64402771,17.5,0.6985859871,0.0,0.0,-0.002996392,0.1306107789,0.0,0.0,0.0,Sandstone,1
25/2-7,747.69000061,479888.46875,6641111.0,-722.6796875,NORDLAND GP.,Vaale Fm.,18.243553162,0.5023835897,0.5023835897,0.9136027098,2.0347864628,29.134788513,0.0,0.0,1.4179170132,145.3730011,37.257312775,17.5,0.698219955,0.0,0.0,0.0019903283,0.1306107789,0.0,0.0,0.0,Sandstone,1
25/2-7,747.99400061,479888.46875,6641111.0,-722.9837036,NORDLAND GP.,Vaale Fm.,18.303287506,0.5099999905,0.5099999905,0.9116482735,2.0416071415,25.455608368,0.0,0.0,1.4556128979,145.42915344,37.435997009,17.5,0.6960161328,0.0,0.0,0.0034283558,0.1306107789,0.0,0.0,0.0,Sandstone,1
25/2-7,751.64200061,479888.4375,6641111.0,-726.6316528,NORDLAND GP.,Vaale Fm.,23.514492035,0.6503549814,0.6503549814,0.7990259528,1.8710823059,17.518030167,0.0,0.0,10.430575371,145.73252869,37.689800262,17.5,1.1699160337,0.0,0.0,0.0193509459,0.1306107789,0.0,0.0,0.0,Sandstone,1
25/2-7,758.78600061,479888.40625,6641111.0,-733.7755127,NORDLAND GP.,Vaale Fm.,24.031000137,0.5443569422,0.5443569422,0.6975354552,1.9571735859,19.241329193,0.0,0.0,6.7714552879,144.97264099,38.244827271,17.5,0.4567279816,0.0,0.0,0.0560658164,0.1306107789,0.0,0.0,0.0,Sandstone,1
25/2-7,761.06600061,479888.375,6641111.0,-736.055481,NORDLAND GP.,Vaale Fm.,24.031000137,0.6328340769,0.6328340769,0.8841790557,1.8588899374,26.993038177,0.0,0.0,3.5409767628,144.84063721,38.099727631,17.5,0.3529138267,0.0,0.0,-0.005164289,0.1306107789,0.0,0.0,0.0,Coal,1
25/2-7,761.97800061,479888.375,6641111.0,-736.9675293,NORDLAND GP.,Vaale Fm.,24.01515007,0.6132479906,0.6132479906,0.813300848,2.0413022041,21.176345825,0.0,0.0,4.3510761261,143.36997986,38.215377808,17.5,0.1814440042,0.0,0.0,-0.002639144,0.1306107789,0.0,0.0,0.0,Sandstone,1
25/2-7,764.86600061,479888.375,6641111.0,-739.8554688,NORDLAND GP.,Vaale Fm.,24.01599884,0.6077023745,0.6077023745,0.8176054358,1.7103419304,24.383375168,0.0,0.0,9.4884433746,142.49815369,38.736915588,17.5,0.0137679987,0.0,0.0,0.012624695,0.1306107789,0.0,0.0,0.0,Coal,1
25/2-7,767.45000061,479888.375,6641111.0,-742.4394531,NORDLAND GP.,Vaale Fm.,24.01599884,0.5844994783,0.5844994783,0.7218341827,1.8432394266,34.625888824,0.0,0.0,10.194952965,144.28717041,37.91204834,17.5,0.4335500002,0.0,0.0,0.0174198039,0.1306107789,0.0,0.0,0.0,Sandstone,1
25/2-7,768.51400061,479888.34375,6641111.0,-743.503418,NORDLAND GP.,Vaale Fm.,24.01599884,0.6220747828,0.6220747828,0.7954114079,1.6421170235,22.969034195,0.0,0.0,10.25163269,143.72012329,39.25384903,17.5,0.4306719899,0.0,0.0,-0.006609988,0.1306107789,0.0,0.0,0.0,Coal,1
25/2-7,768.66600061,479888.34375,6641111.0,-743.6554565,NORDLAND GP.,Vaale Fm.,24.01599884,0.6237220764,0.6237220764,0.8064516783,1.6449272633,22.156261444,0.0,0.0,9.9647817612,143.4941864,39.055915833,17.5,0.4302359819,0.0,0.0,0.0031453809,0.1306107789,0.0,0.0,0.0,Coal,1
25/2-7,769.12200061,479888.34375,6641111.0,-744.1114502,NORDLAND GP.,Vaale Fm.,24.01599884,0.6166193485,0.6166193485,0.801864028,1.7014324665,17.424003601,0.0,0.0,9.4712085724,140.07252502,38.82075882,17.5,0.4055813551,0.0,0.0,0.0041135093,0.1306107789,0.0,0.0,0.0,Coal,1
25/2-7,773.22600061,479888.34375,6641111.0,-748.2153931,NORDLAND GP.,Vaale Fm.,21.520225525,0.7039444447,0.7039444447,0.8645567298,2.0285322666,39.400642395,0.0,0.0,2.923115015,142.96173096,38.04209137,17.5,0.2047480047,0.0,0.0,-0.006914933,0.1306107789,0.0,0.0,0.0,Sandstone,1
25/2-7,775.20200061,479888.34375,6641111.0,-750.1914063,NORDLAND GP.,Vaale Fm.,22.932170868,0.6435984373,0.6435984373,0.8821679354,2.0288467407,32.606121063,0.0,0.0,2.9383604527,144.73881531,38.04119873,17.5,0.1460959911,0.0,0.0,0.0099863615,0.1306107789,0.0,0.0,0.0,Sandstone,1
25/2-7,777.17800061,479888.3125,6641111.0,-752.1673584,NORDLAND GP.,Vaale Fm.,23.076717377,0.7464558482,0.7464558482,0.973328054,2.0731019974,28.017766953,0.0,0.0,6.2196249962,141.1149292,38.172470093,17.5,0.2742439806,0.0,0.0,0.0013352712,0.1306107789,0.0,0.0,0.0,Sandstone,1
25/2-7,778.54600061,479888.3125,6641111.0,-753.5353394,NORDLAND GP.,Vaale Fm.,24.01599884,0.6752518415,0.6752518415,1.0643800497,1.7178940773,30.293266296,0.0,0.0,6.9715008736,137.61209106,38.626590729,17.5,0.2972079813,0.0,0.0,-0.010269384,0.1306107789,0.0,0.0,0.0,Coal,1
25/2-7,782.34600061,479888.3125,6641111.0,-757.3353271,NORDLAND GP.,Vaale Fm.,24.01599884,0.685038209,0.685038209,0.8724294901,1.9098200798,36.644897461,0.0,0.0,7.6830434799,140.05381775,38.855628967,17.5,0.1271619946,0.0,0.0,0.049595058,0.1270159781,0.0,0.0,0.0,Sandstone,1
25/2-7,784.32200061,479888.28125,6641111.0,-759.3113403,NORDLAND GP.,Vaale Fm.,24.01599884,0.5864704847,0.5864704847,0.7542930245,2.0494689941,27.00994873,0.0,0.0,5.0614171028,144.0160675,37.975307465,17.5,0.2817560136,0.0,0.0,0.0364539437,0.1270159781,0.0,0.0,0.0,Sandstone,1
25/2-7,787.36200061,479888.28125,6641111.0,-762.3512573,NORDLAND GP.,Vaale Fm.,24.01599884,0.5993191004,0.5993191004,0.8164241314,1.9971612692,26.452571869,0.0,0.0,6.1109757423,143.45664978,38.328933716,17.5,0.3270759881,0.0,0.0,0.0075663156,0.1270159781,0.0,0.0,0.0,Sandstone,1
25/2-7,789.94600061,479888.28125,6641111.0,-764.9352417,NORDLAND GP.,Vaale Fm.,24.01599884,0.5713323951,0.5713323951,0.7153378725,1.9202705622,25.072151184,0.0,0.0,6.9878230095,142.35110474,38.772209167,17.5,0.26690799,0.0,0.0,0.0393204167,0.1270159781,0.0,0.0,0.0,Sandstone,1
25/2-7,790.09800061,479888.28125,6641111.0,-765.0872803,NORDLAND GP.,Vaale Fm.,24.01599884,0.5670096874,0.5670096874,0.7249806523,1.8936853409,25.451036453,0.0,0.0,7.4162416458,142.66459656,38.377220154,17.5,0.2663099766,0.0,0.0,0.0216853172,0.1270159781,0.0,0.0,0.0,Sandstone,1
25/2-7,791.46600061,479888.28125,6641111.0,-766.4552612,NORDLAND GP.,Vaale Fm.,23.988101959,0.596205771,0.596205771,0.7661291957,2.0421388149,27.763315201,0.0,0.0,2.0142459869,142.25106812,38.467144012,17.5,0.289568007,0.0,0.0,-0.017715296,0.1270159781,0.0,0.0,0.0,Sandstone,1
25/2-7,791.92200061,479888.25,6641111.0,-766.9111938,NORDLAND GP.,Vaale Fm.,23.998815536,0.611427784,0.611427784,0.7592009306,2.0634624958,26.069469452,0.0,0.0,2.1936700344,144.81491089,38.807853699,17.5,0.2881560028,0.0,0.0,-0.022268768,0.1270159781,0.0,0.0,0.0,Sandstone,1
25/2-7,794.35400061,479888.25,6641111.0,-769.3432007,NORDLAND GP.,Vaale Fm.,24.01599884,0.5868595839,0.5868595839,0.7493659258,2.0401844978,28.705928802,0.0,0.0,4.3944907188,141.09587097,37.978191376,17.5,0.281791985,0.0,0.0,0.0026308433,0.1270159781,0.0,0.0,0.0,Sandstone,1
25/2-7,794.65800061,479888.25,6641111.0,-769.6472168,NORDLAND GP.,Vaale Fm.,24.01599884,0.5879308581,0.5879308581,0.7433106303,2.0326521397,27.263832092,0.0,0.0,5.0168595314,140.9753418,37.622203827,17.5,0.2809840143,0.0,0.0,-0.000652091,0.1270159781,0.0,0.0,0.0,Sandstone,1
25/2-7,798.00200061,479888.25,6641111.0,-772.9912109,NORDLAND GP.,Vaale Fm.,24.01599884,0.653091073,0.653091073,0.827696979,2.0360586643,40.670139313,0.0,0.0,2.37175107,145.75395203,38.720943451,17.5,0.2720919847,0.0,0.0,-0.006117386,0.1270159781,0.0,0.0,0.0,Sandstone/Shale,1
25/2-7,801.95400061,479888.21875,6641111.0,-776.9431152,NORDLAND GP.,Vaale Fm.,24.01599884,0.5624598861,0.5624598861,0.7019411922,1.9650232792,27.493577957,0.0,0.0,5.3501191139,142.44841003,39.5507164,17.5,0.8688013554,0.0,0.0,-0.001077817,0.1270159781,0.0,0.0,0.0,Sandstone,1
25/2-7,804.53800061,479888.21875,6641111.0,-779.5271606,NORDLAND GP.,Vaale Fm.,24.01599884,0.5527434945,0.5527434945,0.7465043664,1.9627488852,27.481819153,0.0,0.0,7.6111116409,142.47631836,38.663204193,17.5,1.2903000116,0.0,0.0,0.0338343717,0.1270159781,0.0,0.0,0.0,Sandstone,1
25/2-7,804.99400061,479888.21875,6641111.0,-779.9831543,NORDLAND GP.,Vaale Fm.,24.01599884,0.5528159142,0.5528159142,0.732144177,1.9506281614,26.735610962,0.0,0.0,7.3386464119,144.13647461,38.970638275,17.5,1.2903000116,0.0,0.0,0.0453649089,0.1270159781,0.0,0.0,0.0,Sandstone,1
25/2-7,806.36200061,479888.21875,6641111.0,-781.3510742,NORDLAND GP.,Vaale Fm.,24.01599884,0.5653844476,0.5653844476,0.7211553454,1.9706146717,25.654121399,0.0,0.0,8.5409564972,139.86471558,38.632766724,17.5,0.5376000404,0.0,0.0,0.083705388,0.1270159781,0.0,0.0,0.0,Sandstone,1
25/2-7,811.22600061,479888.1875,6641111.0,-786.2150879,NORDLAND GP.,Vaale Fm.,24.01599884,0.5229008198,0.5229008198,0.675798893,1.8334622383,26.335735321,0.0,0.0,10.337909698,145.46127319,38.978237152,17.5,1.2366000414,0.0,0.0,0.0780859739,0.1270159781,0.0,0.0,0.0,Sandstone,1
25/2-7,811.98600061,479888.1875,6641111.0,-786.9750977,NORDLAND GP.,Vaale Fm.,24.01599884,0.5350089669,0.5350089669,0.6904349923,1.8572050333,21.709115982,0.0,0.0,10.514863014,144.22065735,39.056354523,17.5,1.1517174244,0.0,0.0,0.0841527954,0.1270159781,0.0,0.0,0.0,Sandstone,1
25/2-7,813.81000061,479888.1875,6641111.0,-788.7990112,NORDLAND GP.,Vaale Fm.,24.01599884,0.529299736,0.529299736,0.6887444854,1.846391201,25.062263489,0.0,0.0,10.214470863,147.54728699,38.731941223,17.5,1.0752999783,0.0,0.0,0.0660269111,0.1270159781,0.0,0.0,0.0,Sandstone,1
25/2-7,817.76200061,479888.15625,6641111.0,-792.7510376,NORDLAND GP.,Vaale Fm.,24.01599884,0.673861742,0.673861742,0.8578617573,2.1573925018,43.189876556,0.0,0.0,3.1681377888,144.64245605,39.206169128,17.5,1.2366000414,0.0,0.0,0.0326806866,0.1270159781,0.0,0.0,0.0,Sandstone,1
25/2-7,825.05800061,479888.125,6641111.0,-800.046936,NORDLAND GP.,Vaale Fm.,24.01599884,0.5542455912,0.5542455912,0.7423682809,1.8679850101,22.790945053,0.0,0.0,8.9427070618,144.6353302,38.684654236,17.5,3.3159430027,0.0,0.0,0.0692487508,0.1270159781,0.0,0.0,0.0,Sandstone,1
25/2-7,825.81800061,479888.125,6641111.0,-800.8068848,NORDLAND GP.,Vaale Fm.,24.01599884,0.5708075762,0.5708075762,0.757096231,1.9890488386,22.196649551,0.0,0.0,10.157028198,142.23739624,38.491535187,17.5,3.0795805454,0.0,0.0,0.0786360502,0.1270159781,0.0,0.0,0.0,Sandstone,1
25/2-7,826.88200061,479888.125,6641111.0,-801.8709106,NORDLAND GP.,Vaale Fm.,24.01599884,0.5579102635,0.5579102635,0.7292692065,1.6812764406,19.482938766,0.0,0.0,10.397507668,148.14546204,38.43769455,17.5,1.4881538153,0.0,0.0,0.0090921475,0.1270159781,0.0,0.0,0.0,Sandstone,1
25/2-7,829.77000061,479888.125,6641111.0,-804.7589111,NORDLAND GP.,Vaale Fm.,24.01599884,0.5213627219,0.5213627219,0.7404962778,1.6936323643,28.075178146,0.0,0.0,7.6052875519,145.62287903,38.081932068,17.5,1.5053999424,0.0,0.0,0.0140580423,0.1270159781,0.0,0.0,0.0,Sandstone,1
25/2-7,833.11400061,479888.09375,6641111.0,-808.1028442,NORDLAND GP.,Vaale Fm.,24.01599884,0.7128213048,0.7128213048,1.0191007853,2.1113820076,21.542562485,0.0,0.0,4.2234325409,146.59657288,38.560371399,17.5,2.104404211,0.0,0.0,0.0337712057,0.1270159781,0.0,0.0,0.0,Sandstone/Shale,1
25/2-7,833.57000061,479888.09375,6641111.0,-808.5588379,NORDLAND GP.,Vaale Fm.,24.01599884,0.7567728758,0.7567728758,0.9045144916,2.0902860165,31.674226761,0.0,0.0,6.4684295654,141.21731567,38.764503479,17.5,2.1025598049,0.0,0.0,0.0400462411,0.1270159781,0.0,0.0,0.0,Sandstone/Shale,1
25/2-7,833.87400061,479888.09375,6641111.0,-808.862854,NORDLAND GP.,Vaale Fm.,24.01599884,0.607650578,0.607650578,0.9389056563,1.8191919327,22.975236893,0.0,0.0,9.4679403305,145.0843811,39.256938934,17.5,2.6139903069,0.0,0.0,0.0615487099,0.1270159781,0.0,0.0,0.0,Sandstone/Shale,1
25/2-7,834.02600061,479888.09375,6641111.0,-809.0148315,NORDLAND GP.,Vaale Fm.,24.01599884,0.5881245732,0.5881245732,0.9672822952,1.749946475,20.092906952,0.0,0.0,9.3100309372,148.94828796,39.067428589,17.5,3.4790186882,0.0,0.0,0.0483937077,0.1270159781,0.0,0.0,0.0,Sandstone/Shale,1
25/2-7,834.63400061,479888.09375,6641111.0,-809.6228027,NORDLAND GP.,Vaale Fm.,24.01599884,0.6738698483,0.6738698483,0.8233212829,1.9954035282,27.14282608,0.0,0.0,10.209712982,141.00424194,38.20980835,17.5,3.6022000313,0.0,0.0,0.1214439198,0.1270159781,0.0,0.0,0.0,Sandstone/Shale,1
25/2-7,834.78600061,479888.09375,6641111.0,-809.7748413,NORDLAND GP.,Vaale Fm.,24.01599884,0.6895020604,0.6895020604,0.7912098169,1.8256775141,26.34942627,0.0,0.0,9.6284418106,139.73638916,38.36699295,17.5,3.6022000313,0.0,0.0,0.0708186328,0.1270159781,0.0,0.0,0.0,Sandstone/Shale,1
25/2-7,837.37000061,479888.09375,6641111.0,-812.3588257,NORDLAND GP.,Vaale Fm.,24.01599884,0.5101320744,0.5101320744,0.7068301439,1.8096370697,32.531017303,0.0,0.0,5.0267195702,148.14884949,38.46730423,17.5,1.5506101847,0.0,0.0,0.0093994234,0.1270159781,0.0,0.0,0.0,Coal,1
25/2-7,837.97800061,479888.09375,6641111.0,-812.9668579,NORDLAND GP.,Vaale Fm.,24.01599884,0.6137991548,0.6137991548,0.8165066838,2.0691761971,26.952894211,0.0,0.0,3.9385285378,146.29360962,37.907196045,17.5,2.9475390911,0.0,0.0,0.0361122265,0.1270159781,0.0,0.0,0.0,Sandstone/Shale,1
25/2-7,838.13000061,479888.09375,6641111.0,-813.1188354,NORDLAND GP.,Vaale Fm.,24.01599884,0.6330439448,0.6330439448,0.8520879149,2.1072940826,29.038888931,0.0,0.0,4.3045802116,145.19389343,38.227157593,17.5,3.0107998848,0.0,0.0,0.054065574,0.1270159781,0.0,0.0,0.0,Sandstone/Shale,1
25/2-7,842.84200061,479888.0625,6641111.0,-817.8307495,NORDLAND GP.,Vaale Fm.,24.01599884,0.5333305597,0.5333305597,0.7044914961,1.7203482389,21.780807495,0.0,0.0,10.030550957,150.29220581,39.702400208,17.5,2.0708110332,0.0,0.0,0.0273969285,0.1270159781,0.0,0.0,0.0,Sandstone,1
25/2-7,845.27400061,479888.0625,6641111.0,-820.2627563,NORDLAND GP.,Vaale Fm.,24.01599884,0.5184372663,0.5184372663,0.673012197,1.5780131817,17.044273376,0.0,0.0,9.8170785904,146.98791504,38.775272369,17.5,2.9031999111,0.0,0.0,-0.000426693,0.1270159781,0.0,0.0,0.0,Coal,1
25/2-7,845.73000061,479888.0625,6641111.0,-820.71875,NORDLAND GP.,Vaale Fm.,24.01599884,0.5045908689,0.5045908689,0.6625228524,1.5370622873,19.480894089,0.0,0.0,9.3561201096,149.87828064,39.276218414,17.5,2.7957000732,0.0,0.0,-0.013116135,0.1270159781,0.0,0.0,0.0,Coal,1
25/2-7,848.01000061,479888.03125,6641111.0,-822.9987183,NORDLAND GP.,Vaale Fm.,24.01599884,0.5176788568,0.5176788568,0.6760045886,1.4706767797,18.748699188,0.0,0.0,8.2233867645,145.14157104,38.803859711,17.5,2.8816986084,0.0,0.0,-0.016000001,0.1270159781,0.0,0.0,0.0,Coal,1
25/2-7,851.20200061,479888.03125,6641111.0,-826.1907349,NORDLAND GP.,Vaale Fm.,24.01599884,0.5466097593,0.5466097593,0.7202683687,1.7559920549,22.119075775,0.0,0.0,9.5296354294,148.54119873,38.289440155,17.5,1.822791934,0.0,0.0,0.040441215,0.1270159781,0.0,0.0,0.0,Sandstone,1
25/2-7,860.62600061,479888.0,6641111.0,-835.614563,NORDLAND GP.,Vaale Fm.,24.01599884,0.56697613,0.56697613,0.754894197,1.6178137064,23.404697418,0.0,0.0,9.6940517426,140.78849792,39.253238678,17.5,2.8574960232,0.0,0.0,0.0028336786,0.1270159781,0.0,0.0,0.0,Sandstone,1
25/2-7,862.29800061,479888.0,6641111.0,-837.2865601,NORDLAND GP.,Vaale Fm.,24.01599884,0.628000021,0.628000021,0.7681634426,2.0154855251,41.478858948,0.0,0.0,4.6044769287,144.88531494,38.730998993,17.5,2.9041080475,0.0,0.0,0.0095809205,0.1270159781,0.0,0.0,0.0,Sandstone/Shale,1
25/2-7,862.60200061,479888.0,6641111.0,-837.5905762,NORDLAND GP.,Vaale Fm.,24.01599884,0.6252388954,0.6252388954,0.7730648518,1.9851384163,42.781021118,0.0,0.0,4.5253834724,147.98286438,38.97743988,17.5,2.9030339718,0.0,0.0,-0.006378981,0.1270159781,0.0,0.0,0.0,Sandstone/Shale,1
25/2-7,863.21000061,479888.0,6641111.0,-838.1986084,NORDLAND GP.,Vaale Fm.,24.01599884,0.6333789229,0.6333789229,0.7831953168,2.0042991638,39.20652771,0.0,0.0,3.4487271309,148.62786865,38.82516861,17.5,2.9539499283,0.0,0.0,-0.007385822,0.1270159781,0.0,0.0,0.0,Sandstone/Shale,1
25/2-7,865.18600061,479887.96875,6641111.0,-840.1745605,NORDLAND GP.,Vaale Fm.,24.01599884,0.6264185905,0.6264185905,0.7792093158,2.044451952,32.903110504,0.0,0.0,2.3166232109,148.08294678,39.00938797,17.5,2.8886957169,0.0,0.0,0.0037388338,0.1270159781,0.0,0.0,0.0,Sandstone,1
25/2-7,872.02600061,479887.9375,6641111.0,-847.0145264,NORDLAND GP.,Vaale Fm.,24.007951736,0.5825125575,0.5825125575,0.7697660923,1.9225869179,36.17458725,0.0,0.0,4.7935929298,146.10610962,38.92609787,17.5,6.0342960358,0.0,0.0,0.0095089972,0.1270159781,0.0,0.0,0.0,Sandstone,1
25/2-7,875.97800061,479887.9375,6641111.0,-850.9664307,NORDLAND GP.,Vaale Fm.,23.43302536,0.6026213169,0.6026213169,0.7973442078,1.9698116779,22.41567421,0.0,0.0,9.8020362854,140.87356567,38.256343842,17.5,6.5310587883,0.0,0.0,0.0824502632,0.1270159781,0.0,0.0,0.0,Sandstone,1
25/2-7,877.80200061,479887.9375,6641111.0,-852.7904053,NORDLAND GP.,Vaale Fm.,24.01599884,0.5373012424,0.5373012424,0.7133012414,1.5740623474,19.814136505,0.0,0.0,9.4674940109,147.33352661,38.793998718,17.5,0.7405899763,0.0,0.0,-0.008848227,0.1270159781,0.0,0.0,0.0,Coal,1
25/2-7,878.56200061,479887.9375,6641111.0,-853.550415,NORDLAND GP.,Vaale Fm.,24.01599884,0.5332392454,0.5332392454,0.7312392592,1.6109389067,25.863405228,0.0,0.0,9.9984893799,146.88510132,38.516407013,17.5,0.7372899652,0.0,0.0,-0.00316904,0.1270159781,0.0,0.0,0.0,Coal,1
25/2-7,879.17000061,479887.9375,6641111.0,-854.1583252,NORDLAND GP.,Vaale Fm.,24.015743256,0.5958895087,0.5958895087,0.7513977289,1.8477222919,30.139465332,0.0,0.0,7.6904754639,147.98117065,39.246349335,17.5,0.627219975,0.0,0.0,0.0082565397,0.1270159781,0.0,0.0,0.0,Coal,1
25/2-7,879.62600061,479887.9375,6641111.0,-854.6143188,NORDLAND GP.,Vaale Fm.,22.200992584,0.6141191125,0.6141191125,0.7674764395,1.9783984423,34.767112732,0.0,0.0,8.8143014908,148.68830872,38.946308136,17.5,0.625270009,0.0,0.0,0.0776015073,0.1270159781,0.0,0.0,0.0,Sandstone,1
25/2-7,882.66600061,479887.9375,6641111.0,-857.6542969,NORDLAND GP.,Vaale Fm.,20.755271912,0.6371318698,0.6371318698,0.73393327,2.1067698002,36.235160828,0.0,0.0,7.2306013107,150.51309204,38.287719727,17.5,2.7627360821,0.0,0.0,0.0462428518,0.1270159781,0.0,0.0,0.0,Sandstone,1
25/2-7,883.57800061,479887.9375,6641111.0,-858.5662842,NORDLAND GP.,Vaale Fm.,20.961118698,0.6248983145,0.6248983145,0.7175084949,2.0444796085,33.993572235,0.0,0.0,7.3737850189,148.09536743,38.601219177,17.5,2.7587099075,0.0,0.0,0.0020520473,0.1270159781,0.0,0.0,0.0,Sandstone,1
25/2-7,883.88200061,479887.9375,6641111.0,-858.8703003,NORDLAND GP.,Vaale Fm.,21.252197266,0.6166812778,0.6166812778,0.7428196073,2.0035793781,37.198490143,0.0,0.0,7.6101522446,149.07922363,38.34179306,17.5,2.7574720383,0.0,0.0,0.0033738823,0.1270159781,0.0,0.0,0.0,Sandstone,1
25/2-7,884.33800061,479887.9375,6641111.0,-859.3262939,NORDLAND GP.,Vaale Fm.,20.891582489,0.635759294,0.635759294,0.7984047532,2.0811240673,36.376960754,0.0,0.0,7.2829079628,148.46350098,38.327354431,17.5,1.5727479458,0.0,0.0,0.0500000007,0.1270159781,0.0,0.0,0.0,Sandstone,1
25/2-7,886.92200061,479887.9375,6641111.0,-861.9102173,NORDLAND GP.,Vaale Fm.,21.000185013,0.6359796524,0.6359796524,0.7360000014,2.0290119648,29.699670792,0.0,0.0,6.3722062111,147.89680481,37.544628143,17.5,2.3143119812,0.0,0.0,0.0020000001,0.1270159781,0.0,0.0,0.0,Sandstone,1
25/2-7,887.53000061,479887.9375,6641111.0,-862.5182495,NORDLAND GP.,Vaale Fm.,21.438486099,0.6209651828,0.6209651828,0.7508432865,2.0041296482,31.530954361,0.0,0.0,8.5154905319,146.67564392,38.414646149,17.5,2.5267500877,0.0,0.0,0.0129351709,0.1270159781,0.0,0.0,0.0,Sandstone,1
25/2-7,894.21800061,479887.90625,6641111.0,-869.2061157,NORDLAND GP.,Vaale Fm.,19.016000748,0.6300646067,0.6300646067,0.7755322456,2.0542087555,35.033958435,0.0,0.0,5.6872549057,145.63113403,39.312213898,17.5,2.06782794,0.0,0.0,0.0226593465,0.1270159781,0.0,0.0,0.0,Sandstone,1
25/2-7,895.43400061,479887.90625,6641111.0,-870.4220581,NORDLAND GP.,Vaale Fm.,18.924449921,0.6297696233,0.6297696233,0.7779235244,2.0582439899,33.42572403,0.0,0.0,5.34815979,145.99259949,38.149250031,17.5,1.7400640249,0.0,0.0,0.0180812962,0.1270159781,0.0,0.0,0.0,Sandstone,1
25/2-7,895.89000061,479887.90625,6641111.0,-870.8780518,NORDLAND GP.,Vaale Fm.,19.37097168,0.6176475286,0.6176475286,0.7746762037,2.0530889034,34.054264069,0.0,0.0,5.2506628036,144.44752502,38.1052742,17.5,1.9204603434,0.0,0.0,0.010642739,0.1270159781,0.0,0.0,0.0,Sandstone,1
25/2-7,897.10600061,479887.90625,6641111.0,-872.0940552,NORDLAND GP.,Vaale Fm.,20.007450104,0.6190100908,0.6190100908,0.7639035583,2.0404555798,33.541881561,0.0,0.0,5.4839954376,146.30506897,37.932823181,17.5,2.9156758785,0.0,0.0,-0.004908404,0.1270159781,0.0,0.0,0.0,Sandstone,1
25/2-7,904.70600061,479887.90625,6641111.0,-879.6938477,NORDLAND GP.,Vaale Fm.,20.375,0.6436699629,0.6436699629,0.7773135304,2.0518686771,33.327613831,0.0,0.0,8.2053661346,143.99475098,38.418998718,17.5,2.4552357197,0.0,0.0,-0.004626261,0.1270159781,0.0,0.0,0.0,Sandstone,1
25/2-7,905.46600061,479887.90625,6641111.0,-880.4538574,NORDLAND GP.,Vaale Fm.,20.615571976,0.6252485514,0.6252485514,0.7769804597,2.0616960526,29.067487717,0.0,0.0,9.696190834,144.81465149,37.817314148,17.5,2.3813719749,0.0,0.0,0.0043699518,0.1270159781,0.0,0.0,0.0,Sandstone,1
25/2-7,905.92200061,479887.90625,6641111.0,-880.9098511,NORDLAND GP.,Vaale Fm.,21.140621185,0.6243261099,0.6243261099,0.7706695199,2.0826656818,30.608989716,0.0,0.0,9.6345491409,146.77920532,38.158153534,17.5,2.4285459518,0.0,0.0,0.0239992682,0.1270159781,0.0,0.0,0.0,Sandstone,1
25/2-7,906.22600061,479887.90625,6641111.0,-881.2138672,NORDLAND GP.,Vaale Fm.,21.42656517,0.6220202446,0.6220202446,0.766680181,2.0799999237,31.689548492,0.0,0.0,9.0681810379,145.86317444,38.855998993,17.5,2.4262919426,0.0,0.0,0.0110666687,0.1270159781,0.0,0.0,0.0,Sandstone,1
25/2-7,910.48200061,479887.90625,6641111.5,-885.4697266,NORDLAND GP.,Vaale Fm.,22.09400177,0.6397268772,0.6397268772,0.8867990971,2.1318013668,28.028051376,0.0,0.0,10.271927834,144.34428406,38.432701111,17.5,3.6355695724,0.0,0.0,0.0402256213,0.1270159781,0.0,0.0,0.0,Sandstone,1
25/2-7,911.39400061,479887.90625,6641111.5,-886.3817139,NORDLAND GP.,Vaale Fm.,22.120868683,0.9835490584,0.9835490584,1.386926055,2.1498606205,41.960197449,0.0,0.0,10.784673691,130.9176178,39.003643036,17.5,3.8389358521,0.0,0.0,0.0395728685,0.1270159781,0.0,0.0,0.0,Sandstone/Shale,1
25/2-7,913.21800061,479887.90625,6641111.5,-888.2056885,NORDLAND GP.,Vaale Fm.,22.954744339,0.9896180034,0.9896180034,1.4680000544,2.1860001087,35.271270752,0.0,0.0,11.450231552,131.09655762,38.632583618,17.5,4.4703559875,0.0,0.0,0.0595401376,0.1270159781,0.0,0.0,0.0,Sandstone/Shale,1
25/2-7,913.97800061,479887.90625,6641111.5,-888.9656982,NORDLAND GP.,Vaale Fm.,22.772218704,1.0326873064,1.0326873064,1.4246873856,2.1869821548,39.975517273,0.0,0.0,11.982982635,129.68565369,39.23475647,17.5,4.5184540749,0.0,0.0,0.0711456537,0.1270159781,0.0,0.0,0.0,Sandstone/Shale,1
25/2-7,914.43400061,479887.875,6641111.5,-889.4216919,NORDLAND GP.,Vaale Fm.,22.764902115,0.9682286978,0.9682286978,1.4175542593,2.1300384998,36.939292908,0.0,0.0,12.08531189,133.19450378,38.762001038,17.5,3.1897933483,0.0,0.0,0.0562314726,0.1270159781,0.0,0.0,0.0,Sandstone/Shale,1
25/2-7,915.80200061,479887.875,6641111.5,-890.7896729,NORDLAND GP.,Vaale Fm.,19.719076157,1.0746029615,1.0746029615,1.4939675331,2.088037014,47.48399353,0.0,0.0,7.6428956985,129.29327393,38.435863495,17.5,4.0208816528,0.0,0.0,0.0085138427,0.1270159781,0.0,0.0,0.0,Sandstone/Shale,1
25/2-7,916.10600061,479887.875,6641111.5,-891.0936279,NORDLAND GP.,Vaale Fm.,19.562509537,1.0465321541,1.0465321541,1.4781501293,2.0821142197,48.781257629,0.0,0.0,6.8756551743,131.34637451,38.06067276,17.5,4.0185518265,0.0,0.0,0.0095666805,0.1270159781,0.0,0.0,0.0,Sandstone/Shale,1
25/2-7,917.17000061,479887.875,6641111.5,-892.1575928,NORDLAND GP.,Vaale Fm.,19.189271927,1.053173542,1.053173542,1.4319421053,2.0746064186,42.501403809,0.0,0.0,7.8116121292,130.90361023,38.992488861,17.5,4.0105400085,0.0,0.0,0.0107750576,0.1270159781,0.0,0.0,0.0,Sandstone/Shale,1
25/2-7,917.32200061,479887.875,6641111.5,-892.3096313,NORDLAND GP.,Vaale Fm.,19.119400024,1.0490630865,1.0490630865,1.4381526709,2.0876307487,40.184242249,0.0,0.0,8.2231740952,131.06948853,39.265182495,17.5,3.2830541134,0.0,0.0,0.0126538686,0.1270159781,0.0,0.0,0.0,Sandstone/Shale,1
25/2-7,917.93000061,479887.875,6641111.5,-892.9176025,NORDLAND GP.,Vaale Fm.,19.069881439,1.0771918297,1.0771918297,1.5131201744,2.1817994118,37.341491699,0.0,0.0,8.360669136,130.55743408,39.180034637,17.5,3.0936100483,0.0,0.0,0.0099999998,0.1270159781,0.0,0.0,0.0,Sandstone/Shale,1
25/2-7,918.38600061,479887.875,6641111.5,-893.3735962,NORDLAND GP.,Vaale Fm.,18.994802475,1.1143528223,1.1143528223,1.5058511496,2.1295876503,40.570892334,0.0,0.0,7.0871047974,127.7926178,38.979595184,17.5,3.1411979198,0.0,0.0,0.0221779402,0.1270159781,0.0,0.0,0.0,Sandstone/Shale,1
25/2-7,919.45000061,479887.875,6641111.5,-894.437561,NORDLAND GP.,Vaale Fm.,22.186246872,0.8869355321,0.8869355321,1.2592303753,2.1146755219,31.746307373,0.0,0.0,11.260414124,143.27053833,38.971858978,17.5,2.9717993736,0.0,0.0,0.029270228,0.1270159781,0.0,0.0,0.0,Sandstone/Shale,1
25/2-7,922.33800061,479887.875,6641111.5,-897.3255005,NORDLAND GP.,Vaale Fm.,22.999153137,0.854342103,0.854342103,1.2841184139,2.1469471455,25.885343552,0.0,0.0,10.62237072,144.43878174,38.986946106,17.5,1.7135959864,0.0,0.0,0.0596649386,0.1270159781,0.0,0.0,0.0,Sandstone/Shale,1
25/2-7,922.64200061,479887.875,6641111.5,-897.6295166,NORDLAND GP.,Vaale Fm.,22.927286148,0.8826541305,0.8826541305,1.37142694,2.0283181667,29.514900208,0.0,0.0,9.1663675308,144.80412292,38.586597443,17.5,1.7113060951,0.0,0.0,0.0407549366,0.1270159781,0.0,0.0,0.0,Sandstone/Shale,1
25/2-7,924.16200061,479887.875,6641111.5,-899.1494751,NORDLAND GP.,Vaale Fm.,19.150733948,0.6774486303,0.6774486303,0.8966937661,2.077893734,31.767778397,0.0,0.0,4.6739611626,143.29064941,37.262180328,17.5,2.6045808792,0.0,0.0,-0.018351048,0.1270159781,0.0,0.0,0.0,Sandstone,1
25/2-7,924.77000061,479887.875,6641111.5,-899.7575073,NORDLAND GP.,Vaale Fm.,19.08854866,0.6559262276,0.6559262276,0.7859631181,2.0409557819,26.244228363,0.0,0.0,5.0043377876,142.51066589,37.140216827,17.5,2.1630003452,0.0,0.0,-0.007274522,0.1270159781,0.0,0.0,0.0,Sandstone,1
25/2-7,925.68200061,479887.875,6641111.5,-900.6694336,NORDLAND GP.,Vaale Fm.,19.083194733,0.6294084191,0.6294084191,0.8175634146,2.0517010689,30.22734642,0.0,0.0,6.2691216469,142.45689392,39.045970917,17.5,0.6927637458,0.0,0.0,-0.001324749,0.1270159781,0.0,0.0,0.0,Sandstone,1
25/2-7,928.26600061,479887.875,6641111.5,-903.253418,NORDLAND GP.,Vaale Fm.,19.482164383,0.6401879191,0.6401879191,0.8088375926,2.1405630112,18.43536377,0.0,0.0,7.1989321709,142.56796265,38.303791046,17.5,1.1654788256,0.0,0.0,0.0190027449,0.1270159781,0.0,0.0,0.0,Sandstone,1
25/2-7,932.52200061,479887.875,6641111.5,-907.5092773,NORDLAND GP.,Vaale Fm.,24.01599884,0.531439364,0.531439364,0.756588757,1.6350103617,20.805593491,0.0,0.0,10.191709518,142.5619812,38.555671692,17.5,1.9057459831,0.0,0.0,-0.003760918,0.1270159781,0.0,0.0,0.0,Coal,1
25/2-7,934.49800061,479887.875,6641111.5,-909.4852905,NORDLAND GP.,Vaale Fm.,23.049758911,0.6084564924,0.6084564924,0.8159709573,2.1327238083,27.738931656,0.0,0.0,5.5246925354,142.56771851,37.913925171,17.5,5.9231162071,0.0,0.0,0.0032066081,0.1270159781,0.0,0.0,0.0,Sandstone,1
25/2-7,935.86600061,479887.875,6641111.5,-910.8532715,NORDLAND GP.,Vaale Fm.,23.37298584,0.5936320424,0.5936320424,0.8227400184,2.1121070385,22.900999069,0.0,0.0,6.3381872177,142.52032471,39.072235107,17.5,1.5546960831,0.0,0.0,0.0215536002,0.1270159781,0.0,0.0,0.0,Sandstone,1
25/2-7,939.97000061,479887.84375,6641111.5,-914.9571533,NORDLAND GP.,Vaale Fm.,24.01599884,0.5732251406,0.5732251406,0.7699999809,1.9535125494,17.275634766,0.0,0.0,10.5740242,142.56794739,38.865684509,17.5,1.041872859,0.0,0.0,0.1020782888,0.1270159781,0.0,0.0,0.0,Sandstone,1
25/2-7,941.79400061,479887.84375,6641111.5,-916.7811279,NORDLAND GP.,Vaale Fm.,24.01599884,0.6101716757,0.6101716757,0.7851380706,2.1365318298,23.018608093,0.0,0.0,8.0235509872,142.56784058,37.844493866,17.5,0.7069420218,0.0,0.0,0.0719999969,0.1270159781,0.0,0.0,0.0,Sandstone,1
25/2-7,942.55400061,479887.84375,6641111.5,-917.5411377,NORDLAND GP.,Vaale Fm.,24.01599884,0.6005417109,0.6005417109,0.773999989,2.1285247803,28.360538483,0.0,0.0,6.1087956429,142.55535889,38.352920532,17.5,0.8087679744,0.0,0.0,0.0308642425,0.1270159781,0.0,0.0,0.0,Sandstone,1
25/2-7,943.92200061,479887.84375,6641111.5,-918.9090576,NORDLAND GP.,Vaale Fm.,21.556886673,0.6338152885,0.6338152885,0.8090369701,2.0758092403,26.774795532,0.0,0.0,5.3410778046,142.56758118,38.670154572,17.5,1.1210240126,0.0,0.0,0.0538996495,0.1270159781,0.0,0.0,0.0,Sandstone,1
25/2-7,944.83400061,479887.84375,6641111.5,-919.8210449,NORDLAND GP.,Vaale Fm.,20.250598907,0.5999799371,0.5999799371,0.8130066991,2.0839231014,28.637458801,0.0,0.0,7.1428384781,142.5639801,38.886161804,17.5,1.3032290936,0.0,0.0,0.0759064928,0.1270159781,0.0,0.0,0.0,Sandstone,1
25/2-7,947.57000061,479887.84375,6641111.5,-922.5570068,NORDLAND GP.,Vaale Fm.,24.01599884,0.5644507408,0.5644507408,0.7518925071,1.9554017782,24.405193329,0.0,0.0,10.245733261,142.56762695,38.387001038,17.5,3.9968099594,0.0,0.0,0.0521534793,0.1270159781,0.0,0.0,0.0,Sandstone,1
25/2-7,948.33000061,479887.84375,6641111.5,-923.3170166,NORDLAND GP.,Vaale Fm.,23.983318329,0.5795262456,0.5795262456,0.764531076,2.062609911,28.819196701,0.0,0.0,8.4260778427,142.54568481,38.543998718,17.5,0.8727200031,0.0,0.0,0.0404561237,0.1270159781,0.0,0.0,0.0,Sandstone,1
25/2-7,949.39400061,479887.84375,6641111.5,-924.3809814,NORDLAND GP.,Vaale Fm.,20.579349518,0.5843153596,0.5843153596,0.8412297964,2.0218780041,24.613096237,0.0,0.0,5.0681500435,142.51379395,39.146137238,17.5,0.6497420669,0.0,0.0,0.0636624843,0.1270159781,0.0,0.0,0.0,Sandstone,1
25/2-7,950.15400061,479887.84375,6641111.5,-925.1409302,NORDLAND GP.,Vaale Fm.,20.047903061,0.6856738329,0.6856738329,0.8318030834,2.123976469,24.537857056,0.0,0.0,3.8086419106,142.52319336,38.039768219,17.5,1.2891680002,0.0,0.0,-0.011390635,0.1270159781,0.0,0.0,0.0,Sandstone,1
25/2-7,953.49800061,479887.84375,6641111.5,-928.4848633,NORDLAND GP.,Vaale Fm.,24.01599884,0.5910000205,0.5910000205,0.7710343599,1.9989572763,22.082317352,0.0,0.0,9.8486604691,142.5055542,38.281562805,17.5,0.4123836756,0.0,0.0,0.0475836284,0.1270159781,0.0,0.0,0.0,Sandstone,1
25/2-7,953.65000061,479887.84375,6641111.5,-928.6369019,NORDLAND GP.,Vaale Fm.,24.01599884,0.5733420849,0.5733420849,0.7639548779,1.8691123724,22.048505783,0.0,0.0,9.5544700623,142.50772095,38.07869339,17.5,0.41049999,0.0,0.0,0.0602625981,0.1270159781,0.0,0.0,0.0,Sandstone,1
25/2-7,956.99400061,479887.84375,6641111.5,-931.980835,NORDLAND GP.,Vaale Fm.,24.01599884,0.5756503344,0.5756503344,0.8181328773,1.7730396986,21.722902298,0.0,0.0,8.1383876801,142.47720337,38.474277496,17.5,1.5991369486,0.0,0.0,0.0316469893,0.1270159781,0.0,0.0,0.0,Coal,1
25/2-7,957.45000061,479887.84375,6641111.5,-932.4368286,NORDLAND GP.,Vaale Fm.,24.01599884,0.5691010356,0.5691010356,0.8253257275,1.9053293467,25.748365402,0.0,0.0,8.5414466858,142.50613403,38.702907562,17.5,1.680349946,0.0,0.0,0.091976203,0.1270159781,0.0,0.0,0.0,Sandstone,1
25/2-7,957.90600061,479887.84375,6641111.5,-932.8928223,NORDLAND GP.,Vaale Fm.,24.01599884,0.5899999738,0.5899999738,0.8310703635,1.9578037262,25.763292313,0.0,0.0,6.7587332726,142.4931488,38.6693573,17.5,1.6241699457,0.0,0.0,0.0882315114,0.1270159781,0.0,0.0,0.0,Sandstone,1
25/2-7,958.05800061,479887.84375,6641111.5,-933.0447998,NORDLAND GP.,Vaale Fm.,24.01599884,0.5899999738,0.5899999738,0.8327650428,2.018481493,22.898990631,0.0,0.0,6.1439771652,142.48126221,38.479370117,17.5,1.6233519316,0.0,0.0,0.084936671,0.1270159781,0.0,0.0,0.0,Sandstone,1
25/2-7,959.27400061,479887.8125,6641111.5,-934.2608032,NORDLAND GP.,Vaale Fm.,24.01599884,0.5822313428,0.5822313428,0.8182810545,2.0999598503,21.749679565,0.0,0.0,5.0470395088,142.50836182,37.63697052,17.5,0.6490300298,0.0,0.0,0.0550401248,0.1270159781,0.0,0.0,0.0,Sandstone,1
25/2-7,959.57800061,479887.8125,6641111.5,-934.5647583,NORDLAND GP.,Vaale Fm.,24.01599884,0.5817845464,0.5817845464,0.8112615347,2.0940825939,23.307451248,0.0,0.0,4.9144787788,142.50869751,37.58575058,17.5,0.7012099624,0.0,0.0,0.0356445871,0.1270159781,0.0,0.0,0.0,Sandstone,1
25/2-7,961.40200061,479887.8125,6641111.5,-936.3887329,NORDLAND GP.,Vaale Fm.,23.527427673,0.5748090148,0.5748090148,0.8000000119,2.1075410843,22.422937393,0.0,0.0,3.4505763054,142.48657227,38.337417603,17.5,1.497789979,0.0,0.0,0.0011671958,0.1270159781,0.0,0.0,0.0,Sandstone,1
25/2-7,965.20200061,479887.8125,6641111.5,-940.1887207,NORDLAND GP.,Vaale Fm.,23.099367142,1.0696414709,1.0696414709,1.6265101433,2.2070000172,36.885341644,0.0,0.0,6.2542414665,127.38897705,39.235351563,17.5,4.8966298103,0.0,0.0,0.0120733948,0.1270159781,0.0,0.0,0.0,Sandstone/Shale,1
25/2-7,966.26600061,479887.8125,6641111.5,-941.2526245,NORDLAND GP.,Vaale Fm.,21.195688248,1.1836385727,1.1836385727,1.6985764503,2.1914961338,43.778648376,0.0,0.0,5.486489296,123.51394653,38.758804321,17.5,4.1598701477,0.0,0.0,0.0104881246,0.1270159781,0.0,0.0,0.0,Sandstone/Shale,1
25/2-7,966.72200061,479887.8125,6641111.5,-941.7086182,NORDLAND GP.,Vaale Fm.,20.916851044,1.1415390968,1.1415390968,1.7378475666,2.1794383526,42.103546143,0.0,0.0,5.6518988609,123.75510406,38.93290329,17.5,4.0756678581,0.0,0.0,0.0352235325,0.1270159781,0.0,0.0,0.0,Sandstone/Shale,1
25/2-7,966.87400061,479887.8125,6641111.5,-941.8606567,NORDLAND GP.,Vaale Fm.,20.702638626,1.144288063,1.144288063,1.7278741598,2.1758141518,42.870452881,0.0,0.0,5.3634576797,123.61198425,38.980998993,17.5,2.8665163517,0.0,0.0,0.0420409553,0.1270159781,0.0,0.0,0.0,Sandstone/Shale,1
25/2-7,967.02600061,479887.8125,6641111.5,-942.0126343,NORDLAND GP.,Vaale Fm.,20.383909225,1.1524893045,1.1524893045,1.7197304964,2.1819999218,42.01360321,0.0,0.0,4.9680809975,123.8816452,39.133480072,17.5,2.5944004059,0.0,0.0,0.0422819629,0.1270159781,0.0,0.0,0.0,Sandstone/Shale,1
25/2-7,969.91400061,479887.8125,6641111.5,-944.9005737,NORDLAND GP.,Vaale Fm.,20.989923477,0.7731685638,0.7731685638,1.0513693094,2.1532671452,26.824216843,0.0,0.0,3.2381393909,141.19522095,38.748355865,17.5,0.5161358118,0.0,0.0,0.0165839847,0.1270159781,0.0,0.0,0.0,Sandstone,1
25/2-7,970.82600061,479887.8125,6641111.5,-945.812561,NORDLAND GP.,Vaale Fm.,19.233100891,0.7386336327,0.7386336327,0.8787227273,2.1299026012,26.47315979,0.0,0.0,2.8737916946,138.86045837,37.992137909,17.5,0.802044034,0.0,0.0,-0.008364605,0.1270159781,0.0,0.0,0.0,Sandstone,1
25/2-7,970.97800061,479887.8125,6641111.5,-945.9645996,NORDLAND GP.,Vaale Fm.,19.20218277,0.7400000095,0.7400000095,0.8826262355,2.1368300915,25.51140213,0.0,0.0,2.8382282257,140.41078186,38.411186218,17.5,0.8012099862,0.0,0.0,-0.008627428,0.1270159781,0.0,0.0,0.0,Sandstone,1
25/2-7,972.19400061,479887.8125,6641111.5,-947.180542,NORDLAND GP.,Vaale Fm.,23.983999252,0.5918608904,0.5918608904,0.7757027745,1.7901450396,23.644838333,0.0,0.0,9.4070005417,158.31843567,38.381694794,17.5,0.4720300138,0.0,0.0,0.0907888114,0.1270159781,0.0,0.0,0.0,Sandstone,1
25/2-7,973.86600061,479887.8125,6641111.5,-948.8525391,NORDLAND GP.,Vaale Fm.,22.676486969,0.5754919648,0.5754919648,0.8429041505,1.8861581087,24.095159531,0.0,0.0,7.4376964569,159.83190918,38.793998718,17.5,1.0006380081,0.0,0.0,0.0745359361,0.1270159781,0.0,0.0,0.0,Sandstone,1
25/2-7,975.99400061,479887.8125,6641111.5,-950.9804688,NORDLAND GP.,Vaale Fm.,21.618770599,0.6364402175,0.6364402175,0.8411790729,1.9375435114,27.591821671,0.0,0.0,6.1478071213,146.52841187,39.611495972,17.5,0.1290360093,0.0,0.0,0.0287385825,0.1270159781,0.0,0.0,0.0,Sandstone,1
25/2-7,977.66600061,479887.8125,6641111.5,-952.6524048,NORDLAND GP.,Vaale Fm.,20.449121475,0.7282490134,0.7282490134,0.9031623006,2.0422358513,28.072164536,0.0,0.0,4.4829759598,143.41938782,39.944820404,17.5,0.7235161066,0.0,0.0,0.0298351385,0.1270159781,0.0,0.0,0.0,Sandstone,1
25/2-7,978.73000061,479887.8125,6641111.5,-953.7163696,NORDLAND GP.,Vaale Fm.,22.126399994,0.625490427,0.625490427,0.854734242,1.8807307482,30.117954254,0.0,0.0,6.8756976128,145.53372192,40.124343872,17.5,1.6342492104,0.0,0.0,0.0631834492,0.1270159781,0.0,0.0,0.0,Sandstone,1
25/2-7,980.70600061,479887.8125,6641111.5,-955.6922607,NORDLAND GP.,Vaale Fm.,20.00450325,0.7122808099,0.7122808099,0.8949999809,1.9539999962,30.457923889,0.0,0.0,2.8869576454,139.33770752,39.403240204,17.5,2.9422450066,0.0,0.0,0.0132502094,0.1270159781,0.0,0.0,0.0,Sandstone,1
25/2-7,980.85800061,479887.8125,6641111.5,-955.8442383,NORDLAND GP.,Vaale Fm.,20.508506775,0.6765139103,0.6765139103,0.8923999071,1.9569779634,28.057785034,0.0,0.0,3.0712428093,143.82125854,39.232139587,17.5,5.2642097473,0.0,0.0,0.0116277607,0.1270159781,0.0,0.0,0.0,Sandstone,1
25/2-7,982.22600061,479887.8125,6641111.5,-957.2122192,NORDLAND GP.,Vaale Fm.,24.01599884,0.5978161693,0.5978161693,0.8058722019,2.0810880661,23.378892899,0.0,0.0,6.3853745461,146.1889801,39.274440765,17.5,1.6166263819,0.0,0.0,0.1384664327,0.1270159781,0.0,0.0,0.0,Sandstone,1
25/2-7,983.29000061,479887.8125,6641111.5,-958.2761841,NORDLAND GP.,Vaale Fm.,23.340089798,0.6329760551,0.6329760551,0.8529880643,1.8233684301,33.307323456,0.0,0.0,4.9949512482,145.01695251,38.730957031,17.5,0.2510599792,0.0,0.0,0.0033779817,0.1270159781,0.0,0.0,0.0,Sandstone,1
25/2-7,983.44200061,479887.8125,6641111.5,-958.4282227,NORDLAND GP.,Vaale Fm.,23.253515244,0.6379800439,0.6379800439,0.854673326,1.8159999847,31.825754166,0.0,0.0,4.4831476212,144.48274231,38.967472076,17.5,0.2502900064,0.0,0.0,-0.007638097,0.1270159781,0.0,0.0,0.0,Sandstone,1
25/2-7,983.89800061,479887.8125,6641111.5,-958.8841553,NORDLAND GP.,Vaale Fm.,23.509918213,0.6770995259,0.6770995259,0.8560438156,1.8659980297,31.041900635,0.0,0.0,4.209145546,147.35232544,39.150279999,17.5,1.6435091496,0.0,0.0,-0.001360159,0.1270159781,0.0,0.0,0.0,Sandstone,1
25/2-7,985.57000061,479887.8125,6641111.5,-960.5560913,NORDLAND GP.,Vaale Fm.,19.394021988,0.6972312331,0.6972312331,0.8424202204,2.1716017723,24.963922501,0.0,0.0,2.7840149403,144.89749146,38.525733948,17.5,1.6520501375,0.0,0.0,0.048275359,0.1270159781,0.0,0.0,0.0,Sandstone,1
25/2-7,986.48200061,479887.8125,6641111.5,-961.4680786,NORDLAND GP.,Vaale Fm.,20.691402435,0.7040963173,0.7040963173,0.8490962982,2.1773691177,27.50287056,0.0,0.0,2.900285244,147.30101013,37.49798584,17.5,1.0896002054,0.0,0.0,0.0286711045,0.1270159781,0.0,0.0,0.0,Sandstone,1
25/2-7,987.39400061,479887.8125,6641111.5,-962.3800049,NORDLAND GP.,Vaale Fm.,19.563331604,0.7157415748,0.7157415748,0.8902584314,2.1414070129,29.311695099,0.0,0.0,3.5390868187,139.49810791,37.046913147,17.5,1.1430300474,0.0,0.0,0.0050738677,0.1270159781,0.0,0.0,0.0,Sandstone,1
25/2-7,989.06600061,479887.8125,6641111.5,-964.0519409,NORDLAND GP.,Vaale Fm.,22.245603561,0.6098669171,0.6098669171,0.7968518734,2.095539093,25.19029808,0.0,0.0,4.3424415588,140.84773254,38.161651611,17.5,4.0372700691,0.0,0.0,0.0080045648,0.1270159781,0.0,0.0,0.0,Sandstone,1
25/2-7,989.67400061,479887.8125,6641112.0,-964.6599731,NORDLAND GP.,Vaale Fm.,22.672216415,0.6661821604,0.6661821604,0.795627892,2.124361515,23.217544556,0.0,0.0,5.3709926605,143.3674469,37.446372986,17.5,3.980230093,0.0,0.0,0.0034187045,0.1270159781,0.0,0.0,0.0,Sandstone,1
25/2-7,990.43400061,479887.8125,6641112.0,-965.4199219,NORDLAND GP.,Vaale Fm.,22.151538849,0.6724172235,0.6724172235,0.8300285339,2.1030344963,24.422044754,0.0,0.0,3.8459923267,141.71333313,37.97990799,17.5,1.3417299986,0.0,0.0,-0.003448403,0.1270159781,0.0,0.0,0.0,Sandstone,1
25/2-7,991.34600061,479887.8125,6641112.0,-966.3319092,NORDLAND GP.,Vaale Fm.,21.52025032,0.6428589225,0.6428589225,0.841429472,2.1270000935,24.214054108,0.0,0.0,2.9447729588,141.57531738,37.350105286,17.5,2.3045699596,0.0,0.0,-0.004572936,0.1270159781,0.0,0.0,0.0,Sandstone,1
25/2-7,994.53800061,479887.8125,6641112.0,-969.5238037,NORDLAND GP.,Vaale Fm.,19.465784073,0.6713823676,0.6713823676,0.8214608431,1.9284080267,33.507099152,0.0,0.0,5.2303719521,148.87388611,39.925014496,17.5,0.4660460949,0.0,0.0,0.000272008,0.1270159781,0.0,0.0,0.0,Sandstone,1
25/2-7,997.12200061,479887.8125,6641112.0,-972.107666,NORDLAND GP.,Vaale Fm.,19.298069,0.7289044857,0.7289044857,0.8025326729,2.1692774296,27.001373291,0.0,0.0,3.4764962196,144.47093201,38.000808716,17.5,7.5423679352,0.0,0.0,0.0516387671,0.1270159781,0.0,0.0,0.0,Sandstone,1
25/2-7,997.57800061,479887.8125,6641112.0,-972.5636597,NORDLAND GP.,Vaale Fm.,18.954332352,0.7397117615,0.7397117615,0.9672585726,2.131418705,34.632709503,0.0,0.0,5.0727972984,141.66046143,38.793998718,17.5,7.5399103165,0.0,0.0,0.052750729,0.1270159781,0.0,0.0,0.0,Sandstone,1
25/2-7,998.03400061,479887.84375,6641112.0,-973.0196533,NORDLAND GP.,Vaale Fm.,18.994123459,1.0295693874,1.0295693874,1.2540595531,2.0488493443,56.476715088,0.0,0.0,4.5360398293,135.84155273,39.613750458,17.5,6.5696640015,0.0,0.0,0.0219999999,0.1270159781,0.0,0.0,0.0,Sandstone/Shale,1
25/2-7,999.55400061,479887.84375,6641112.0,-974.5396118,NORDLAND GP.,Vaale Fm.,19.060476303,1.1299206018,1.1299206018,1.5188877583,1.9808356762,48.499069214,0.0,0.0,3.8425192833,131.8399353,38.668998718,17.5,0.8626300097,0.0,0.0,0.0061474722,0.1270159781,0.0,0.0,0.0,Sandstone/Shale,1
25/2-7,1003.0500006,479887.84375,6641112.0,-978.0354614,NORDLAND GP.,Vaale Fm.,18.858999252,1.0370986462,1.0370986462,1.3260493279,2.0724117756,31.709751129,0.0,0.0,3.6306841373,140.26329041,39.165519714,17.5,1.7210502625,0.0,0.0,0.0601335503,0.1270159781,0.0,0.0,0.0,Sandstone,1
25/2-7,1004.8740006,479887.84375,6641112.0,-979.859436,NORDLAND GP.,Vaale Fm.,21.550003052,0.7268600464,0.7268600464,0.8407200575,2.0996615887,36.689540863,0.0,0.0,5.3720598221,148.55856323,39.620876312,17.5,2.0011079311,0.0,0.0,0.0935112089,0.1270159781,0.0,0.0,0.0,Sandstone,1
25/2-7,1008.9780006,479887.84375,6641112.0,-983.9632568,NORDLAND GP.,Vaale Fm.,23.653879166,0.6378347874,0.6378347874,0.8364302516,2.1523034573,30.954423904,0.0,0.0,5.5020518303,149.19906616,38.804733276,17.5,1.4543987513,0.0,0.0,0.0355475545,0.1270159781,0.0,0.0,0.0,Sandstone,1
25/2-7,1010.8020006,479887.84375,6641112.0,-985.7871704,NORDLAND GP.,Vaale Fm.,21.044927597,0.6352710724,0.6352710724,0.8135831356,1.8905541897,38.93340683,0.0,0.0,6.0788903236,148.78067017,40.712776184,17.5,3.8766252995,0.0,0.0,0.0001687344,0.1270159781,0.0,0.0,0.0,Sandstone,1
25/2-7,1011.2580006,479887.84375,6641112.0,-986.2431641,NORDLAND GP.,Vaale Fm.,21.999847412,0.6649329662,0.6649329662,0.8069999814,1.9761183262,32.399181366,0.0,0.0,8.0348987579,147.27731323,40.082077026,17.5,1.9461779594,0.0,0.0,0.0519658402,0.1270159781,0.0,0.0,0.0,Sandstone,1
25/2-7,1018.5540006,479887.84375,6641112.0,-993.5388794,NORDLAND GP.,Vaale Fm.,19.327999115,0.7161610723,0.7161610723,0.8700000048,2.0635297298,30.72369194,0.0,0.0,3.9402656555,139.72036743,38.660049438,17.5,2.7436137199,0.0,0.0,0.0656196624,0.1270159781,0.0,0.0,0.0,Sandstone,1
25/2-7,1022.6580006,479887.84375,6641112.0,-997.6427612,NORDLAND GP.,Vaale Fm.,19.062349319,0.7045461535,0.7045461535,0.8279483318,1.9342532158,27.667528152,0.0,0.0,2.8990664482,141.7278595,38.957313538,17.5,1.5255360603,0.0,0.0,0.0003493464,0.1270159781,0.0,0.0,0.0,Sandstone,1
25/2-7,1023.7220006,479887.84375,6641112.0,-998.706665,NORDLAND GP.,Vaale Fm.,19.293781281,0.6805250049,0.6805250049,0.809843719,2.0580656528,27.830993652,0.0,0.0,3.2534651756,141.96473694,38.698184967,17.5,1.5569788218,0.0,0.0,0.0420091711,0.1270159781,0.0,0.0,0.0,Sandstone,1
25/2-7,1024.7860006,479887.84375,6641112.0,-999.7706299,NORDLAND GP.,Vaale Fm.,19.19849205,0.6969032884,0.6969032884,0.8204516768,2.1035199165,28.986843109,0.0,0.0,3.5408387184,141.8412323,38.338615417,17.5,1.1846259832,0.0,0.0,0.0556571111,0.1270159781,0.0,0.0,0.0,Sandstone,1
25/2-7,1024.9380006,479887.84375,6641112.0,-999.9226074,NORDLAND GP.,Vaale Fm.,19.070465088,0.6993898153,0.6993898153,0.8256610036,2.0753366947,29.07972908,0.0,0.0,3.6098380089,142.36804199,38.368083954,17.5,1.1832959652,0.0,0.0,0.038668368,0.1270159781,0.0,0.0,0.0,Sandstone,1
25/2-7,1032.3860006,479887.875,6641112.0,-1007.370361,NORDLAND GP.,Vaale Fm.,18.919307709,0.7199251056,0.7199251056,0.8053689599,1.8848947287,32.418281555,0.0,0.0,4.0946450233,149.66299438,39.308917999,17.5,3.0547120571,0.0,0.0,0.005447397,0.1270159781,0.0,0.0,0.0,Sandstone,1
25/2-7,1033.2980006,479887.875,6641112.0,-1008.282288,NORDLAND GP.,Vaale Fm.,19.01707077,0.6539456248,0.6539456248,0.8193286061,2.0042676926,26.462123871,0.0,0.0,3.1383705139,147.32150269,39.381134033,17.5,2.0790200233,0.0,0.0,0.0346673839,0.1270159781,0.0,0.0,0.0,Sandstone,1
25/2-7,1038.3140006,479887.875,6641112.0,-1013.298157,NORDLAND GP.,Vaale Fm.,18.858999252,0.7242415547,0.7242415547,0.9382374883,2.0514798164,31.880004883,0.0,0.0,2.7338671684,142.15989685,38.544811249,17.5,6.4445877075,0.0,0.0,0.0060403398,0.1270159781,0.0,0.0,0.0,Sandstone,1
25/2-7,1040.4420006,479887.875,6641112.0,-1015.426086,NORDLAND GP.,Vaale Fm.,18.516000748,0.9967707992,0.9967707992,1.1740756035,2.0654156208,35.59405899,0.0,0.0,2.6844553947,135.95803833,37.940784454,17.5,4.3229866028,0.0,0.0,0.0005964107,0.1270159781,0.0,0.0,0.0,Sandstone,1
25/2-7,1040.8980006,479887.875,6641112.0,-1015.88208,NORDLAND GP.,Vaale Fm.,18.452999115,0.7826349139,0.7826349139,0.9985898137,2.0310115814,32.586902618,0.0,0.0,2.3883812428,140.6020813,38.095615387,17.5,2.8743817806,0.0,0.0,-0.011335273,0.1270159781,0.0,0.0,0.0,Sandstone,1
25/2-7,1041.0500006,479887.875,6641112.0,-1016.034058,NORDLAND GP.,Vaale Fm.,18.458322525,0.7660133839,0.7660133839,0.9540469646,2.0356655121,31.876390457,0.0,0.0,2.3785386086,141.54875183,37.867366791,17.5,2.872699976,0.0,0.0,-0.011001749,0.1270159781,0.0,0.0,0.0,Sandstone,1
25/2-7,1041.6580006,479887.875,6641112.0,-1016.642029,NORDLAND GP.,Vaale Fm.,18.520832062,0.7364625335,0.7364625335,0.8447136879,2.0430672169,31.884586334,0.0,0.0,2.4023828506,144.17156982,37.284801483,17.5,2.8673939705,0.0,0.0,-0.013288522,0.1270159781,0.0,0.0,0.0,Sandstone,1
25/2-7,1044.6980006,479887.875,6641112.0,-1019.681885,NORDLAND GP.,Vaale Fm.,18.712936401,0.6928847432,0.6928847432,0.8648077846,2.0605106354,30.483682632,0.0,0.0,2.6869027615,146.10166931,36.900657654,17.5,3.0563180447,0.0,0.0,-0.00156956,0.1270159781,0.0,0.0,0.0,Sandstone,1
25/2-7,1045.6100006,479887.875,6641112.0,-1020.593872,NORDLAND GP.,Vaale Fm.,18.877031326,0.7122533321,0.7122533321,0.8747466803,2.0680656433,24.365861893,0.0,0.0,2.7202525139,147.28681946,37.473148346,17.5,2.6184098721,0.0,0.0,0.0150657054,0.1270159781,0.0,0.0,0.0,Sandstone,1
25/2-7,1046.0660006,479887.875,6641112.0,-1021.049805,NORDLAND GP.,Vaale Fm.,18.803119659,0.7032276988,0.7032276988,0.8787366152,2.1032743454,27.349460602,0.0,0.0,2.8475944996,147.38616943,37.417076111,17.5,2.5069720745,0.0,0.0,0.0277950298,0.1270159781,0.0,0.0,0.0,Sandstone,1
25/2-7,1047.7380006,479887.875,6641112.5,-1022.721741,NORDLAND GP.,Vaale Fm.,18.573551178,0.7360342741,0.7360342741,0.8668326735,2.0701754093,28.465068817,0.0,0.0,2.4547727108,145.59603882,37.953907013,17.5,3.1404840946,0.0,0.0,0.0208279528,0.1270159781,0.0,0.0,0.0,Sandstone,1
25/2-7,1049.2580006,479887.875,6641112.5,-1024.241821,HORDALAND GP.,Vaale Fm.,18.346866608,1.120275259,1.120275259,1.297888875,2.024897337,52.173088074,0.0,0.0,2.4126749039,151.56048584,39.228385925,17.5,1.5979422331,0.0,0.0,0.0078088618,0.1270159781,0.0,0.0,0.0,Sandstone/Shale,1
25/2-7,1051.0820006,479887.875,6641112.5,-1026.065674,HORDALAND GP.,Vaale Fm.,18.330558777,1.3292448521,1.3292448521,1.6458175182,2.0388436317,39.54668045,0.0,0.0,2.9762356281,130.22805786,38.956176758,17.5,3.3861265182,0.0,0.0,-0.015,0.1270159781,0.0,0.0,0.0,Sandstone,1
25/2-7,1052.2980006,479887.875,6641112.5,-1027.281616,HORDALAND GP.,Vaale Fm.,19.223388672,1.3929007053,1.3929007053,1.5164858103,1.8012589216,47.511863708,0.0,0.0,5.538629055,149.54255676,40.209487915,17.5,3.531537056,0.0,0.0,0.0575300269,0.1270159781,0.0,0.0,0.0,Sandstone,1
25/2-7,1052.6020006,479887.90625,6641112.5,-1027.585693,HORDALAND GP.,Vaale Fm.,20.052845001,1.2882839441,1.2882839441,1.4901098013,1.6984118223,49.644943237,0.0,0.0,4.7668733597,149.65194702,40.150283813,17.5,3.4824137688,0.0,0.0,0.0155362114,0.1270159781,0.0,0.0,0.0,Sandstone/Shale,1
25/2-7,1054.1220006,479887.90625,6641112.5,-1029.105469,HORDALAND GP.,Vaale Fm.,20.399339676,1.4057750702,1.4057750702,1.8005018234,1.936679244,46.40057373,0.0,0.0,2.4923129082,152.23899841,40.800579071,17.5,3.0554625988,0.0,0.0,-0.000679257,0.1270159781,0.0,0.0,0.0,Sandstone/Shale,1
25/2-7,1057.1620006,479887.90625,6641112.5,-1032.145386,HORDALAND GP.,Vaale Fm.,19.338230133,1.4487527609,1.4487527609,1.8074840307,1.9533820152,50.562839508,0.0,0.0,2.6852338314,155.00997925,40.20672226,17.5,2.7648899555,0.0,0.0,0.0070545748,0.1270159781,0.0,0.0,0.0,Sandstone/Shale,1
25/2-7,1057.4660006,479887.90625,6641112.5,-1032.449341,HORDALAND GP.,Vaale Fm.,20.176128387,1.4959338903,1.4959338903,1.8336299658,1.9623104334,50.458473206,0.0,0.0,2.5580871105,153.34759521,40.593173981,17.5,2.7990124226,0.0,0.0,0.0045073959,0.1270159781,0.0,0.0,0.0,Sandstone/Shale,1
25/2-7,1058.2260006,479887.90625,6641112.5,-1033.209351,HORDALAND GP.,Vaale Fm.,18.842189789,1.4813554287,1.4813554287,1.8591066599,1.9606364965,43.473854065,0.0,0.0,2.2067909241,153.48921204,40.665657043,17.5,4.4267101288,0.0,0.0,0.0038182668,0.1270159781,0.0,0.0,0.0,Sandstone,1
25/2-7,1061.7220006,479887.90625,6641112.5,-1036.705322,HORDALAND GP.,Vaale Fm.,18.344753265,1.3275980949,1.3275980949,1.5590000153,1.9718054533,59.823581696,0.0,0.0,2.4023885727,159.40348816,40.169776917,17.5,4.8958120346,0.0,0.0,0.0040243166,0.1270159781,0.0,0.0,0.0,Shale,1
25/2-7,1062.4820006,479887.90625,6641112.5,-1037.465332,HORDALAND GP.,Vaale Fm.,18.373846054,1.313570261,1.313570261,1.5382661819,1.9785906076,53.080921173,0.0,0.0,2.3850417137,159.84083557,40.985752106,17.5,4.8925719261,0.0,0.0,0.0059255594,0.1270159781,0.0,0.0,0.0,Shale,1
25/2-7,1065.6740006,479887.90625,6641112.5,-1040.657104,HORDALAND GP.,Vaale Fm.,18.404611588,1.3509066105,1.3509066105,1.5143067837,1.9726477861,52.667869568,0.0,0.0,2.4265534878,158.99497986,41.093315125,17.5,3.8035299778,0.0,0.0,0.0093701743,0.1270159781,0.0,0.0,0.0,Shale,1
25/2-7,1069.7780006,479887.90625,6641112.5,-1044.760986,HORDALAND GP.,Vaale Fm.,18.398332596,1.4018360376,1.4018360376,1.6228035688,1.9524894953,53.090621948,0.0,0.0,2.9245369434,157.46986389,40.725917816,17.5,3.9523937702,0.0,0.0,0.0038157813,0.129412517,0.0,0.0,0.0,Shale,1
25/2-7,1070.2340006,479887.90625,6641112.5,-1045.216919,HORDALAND GP.,Vaale Fm.,18.413959503,1.3820332289,1.3820332289,1.6480727196,1.967114687,52.290103912,0.0,0.0,2.6701004505,156.94497681,40.080337524,17.5,3.6874518394,0.0,0.0,0.0001430464,0.129412517,0.0,0.0,0.0,Shale,1
25/2-7,1070.5380006,479887.90625,6641112.5,-1045.520874,HORDALAND GP.,Vaale Fm.,18.404783249,1.4397873878,1.4397873878,1.6725149155,1.9630602598,58.797683716,0.0,0.0,2.5075204372,155.22108459,39.980998993,17.5,3.6751098633,0.0,0.0,-0.002,0.129412517,0.0,0.0,0.0,Shale,1
25/2-7,1070.8420006,479887.90625,6641112.5,-1045.824951,HORDALAND GP.,Vaale Fm.,18.448287964,1.4759999514,1.4759999514,1.7196985483,1.9539067745,54.093795776,0.0,0.0,2.423627615,153.76815796,40.131332397,17.5,3.769340992,0.0,0.0,-0.007818646,0.129412517,0.0,0.0,0.0,Shale,1
25/2-7,1071.1460006,479887.90625,6641112.5,-1046.128906,HORDALAND GP.,Vaale Fm.,18.446586609,1.5049901009,1.5049901009,1.7751088142,1.9515600204,52.301338196,0.0,0.0,2.4526741505,154.03631592,40.176486969,17.5,3.9950699806,0.0,0.0,-0.004186669,0.129412517,0.0,0.0,0.0,Shale,1
25/2-7,1071.6020006,479887.90625,6641112.5,-1046.584961,HORDALAND GP.,Vaale Fm.,18.43488121,1.5195667744,1.5195667744,1.8176290989,1.9720511436,49.561725616,0.0,0.0,2.5581703186,154.03564453,40.574550629,17.5,3.9393901825,0.0,0.0,-0.000779539,0.129412517,0.0,0.0,0.0,Shale,1
25/2-7,1075.5540006,479887.90625,6641112.5,-1050.536743,HORDALAND GP.,Vaale Fm.,18.403678894,1.4443134069,1.4443134069,1.7289466858,1.9427368641,50.856689453,0.0,0.0,2.3748958111,156.26701355,40.847835541,17.5,3.6535298824,0.0,0.0,-0.00168444,0.129412517,0.0,0.0,0.0,Sandstone/Shale,1
25/2-7,1076.9220006,479887.90625,6641112.5,-1051.904663,HORDALAND GP.,Vaale Fm.,18.352891922,1.4997837543,1.4997837543,1.7527362108,1.9810156822,55.775051117,0.0,0.0,2.7536337376,154.07260132,40.485866547,17.5,3.9702122211,0.0,0.0,0.010286836,0.129412517,0.0,0.0,0.0,Shale,1
25/2-7,1080.1140006,479887.90625,6641112.5,-1055.096558,HORDALAND GP.,Vaale Fm.,18.358999252,1.4953591824,1.4953591824,1.8133422136,1.9472928047,54.793010712,0.0,0.0,2.6009726524,153.52549744,40.359336853,17.5,4.696937561,0.0,0.0,0.0006342725,0.129412517,0.0,0.0,0.0,Shale,1
25/2-7,1082.0900006,479887.90625,6641112.5,-1057.07251,HORDALAND GP.,Vaale Fm.,18.334009171,1.5829889774,1.5829889774,1.8675055504,1.9607466459,54.269332886,0.0,0.0,2.4037549496,154.04000854,40.501049042,17.5,3.1815600395,0.0,0.0,0.0021221356,0.129412517,0.0,0.0,0.0,Shale,1
25/2-7,1082.6980006,479887.90625,6641112.5,-1057.680542,HORDALAND GP.,Vaale Fm.,19.168621063,1.5027711391,1.5027711391,1.8255790472,1.9606138468,49.84526825,0.0,0.0,2.2500231266,153.33805847,40.807624817,17.5,2.6551082134,0.0,0.0,0.0050689946,0.129412517,0.0,0.0,0.0,Shale,1
25/2-7,1085.4340006,479887.90625,6641112.5,-1060.416382,HORDALAND GP.,Vaale Fm.,18.363706589,1.5443034172,1.5443034172,1.8798276186,1.9811661243,54.354557037,0.0,0.0,2.3048169613,152.2482605,40.299930573,17.5,2.4282639027,0.0,0.0,0.0022996804,0.129412517,0.0,0.0,0.0,Shale,1
25/2-7,1085.5860006,479887.90625,6641112.5,-1060.568481,HORDALAND GP.,Vaale Fm.,18.416948318,1.5446887016,1.5446887016,1.883125782,1.9789999723,54.517910004,0.0,0.0,2.3027524948,152.68408203,40.155014038,17.5,2.4275701046,0.0,0.0,0.0026921947,0.129412517,0.0,0.0,0.0,Shale,1
25/2-7,1090.1460006,479887.90625,6641112.5,-1065.128174,HORDALAND GP.,Vaale Fm.,18.492237091,1.4644986391,1.4644986391,1.7889688015,1.9479408264,53.127620697,0.0,0.0,2.1474869251,154.31326294,40.805122375,17.5,3.375715971,0.0,0.0,0.0014556533,0.129412517,0.0,0.0,0.0,Sandstone/Shale,1
25/2-7,1091.3620006,479887.90625,6641112.5,-1066.344238,HORDALAND GP.,Vaale Fm.,18.375,1.4402732849,1.4402732849,1.7669264078,1.929820776,48.305728912,0.0,0.0,2.1218605042,155.77510071,40.151821136,17.5,2.2618336678,0.0,0.0,0.01053565,0.129412517,0.0,0.0,0.0,Sandstone/Shale,1
25/2-7,1094.2500006,479887.90625,6641112.5,-1069.232056,HORDALAND GP.,Vaale Fm.,18.422000885,1.4143844843,1.4143844843,1.6836249828,1.9279574156,54.431098938,0.0,0.0,2.1707289219,150.31056213,40.480049133,17.5,1.9601999521,0.0,0.0,0.0035143991,0.129412517,0.0,0.0,0.0,Shale,1
25/2-7,1095.6180006,479887.875,6641112.5,-1070.600098,HORDALAND GP.,Vaale Fm.,18.418113708,1.4236239195,1.4236239195,1.7062860727,1.9245630503,42.062129974,0.0,0.0,2.2170257568,154.05001831,40.946590424,17.5,1.9543279409,0.0,0.0,0.001218492,0.129412517,0.0,0.0,0.0,Sandstone/Shale,1
25/2-7,1097.4420006,479887.875,6641112.5,-1072.42395,HORDALAND GP.,Vaale Fm.,18.394859314,1.4809869528,1.4809869528,1.8067160845,1.9603281021,47.247699738,0.0,0.0,2.1373622417,146.07211304,40.409721375,17.5,2.3765897751,0.0,0.0,0.0014843212,0.129412517,0.0,0.0,0.0,Sandstone/Shale,1
25/2-7,1098.5060006,479887.875,6641112.5,-1073.487915,HORDALAND GP.,Vaale Fm.,18.389987946,1.4650195837,1.4650195837,1.7612811327,1.9416593313,49.398612976,0.0,0.0,2.3094801903,153.59864807,40.346969604,17.5,2.3719699383,0.0,0.0,-0.006318659,0.129412517,0.0,0.0,0.0,Shale,1
25/2-7,1098.6580006,479887.875,6641112.5,-1073.639893,HORDALAND GP.,Vaale Fm.,18.3644104,1.4676747322,1.4676747322,1.7492531538,1.9382948875,51.180904388,0.0,0.0,2.2752766609,153.77503967,40.607131958,17.5,2.3713259697,0.0,0.0,-0.005338143,0.129412517,0.0,0.0,0.0,Shale,1
25/2-7,1099.7220006,479887.875,6641112.5,-1074.703857,HORDALAND GP.,Vaale Fm.,18.359962463,1.4412492514,1.4412492514,1.7550978661,1.9888395071,48.863731384,0.0,0.0,2.2071101665,151.815979,40.964344025,17.5,3.7646119595,0.0,0.0,0.0079598771,0.129412517,0.0,0.0,0.0,Sandstone/Shale,1
25/2-7,1101.2420006,479887.875,6641112.5,-1076.223755,HORDALAND GP.,Vaale Fm.,18.426401138,1.4525852203,1.4525852203,1.8960000277,1.9967186451,41.989971161,0.0,0.0,2.4640982151,148.41099548,40.654354095,17.5,1.834815979,0.0,0.0,0.0040000002,0.129412517,0.0,0.0,0.0,Sandstone/Shale,1
25/2-7,1101.5460006,479887.875,6641112.5,-1076.527832,HORDALAND GP.,Vaale Fm.,18.451263428,1.4905030727,1.4905030727,1.8615192175,1.9450800419,45.557250977,0.0,0.0,3.286303997,144.6743927,40.954910278,17.5,1.861254096,0.0,0.0,0.0200549494,0.129412517,0.0,0.0,0.0,Sandstone/Shale,1
25/2-7,1103.3700006,479887.875,6641112.5,-1078.351685,HORDALAND GP.,Vaale Fm.,18.552085876,1.4060902596,1.4060902596,1.8207894564,1.9412564039,46.029182434,0.0,0.0,2.594479084,162.41297913,40.003864288,17.5,1.8320300579,0.0,0.0,0.0107435538,0.129412517,0.0,0.0,0.0,Sandstone/Shale,1
25/2-7,1103.8260006,479887.875,6641112.5,-1078.807739,HORDALAND GP.,Vaale Fm.,20.131479263,1.4379999638,1.4379999638,1.8320000172,1.9580044746,47.734630585,0.0,0.0,2.154127121,161.92150879,39.89465332,17.5,1.8313479424,0.0,0.0,0.0122578694,0.129412517,0.0,0.0,0.0,Shale,1
25/2-7,1104.4340006,479887.875,6641112.5,-1079.415649,HORDALAND GP.,Vaale Fm.,18.477190018,1.4324246645,1.4324246645,1.8232876062,1.9644294977,51.313705444,0.0,0.0,2.231552124,160.51844788,40.568958282,17.5,2.3131659031,0.0,0.0,-0.000761752,0.129412517,0.0,0.0,0.0,Shale,1
25/2-7,1104.8900006,479887.875,6641112.5,-1079.871704,HORDALAND GP.,Vaale Fm.,18.362688065,1.4338514805,1.4338514805,1.8175405264,1.9730000496,58.30688858,0.0,0.0,2.2651431561,160.4203186,41.065979004,17.5,2.3124201298,0.0,0.0,0.0017695077,0.129412517,0.0,0.0,0.0,Shale,1
25/2-7,1109.6020006,479887.875,6641113.0,-1084.583496,HORDALAND GP.,Vaale Fm.,18.373472214,1.4976345301,1.4976345301,1.8909317255,1.9938513041,46.918605804,0.0,0.0,2.2593517303,157.40878296,40.565639496,17.5,3.2177941799,0.0,0.0,0.0032974184,0.129412517,0.0,0.0,0.0,Sandstone/Shale,1
25/2-7,1110.5140006,479887.875,6641113.0,-1085.495483,HORDALAND GP.,Vaale Fm.,18.37286377,1.5288757086,1.5288757086,1.8865311146,1.9778646231,47.689258575,0.0,0.0,2.4442837238,154.60011292,40.603809357,17.5,2.3317859173,0.0,0.0,0.0168646201,0.129412517,0.0,0.0,0.0,Sandstone/Shale,1
25/2-7,1110.6660006,479887.875,6641113.0,-1085.647461,HORDALAND GP.,Vaale Fm.,18.410028458,1.5131742954,1.5131742954,1.8892174959,1.9629559517,51.191650391,0.0,0.0,2.4108362198,154.9263916,40.39925766,17.5,2.3316340446,0.0,0.0,0.0019559166,0.129412517,0.0,0.0,0.0,Sandstone/Shale,1
25/2-7,1120.0900006,479887.875,6641113.0,-1095.071045,HORDALAND GP.,Vaale Fm.,18.374490738,1.4333587885,1.4333587885,1.7188694477,1.9498728514,48.984302521,0.0,0.0,2.4620804787,150.71760559,41.041942596,17.5,2.4798099995,0.0,0.0,0.0048092152,0.1318090409,0.0,0.0,0.0,Sandstone/Shale,1
25/2-7,1120.6980006,479887.875,6641113.0,-1095.679077,HORDALAND GP.,Vaale Fm.,18.375,1.4635242224,1.4635242224,1.7111296654,1.9478303194,50.235923767,0.0,0.0,2.5121483803,147.45935059,41.141757965,17.5,2.5058019161,0.0,0.0,0.0038727487,0.1318090409,0.0,0.0,0.0,Sandstone/Shale,1
25/2-7,1122.2180006,479887.875,6641113.0,-1097.198975,HORDALAND GP.,Vaale Fm.,18.493452072,1.3802790642,1.3802790642,1.5812557936,1.9816589355,65.601745605,0.0,0.0,3.0875430107,146.60769653,41.561229706,17.5,2.9862818718,0.0,0.0,0.0057953391,0.1318090409,0.0,0.0,0.0,Sandstone/Shale,1
25/2-7,1125.4100006,479887.875,6641113.0,-1100.390869,HORDALAND GP.,Vaale Fm.,18.327999115,1.5223778486,1.5223778486,1.8133778572,2.0017528534,54.124526978,0.0,0.0,2.3517212868,155.03688049,41.463798523,17.5,2.5262899399,0.0,0.0,0.0002472356,0.1318090409,0.0,0.0,0.0,Sandstone/Shale,1
25/2-7,1125.7140006,479887.875,6641113.0,-1100.694824,HORDALAND GP.,Vaale Fm.,18.372936249,1.534740448,1.534740448,1.818351388,1.9930313826,51.621700287,0.0,0.0,2.3717777729,153.1537323,42.099979401,17.5,2.552685976,0.0,0.0,-0.001871068,0.1318090409,0.0,0.0,0.0,Sandstone/Shale,1
25/2-7,1127.0820006,479887.875,6641113.0,-1102.062866,HORDALAND GP.,Vaale Fm.,18.358999252,1.4069194794,1.4069194794,1.8271454573,2.0230000019,52.110355377,0.0,0.0,2.3654744625,147.20515442,39.668998718,17.5,1.072013855,0.0,0.0,-0.00430489,0.1318090409,0.0,0.0,0.0,Sandstone/Shale,1
25/2-7,1127.2340006,479887.875,6641113.0,-1102.214844,HORDALAND GP.,Vaale Fm.,18.33281517,1.4152821302,1.4152821302,1.7844965458,2.0187768936,53.490139008,0.0,0.0,2.3501431942,146.26281738,39.668998718,17.5,0.781265974,0.0,0.0,-0.005689244,0.1318090409,0.0,0.0,0.0,Sandstone/Shale,1
25/2-7,1129.0580006,479887.875,6641113.0,-1104.038696,HORDALAND GP.,Vaale Fm.,18.312999725,0.8710612655,0.8710612655,1.0023747683,2.0469999313,29.743274689,0.0,0.0,2.291664362,145.74075317,39.100189209,17.5,0.8635302782,0.0,0.0,-0.008813414,0.1318090409,0.0,0.0,0.0,Sandstone,1
25/2-7,1132.0980006,479887.875,6641113.0,-1107.078613,HORDALAND GP.,Vaale Fm.,18.297000885,0.8690000176,0.8690000176,1.1080386639,2.0698442459,28.589324951,0.0,0.0,2.2395486832,140.49627686,38.752632141,17.5,0.7204681635,0.0,0.0,-0.00447907,0.1318090409,0.0,0.0,0.0,Sandstone,1
25/2-7,1132.4020006,479887.875,6641113.0,-1107.382568,HORDALAND GP.,Vaale Fm.,18.284908295,0.865491271,0.865491271,1.1120173931,2.0755114555,28.702312469,0.0,0.0,2.2574527264,141.5165863,38.355705261,17.5,0.7206959724,0.0,0.0,-0.00675576,0.1318090409,0.0,0.0,0.0,Sandstone,1
25/2-7,1132.7060006,479887.875,6641113.0,-1107.686646,HORDALAND GP.,Vaale Fm.,18.281000137,0.8749923706,0.8749923706,1.1202471256,2.0735008717,32.001270294,0.0,0.0,2.1726574898,142.10301208,38.145149231,17.5,0.7202880383,0.0,0.0,-0.012500892,0.1318090409,0.0,0.0,0.0,Sandstone,1
25/2-7,1133.7700006,479887.875,6641113.0,-1108.75061,HORDALAND GP.,Vaale Fm.,18.289318085,0.89607656,0.89607656,1.1547307968,2.0780000687,27.487459183,0.0,0.0,2.1698350906,142.03282166,38.31137085,17.5,1.8448300362,0.0,0.0,-0.020268338,0.1318090409,0.0,0.0,0.0,Sandstone,1
25/2-7,1135.2900006,479887.875,6641113.0,-1110.270508,HORDALAND GP.,Vaale Fm.,18.281000137,0.895475626,0.895475626,1.1344755888,2.0725886822,30.804765701,0.0,0.0,2.2446277142,141.49243164,37.918998718,17.5,1.9501100779,0.0,0.0,-0.012,0.1330073029,0.0,0.0,0.0,Sandstone,1
25/2-7,1137.4180006,479887.875,6641113.0,-1112.398438,HORDALAND GP.,Vaale Fm.,18.281000137,0.9159885049,0.9159885049,1.1203243732,2.0706751347,27.137075424,0.0,0.0,2.3223290443,140.2003479,38.835506439,17.5,1.2233819962,0.0,0.0,-0.011331256,0.1330073029,0.0,0.0,0.0,Sandstone,1
25/2-7,1138.0260006,479887.875,6641113.0,-1113.00647,HORDALAND GP.,Vaale Fm.,18.297000885,0.8245108724,0.8245108724,1.0631681681,2.0753674507,27.229511261,0.0,0.0,2.4142217636,141.98937988,38.958328247,17.5,1.2422798872,0.0,0.0,-0.009341876,0.1330073029,0.0,0.0,0.0,Sandstone,1
25/2-7,1139.2420006,479887.875,6641113.0,-1114.22229,HORDALAND GP.,Vaale Fm.,18.306560516,0.8963688016,0.8963688016,1.0572795868,2.0805497169,29.282083511,0.0,0.0,2.3385102749,142.80639648,37.211170197,17.5,2.0100295544,0.0,0.0,-0.012912185,0.1330073029,0.0,0.0,0.0,Sandstone,1
25/2-7,1140.6100006,479887.875,6641113.0,-1115.590332,HORDALAND GP.,Vaale Fm.,18.341238022,1.3463081121,1.3463081121,1.6513081789,2.0167722702,60.409729004,0.0,0.0,2.5077412128,147.62084961,40.826641083,17.5,3.9803898335,0.0,0.0,0.0012277645,0.1330073029,0.0,0.0,0.0,Shale,1
25/2-7,1141.8260006,479887.875,6641113.0,-1116.806274,HORDALAND GP.,Vaale Fm.,18.287517548,1.4027491808,1.4027491808,1.7612627745,2.0293703079,52.034561157,0.0,0.0,2.2979896069,154.1002655,40.078056335,17.5,2.7991480827,0.0,0.0,0.0049999999,0.1330073029,0.0,0.0,0.0,Shale,1
25/2-7,1143.1940006,479887.875,6641113.0,-1118.174194,HORDALAND GP.,Vaale Fm.,18.357357025,1.4961761236,1.4961761236,1.8601567745,2.1073250771,52.845367432,0.0,0.0,2.6845328808,129.48994446,40.529167175,17.5,2.7974059582,0.0,0.0,-0.002430887,0.1330073029,0.0,0.0,0.0,Sandstone/Shale,1
25/2-7,1145.1700006,479887.875,6641113.0,-1120.150146,HORDALAND GP.,Vaale Fm.,18.327999115,1.2516402006,1.2516402006,1.5504351854,2.068094492,53.179458618,0.0,0.0,2.7130856514,139.11787415,40.772670746,17.5,3.3843197823,0.0,0.0,0.0049300562,0.1330073029,0.0,0.0,0.0,Sandstone/Shale,1
25/2-7,1146.3860006,479887.875,6641113.0,-1121.366089,HORDALAND GP.,Vaale Fm.,18.375900269,1.4719810486,1.4719810486,1.8370798826,2.0091950893,49.673107147,0.0,0.0,2.5606148243,114.64527893,40.891662598,17.5,4.3480138779,0.0,0.0,0.0024274159,0.1330073029,0.0,0.0,0.0,Sandstone,1
25/2-7,1148.2100006,479887.875,6641113.0,-1123.190063,HORDALAND GP.,Vaale Fm.,18.272684097,1.5419259071,1.5419259071,1.9736446142,2.1531352997,43.692619324,0.0,0.0,2.4905831814,130.75410461,40.423542023,17.5,0.6458799839,0.0,0.0,-0.002413161,0.1330073029,0.0,0.0,0.0,Sandstone,1
25/2-7,1148.3620006,479887.875,6641113.0,-1123.342041,HORDALAND GP.,Vaale Fm.,18.28931427,1.4663947821,1.4663947821,1.9103317261,2.1659214497,37.742553711,0.0,0.0,2.4617114067,130.49209595,40.098968506,17.5,0.6622541547,0.0,0.0,-0.005,0.1330073029,0.0,0.0,0.0,Sandstone,1
25/2-7,1152.4660006,479887.875,6641113.0,-1127.445801,HORDALAND GP.,Vaale Fm.,18.327999115,1.1554716825,1.1554716825,1.4657341242,1.9908633232,60.383472443,0.0,0.0,2.8922278881,151.86743164,40.637001038,17.5,2.7869000435,0.0,0.0,0.0087728919,0.1330073029,0.0,0.0,0.0,Shale,1
25/2-7,1154.4420006,479887.875,6641113.0,-1129.421875,HORDALAND GP.,Vaale Fm.,18.322376251,1.2881439924,1.2881439924,1.5515036583,2.0966267586,44.811187744,0.0,0.0,2.5192255974,130.55665588,40.871761322,17.5,2.7703142166,0.0,0.0,0.0007506298,0.1330073029,0.0,0.0,0.0,Sandstone/Shale,1
25/2-7,1158.5460006,479887.875,6641113.0,-1133.525635,HORDALAND GP.,Vaale Fm.,18.281000137,0.8703033328,0.8703033328,1.0768198967,2.0846083164,30.20980072,0.0,0.0,2.276581049,144.90403748,38.518913269,17.5,1.818500042,0.0,0.0,-0.020912338,0.1330073029,0.0,0.0,0.0,Sandstone,1
25/2-7,1160.6740006,479887.875,6641113.0,-1135.653564,HORDALAND GP.,Vaale Fm.,18.375,1.0682662725,1.0682662725,1.2382055521,1.9846348763,36.270839691,0.0,0.0,2.4170789719,136.59579468,39.728626251,17.5,1.7974939346,0.0,0.0,-0.004534316,0.1330073029,0.0,0.0,0.0,Sandstone,1
25/2-7,1162.1940006,479887.875,6641113.0,-1137.173462,HORDALAND GP.,Vaale Fm.,18.281000137,1.1890000105,1.1890000105,1.3323270082,1.8596884012,48.450244904,0.0,0.0,2.3708655834,157.26867676,41.549648285,17.5,1.6020059586,0.0,0.0,0.001,0.1330073029,0.0,0.0,0.0,Shale,1
25/2-7,1162.6500006,479887.875,6641113.0,-1137.629517,HORDALAND GP.,Vaale Fm.,18.362728119,1.1760188341,1.1760188341,1.3735355139,1.8793981075,52.924160004,0.0,0.0,2.6779584885,161.43681335,42.617050171,17.5,1.6554000378,0.0,0.0,-0.001533966,0.1330073029,0.0,0.0,0.0,Shale,1
25/2-7,1165.5380006,479887.875,6641113.5,-1140.517334,HORDALAND GP.,Vaale Fm.,18.312999725,1.2259966135,1.2259966135,1.4157284498,1.8526328802,50.436912537,0.0,0.0,2.351556778,162.00076294,41.74553299,17.5,1.8683620691,0.0,0.0,0.0027343507,0.1330073029,0.0,0.0,0.0,Shale,1
25/2-7,1170.0980006,479887.875,6641113.5,-1145.077271,HORDALAND GP.,Vaale Fm.,18.422000885,1.2124946117,1.2124946117,1.4172472954,1.8246284723,47.788795471,0.0,0.0,2.7863974571,161.69197083,40.918998718,17.5,1.3297020197,0.0,0.0,0.0054762969,0.1330073029,0.0,0.0,0.0,Sandstone/Shale,1
25/2-7,1171.3140006,479887.875,6641113.5,-1146.293213,HORDALAND GP.,Vaale Fm.,18.25,1.2251806259,1.2251806259,1.38501513,1.8261643648,52.95866394,0.0,0.0,2.3762531281,163.75993347,42.370677948,17.5,1.2754859924,0.0,0.0,-0.004334273,0.1330073029,0.0,0.0,0.0,Shale,1
25/2-7,1171.7700006,479887.875,6641113.5,-1146.749146,HORDALAND GP.,Vaale Fm.,18.587491989,1.1301072836,1.1301072836,1.36419034,1.8203924894,49.503677368,0.0,0.0,2.6243596077,163.29960632,41.265602112,17.5,1.2752300501,0.0,0.0,0.001,0.1330073029,0.0,0.0,0.0,Shale,1
25/2-7,1172.5300006,479887.875,6641113.5,-1147.509155,HORDALAND GP.,Vaale Fm.,18.362924576,1.2612302303,1.2612302303,1.4033690691,1.8076854944,48.448158264,0.0,0.0,2.4394524097,160.18777466,41.472949982,17.5,1.274799943,0.0,0.0,-0.009813065,0.1330073029,0.0,0.0,0.0,Shale,1
25/2-7,1173.1380006,479887.875,6641113.5,-1148.117188,HORDALAND GP.,Vaale Fm.,18.337839127,1.2638450861,1.2638450861,1.4081220627,1.8278448582,44.231163025,0.0,0.0,2.660284996,158.38037109,41.409454346,17.5,1.8642619848,0.0,0.0,0.0020516836,0.1330073029,0.0,0.0,0.0,Sandstone/Shale,1
25/2-7,1174.5060006,479887.875,6641113.5,-1149.485107,HORDALAND GP.,Vaale Fm.,18.433507919,1.2390562296,1.2390562296,1.3353660107,1.8628309965,53.6301651,0.0,0.0,2.5408027172,163.3523407,41.797515869,17.5,0.8447939754,0.0,0.0,-0.003,0.1330073029,0.0,0.0,0.0,Shale,1
25/2-7,1175.8740006,479887.84375,6641113.5,-1150.853149,HORDALAND GP.,Vaale Fm.,19.391719818,1.2769906521,1.2769906521,1.4380232096,1.7920373678,48.831348419,0.0,0.0,2.363966465,154.74946594,41.996128082,17.5,0.9314678907,0.0,0.0,-0.002976711,0.1330073029,0.0,0.0,0.0,Sandstone/Shale,1
25/2-7,1177.0900006,479887.84375,6641113.5,-1152.06897,HORDALAND GP.,Vaale Fm.,19.642986298,1.2368671894,1.2368671894,1.4049501419,1.8120331764,53.085063934,0.0,0.0,2.6166243553,157.91352844,41.797618866,17.5,0.8434000015,0.0,0.0,0.001,0.1330073029,0.0,0.0,0.0,Sandstone/Shale,1
25/2-7,1178.1540006,479887.84375,6641113.5,-1153.133057,HORDALAND GP.,Vaale Fm.,18.384735107,1.2748607397,1.2748607397,1.4308259487,1.8020000458,50.927021027,0.0,0.0,2.2638120651,156.47215271,41.281269073,17.5,1.2304737568,0.0,0.0,0.0001738471,0.1330073029,0.0,0.0,0.0,Sandstone/Shale,1
25/2-7,1179.8260006,479887.84375,6641113.5,-1154.805054,HORDALAND GP.,Vaale Fm.,18.416934967,1.2022874355,1.2022874355,1.3210943937,1.7547165155,51.133926392,0.0,0.0,3.9288094044,156.57711792,41.833045959,17.5,1.231210351,0.0,0.0,0.016364269,0.1330073029,0.0,0.0,0.0,Sandstone/Shale,1
25/2-7,1181.0420006,479887.84375,6641113.5,-1156.020996,HORDALAND GP.,Vaale Fm.,18.335903168,1.2298965454,1.2298965454,1.3775384426,1.8374115229,56.429004669,0.0,0.0,3.0858211517,158.68455505,41.867137909,17.5,1.2702000141,0.0,0.0,0.0293273646,0.1330073029,0.0,0.0,0.0,Shale,1
25/2-7,1181.8020006,479887.84375,6641113.5,-1156.781006,HORDALAND GP.,Vaale Fm.,18.327999115,1.282689333,1.282689333,1.4323787689,1.808193922,58.157718658,0.0,0.0,2.9643187523,156.83641052,41.700000763,17.5,1.2708722353,0.0,0.0,-0.004193928,0.1330073029,0.0,0.0,0.0,Shale,1
25/2-7,1181.9540006,479887.84375,6641113.5,-1156.932983,HORDALAND GP.,Vaale Fm.,18.314498901,1.2882943153,1.2882943153,1.4247057438,1.8079999685,58.502666473,0.0,0.0,2.9262528419,156.84390259,41.700000763,17.5,1.3522902727,0.0,0.0,-0.004900058,0.1330073029,0.0,0.0,0.0,Shale,1
25/2-7,1182.5620006,479887.84375,6641113.5,-1157.541016,HORDALAND GP.,Vaale Fm.,18.34223175,1.2225568295,1.2225568295,1.4090023041,1.8253365755,47.254600525,0.0,0.0,2.5130157471,159.98040771,41.715400696,17.5,1.3766380548,0.0,0.0,-0.003663367,0.1330073029,0.0,0.0,0.0,Shale,1
25/2-7,1183.6260006,479887.84375,6641113.5,-1158.60498,HORDALAND GP.,Vaale Fm.,18.355009079,1.2101668119,1.2101668119,1.3837034702,1.7903862,50.597667694,0.0,0.0,2.3845071793,159.0316925,42.130493164,17.5,1.4296740294,0.0,0.0,-0.008643728,0.1330073029,0.0,0.0,0.0,Shale,1
25/2-7,1185.1460006,479887.84375,6641113.5,-1160.125,HORDALAND GP.,Vaale Fm.,18.35667038,1.2677804232,1.2677804232,1.4440000057,1.7909811735,54.956226349,0.0,0.0,2.6511332989,160.15112305,42.30298996,17.5,1.1607539654,0.0,0.0,-0.007465884,0.1330073029,0.0,0.0,0.0,Shale,1
25/2-7,1187.5780006,479887.84375,6641113.5,-1162.556885,HORDALAND GP.,Vaale Fm.,18.312999725,1.2622289658,1.2622289658,1.4026144743,1.8239697218,49.887718201,0.0,0.0,2.1772964001,161.1235199,41.499485016,17.5,1.2726178169,0.0,0.0,-0.003803027,0.1330073029,0.0,0.0,0.0,Shale,1
25/2-7,1187.7300006,479887.84375,6641113.5,-1162.708862,HORDALAND GP.,Vaale Fm.,18.312999725,1.2689958811,1.2689958811,1.405598402,1.8187974691,52.604049683,0.0,0.0,2.1514353752,160.70219421,41.649791718,17.5,1.2666699886,0.0,0.0,-0.007202452,0.1330073029,0.0,0.0,0.0,Shale,1
25/2-7,1188.0340006,479887.84375,6641113.5,-1163.012939,HORDALAND GP.,Vaale Fm.,18.312204361,1.2770307064,1.2770307064,1.4253509045,1.8174093962,56.327178955,0.0,0.0,2.0198020935,159.72714233,41.600769043,17.5,1.4272999763,0.0,0.0,-0.003409402,0.1330073029,0.0,0.0,0.0,Shale,1
25/2-7,1189.0980006,479887.84375,6641113.5,-1164.076904,HORDALAND GP.,Vaale Fm.,18.293424606,1.2622054815,1.2622054815,1.4145702124,1.827753067,51.620410919,0.0,0.0,2.1950724125,158.20080566,40.874126434,17.5,1.2160528898,0.0,0.0,-0.001670566,0.1330073029,0.0,0.0,0.0,Shale,1
25/2-7,1190.7700006,479887.84375,6641113.5,-1165.748901,HORDALAND GP.,Vaale Fm.,18.323961258,1.260543704,1.260543704,1.3755313158,2.1438314915,48.88312912,0.0,0.0,2.6582453251,161.79219055,41.773948669,17.5,1.8012299538,0.0,0.0,0.0072244154,0.1330073029,0.0,0.0,0.0,Sandstone/Shale,1
25/2-7,1190.9220006,479887.84375,6641113.5,-1165.900879,HORDALAND GP.,Vaale Fm.,18.351100922,1.2406228781,1.2406228781,1.3663002253,2.080599308,49.40694809,0.0,0.0,2.5246298313,157.85321045,41.673038483,17.5,1.6526048183,0.0,0.0,0.0144712934,0.1330073029,0.0,0.0,0.0,Sandstone/Shale,1
25/2-7,1192.1380006,479887.84375,6641113.5,-1167.116943,HORDALAND GP.,Vaale Fm.,18.387964249,1.2107231617,1.2107231617,1.3806778193,1.8608967066,55.590499878,0.0,0.0,2.0995852947,129.17980957,41.496585846,17.5,1.1570620537,0.0,0.0,0.0014483604,0.1330073029,0.0,0.0,0.0,Sandstone/Shale,1
25/2-7,1192.5940006,479887.84375,6641113.5,-1167.572876,HORDALAND GP.,Vaale Fm.,18.430791855,1.2688896656,1.2688896656,1.4017246962,1.8386574984,60.534404755,0.0,0.0,2.2956755161,127.5491333,41.114814758,17.5,1.1568059921,0.0,0.0,-0.004432777,0.1330073029,0.0,0.0,0.0,Shale,1
25/2-7,1193.9620006,479887.84375,6641113.5,-1168.940918,HORDALAND GP.,Vaale Fm.,18.436218262,1.1953933239,1.1953933239,1.3684780598,1.8009926081,48.400089264,0.0,0.0,2.2737042904,149.99572754,42.260066986,17.5,1.1705367565,0.0,0.0,-0.008,0.1330073029,0.0,0.0,0.0,Shale,1
25/2-7,1196.5460006,479887.84375,6641113.5,-1171.524902,HORDALAND GP.,Vaale Fm.,18.381168365,1.2547054291,1.2547054291,1.399879694,1.8002961874,47.219524384,0.0,0.0,2.1787512302,157.24754333,41.124729156,17.5,1.1010539532,0.0,0.0,0.0015924263,0.1330073029,0.0,0.0,0.0,Sandstone/Shale,1
25/2-7,1196.6980006,479887.84375,6641113.5,-1171.67688,HORDALAND GP.,Vaale Fm.,18.369325638,1.2481992245,1.2481992245,1.3889101744,1.7984186411,48.250659943,0.0,0.0,2.2092704773,157.44619751,41.055019379,17.5,1.1009999514,0.0,0.0,0.0004186677,0.1330073029,0.0,0.0,0.0,Sandstone/Shale,1
25/2-7,1199.7380006,479887.84375,6641113.5,-1174.716797,HORDALAND GP.,Vaale Fm.,18.383714676,1.2213051319,1.2213051319,1.3590404987,1.7663708925,48.155338287,0.0,0.0,2.1970963478,157.44038391,41.717494965,17.5,0.8848620057,0.0,0.0,-0.004407291,0.1330073029,0.0,0.0,0.0,Sandstone/Shale,1
25/2-7,1200.8020006,479887.84375,6641113.5,-1175.780762,HORDALAND GP.,Vaale Fm.,18.376810074,1.2074902058,1.2074902058,1.3278366327,1.6611901522,41.401298523,0.0,0.0,1.8884319067,154.6489563,41.518753052,17.5,0.9513480067,0.0,0.0,-0.012149021,0.1330073029,0.0,0.0,0.0,Sandstone/Shale,1
25/2-7,1202.3220006,479887.84375,6641113.5,-1177.300781,HORDALAND GP.,Vaale Fm.,18.383773804,1.2011885643,1.2011885643,1.333565712,1.7523550987,47.725887299,0.0,0.0,1.8338989019,160.53257751,41.344882965,17.5,1.5649899244,0.0,0.0,-0.005903396,0.1330073029,0.0,0.0,0.0,Sandstone/Shale,1
25/2-7,1202.9300006,479887.84375,6641113.5,-1177.908813,HORDALAND GP.,Vaale Fm.,18.400272369,1.2079794407,1.2079794407,1.3214099407,1.7789145708,49.250747681,0.0,0.0,1.8134212494,161.41331482,41.50686264,17.5,2.0966498852,0.0,0.0,-7.5364e-05,0.1330073029,0.0,0.0,0.0,Shale,1
25/2-7,1204.4500006,479887.8125,6641113.5,-1179.428711,HORDALAND GP.,Vaale Fm.,18.398099899,1.2648202181,1.2648202181,1.3382686377,1.7798845768,47.225593567,0.0,0.0,2.0431399345,157.42457581,41.862552643,17.5,2.1394999027,0.0,0.0,0.0069538299,0.1330073029,0.0,0.0,0.0,Shale,1
25/2-7,1206.1220006,479887.8125,6641113.5,-1181.100708,HORDALAND GP.,Vaale Fm.,18.412651062,1.2732955217,1.2732955217,1.4415553808,1.7548962831,51.664344788,0.0,0.0,2.1200311184,154.21360779,40.709236145,17.5,1.3229899406,0.0,0.0,0.0009654312,0.1330073029,0.0,0.0,0.0,Shale,1
25/2-7,1207.1860006,479887.8125,6641113.5,-1182.164795,HORDALAND GP.,Vaale Fm.,18.622386932,1.2822619677,1.2822619677,1.4407097101,1.745569706,43.48135376,0.0,0.0,2.3484230042,153.8338623,41.527999878,17.5,1.3153699636,0.0,0.0,-0.00585658,0.1330073029,0.0,0.0,0.0,Shale,1
25/2-7,1207.9460006,479887.8125,6641113.5,-1182.924683,HORDALAND GP.,Vaale Fm.,18.562549591,1.2549905777,1.2549905777,1.405143857,1.7127701044,48.603626251,0.0,0.0,1.7480216026,152.97035217,41.332210541,17.5,1.0954700708,0.0,0.0,-0.001352493,0.1330073029,0.0,0.0,0.0,Shale,1
25/2-7,1212.5060006,479887.8125,6641113.5,-1187.484619,HORDALAND GP.,Vaale Fm.,19.245922089,1.189709425,1.189709425,1.365033865,1.7179588079,43.999462128,0.0,0.0,2.3199262619,157.58323669,40.492519379,17.5,1.6904031038,0.0,0.0,-0.01188273,0.1330073029,0.0,0.0,0.0,Sandstone/Shale,1
25/2-7,1216.1540006,479887.8125,6641113.5,-1191.13269,HORDALAND GP.,Vaale Fm.,18.411266327,1.3532955647,1.3532955647,1.4986437559,1.8011683226,47.185016632,0.0,0.0,2.1233577728,152.71514893,41.544334412,17.5,1.3576298952,0.0,0.0,-0.00154877,0.1330073029,0.0,0.0,0.0,Shale,1
25/2-7,1216.9140006,479887.8125,6641113.5,-1191.892578,HORDALAND GP.,Vaale Fm.,18.379745483,1.3114567995,1.3114567995,1.4980000257,1.8195595741,47.439670563,0.0,0.0,2.2481691837,156.20150757,41.345180511,17.5,1.5667159557,0.0,0.0,-0.009110105,0.1330073029,0.0,0.0,0.0,Shale,1
25/2-7,1218.8900006,479887.8125,6641113.5,-1193.86853,HORDALAND GP.,Vaale Fm.,18.362661362,1.3531394005,1.3531394005,1.5190889835,1.8215630054,47.948139191,0.0,0.0,2.2071726322,154.6427002,40.927997589,17.5,4.0723600388,0.0,0.0,-0.00768741,0.1330073029,0.0,0.0,0.0,Shale,1
25/2-7,1220.1060006,479887.8125,6641113.5,-1195.084473,HORDALAND GP.,Vaale Fm.,18.362863541,1.3154047728,1.3154047728,1.5535048246,1.9709712267,47.157680511,0.0,0.0,2.587818861,151.79571533,42.627727509,17.5,3.0450339317,0.0,0.0,0.0024829439,0.1330073029,0.0,0.0,0.0,Shale,1
25/2-7,1220.8660006,479887.8125,6641113.5,-1195.844482,HORDALAND GP.,Vaale Fm.,18.37134552,1.6390491724,1.6390491724,1.7310857773,2.0349559784,45.075351715,0.0,0.0,2.4830915928,151.45149231,41.711509705,17.5,3.6291739941,0.0,0.0,-0.000857978,0.1330073029,0.0,0.0,0.0,Shale,1
25/2-7,1224.0580006,479887.8125,6641113.5,-1199.036499,HORDALAND GP.,Vaale Fm.,18.43013382,1.3880571127,1.3880571127,1.6553539038,1.9886922836,51.166973114,0.0,0.0,2.3457672596,130.42414856,41.701595306,17.5,3.3378520012,0.0,0.0,0.0033461025,0.1330073029,0.0,0.0,0.0,Limestone,1
25/2-7,1225.5780006,479887.8125,6641113.5,-1200.556519,HORDALAND GP.,Vaale Fm.,18.457710266,1.3742916584,1.3742916584,1.6401457787,1.9509999752,52.392951965,0.0,0.0,2.8138501644,138.58929443,42.387001038,17.5,3.1394319534,0.0,0.0,-0.00414662,0.1330073029,0.0,0.0,0.0,Shale,1
25/2-7,1227.2500006,479887.8125,6641113.5,-1202.228516,HORDALAND GP.,Vaale Fm.,18.425924301,1.4447131157,1.4447131157,1.5670223236,1.9805890322,56.003749847,0.0,0.0,2.5526385307,143.60816956,42.451751709,17.5,3.9315497875,0.0,0.0,-0.005882208,0.1330073029,0.0,0.0,0.0,Shale,1
25/2-7,1227.4020006,479887.8125,6641113.5,-1202.380493,HORDALAND GP.,Vaale Fm.,18.329845428,1.4348852634,1.4348852634,1.5349364281,1.9863853455,56.919136047,0.0,0.0,2.573184967,143.58425903,42.245330811,17.5,3.9306783676,0.0,0.0,-0.004538225,0.1330073029,0.0,0.0,0.0,Shale,1
25/2-7,1227.8580006,479887.8125,6641113.5,-1202.836548,HORDALAND GP.,Vaale Fm.,18.415248871,1.3252763748,1.3252763748,1.5503399372,2.0191786289,56.515598297,0.0,0.0,2.7242872715,143.49023438,42.343708038,17.5,3.9538099766,0.0,0.0,0.0003214928,0.1330073029,0.0,0.0,0.0,Shale,1
25/2-7,1228.4660006,479887.8125,6641113.5,-1203.444458,HORDALAND GP.,Vaale Fm.,18.372789383,1.5961174965,1.5961174965,1.5625847578,2.0041944981,48.920001984,0.0,0.0,2.8278250694,139.97212219,43.251499176,17.5,3.9494740963,0.0,0.0,0.0101945186,0.1330073029,0.0,0.0,0.0,Shale,1
25/2-7,1230.7460006,479887.8125,6641113.5,-1205.724365,HORDALAND GP.,Vaale Fm.,18.545207977,1.6873679161,1.6873679161,1.684056282,2.0156531334,52.271621704,0.0,0.0,2.6440560818,139.68733215,42.768192291,17.5,2.7389221191,0.0,0.0,-0.001057836,0.1330073029,0.0,0.0,0.0,Shale,1
25/2-7,1232.4180006,479887.78125,6641113.5,-1207.396362,HORDALAND GP.,Vaale Fm.,18.42067337,1.1620391607,1.1620391607,1.3843137026,2.0532543659,56.050243378,0.0,0.0,2.5830130577,143.78694153,40.87670517,17.5,1.4603586197,0.0,0.0,0.0067174602,0.1330073029,0.0,0.0,0.0,Shale,1
25/2-7,1232.8740006,479887.78125,6641113.5,-1207.852417,HORDALAND GP.,Vaale Fm.,18.328639984,1.0110464096,1.0110464096,1.2861257792,2.0551242828,48.928852081,0.0,0.0,2.350992918,141.80732727,40.414031982,17.5,0.8880859613,0.0,0.0,-0.015917268,0.1330073029,0.0,0.0,0.0,Shale,1
25/2-7,1233.3300006,479887.78125,6641113.5,-1208.30835,HORDALAND GP.,Vaale Fm.,18.374790192,0.9397007227,0.9397007227,1.148516655,2.0699474812,35.289146423,0.0,0.0,2.3419013023,137.85456848,39.763084412,17.5,0.8767797947,0.0,0.0,-0.008065512,0.1330073029,0.0,0.0,0.0,Sandstone,1
25/2-7,1233.6340006,479887.78125,6641113.5,-1208.612427,HORDALAND GP.,Vaale Fm.,18.35912323,0.8758251667,0.8758251667,1.0688182116,2.0658986568,39.799575806,0.0,0.0,2.4115052223,139.25598145,39.666152954,17.5,0.8648761511,0.0,0.0,-0.017038964,0.1330073029,0.0,0.0,0.0,Sandstone,1
25/2-7,1234.0900006,479887.78125,6641113.5,-1209.068359,HORDALAND GP.,Vaale Fm.,18.375,0.8220178485,0.8220178485,1.0030261278,2.0470056534,33.223808289,0.0,0.0,2.5400848389,144.17472839,39.230998993,17.5,1.0134599209,0.0,0.0,-0.022997711,0.1330073029,0.0,0.0,0.0,Sandstone,1
25/2-7,1236.3700006,479887.78125,6641113.5,-1211.348389,HORDALAND GP.,Vaale Fm.,18.391000748,0.7747551799,0.7747551799,0.9650815725,2.0739200115,31.909181595,0.0,0.0,2.4042685032,142.41947937,38.720798492,17.5,0.6749799848,0.0,0.0,-0.01719998,0.1330073029,0.0,0.0,0.0,Sandstone,1
25/2-7,1237.5860006,479887.78125,6641113.5,-1212.564453,HORDALAND GP.,Vaale Fm.,18.391908646,0.7943102121,0.7943102121,0.9840000272,2.0473628044,30.644870758,0.0,0.0,2.3870227337,142.36750793,39.588565826,17.5,0.9308321476,0.0,0.0,-0.020120965,0.1330073029,0.0,0.0,0.0,Sandstone,1
25/2-7,1238.9540006,479887.78125,6641113.5,-1213.932373,HORDALAND GP.,Vaale Fm.,18.392261505,0.7839736342,0.7839736342,0.9738289118,2.0637559891,32.863666534,0.0,0.0,2.2157347202,144.29379272,38.242767334,17.5,0.5493299961,0.0,0.0,-0.011664016,0.1330073029,0.0,0.0,0.0,Sandstone,1
25/2-7,1239.5620006,479887.78125,6641113.5,-1214.540405,HORDALAND GP.,Vaale Fm.,18.406000137,0.7905383706,0.7905383706,0.9769999981,2.053378582,38.245044708,0.0,0.0,2.1666998863,144.04020691,38.484981537,17.5,0.5447899699,0.0,0.0,-0.016810752,0.1330073029,0.0,0.0,0.0,Sandstone,1
25/2-7,1243.9700006,479887.78125,6641113.5,-1218.948242,HORDALAND GP.,Vaale Fm.,18.483999252,0.7329999804,0.7329999804,0.8996574283,2.0429999828,29.181020737,0.0,0.0,2.2268960476,146.4440155,39.816638947,17.5,0.8882800341,0.0,0.0,-0.017486576,0.1330073029,0.0,0.0,0.0,Sandstone,1
25/2-7,1244.4260006,479887.78125,6641113.5,-1219.404297,HORDALAND GP.,Vaale Fm.,18.502861023,0.7366409898,0.7366409898,0.9054614902,2.0450000763,32.180755615,0.0,0.0,2.3951079845,145.90847778,39.253437042,17.5,1.1868822575,0.0,0.0,-0.014178849,0.1330073029,0.0,0.0,0.0,Sandstone,1
25/2-7,1245.7940006,479887.78125,6641113.5,-1220.772217,HORDALAND GP.,Vaale Fm.,18.597034454,0.7676090002,0.7676090002,0.9229999781,2.0502142906,29.528083801,0.0,0.0,2.3649187088,144.82969666,39.637001038,17.5,2.0012359619,0.0,0.0,-0.021404723,0.1330073029,0.0,0.0,0.0,Sandstone,1
25/2-7,1245.9460006,479887.78125,6641113.5,-1220.924316,HORDALAND GP.,Vaale Fm.,18.532011032,0.760643363,0.760643363,0.9229999781,2.0474104881,29.21497345,0.0,0.0,2.326117754,144.73117065,39.513046265,17.5,2.0389523506,0.0,0.0,-0.018615764,0.1330073029,0.0,0.0,0.0,Sandstone,1
25/2-7,1246.0980006,479887.78125,6641113.5,-1221.076294,HORDALAND GP.,Vaale Fm.,18.466083527,0.7526664734,0.7526664734,0.9229999781,2.0501694679,31.116893768,0.0,0.0,2.2959375381,144.32025146,39.579959869,17.5,2.0526101589,0.0,0.0,-0.014038377,0.1330073029,0.0,0.0,0.0,Sandstone,1
25/2-7,1247.7700006,479887.78125,6641113.5,-1222.748291,HORDALAND GP.,Vaale Fm.,18.394548416,0.7570000291,0.7570000291,0.9232370853,2.0384190083,27.474534988,0.0,0.0,2.3817863464,144.87614441,39.198638916,17.5,2.8446800709,0.0,0.0,-0.012526996,0.1330073029,0.0,0.0,0.0,Sandstone,1
25/2-7,1248.2260006,479887.78125,6641113.5,-1223.204224,HORDALAND GP.,Vaale Fm.,18.406000137,0.7524897456,0.7524897456,0.9194898009,2.0250000954,35.048061371,0.0,0.0,2.284621954,144.77536011,38.80198288,17.5,1.9695776701,0.0,0.0,-0.022510644,0.1330073029,0.0,0.0,0.0,Sandstone,1
25/2-7,1249.1380006,479887.78125,6641113.5,-1224.116333,HORDALAND GP.,Vaale Fm.,18.363168716,0.752477169,0.752477169,0.9323859215,2.0626969337,30.103322983,0.0,0.0,2.2803010941,146.73008728,39.576675415,17.5,2.1630041599,0.0,0.0,-0.018218176,0.1330073029,0.0,0.0,0.0,Sandstone,1
25/2-7,1249.5940006,479887.78125,6641113.5,-1224.572266,HORDALAND GP.,Vaale Fm.,18.375,0.7903470397,0.7903470397,0.9704238176,2.0750725269,29.389472961,0.0,0.0,2.2562682629,144.65975952,39.52299118,17.5,2.6171360016,0.0,0.0,-0.018463656,0.1330073029,0.0,0.0,0.0,Sandstone,1
25/2-7,1250.5060006,479887.78125,6641113.5,-1225.484253,HORDALAND GP.,Vaale Fm.,18.370454788,0.8262848854,0.8262848854,1.0417151451,2.0665681362,34.932380676,0.0,0.0,2.2714102268,146.27949524,39.37877655,17.5,4.0580639839,0.0,0.0,-0.017863592,0.1330073029,0.0,0.0,0.0,Sandstone,1
25/2-7,1250.6580006,479887.78125,6641113.5,-1225.63623,HORDALAND GP.,Vaale Fm.,18.363584518,0.8331261277,0.8331261277,1.0441378355,2.059579134,34.938949585,0.0,0.0,2.3170073032,146.11631775,39.583259583,17.5,4.0568618774,0.0,0.0,-0.022567071,0.1330073029,0.0,0.0,0.0,Sandstone,1
25/2-7,1251.7220006,479887.78125,6641113.5,-1226.700195,HORDALAND GP.,Vaale Fm.,18.548675537,0.9558560848,0.9558560848,1.2138158083,2.0680000782,49.025730133,0.0,0.0,2.8001949787,139.29100037,40.28673172,17.5,2.6017360687,0.0,0.0,0.0063904314,0.1330073029,0.0,0.0,0.0,Sandstone,1
25/2-7,1252.7860006,479887.78125,6641113.5,-1227.76416,HORDALAND GP.,Vaale Fm.,18.702999115,1.0534865856,1.0534865856,1.2855135202,2.0058531761,45.767726898,0.0,0.0,2.648250103,139.9057312,41.844890594,17.5,2.6205539703,0.0,0.0,0.0043529496,0.1330073029,0.0,0.0,0.0,Shale,1
25/2-7,1254.4580006,479887.78125,6641113.5,-1229.436157,HORDALAND GP.,Vaale Fm.,18.979921341,1.0965842009,1.0965842009,1.157122016,1.9613523483,58.49439621,0.0,0.0,2.5269379616,153.46389771,42.377716064,17.5,2.6240060329,0.0,0.0,0.0014093163,0.1330073029,0.0,0.0,0.0,Shale,1
25/2-7,1254.9140006,479887.78125,6641113.5,-1229.89209,HORDALAND GP.,Vaale Fm.,18.881690979,1.1180830002,1.1180830002,1.227506876,2.0133509636,55.289577484,0.0,0.0,2.717479229,150.77111816,42.495944977,17.5,2.6319160461,0.0,0.0,0.0061990907,0.1330073029,0.0,0.0,0.0,Shale,1
25/2-7,1255.0660006,479887.78125,6641113.5,-1230.044189,HORDALAND GP.,Vaale Fm.,18.819503784,1.1112737656,1.1112737656,1.2909013033,2.0520226955,50.39547348,0.0,0.0,2.6239001751,150.49812317,42.465564728,17.5,2.3479273319,0.0,0.0,0.0035406414,0.1330073029,0.0,0.0,0.0,Shale,1
25/2-7,1255.8260006,479887.78125,6641113.5,-1230.804199,HORDALAND GP.,Vaale Fm.,18.626663208,1.4387853146,1.4387853146,1.4490228891,2.0342350006,50.738517761,0.0,0.0,2.7143154144,128.3500824,42.575462341,17.5,2.1032502651,0.0,0.0,0.0175032932,0.1330073029,0.0,0.0,0.0,Shale,1
25/2-7,1258.7140006,479887.75,6641113.5,-1233.692139,HORDALAND GP.,Vaale Fm.,18.567171097,0.9949810505,0.9949810505,1.0842397213,1.9754447937,50.440696716,0.0,0.0,2.6492955685,151.45783997,42.472232819,17.5,1.8537299633,0.0,0.0,-0.000277599,0.1330073029,0.0,0.0,0.0,Shale,1
25/2-7,1258.8660006,479887.75,6641113.5,-1233.844116,HORDALAND GP.,Vaale Fm.,18.647724152,0.9931430817,0.9931430817,1.0741423368,1.979714632,47.691368103,0.0,0.0,2.7701098919,151.0090332,42.615036011,17.5,1.8705921173,0.0,0.0,0.0015715362,0.1330073029,0.0,0.0,0.0,Shale,1
25/2-7,1261.9060006,479887.75,6641113.5,-1236.884033,HORDALAND GP.,Vaale Fm.,18.779809952,1.1529999971,1.1529999971,1.2685960531,1.9478464127,52.572799683,0.0,0.0,2.5796983242,146.75564575,42.878696442,17.5,3.8636097908,0.0,0.0,0.0060000001,0.1330073029,0.0,0.0,0.0,Shale,1
25/2-7,1266.1620006,479887.75,6641113.5,-1241.140015,HORDALAND GP.,Vaale Fm.,18.642162323,1.5031968355,1.5031968355,1.9707047939,2.0439281464,54.654689789,0.0,0.0,3.0549612045,147.29177856,41.87808609,17.5,3.5490503311,0.0,0.0,0.0125535987,0.1330073029,0.0,0.0,0.0,Shale,1
25/2-7,1266.4660006,479887.75,6641113.5,-1241.44397,HORDALAND GP.,Vaale Fm.,18.67565155,1.4905596972,1.4905596972,1.9195685387,2.0227098465,52.848033905,0.0,0.0,2.824867487,143.08003235,41.974105835,17.5,3.557996273,0.0,0.0,0.004912389,0.1330073029,0.0,0.0,0.0,Shale,1
25/2-7,1268.1380006,479887.75,6641113.5,-1243.116089,HORDALAND GP.,Vaale Fm.,18.483255386,1.7643072605,1.7643072605,1.4848177433,1.9644736052,39.634784698,0.0,0.0,2.5687921047,119.2040329,41.612621307,17.5,5.2955961227,0.0,0.0,0.0041754791,0.1330073029,0.0,0.0,0.0,Sandstone/Shale,1
25/2-7,1269.3540006,479887.75,6641113.5,-1244.332031,HORDALAND GP.,Vaale Fm.,18.487400055,1.4203344584,1.4203344584,1.7305355072,1.9316935539,45.95275116,0.0,0.0,2.3011240959,126.77142334,42.548641205,17.5,4.6187758446,0.0,0.0,-0.011217017,0.1342055649,0.0,0.0,0.0,Shale,1
25/2-7,1270.5700006,479887.75,6641113.5,-1245.547974,HORDALAND GP.,Vaale Fm.,18.566522598,1.3666305542,1.3666305542,1.4411971569,1.9479652643,47.809726715,0.0,0.0,2.3918015957,145.26940918,41.742004395,17.5,4.6633501053,0.0,0.0,0.0002594956,0.1342055649,0.0,0.0,0.0,Shale,1
25/2-7,1272.6980006,479887.75,6641113.5,-1247.676025,HORDALAND GP.,Vaale Fm.,18.604000092,1.3076556921,1.3076556921,1.5860141516,1.9966667891,46.45810318,0.0,0.0,2.6189012527,142.15794373,42.433891296,17.5,4.5408101082,0.0,0.0,0.0063332999,0.1342055649,0.0,0.0,0.0,Sandstone/Shale,1
25/2-7,1275.4340006,479887.75,6641113.5,-1250.411987,HORDALAND GP.,Vaale Fm.,18.422000885,1.2984058857,1.2984058857,1.5288587809,2.0088546276,46.181911469,0.0,0.0,2.3737719059,141.91162109,43.117240906,17.5,4.7890300751,0.0,0.0,0.0072863246,0.1342055649,0.0,0.0,0.0,Sandstone/Shale,1
25/2-7,1276.1940006,479887.75,6641113.5,-1251.171997,HORDALAND GP.,Vaale Fm.,18.370628357,1.2144954205,1.2144954205,1.4650195837,1.9691803455,58.776042938,0.0,0.0,2.3006770611,145.40332031,42.68561554,17.5,4.7836360931,0.0,0.0,0.008180337,0.1342055649,0.0,0.0,0.0,Shale,1
25/2-7,1276.3460006,479887.75,6641113.5,-1251.323975,HORDALAND GP.,Vaale Fm.,18.367650986,1.1772258282,1.1772258282,1.4454954863,1.9672703743,57.456638336,0.0,0.0,2.3360049725,146.60148621,42.552707672,17.5,4.7825479507,0.0,0.0,0.0051888535,0.1342055649,0.0,0.0,0.0,Shale,1
25/2-7,1276.6500006,479887.75,6641113.5,-1251.628052,HORDALAND GP.,Vaale Fm.,18.391000748,1.1895855665,1.1895855665,1.4305285215,1.982891798,53.387378693,0.0,0.0,2.4897339344,149.24311829,42.584739685,17.5,4.7804999352,0.0,0.0,-0.004,0.1342055649,0.0,0.0,0.0,Shale,1
25/2-7,1278.3220006,479887.75,6641113.5,-1253.300049,HORDALAND GP.,Vaale Fm.,18.422353745,1.3035824299,1.3035824299,1.5307620764,1.9912751913,44.027553558,0.0,0.0,2.4432737827,141.8094635,41.952739716,17.5,4.7681679726,0.0,0.0,0.0084724827,0.1342055649,0.0,0.0,0.0,Shale,1
25/2-7,1281.3620006,479887.75,6641113.5,-1256.340088,HORDALAND GP.,Vaale Fm.,18.327999115,1.2390726805,1.2390726805,1.4799749851,1.9597126245,52.17250824,0.0,0.0,2.637365818,142.70166016,41.630130768,17.5,2.9769899845,0.0,0.0,0.0024482957,0.1342055649,0.0,0.0,0.0,Shale,1
25/2-7,1281.8180006,479887.75,6641113.5,-1256.796021,HORDALAND GP.,Vaale Fm.,18.213537216,1.1668252945,1.1668252945,1.4441263676,1.9584095478,55.327613831,0.0,0.0,2.5904753208,144.89926147,42.271362305,17.5,3.0268919468,0.0,0.0,-0.001528569,0.1342055649,0.0,0.0,0.0,Shale,1
25/2-7,1283.4900006,479887.75,6641113.5,-1258.468018,HORDALAND GP.,Vaale Fm.,18.352251053,1.2988541126,1.2988541126,1.5151245594,1.9570000172,43.496131897,0.0,0.0,2.5751898289,140.80685425,42.476474762,17.5,3.9804499149,0.0,0.0,0.0020000001,0.1342055649,0.0,0.0,0.0,Sandstone/Shale,1
25/2-7,1285.6180006,479887.75,6641113.5,-1260.595947,HORDALAND GP.,Vaale Fm.,18.36076355,1.1992646456,1.1992646456,1.4366869926,1.9523236752,50.564483643,0.0,0.0,2.5242328644,146.96873474,43.652999878,17.5,4.393491745,0.0,0.0,0.0071103056,0.1342055649,0.0,0.0,0.0,Shale,1
25/2-7,1285.9220006,479887.75,6641113.5,-1260.899902,HORDALAND GP.,Vaale Fm.,18.402746201,1.1798739433,1.1798739433,1.4138548374,1.9677900076,52.197948456,0.0,0.0,2.5740199089,147.15959167,42.862293243,17.5,3.9315812588,0.0,0.0,0.0071049915,0.1342055649,0.0,0.0,0.0,Shale,1
25/2-7,1287.4420006,479887.75,6641113.5,-1262.419922,HORDALAND GP.,Vaale Fm.,18.366531372,1.2663195133,1.2663195133,1.4595433474,1.9380784035,41.465606689,0.0,0.0,2.5443823338,143.95910645,42.536701202,17.5,1.9139479399,0.0,0.0,0.0009215794,0.1342055649,0.0,0.0,0.0,Sandstone/Shale,1
25/2-7,1287.7460006,479887.75,6641113.5,-1262.723877,HORDALAND GP.,Vaale Fm.,18.445579529,1.2837830782,1.2837830782,1.4763615131,1.9388122559,38.478424072,0.0,0.0,2.4972188473,142.60398865,42.256038666,17.5,1.9116699696,0.0,0.0,-0.002556908,0.1342055649,0.0,0.0,0.0,Sandstone/Shale,1
25/2-7,1288.2020006,479887.75,6641113.5,-1263.179932,HORDALAND GP.,Vaale Fm.,18.281934738,1.2563531399,1.2563531399,1.4725769758,1.9425412416,49.346343994,0.0,0.0,2.5233032703,145.82627869,42.708087921,17.5,1.9085879326,0.0,0.0,0.001868928,0.1342055649,0.0,0.0,0.0,Sandstone/Shale,1
25/2-7,1290.7860006,479887.75,6641113.5,-1265.763916,HORDALAND GP.,Vaale Fm.,18.327999115,1.2927023172,1.2927023172,1.4839817286,1.9545639753,43.478145599,0.0,0.0,2.5116043091,142.89051819,42.454990387,17.5,2.3185679913,0.0,0.0,0.0038546324,0.1342055649,0.0,0.0,0.0,Sandstone/Shale,1
25/2-7,1291.5460006,479887.75,6641113.5,-1266.523926,HORDALAND GP.,Vaale Fm.,18.327880859,1.1468160152,1.1468160152,1.2347736359,1.9320551157,46.817249298,0.0,0.0,2.4639351368,152.44403076,42.950000763,17.5,3.049352169,0.0,0.0,-1.5752e-05,0.1342055649,0.0,0.0,0.0,Shale,1
25/2-7,1292.4580006,479887.75,6641113.5,-1267.435913,HORDALAND GP.,Vaale Fm.,18.296373367,1.0916898251,1.0916898251,1.3045568466,1.953088522,46.513584137,0.0,0.0,2.4867882729,148.4315033,43.075000763,17.5,1.7707098722,0.0,0.0,0.0019677854,0.1342055649,0.0,0.0,0.0,Shale,1
25/2-7,1293.0660006,479887.75,6641113.5,-1268.043945,HORDALAND GP.,Vaale Fm.,18.298736572,1.4557205439,1.4557205439,1.4023768902,1.9210373163,48.523090363,0.0,0.0,2.3087964058,135.21641541,43.208698273,17.5,1.78385818,0.0,0.0,-0.003018673,0.1342055649,0.0,0.0,0.0,Shale,1
25/2-7,1293.6740006,479887.75,6641113.5,-1268.651855,HORDALAND GP.,Vaale Fm.,18.28106308,1.1789398193,1.1789398193,1.3853241205,1.9397656918,44.750984192,0.0,0.0,2.4639904499,147.9004364,43.043518066,17.5,1.7954238653,0.0,0.0,0.0089999996,0.1342055649,0.0,0.0,0.0,Sandstone/Shale,1
25/2-7,1296.8660006,479887.75,6641113.5,-1271.843872,HORDALAND GP.,Vaale Fm.,18.299602509,0.8332469463,0.8332469463,0.925316453,2.0423285961,39.388721466,0.0,0.0,2.2413961887,145.72235107,39.836723328,17.5,1.4882581234,0.0,0.0,-0.00766435,0.1342055649,0.0,0.0,0.0,Shale,1
25/2-7,1298.6900006,479887.75,6641113.5,-1273.667847,HORDALAND GP.,Vaale Fm.,18.25,0.7003498077,0.7003498077,0.8285830021,2.0329999924,26.866182327,0.0,0.0,2.4449880123,141.09841919,39.076850891,17.5,0.8435398936,0.0,0.0,-0.005694227,0.1342055649,0.0,0.0,0.0,Sandstone,1
25/2-7,1298.8420006,479887.75,6641113.5,-1273.819946,HORDALAND GP.,Vaale Fm.,18.25,0.6955977678,0.6955977678,0.8218368888,2.0241806507,26.347202301,0.0,0.0,2.4139988422,141.77137756,39.161464691,17.5,0.8126479983,0.0,0.0,-0.004118054,0.1342055649,0.0,0.0,0.0,Sandstone,1
25/2-7,1300.0580006,479887.75,6641113.5,-1275.035889,HORDALAND GP.,Vaale Fm.,18.281000137,0.6829807758,0.6829807758,0.8127198219,2.0327212811,28.193109512,0.0,0.0,2.4576678276,141.56181335,39.730998993,17.5,0.989130795,0.0,0.0,-0.001,0.1342055649,0.0,0.0,0.0,Sandstone,1
25/2-7,1300.9700006,479887.75,6641113.5,-1275.947876,HORDALAND GP.,Vaale Fm.,18.281000137,0.6793121099,0.6793121099,0.8216879368,2.0336205959,25.997499466,0.0,0.0,2.3968245983,141.43731689,39.068344116,17.5,1.1726800203,0.0,0.0,-0.005844872,0.1342055649,0.0,0.0,0.0,Sandstone,1
25/2-7,1302.3380006,479887.75,6641113.5,-1277.315918,HORDALAND GP.,Vaale Fm.,18.281000137,0.6909225583,0.6909225583,0.8314613104,2.0506424904,25.252717972,0.0,0.0,2.3642971516,140.61132813,38.674564362,17.5,1.0555099249,0.0,0.0,-0.007,0.1342055649,0.0,0.0,0.0,Sandstone,1
25/2-7,1303.4020006,479887.75,6641113.5,-1278.379883,HORDALAND GP.,Vaale Fm.,18.293849945,0.692186594,0.692186594,0.8403955102,2.0285756588,27.620820999,0.0,0.0,2.2326335907,142.24578857,40.749740601,17.5,2.2660939693,0.0,0.0,-0.011621253,0.1342055649,0.0,0.0,0.0,Sandstone,1
25/2-7,1310.8500006,479887.75,6641113.5,-1285.827881,HORDALAND GP.,Vaale Fm.,18.473901749,1.2058593035,1.2058593035,1.3055943251,1.9104681015,45.273334503,0.0,0.0,2.8748738766,141.80525208,42.599842072,17.5,2.7743999958,0.0,0.0,0.0571195036,0.1473864764,0.0,0.0,0.0,Sandstone,1
25/2-7,1311.7620006,479887.75,6641113.5,-1286.739868,HORDALAND GP.,Vaale Fm.,18.597581863,1.1577394009,1.1577394009,1.25545156,1.9136583805,44.627716064,0.0,0.0,2.5420775414,148.16026306,42.267478943,17.5,2.7709140778,0.0,0.0,0.0116583742,0.1473864764,0.0,0.0,0.0,Sandstone/Shale,1
25/2-7,1314.1940006,479887.75,6641113.5,-1289.171875,HORDALAND GP.,Vaale Fm.,18.512590408,1.1276909113,1.1276909113,1.292532444,1.9442197084,54.01461792,0.0,0.0,2.3094997406,147.57707214,41.697353363,17.5,2.3864178658,0.0,0.0,0.0058491663,0.1473864764,0.0,0.0,0.0,Shale,1
25/2-7,1314.9540006,479887.75,6641113.5,-1289.931885,HORDALAND GP.,Vaale Fm.,18.443946838,1.1364153624,1.1364153624,1.3664754629,1.989964962,48.755447388,0.0,0.0,2.4043169022,149.04013062,42.947280884,17.5,2.3836381435,0.0,0.0,0.0021894882,0.1473864764,0.0,0.0,0.0,Shale,1
25/2-7,1317.2340006,479887.75,6641113.5,-1292.211914,HORDALAND GP.,Vaale Fm.,18.537986755,1.2143068314,1.2143068314,1.3621717691,1.9234359264,46.276584625,0.0,0.0,2.8307671547,145.56652832,42.350357056,17.5,2.0886716843,0.0,0.0,0.014948342,0.1473864764,0.0,0.0,0.0,Sandstone,1
25/2-7,1319.8180006,479887.75,6641113.5,-1294.795898,HORDALAND GP.,Vaale Fm.,18.376195908,1.0398151875,1.0398151875,1.1109260321,1.9042879343,46.551357269,0.0,0.0,2.5803656578,153.40325928,42.265678406,17.5,1.1954402924,0.0,0.0,0.0094807204,0.1473864764,0.0,0.0,0.0,Shale,1
25/2-7,1321.9460006,479887.75,6641113.5,-1296.92395,HORDALAND GP.,Vaale Fm.,18.281000137,0.7824142575,0.7824142575,0.9013776183,1.9621750116,46.169551849,0.0,0.0,2.6861646175,145.73429871,41.401210785,17.5,1.4667268991,0.0,0.0,-0.002,0.1473864764,0.0,0.0,0.0,Sandstone,1
25/2-7,1323.4660006,479887.75,6641113.5,-1298.443848,HORDALAND GP.,Vaale Fm.,18.218999863,0.6951794624,0.6951794624,0.8785250783,2.0317380428,30.124599457,0.0,0.0,2.5320494175,145.84709167,39.980998993,17.5,1.1007157564,0.0,0.0,-0.016631065,0.1473864764,0.0,0.0,0.0,Sandstone,1
25/2-7,1323.7700006,479887.75,6641113.5,-1298.747925,HORDALAND GP.,Vaale Fm.,18.218999863,0.7083980441,0.7083980441,0.8258026242,2.0464119911,30.906093597,0.0,0.0,2.4879226685,145.7412262,39.65139389,17.5,1.0635800362,0.0,0.0,-0.013647007,0.1473864764,0.0,0.0,0.0,Sandstone,1
25/2-7,1324.3780006,479887.75,6641113.5,-1299.355957,HORDALAND GP.,Vaale Fm.,18.218999863,0.7319174409,0.7319174409,0.8270825744,2.0550000668,28.536645889,0.0,0.0,2.4649560452,144.28753662,40.067047119,17.5,1.0077660084,0.0,0.0,-0.014238523,0.1473864764,0.0,0.0,0.0,Sandstone,1
25/2-7,1324.8340006,479887.75,6641113.5,-1299.81189,HORDALAND GP.,Vaale Fm.,18.218999863,0.7031079531,0.7031079531,0.8420271873,2.0575947762,27.654226303,0.0,0.0,2.4994513988,143.9616394,40.270942688,17.5,0.979196012,0.0,0.0,-0.008567547,0.1473864764,0.0,0.0,0.0,Sandstone,1
25/2-7,1326.9620006,479887.75,6641113.5,-1301.939941,HORDALAND GP.,Vaale Fm.,18.218999863,0.7305823565,0.7305823565,0.8930000067,2.0791647434,29.524148941,0.0,0.0,2.5340218544,141.57304382,39.737186432,17.5,1.2126139402,0.0,0.0,-0.009417599,0.1473864764,0.0,0.0,0.0,Sandstone,1
25/2-7,1327.4180006,479887.75,6641113.5,-1302.395874,HORDALAND GP.,Vaale Fm.,18.218999863,0.7351641059,0.7351641059,0.8977760673,2.0847761631,29.211790085,0.0,0.0,2.6504905224,141.55389404,40.012001038,17.5,1.5860459805,0.0,0.0,-0.009223941,0.1473864764,0.0,0.0,0.0,Sandstone,1
25/2-7,1329.8500006,479887.75,6641113.5,-1304.827881,HORDALAND GP.,Vaale Fm.,18.218999863,0.7303460836,0.7303460836,0.8973079324,2.0793077946,31.029964447,0.0,0.0,2.5193097591,140.01229858,40.36554718,17.5,3.0784499645,0.0,0.0,-0.007,0.1473864764,0.0,0.0,0.0,Sandstone,1
25/2-7,1331.5220006,479887.75,6641113.5,-1306.499878,HORDALAND GP.,Vaale Fm.,18.218999863,0.7572206855,0.7572206855,0.9043172002,2.0905380249,27.307653427,0.0,0.0,2.6435978413,138.94522095,40.323501587,17.5,1.5707339048,0.0,0.0,-0.014462105,0.1473864764,0.0,0.0,0.0,Sandstone,1
25/2-7,1336.6900006,479887.75,6641113.5,-1311.667847,HORDALAND GP.,Vaale Fm.,18.218999863,0.7840998173,0.7840998173,0.9502277374,2.0990848541,25.311338425,0.0,0.0,2.719956398,137.69805908,40.360530853,17.5,2.0849502087,0.0,0.0,-0.010058787,0.1473864764,0.0,0.0,0.0,Sandstone,1
25/2-7,1337.9060006,479887.75,6641113.5,-1312.883911,HORDALAND GP.,Vaale Fm.,18.233999252,0.7856535316,0.7856535316,0.9467933178,2.0903401375,26.28953743,0.0,0.0,2.6465187073,138.53244019,40.091487885,17.5,2.1364820004,0.0,0.0,-0.017037489,0.1473864764,0.0,0.0,0.0,Sandstone,1
25/2-7,1338.0580006,479887.75,6641113.5,-1313.035889,HORDALAND GP.,Vaale Fm.,18.233999252,0.7919999957,0.7919999957,0.9470213652,2.0840001106,29.042863846,0.0,0.0,2.6175508499,139.08996582,39.768463135,17.5,2.1360259056,0.0,0.0,-0.020794922,0.1473864764,0.0,0.0,0.0,Sandstone,1
25/2-7,1338.5140006,479887.75,6641113.5,-1313.491943,HORDALAND GP.,Vaale Fm.,18.233999252,0.7808039188,0.7808039188,0.9529803395,2.0899999142,29.684568405,0.0,0.0,2.729257822,139.51580811,39.84180069,17.5,2.8314158916,0.0,0.0,-0.017999999,0.1473864764,0.0,0.0,0.0,Sandstone,1
25/2-7,1340.0340006,479887.75,6641113.5,-1315.011963,HORDALAND GP.,Vaale Fm.,18.25,0.8055105209,0.8055105209,0.9793403149,2.1129999161,28.311195374,0.0,0.0,2.6034271717,137.62062073,40.173454285,17.5,4.0385918617,0.0,0.0,-0.010658073,0.1473864764,0.0,0.0,0.0,Sandstone,1
25/2-7,1340.7940006,479887.75,6641113.5,-1315.771851,HORDALAND GP.,Vaale Fm.,18.25,0.809530139,0.809530139,1.0047830343,2.110055685,32.118560791,0.0,0.0,2.6702878475,139.20758057,39.902690887,17.5,3.7878360748,0.0,0.0,-0.011842586,0.1473864764,0.0,0.0,0.0,Sandstone,1
25/2-7,1342.4660006,479887.75,6641113.5,-1317.443848,HORDALAND GP.,Vaale Fm.,18.25,0.8069554567,0.8069554567,0.9918721914,2.0922572613,30.115060806,0.0,0.0,2.6129488945,136.74714661,40.195091248,17.5,2.8702020645,0.0,0.0,-0.014385763,0.1473864764,0.0,0.0,0.0,Sandstone,1
25/2-7,1342.7700006,479887.75,6641113.5,-1317.747925,HORDALAND GP.,Vaale Fm.,18.25,0.7894898653,0.7894898653,0.9862449169,2.1026301384,29.907764435,0.0,0.0,2.5662307739,137.37765503,39.950000763,17.5,2.8958899975,0.0,0.0,-0.015369819,0.1473864764,0.0,0.0,0.0,Sandstone,1
25/2-7,1344.2900006,479887.75,6641113.5,-1319.267944,HORDALAND GP.,Vaale Fm.,18.264442444,0.8078696132,0.8078696132,0.9932898283,2.1042923927,29.907085419,0.0,0.0,2.3852322102,137.83013916,39.899078369,17.5,3.1315300465,0.0,0.0,-0.018805148,0.1473864764,0.0,0.0,0.0,Sandstone,1
25/2-7,1344.5940006,479887.75,6641113.5,-1319.571899,HORDALAND GP.,Vaale Fm.,18.25147438,0.824000001,0.824000001,1.0094610453,2.1081054211,28.192996979,0.0,0.0,2.332947731,137.94883728,40.384170532,17.5,3.1303179264,0.0,0.0,-0.01553942,0.1473864764,0.0,0.0,0.0,Sandstone,1
25/2-7,1345.3540006,479887.75,6641113.5,-1320.331909,HORDALAND GP.,Vaale Fm.,18.251268387,0.9074087739,0.9074087739,1.0934762955,2.1225244999,31.810365677,0.0,0.0,2.5905048847,138.16822815,41.228591919,17.5,3.5564379692,0.0,0.0,-0.024237726,0.1473864764,0.0,0.0,0.0,Sandstone,1
25/2-7,1347.4820006,479887.75,6641113.5,-1322.459961,HORDALAND GP.,Vaale Fm.,18.392305374,1.132412672,1.132412672,1.374330163,1.9870841503,55.289966583,0.0,0.0,2.8093755245,139.61155701,42.975795746,17.5,2.9049539566,0.0,0.0,0.0139157875,0.1473864764,0.0,0.0,0.0,Shale,1
25/2-7,1349.4580006,479887.75,6641113.5,-1324.436035,HORDALAND GP.,Vaale Fm.,18.626361847,1.0661360025,1.0661360025,1.3229211569,1.9459761381,55.212738037,0.0,0.0,3.1342489719,142.31213379,43.808216095,17.5,2.4148259163,0.0,0.0,0.0129681379,0.1473864764,0.0,0.0,0.0,Shale,1
25/2-7,1349.9140006,479887.75,6641113.5,-1324.891968,HORDALAND GP.,Vaale Fm.,18.65605545,1.0630313158,1.0630313158,1.2790229321,1.946005106,53.816356659,0.0,0.0,3.0294299126,143.61372375,43.075473785,17.5,2.1151266098,0.0,0.0,0.0030007896,0.1473864764,0.0,0.0,0.0,Shale,1
25/2-7,1350.6740006,479887.75,6641113.5,-1325.651978,HORDALAND GP.,Vaale Fm.,18.947206497,0.9243097901,0.9243097901,1.2172534466,1.9610131979,49.538795471,0.0,0.0,3.1495425701,143.67436218,42.277774811,17.5,1.9277780056,0.0,0.0,0.0109601589,0.1473864764,0.0,0.0,0.0,Shale,1
25/2-7,1352.1940006,479887.75,6641113.5,-1327.171997,HORDALAND GP.,Vaale Fm.,18.221422195,0.9814020991,0.9814020991,1.2443985939,2.1341407299,37.962047577,0.0,0.0,2.8042032719,137.72251892,40.520729065,17.5,3.1018180847,0.0,0.0,-0.014843759,0.1437916905,0.0,0.0,0.0,Shale,1
25/2-7,1353.4100006,479887.75,6641113.5,-1328.388062,HORDALAND GP.,Vaale Fm.,18.218999863,0.8721222281,0.8721222281,1.0776501894,2.1147589684,34.13728714,0.0,0.0,2.4996037483,133.23742676,39.87317276,17.5,2.9953801632,0.0,0.0,-0.01,0.1437916905,0.0,0.0,0.0,Sandstone,1
25/2-7,1355.9940006,479887.75,6641113.5,-1330.972046,HORDALAND GP.,Vaale Fm.,18.218999863,0.7902588248,0.7902588248,0.9715294242,2.1087899208,34.455207825,0.0,0.0,2.479367733,136.93426514,40.726470947,17.5,3.0703058243,0.0,0.0,-0.016789997,0.1437916905,0.0,0.0,0.0,Sandstone,1
25/2-7,1357.5140006,479887.75,6641113.5,-1332.491943,HORDALAND GP.,Vaale Fm.,18.218999863,0.771338284,0.771338284,0.9375293851,2.0830469131,29.47092247,0.0,0.0,2.385871172,137.81918335,39.869365692,17.5,4.2734718323,0.0,0.0,-0.023607435,0.1437916905,0.0,0.0,0.0,Sandstone,1
25/2-7,1358.2740006,479887.75,6641113.5,-1333.251953,HORDALAND GP.,Vaale Fm.,18.218999863,0.7584360242,0.7584360242,0.9221453071,2.0828447342,29.963161469,0.0,0.0,2.4466443062,140.24542236,40.365840912,17.5,3.8429522514,0.0,0.0,-0.021433275,0.1437916905,0.0,0.0,0.0,Sandstone,1
25/2-7,1360.0980006,479887.75,6641113.5,-1335.075928,HORDALAND GP.,Vaale Fm.,18.218999863,0.7465312481,0.7465312481,0.9055312276,2.0783512592,26.997766495,0.0,0.0,2.2366595268,141.73374939,39.284137726,17.5,3.9463021755,0.0,0.0,-0.018648751,0.1437916905,0.0,0.0,0.0,Sandstone,1
25/2-7,1362.3780006,479887.75,6641113.5,-1337.355957,HORDALAND GP.,Vaale Fm.,18.262559891,0.6942990422,0.6942990422,0.8391650915,2.0574300289,31.378095627,0.0,0.0,2.2843050957,144.14082336,39.839252472,17.5,3.5123441219,0.0,0.0,-0.024,0.1437916905,0.0,0.0,0.0,Sandstone,1
25/2-7,1362.8340006,479887.75,6641113.5,-1337.81189,HORDALAND GP.,Vaale Fm.,18.262428284,0.6838963032,0.6838963032,0.8155685067,2.0505535603,26.429199219,0.0,0.0,2.2814707756,145.8024292,38.943981171,17.5,3.7097878456,0.0,0.0,-0.02,0.1437916905,0.0,0.0,0.0,Sandstone,1
25/2-7,1367.8500006,479887.75,6641113.5,-1342.827881,HORDALAND GP.,Vaale Fm.,18.46260643,1.0299605131,1.0299605131,1.1894463301,1.9140000343,45.873592377,0.0,0.0,2.3953530788,148.93066406,43.001663208,17.5,3.6212999821,0.0,0.0,-0.008239727,0.1437916905,0.0,0.0,0.0,Shale,1
25/2-7,1372.4100006,479887.75,6641113.5,-1347.387939,HORDALAND GP.,Vaale Fm.,18.570245743,1.3006103039,1.3006103039,1.4379346371,1.9752229452,46.074226379,0.0,0.0,2.5310955048,135.32292175,43.063648224,17.5,5.4272799492,0.0,0.0,0.0032229384,0.1437916905,0.0,0.0,0.0,Shale,1
25/2-7,1373.6260006,479887.75,6641113.5,-1348.603882,HORDALAND GP.,Vaale Fm.,18.621292114,1.2583903074,1.2583903074,1.4008210897,1.9591804743,51.492347717,0.0,0.0,2.405680418,140.4861908,44.592247009,17.5,2.9520220757,0.0,0.0,-0.007,0.1437916905,0.0,0.0,0.0,Shale,1
25/2-7,1375.2980006,479887.75,6641113.5,-1350.275879,HORDALAND GP.,Vaale Fm.,18.357595444,1.3812437057,1.3812437057,1.552773118,2.034368515,51.261138916,0.0,0.0,2.4207046032,134.2351532,43.253593445,17.5,6.5138063431,0.0,0.0,-0.000561426,0.1437916905,0.0,0.0,0.0,Shale,1
25/2-7,1375.4500006,479887.75,6641113.5,-1350.427856,HORDALAND GP.,Vaale Fm.,18.395969391,1.4532932043,1.4532932043,1.565906167,2.0481762886,52.219051361,0.0,0.0,2.4835968018,133.65029907,43.316753387,17.5,6.513299942,0.0,0.0,0.0023529085,0.1437916905,0.0,0.0,0.0,Shale,1
25/2-7,1375.7540006,479887.75,6641113.5,-1350.731934,HORDALAND GP.,Vaale Fm.,18.411985397,1.4973418713,1.4973418713,1.5738689899,2.0596790314,46.294448853,0.0,0.0,2.5495998859,131.40316772,44.15901947,17.5,6.512430191,0.0,0.0,0.005553504,0.1437916905,0.0,0.0,0.0,Shale,1
25/2-7,1376.2100006,479887.75,6641113.5,-1351.187866,HORDALAND GP.,Vaale Fm.,18.409393311,1.4418462515,1.4418462515,1.5398294926,2.0288162231,49.958244324,0.0,0.0,2.4764459133,133.93504333,43.979881287,17.5,4.5041599274,0.0,0.0,0.0056378008,0.1437916905,0.0,0.0,0.0,Shale,1
25/2-7,1376.3620006,479887.75,6641113.5,-1351.339966,HORDALAND GP.,Vaale Fm.,18.395627975,1.4038591385,1.4038591385,1.5270371437,2.0291728973,49.222679138,0.0,0.0,2.5346539021,134.69244385,43.937953949,17.5,4.5113596916,0.0,0.0,0.0086297253,0.1437916905,0.0,0.0,0.0,Shale,1
25/2-7,1378.1860006,479887.75,6641113.5,-1353.16394,HORDALAND GP.,Vaale Fm.,18.797376633,1.4323598146,1.4323598146,1.5555317402,2.0179998875,48.604255676,0.0,0.0,2.6305429935,134.53016663,43.52766037,17.5,9.1696424484,0.0,0.0,-0.001558962,0.1437916905,0.0,0.0,0.0,Shale,1
25/2-7,1378.3380006,479887.75,6641113.5,-1353.315918,HORDALAND GP.,Vaale Fm.,18.693353653,1.4728728533,1.4728728533,1.5575079918,2.0139269829,48.029258728,0.0,0.0,2.7082808018,132.03160095,43.583618164,17.5,9.1690864563,0.0,0.0,-0.002981744,0.1437916905,0.0,0.0,0.0,Shale,1
25/2-7,1378.4900006,479887.75,6641113.5,-1353.467896,HORDALAND GP.,Vaale Fm.,18.514688492,1.5227794647,1.5227794647,1.5549683571,2.0049352646,48.975761414,0.0,0.0,2.7454617023,130.93203735,43.661083221,17.5,9.1687202454,0.0,0.0,-0.002506478,0.1437916905,0.0,0.0,0.0,Shale,1
25/2-7,1380.3140006,479887.75,6641113.5,-1355.29187,HORDALAND GP.,Vaale Fm.,18.872846603,1.3912137747,1.3912137747,1.5963710546,2.0793004036,49.527667999,0.0,0.0,2.6863195896,135.6252594,43.418281555,17.5,2.6696441174,0.0,0.0,0.0035249856,0.1437916905,0.0,0.0,0.0,Shale,1
25/2-7,1383.9620006,479887.75,6641113.5,-1358.939941,HORDALAND GP.,Vaale Fm.,18.656412125,1.2915892601,1.2915892601,1.3238056898,2.0094094276,42.89723587,0.0,0.0,2.7531688213,139.73077393,43.595352173,17.5,3.3267085552,0.0,0.0,0.0102348775,0.1437916905,0.0,0.0,0.0,Shale,1
25/2-7,1385.1780006,479887.75,6641113.5,-1360.155884,HORDALAND GP.,Vaale Fm.,19.142288208,1.3658713102,1.3658713102,1.3856625557,2.0112183094,44.063007355,0.0,0.0,2.6238105297,136.47879028,43.480998993,17.5,3.6179106236,0.0,0.0,0.0054365704,0.1437916905,0.0,0.0,0.0,Shale,1
25/2-7,1388.0660006,479887.75,6641113.5,-1363.043945,HORDALAND GP.,Vaale Fm.,18.960985184,1.4447408915,1.4447408915,1.4867401123,2.0088877678,40.497093201,0.0,0.0,2.5689516068,136.07220459,44.34098053,17.5,4.564479351,0.0,0.0,0.0043408144,0.1437916905,0.0,0.0,0.0,Shale,1
25/2-7,1390.8020006,479887.75,6641113.5,-1365.779907,HORDALAND GP.,Vaale Fm.,18.58546257,1.3597075939,1.3597075939,1.4952734709,2.0091753006,48.467670441,0.0,0.0,2.5002763271,137.32015991,44.827457428,17.5,3.7194960117,0.0,0.0,0.0027061738,0.1437916905,0.0,0.0,0.0,Shale,1
25/2-7,1391.2580006,479887.75,6641113.5,-1366.235962,HORDALAND GP.,Vaale Fm.,18.774278641,1.3931165934,1.3931165934,1.4480073452,2.0048573017,47.469234467,0.0,0.0,2.5129544735,138.11448669,44.417011261,17.5,4.1898860931,0.0,0.0,-0.00528569,0.1437916905,0.0,0.0,0.0,Shale,1
25/2-7,1392.4740006,479887.75,6641113.5,-1367.451904,HORDALAND GP.,Vaale Fm.,18.505361557,1.4072066545,1.4072066545,1.5269907713,2.0733129978,44.737621307,0.0,0.0,2.9595918655,136.21405029,42.766109467,17.5,4.1984519958,0.0,0.0,0.0068845316,0.1437916905,0.0,0.0,0.0,Shale,1
25/2-7,1394.4500006,479887.75,6641113.5,-1369.427856,HORDALAND GP.,Vaale Fm.,18.513036728,1.2496430874,1.2496430874,1.3559149504,1.9963028431,56.467060089,0.0,0.0,2.7553021908,139.41378784,44.082637787,17.5,3.9797997475,0.0,0.0,0.0022302927,0.1437916905,0.0,0.0,0.0,Shale,1
25/2-7,1395.0580006,479887.75,6641113.5,-1370.035889,HORDALAND GP.,Vaale Fm.,18.679208755,1.4279623032,1.4279623032,1.4351855516,2.021440506,45.035873413,0.0,0.0,2.6384191513,133.56776428,42.543998718,17.5,3.9248421192,0.0,0.0,0.0083217341,0.1437916905,0.0,0.0,0.0,Shale,1
25/2-7,1395.8180006,479887.75,6641113.5,-1370.795898,HORDALAND GP.,Vaale Fm.,18.761898041,1.3619288206,1.3619288206,1.5411390066,2.0405185223,46.512329102,0.0,0.0,2.7195005417,132.66220093,43.649692535,17.5,3.972039938,0.0,0.0,0.0281389821,0.1437916905,0.0,0.0,0.0,Shale,1
25/2-7,1396.1220006,479887.75,6641113.5,-1371.099854,HORDALAND GP.,Vaale Fm.,18.826915741,1.3861721754,1.3861721754,1.519575119,2.0111794472,44.374084473,0.0,0.0,2.6242215633,135.05238342,43.643447876,17.5,8.423789978,0.0,0.0,0.0125897415,0.1437916905,0.0,0.0,0.0,Shale,1
25/2-7,1396.2740006,479887.75,6641113.5,-1371.251953,HORDALAND GP.,Vaale Fm.,18.441659927,1.3690094948,1.3690094948,1.5044076443,1.9988056421,44.988483429,0.0,0.0,2.5953512192,135.86746216,43.693878174,17.5,8.4232521057,0.0,0.0,0.0064028511,0.1437916905,0.0,0.0,0.0,Shale,1
25/2-7,1396.7300006,479887.75,6641113.5,-1371.707886,HORDALAND GP.,Vaale Fm.,18.527008057,1.3747175932,1.3747175932,1.5105266571,2.0063817501,53.848781586,0.0,0.0,2.5202243328,138.05021667,44.045940399,17.5,8.3490095139,0.0,0.0,0.0070000002,0.1437916905,0.0,0.0,0.0,Shale,1
25/2-7,1397.0340006,479887.75,6641113.5,-1372.011963,HORDALAND GP.,Vaale Fm.,18.61589241,1.4009308815,1.4009308815,1.5412341356,2.0,47.749778748,0.0,0.0,2.6492893696,141.2794342,43.732955933,17.5,8.3480987549,0.0,0.0,0.0028138247,0.1437916905,0.0,0.0,0.0,Shale,1
25/2-7,1400.0740006,479887.75,6641113.5,-1375.05188,HORDALAND GP.,Vaale Fm.,18.618740082,1.6374084949,1.6374084949,1.866735816,2.0142662525,48.902359009,0.0,0.0,2.713467598,108.30886841,43.589351654,17.5,4.369852066,0.0,0.0,0.0103995502,0.1437916905,0.0,0.0,0.0,Shale,1
25/2-7,1401.5940006,479887.75,6641113.5,-1376.571899,HORDALAND GP.,Vaale Fm.,18.691301346,1.4815366268,1.4815366268,1.6136388779,1.9991413355,62.070777893,0.0,0.0,2.6622266769,129.8143158,44.148918152,17.5,3.6995334625,0.0,0.0,0.0114293126,0.1437916905,0.0,0.0,0.0,Shale,1
25/2-7,1401.7460006,479887.75,6641113.5,-1376.723877,HORDALAND GP.,Vaale Fm.,18.61674881,1.4851651192,1.4851651192,1.5924346447,1.9909564257,57.285297394,0.0,0.0,2.6519291401,130.57373047,43.590999603,17.5,3.7228078842,0.0,0.0,0.0143738603,0.1437916905,0.0,0.0,0.0,Shale,1
25/2-7,1402.5060006,479887.75,6641113.5,-1377.483887,HORDALAND GP.,Vaale Fm.,18.478130341,1.4331666231,1.4331666231,1.5500967503,2.0273764133,51.788803101,0.0,0.0,2.8030240536,139.97241211,43.607460022,17.5,3.6943941116,0.0,0.0,0.012725804,0.1437916905,0.0,0.0,0.0,Shale,1
25/2-7,1402.6580006,479887.75,6641113.5,-1377.635864,HORDALAND GP.,Vaale Fm.,18.693244934,1.4011096954,1.4011096954,1.5627682209,2.0539178848,49.480136871,0.0,0.0,3.0514070988,140.6652832,43.619258881,17.5,3.694067955,0.0,0.0,0.0090274429,0.1437916905,0.0,0.0,0.0,Shale,1
25/2-7,1403.8740006,479887.75,6641113.5,-1378.851929,HORDALAND GP.,Vaale Fm.,18.704097748,1.3901050091,1.3901050091,1.586098671,2.0024123192,53.676345825,0.0,0.0,2.6374387741,139.53598022,43.667869568,17.5,5.4677734375,0.0,0.0,0.0068625896,0.1425934285,0.0,0.0,0.0,Shale,1
25/2-7,1404.7860006,479887.75,6641113.5,-1379.763916,HORDALAND GP.,Vaale Fm.,18.51351738,1.3850768805,1.3850768805,1.4445322752,2.0083167553,58.249641418,0.0,0.0,2.6181027889,133.22662354,44.074169159,17.5,7.1089744568,0.0,0.0,0.0066338172,0.1425934285,0.0,0.0,0.0,Shale,1
25/2-7,1405.5460006,479887.75,6641113.5,-1380.523926,HORDALAND GP.,Vaale Fm.,18.548236847,1.3163235188,1.3163235188,1.4675699472,2.0450000763,54.017932892,0.0,0.0,2.7304785252,135.81137085,43.558036804,17.5,7.0742163658,0.0,0.0,0.0120000001,0.1425934285,0.0,0.0,0.0,Shale,1
25/2-7,1406.4580006,479887.75,6641113.5,-1381.435913,HORDALAND GP.,Vaale Fm.,18.456590652,1.3280500174,1.3280500174,1.4897682667,1.9752879143,52.04416275,0.0,0.0,2.6786255836,131.37298584,44.097309113,17.5,4.7402281761,0.0,0.0,0.0051199556,0.1425934285,0.0,0.0,0.0,Shale,1
25/2-7,1410.5620006,479887.75,6641113.5,-1385.539917,HORDALAND GP.,Vaale Fm.,18.437953949,1.2846632004,1.2846632004,1.4590171576,2.0115346909,48.68328476,0.0,0.0,2.3549566269,136.0849762,44.101474762,17.5,4.738214016,0.0,0.0,-0.004093095,0.1425934285,0.0,0.0,0.0,Shale,1
25/2-7,1411.1700006,479887.75,6641113.5,-1386.147949,HORDALAND GP.,Vaale Fm.,18.606369019,1.6981981993,1.6981981993,1.693179369,2.009086132,51.681919098,0.0,0.0,2.8462703228,128.21435547,43.916744232,17.5,4.5323386192,0.0,0.0,0.0063710697,0.1425934285,0.0,0.0,0.0,Shale,1
25/2-7,1412.2340006,479887.75,6641113.5,-1387.211914,HORDALAND GP.,Vaale Fm.,18.959348679,1.3515378237,1.3515378237,1.5256918669,1.9806954861,54.423538208,0.0,0.0,2.3986592293,134.6842041,43.61738205,17.5,4.1338858604,0.0,0.0,-0.001923886,0.1425934285,0.0,0.0,0.0,Shale,1
25/2-7,1413.6020006,479887.75,6641113.5,-1388.579956,HORDALAND GP.,Vaale Fm.,18.353263855,1.4314221144,1.4314221144,1.5482008457,2.0007967949,51.411449432,0.0,0.0,2.3108723164,133.3742981,44.548053741,17.5,3.3336596489,0.0,0.0,-0.000701175,0.1425934285,0.0,0.0,0.0,Shale,1
25/2-7,1419.8340006,479887.75,6641113.5,-1394.81189,HORDALAND GP.,Vaale Fm.,18.633615494,1.3017047644,1.3017047644,1.403537035,1.9796943665,45.78899765,0.0,0.0,3.1414954662,136.88511658,44.289649963,17.5,3.2605319023,0.0,0.0,0.0024508159,0.1425934285,0.0,0.0,0.0,Shale,1
25/2-7,1421.3540006,479887.75,6641113.5,-1396.331909,HORDALAND GP.,Vaale Fm.,19.382570267,1.1643577814,1.1643577814,1.2477654219,1.9773004055,55.561168671,0.0,0.0,2.8781502247,142.01286316,43.596195221,17.5,7.8809380531,0.0,0.0,-0.002067221,0.1425934285,0.0,0.0,0.0,Shale,1
25/2-7,1424.0900006,479887.75,6641113.5,-1399.067871,HORDALAND GP.,Vaale Fm.,18.617311478,1.2918670177,1.2918670177,1.6440398693,1.9943350554,49.668746948,0.0,0.0,3.2444803715,133.53370667,44.047176361,17.5,4.1557335854,0.0,0.0,0.0049655763,0.1425934285,0.0,0.0,0.0,Shale,1
25/2-7,1424.3940006,479887.75,6641113.5,-1399.371948,HORDALAND GP.,Vaale Fm.,18.803787231,1.2764261961,1.2764261961,1.4387074709,1.9575777054,50.027492523,0.0,0.0,3.023786068,138.63494873,43.617408752,17.5,4.2647123337,0.0,0.0,-0.003855574,0.1425934285,0.0,0.0,0.0,Shale,1
25/2-7,1427.8900006,479887.75,6641113.5,-1402.86792,HORDALAND GP.,Vaale Fm.,18.433431625,1.0046038628,1.0046038628,1.1808173656,1.93653512,55.967376709,0.0,0.0,3.1891233921,151.34420776,45.013210297,17.5,3.8485701084,0.0,0.0,-0.003808706,0.1425934285,0.0,0.0,0.0,Shale,1
25/2-7,1428.4980006,479887.75,6641113.5,-1403.475952,HORDALAND GP.,Vaale Fm.,18.494289398,1.0950506926,1.0950506926,1.1253577471,1.9260668755,50.790031433,0.0,0.0,2.8423984051,145.42350769,44.365154266,17.5,3.0446679592,0.0,0.0,-0.002858755,0.1425934285,0.0,0.0,0.0,Shale,1
25/2-7,1429.4100006,479887.75,6641113.5,-1404.387939,HORDALAND GP.,Vaale Fm.,18.385475159,1.0798791647,1.0798791647,1.1901208162,1.9436274767,54.922100067,0.0,0.0,2.8431940079,147.75308228,43.424602509,17.5,3.2297799587,0.0,0.0,0.001117554,0.1425934285,0.0,0.0,0.0,Shale,1
25/2-7,1430.4740006,479887.75,6641113.5,-1405.451904,HORDALAND GP.,Vaale Fm.,18.709255219,1.0785672665,1.0785672665,1.2038655281,1.9470449686,51.994129181,0.0,0.0,3.0207533836,146.75683594,44.547237396,17.5,3.226377964,0.0,0.0,0.0003910152,0.1425934285,0.0,0.0,0.0,Shale,1
25/2-7,1430.6260006,479887.75,6641113.5,-1405.603882,HORDALAND GP.,Vaale Fm.,18.674507141,1.0727618933,1.0727618933,1.2142653465,1.952637434,53.691059113,0.0,0.0,3.0166409016,147.11872864,44.617782593,17.5,3.2259700298,0.0,0.0,0.0006062426,0.1425934285,0.0,0.0,0.0,Shale,1
25/2-7,1431.3860006,479887.75,6641113.5,-1406.363892,HORDALAND GP.,Vaale Fm.,18.703718185,1.2272818089,1.2272818089,1.3233982325,1.9765269756,42.745319366,0.0,0.0,2.9441478252,141.6762085,44.668998718,17.5,2.9627735615,0.0,0.0,0.0032198951,0.1425934285,0.0,0.0,0.0,Shale,1
25/2-7,1434.4260006,479887.75,6641113.5,-1409.403931,HORDALAND GP.,Vaale Fm.,18.361301422,1.0671458244,1.0671458244,1.3662729263,2.0108139515,60.261306763,0.0,0.0,2.9585371017,137.82585144,44.09287262,17.5,2.637784481,0.0,0.0,0.0040814052,0.1425934285,0.0,0.0,0.0,Limestone,1
25/2-7,1438.5300006,479887.75,6641113.5,-1413.507935,HORDALAND GP.,Vaale Fm.,18.218999863,0.6772829294,0.6772829294,0.7924689651,2.0829396248,31.8914814,0.0,0.0,2.703597784,141.300354,40.016376495,17.5,1.2701100111,0.0,0.0,-0.018939575,0.1425934285,0.0,0.0,0.0,Sandstone,1
25/2-7,1439.2900006,479887.75,6641113.5,-1414.267944,HORDALAND GP.,Vaale Fm.,18.218999863,0.6779113412,0.6779113412,0.7969999909,2.0758259296,29.385784149,0.0,0.0,2.6974439621,142.01733398,38.211082458,17.5,5.225871563,0.0,0.0,-0.018174086,0.1425934285,0.0,0.0,0.0,Sandstone,1
25/2-7,1440.6580006,479887.75,6641113.5,-1415.635864,HORDALAND GP.,Vaale Fm.,18.218999863,0.6902964711,0.6902964711,0.8090000153,2.084536314,30.80361557,0.0,0.0,2.6992998123,141.16778564,39.730998993,17.5,5.2416677475,0.0,0.0,-0.015896689,0.1425934285,0.0,0.0,0.0,Sandstone,1
25/2-7,1441.2660006,479887.75,6641113.5,-1416.243896,HORDALAND GP.,Vaale Fm.,18.218999863,0.6855784655,0.6855784655,0.8098430634,2.0725340843,29.45256424,0.0,0.0,2.7563967705,141.27593994,39.415241241,17.5,2.4945697784,0.0,0.0,-0.020888314,0.1425934285,0.0,0.0,0.0,Sandstone,1
25/2-7,1442.7860006,479887.75,6641113.5,-1417.763916,HORDALAND GP.,Vaale Fm.,18.218999863,0.7041863203,0.7041863203,0.8220000267,2.0995662212,26.115829468,0.0,0.0,2.8876852989,139.75802612,39.224517822,17.5,2.2216279507,0.0,0.0,-0.021018747,0.1425934285,0.0,0.0,0.0,Sandstone,1
25/2-7,1442.9380006,479887.75,6641113.5,-1417.915894,HORDALAND GP.,Vaale Fm.,18.218999863,0.7075707912,0.7075707912,0.8223927021,2.1038193703,26.361474991,0.0,0.0,2.9319624901,139.64599609,39.27456665,17.5,2.2212240696,0.0,0.0,-0.017606489,0.1425934285,0.0,0.0,0.0,Sandstone,1
25/2-7,1443.5460006,479887.75,6641113.5,-1418.523926,HORDALAND GP.,Vaale Fm.,18.209125519,0.719179213,0.719179213,0.8267641664,2.1012341976,27.36520195,0.0,0.0,2.8499982357,139.51956177,39.075874329,17.5,2.2192080021,0.0,0.0,-0.018617118,0.1425934285,0.0,0.0,0.0,Sandstone,1
25/2-7,1445.8260006,479887.75,6641114.0,-1420.803955,HORDALAND GP.,Vaale Fm.,18.218999863,0.7046016455,0.7046016455,0.8340278864,2.0899999142,24.76146698,0.0,0.0,2.6914539337,140.2419281,39.742828369,17.5,3.1770701408,0.0,0.0,-0.016343953,0.1425934285,0.0,0.0,0.0,Sandstone,1
25/2-7,1447.1940006,479887.75,6641114.0,-1422.171875,HORDALAND GP.,Vaale Fm.,18.213880539,0.7029573321,0.7029573321,0.8363617659,2.0886397362,24.65855217,0.0,0.0,2.59425354,139.52880859,39.537437439,17.5,3.2798240185,0.0,0.0,-0.018680084,0.1425934285,0.0,0.0,0.0,Sandstone,1
25/2-7,1448.5620006,479887.75,6641114.0,-1423.539917,HORDALAND GP.,Vaale Fm.,18.187999725,0.7135907412,0.7135907412,0.8432953358,2.0871856213,23.411207199,0.0,0.0,2.6966571808,138.35914612,39.642917633,17.5,3.3022758961,0.0,0.0,-0.017110795,0.1425934285,0.0,0.0,0.0,Sandstone,1
25/2-7,1448.8660006,479887.75,6641114.0,-1423.843872,HORDALAND GP.,Vaale Fm.,18.192365646,0.7177097201,0.7177097201,0.84799999,2.0945823193,24.291576385,0.0,0.0,2.7207422256,138.32850647,39.51014328,17.5,3.3012678623,0.0,0.0,-0.014455437,0.1425934285,0.0,0.0,0.0,Sandstone,1
25/2-7,1449.0180006,479887.75,6641114.0,-1423.99585,HORDALAND GP.,Vaale Fm.,18.198669434,0.7149854302,0.7149854302,0.84799999,2.0959999561,26.292766571,0.0,0.0,2.7425708771,138.22865295,40.021976471,17.5,3.2573564053,0.0,0.0,-0.017422801,0.1425934285,0.0,0.0,0.0,Sandstone,1
25/2-7,1449.4740006,479887.75,6641114.0,-1424.451904,HORDALAND GP.,Vaale Fm.,18.187999725,0.7058389783,0.7058389783,0.8444406986,2.0954391956,27.246353149,0.0,0.0,2.7981567383,137.86427307,39.661083221,17.5,2.7898519039,0.0,0.0,-0.011121836,0.1425934285,0.0,0.0,0.0,Sandstone,1
25/2-7,1450.0820006,479887.75,6641114.0,-1425.059937,HORDALAND GP.,Vaale Fm.,18.187999725,0.7122690678,0.7122690678,0.8410000205,2.0945408344,29.014825821,0.0,0.0,2.8353421688,137.26124573,39.907482147,17.5,2.7880539894,0.0,0.0,-0.014540832,0.1425934285,0.0,0.0,0.0,Sandstone,1
25/2-7,1450.3860006,479887.75,6641114.0,-1425.363892,HORDALAND GP.,Vaale Fm.,18.191976547,0.7134725451,0.7134725451,0.8414725661,2.0924093723,25.550252914,0.0,0.0,2.91395998,137.26127625,40.022140503,17.5,2.7870419025,0.0,0.0,-0.018795317,0.1425934285,0.0,0.0,0.0,Sandstone,1
25/2-7,1452.5140006,479887.75,6641114.0,-1427.491943,HORDALAND GP.,Vaale Fm.,18.187999725,0.706908524,0.706908524,0.8504542708,2.0958249569,23.43891716,0.0,0.0,3.0395395756,138.43988037,39.958824158,17.5,5.5288681984,0.0,0.0,-0.011087523,0.1425934285,0.0,0.0,0.0,Sandstone,1
25/2-7,1452.6660006,479887.75,6641114.0,-1427.643921,HORDALAND GP.,Vaale Fm.,18.187999725,0.7131396532,0.7131396532,0.852448523,2.1006457806,23.422397614,0.0,0.0,3.1012897491,138.24909973,39.647918701,17.5,5.5598678589,0.0,0.0,-0.008677047,0.1425934285,0.0,0.0,0.0,Sandstone,1
25/2-7,1455.2500006,479887.75,6641114.0,-1430.227783,HORDALAND GP.,Vaale Fm.,18.218999863,0.7171801329,0.7171801329,0.8488198519,2.0920000076,27.000320435,0.0,0.0,3.1473181248,137.26835632,39.370246887,17.5,6.393699646,0.0,0.0,-0.016638104,0.1425934285,0.0,0.0,0.0,Sandstone,1
25/2-7,1456.6180006,479887.75,6641114.0,-1431.595825,HORDALAND GP.,Vaale Fm.,18.218999863,0.7194679379,0.7194679379,0.8581559658,2.0836851597,24.539455414,0.0,0.0,2.9578831196,137.60404968,39.071838379,17.5,7.7045640945,0.0,0.0,-0.022,0.1425934285,0.0,0.0,0.0,Sandstone,1
25/2-7,1457.3780006,479887.75,6641114.0,-1432.355835,HORDALAND GP.,Vaale Fm.,18.218999863,0.7080000043,0.7080000043,0.8527138233,2.0782878399,33.010345459,0.0,0.0,3.0137951374,137.71601868,39.472126007,17.5,1.4627220631,0.0,0.0,-0.022,0.1425934285,0.0,0.0,0.0,Sandstone,1
25/2-7,1458.5940006,479887.75,6641114.0,-1433.571777,HORDALAND GP.,Vaale Fm.,18.218999863,0.71197474,0.71197474,0.8418781757,2.0862467289,24.154088974,0.0,0.0,2.8398406506,137.8637085,39.950000763,17.5,1.5143059492,0.0,0.0,-0.024629977,0.1425934285,0.0,0.0,0.0,Sandstone,1
25/2-7,1459.3540006,479887.75,6641114.0,-1434.331787,HORDALAND GP.,Vaale Fm.,18.218999863,0.6945610046,0.6945610046,0.8348902464,2.0697803497,23.654354095,0.0,0.0,2.9686555862,138.16195679,40.200000763,17.5,2.102946043,0.0,0.0,-0.003329262,0.1425934285,0.0,0.0,0.0,Sandstone,1
25/2-7,1459.9620006,479887.71875,6641114.0,-1434.939819,HORDALAND GP.,Vaale Fm.,18.218999863,0.6903964877,0.6903964877,0.8360991478,2.0727930069,25.780065536,0.0,0.0,2.8703820705,138.45507813,38.80022049,17.5,2.0483381748,0.0,0.0,-0.017603496,0.1433362514,0.0,0.0,0.0,Sandstone,1
25/2-7,1463.1540006,479887.71875,6641114.0,-1438.131714,HORDALAND GP.,Vaale Fm.,18.234710693,0.7031779885,0.7031779885,0.8361334801,2.089910984,29.472326279,0.0,0.0,2.876650095,139.20903015,38.874065399,17.5,1.6142460108,0.0,0.0,-0.007133482,0.1437916905,0.0,0.0,0.0,Sandstone,1
25/2-7,1463.3060006,479887.71875,6641114.0,-1438.283691,HORDALAND GP.,Vaale Fm.,18.25,0.7067926526,0.7067926526,0.8390414715,2.0880000591,27.155721664,0.0,0.0,2.8660826683,139.17088318,39.272369385,17.5,1.6140819788,0.0,0.0,-0.010248831,0.1437916905,0.0,0.0,0.0,Sandstone,1
25/2-7,1464.2180006,479887.71875,6641114.0,-1439.195679,HORDALAND GP.,Vaale Fm.,18.25,0.7049744725,0.7049744725,0.8419489264,2.0699489117,24.587724686,0.0,0.0,2.3658409119,139.6506958,40.17219162,17.5,1.2907819748,0.0,0.0,-0.02197447,0.1437916905,0.0,0.0,0.0,Sandstone,1
25/2-7,1465.2820006,479887.71875,6641114.0,-1440.259644,HORDALAND GP.,Vaale Fm.,18.281000137,0.69599998,0.69599998,0.8340146542,2.0739412308,29.480983734,0.0,0.0,2.3763074875,139.96524048,39.545829773,17.5,1.3427180052,0.0,0.0,-0.019036654,0.1437916905,0.0,0.0,0.0,Sandstone,1
25/2-7,1465.5860006,479887.71875,6641114.0,-1440.563721,HORDALAND GP.,Vaale Fm.,18.281000137,0.6999999881,0.6999999881,0.8359959722,2.0699877739,25.15448761,0.0,0.0,2.4297616482,139.56800842,39.668304443,17.5,1.3422139883,0.0,0.0,-0.019002017,0.1437916905,0.0,0.0,0.0,Sandstone,1
25/2-7,1466.0420006,479887.71875,6641114.0,-1441.019653,HORDALAND GP.,Vaale Fm.,18.281000137,0.6970278025,0.6970278025,0.8340110779,2.0639998913,23.486776352,0.0,0.0,2.4151556492,140.99476624,38.981693268,17.5,1.5838739872,0.0,0.0,-0.018994445,0.1437916905,0.0,0.0,0.0,Sandstone,1
25/2-7,1466.8020006,479887.71875,6641114.0,-1441.779663,HORDALAND GP.,Vaale Fm.,18.281000137,0.7078893781,0.7078893781,0.829018414,2.0781106949,26.789733887,0.0,0.0,2.2983679771,141.15731812,39.950000763,17.5,1.8228960037,0.0,0.0,-0.017981561,0.1437916905,0.0,0.0,0.0,Sandstone,1
25/2-7,1469.2340006,479887.71875,6641114.0,-1444.21167,HORDALAND GP.,Vaale Fm.,18.281000137,0.7050608993,0.7050608993,0.8320609331,2.0778782368,28.257230759,0.0,0.0,2.2970504761,142.39047241,39.354110718,17.5,2.2478659153,0.0,0.0,-0.021121804,0.1437916905,0.0,0.0,0.0,Sandstone,1
25/2-7,1472.8820006,479887.71875,6641114.0,-1447.859619,HORDALAND GP.,Vaale Fm.,18.281000137,0.7075047493,0.7075047493,0.8360000253,2.0750157833,26.555690765,0.0,0.0,2.2655866146,143.93136597,39.544136047,17.5,2.4833359718,0.0,0.0,-0.025369057,0.1437916905,0.0,0.0,0.0,Sandstone,1
25/2-7,1474.2500006,479887.71875,6641114.0,-1449.227661,HORDALAND GP.,Vaale Fm.,18.281000137,0.7105576992,0.7105576992,0.8352948427,2.0859999657,24.599348068,0.0,0.0,2.3118362427,142.51017761,39.387001038,17.5,4.4918498993,0.0,0.0,-0.020146513,0.1437916905,0.0,0.0,0.0,Sandstone,1
25/2-7,1476.5300006,479887.71875,6641114.0,-1451.50769,HORDALAND GP.,Vaale Fm.,18.281000137,0.7620655894,0.7620655894,0.8750655651,2.124628067,25.520370483,0.0,0.0,2.4460935593,145.36540222,40.241298676,17.5,3.2280700207,0.0,0.0,-0.019628126,0.1437916905,0.0,0.0,0.0,Sandstone,1
25/2-7,1478.2020006,479887.71875,6641114.0,-1453.179688,HORDALAND GP.,Vaale Fm.,18.435314178,0.844175756,0.844175756,1.0364114046,1.9751346111,47.891506195,0.0,0.0,2.9273641109,151.1804657,43.544586182,17.5,2.2333981991,0.0,0.0,0.0073557785,0.1437916905,0.0,0.0,0.0,Sandstone,1
25/2-7,1478.6580006,479887.71875,6641114.0,-1453.63562,HORDALAND GP.,Vaale Fm.,18.593999863,0.9277457595,0.9277457595,1.0871936083,1.9500023127,49.17880249,0.0,0.0,2.749096632,145.38566589,43.835525513,17.5,2.2327418327,0.0,0.0,0.0062224832,0.1437916905,0.0,0.0,0.0,Shale,1
25/2-7,1482.7620006,479887.71875,6641114.0,-1457.739624,HORDALAND GP.,Vaale Fm.,18.505897522,1.2065440416,1.2065440416,1.3569289446,1.92900002,48.213878632,0.0,0.0,2.6467664242,150.82963562,44.550979614,17.5,2.9768140316,0.0,0.0,-0.004293588,0.1437916905,0.0,0.0,0.0,Shale,1
25/2-7,1483.2180006,479887.71875,6641114.0,-1458.195679,HORDALAND GP.,Vaale Fm.,18.648508072,1.1963956356,1.1963956356,1.3406482935,1.9236027002,52.458343506,0.0,0.0,2.6738219261,148.58580017,43.778141022,17.5,8.3031816483,0.0,0.0,-0.004,0.1437916905,0.0,0.0,0.0,Shale,1
25/2-7,1488.9940006,479887.71875,6641114.0,-1463.97168,HORDALAND GP.,Vaale Fm.,18.44342041,1.1830654144,1.1830654144,1.3490408659,1.9463950396,45.091049194,0.0,0.0,2.7125680447,151.60690308,44.8462677,17.5,8.8015060425,0.0,0.0,0.0136049548,0.1437916905,0.0,0.0,0.0,Shale,1
25/2-7,1489.1460006,479887.71875,6641114.0,-1464.123657,HORDALAND GP.,Vaale Fm.,18.344591141,1.2018356323,1.2018356323,1.2562432289,1.9569427967,43.790840149,0.0,0.0,2.5960583687,149.83644104,44.754272461,17.5,8.8012075424,0.0,0.0,0.0125961835,0.1437916905,0.0,0.0,0.0,Shale,1
25/2-7,1489.6020006,479887.71875,6641114.0,-1464.579712,HORDALAND GP.,Vaale Fm.,18.896448135,1.101554513,1.101554513,1.1454607248,1.9600000381,42.686870575,0.0,0.0,2.3205411434,148.91958618,44.39056015,17.5,8.8000955582,0.0,0.0,5.92914e-05,0.1437916905,0.0,0.0,0.0,Shale,1
25/2-7,1490.2100006,479887.71875,6641114.0,-1465.187622,HORDALAND GP.,Vaale Fm.,18.871620178,1.236566186,1.236566186,1.2491482496,1.9840426445,44.779224396,0.0,0.0,2.2792036533,143.24046326,44.487773895,17.5,8.7258691788,0.0,0.0,-0.00488761,0.1437916905,0.0,0.0,0.0,Shale,1
25/2-7,1491.2740006,479887.71875,6641114.0,-1466.251709,HORDALAND GP.,Vaale Fm.,18.793628693,1.1674181223,1.1674181223,1.4038126469,2.0144746304,51.052307129,0.0,0.0,2.6908669472,137.9069519,44.574150085,17.5,9.9643783569,0.0,0.0,-0.001678014,0.1437916905,0.0,0.0,0.0,Shale,1
25/2-7,1492.3380006,479887.71875,6641114.0,-1467.315674,HORDALAND GP.,Vaale Fm.,18.719762802,1.0916793346,1.0916793346,1.1765202284,2.0003564358,54.80324173,0.0,0.0,2.7373819351,148.43595886,44.732738495,17.5,3.443985939,0.0,0.0,0.0068670744,0.1437916905,0.0,0.0,0.0,Shale,1
25/2-7,1495.5300006,479887.71875,6641114.0,-1470.50769,HORDALAND GP.,Vaale Fm.,18.93022728,1.224506855,1.224506855,1.300722599,2.0019431114,47.272041321,0.0,0.0,2.554495573,137.92478943,44.399101257,17.5,5.57543993,0.0,0.0,-0.001457402,0.1437916905,0.0,0.0,0.0,Shale,1
25/2-7,1496.1380006,479887.71875,6641114.0,-1471.115723,HORDALAND GP.,Vaale Fm.,19.077730179,1.3174875975,1.3174875975,1.3790132999,2.0477519035,52.515666962,0.0,0.0,2.5809824467,136.67095947,45.201187134,17.5,5.2683157921,0.0,0.0,0.0062766285,0.1437916905,0.0,0.0,0.0,Shale,1
25/2-7,1496.5940006,479887.71875,6641114.0,-1471.571655,HORDALAND GP.,Vaale Fm.,19.192440033,1.3651303053,1.3651303053,1.3896722794,2.0688607693,46.751304626,0.0,0.0,2.6433646679,135.89659119,45.357406616,17.5,5.2812180519,0.0,0.0,0.0082624806,0.1437916905,0.0,0.0,0.0,Shale,1
25/2-7,1497.5060006,479887.71875,6641114.0,-1472.483643,HORDALAND GP.,Vaale Fm.,19.477010727,1.1784143448,1.1784143448,1.3113512993,2.1134877205,48.949329376,0.0,0.0,2.8836886883,138.9405365,44.861629486,17.5,1.7198820114,0.0,0.0,-0.005934817,0.1437916905,0.0,0.0,0.0,Shale,1
25/2-7,1500.0900006,479887.71875,6641114.0,-1475.067627,HORDALAND GP.,Vaale Fm.,19.71323204,1.3189383745,1.3189383745,1.4175630808,2.0619182587,50.57674408,0.0,0.0,2.4876701832,133.99545288,45.303863525,17.5,0.0,0.0,0.0,0.0032556287,0.1437916905,0.0,0.0,0.0,Shale,1
25/2-7,1505.1060006,479887.71875,6641114.0,-1480.083618,HORDALAND GP.,Vaale Fm.,19.343999863,1.4292098284,1.4292098284,1.6037700176,2.1146683693,49.690410614,0.0,0.0,2.9730036259,133.87815857,44.436309814,17.5,7.3315000534,0.0,0.0,0.0041151219,0.1425934285,0.0,0.0,0.0,Shale,1
25/2-7,1505.4100006,479887.71875,6641114.0,-1480.387695,HORDALAND GP.,Vaale Fm.,19.227279663,1.4439435005,1.4439435005,1.7303138971,2.2247498035,44.161800385,0.0,0.0,2.7384359837,131.31590271,44.468997955,17.5,7.385989666,0.0,0.0,0.0013695357,0.1425934285,0.0,0.0,0.0,Shale,1
25/2-7,1507.3860006,479887.71875,6641114.0,-1482.363647,HORDALAND GP.,Vaale Fm.,19.233999252,1.3194116354,1.3194116354,1.3035241365,2.0469355583,55.313854218,0.0,0.0,2.4160585403,139.1144104,44.754554749,17.5,8.4097003937,0.0,0.0,0.0092489477,0.1425934285,0.0,0.0,0.0,Shale,1
25/2-7,1507.9940006,479887.71875,6641114.0,-1482.97168,HORDALAND GP.,Vaale Fm.,19.198671341,1.2638409138,1.2638409138,1.2731927633,2.0628936291,51.391544342,0.0,0.0,2.3136234283,137.02540588,44.902046204,17.5,13.365161896,0.0,0.0,0.0098114964,0.1425934285,0.0,0.0,0.0,Shale,1
25/2-7,1508.1460006,479887.71875,6641114.0,-1483.123657,HORDALAND GP.,Vaale Fm.,19.166122437,1.3032051325,1.3032051325,1.2734017372,2.0669293404,47.906467438,0.0,0.0,2.282733202,135.80499268,44.789283752,17.5,13.325547218,0.0,0.0,0.0120000001,0.1425934285,0.0,0.0,0.0,Shale,1
25/2-7,1508.6020006,479887.71875,6641114.0,-1483.57959,HORDALAND GP.,Vaale Fm.,19.121213913,1.3165956736,1.3165956736,1.3145544529,2.0424802303,51.018157959,0.0,0.0,2.4025652409,135.45375061,44.419384003,17.5,13.260100365,0.0,0.0,0.0020000001,0.1425934285,0.0,0.0,0.0,Shale,1
25/2-7,1508.9060006,479887.71875,6641114.0,-1483.883545,HORDALAND GP.,Vaale Fm.,19.156784058,1.258133173,1.258133173,1.3106708527,2.0334727764,53.934345245,0.0,0.0,2.4809126854,136.64306641,44.310443878,17.5,12.752144814,0.0,0.0,0.0047454308,0.1425934285,0.0,0.0,0.0,Shale,1
25/2-7,1509.8180006,479887.71875,6641114.0,-1484.795532,HORDALAND GP.,Vaale Fm.,19.191581726,1.1607187986,1.1607187986,1.1945244074,2.0332989693,57.624404907,0.0,0.0,2.5013699532,139.6522522,45.107269287,17.5,11.308786392,0.0,0.0,0.0041941549,0.1425934285,0.0,0.0,0.0,Shale,1
25/2-7,1509.9700006,479887.71875,6641114.0,-1484.94751,HORDALAND GP.,Vaale Fm.,19.202999115,1.148644805,1.148644805,1.192999959,2.0493638515,55.395915985,0.0,0.0,2.4698739052,139.53935242,45.008476257,17.5,8.0123167038,0.0,0.0,0.0084727705,0.1425934285,0.0,0.0,0.0,Shale,1
25/2-7,1513.4660006,479887.71875,6641114.0,-1488.443481,HORDALAND GP.,Vaale Fm.,18.821266174,1.141874671,1.141874671,1.1826500893,2.0507586002,47.639732361,0.0,0.0,2.3351986408,135.46130371,45.172065735,17.5,9.2721996307,0.0,0.0,0.008824137,0.1425934285,0.0,0.0,0.0,Shale,1
25/2-7,1513.9220006,479887.71875,6641114.0,-1488.899536,HORDALAND GP.,Vaale Fm.,19.111244202,1.2498351336,1.2498351336,1.2238339186,2.0696816444,55.770576477,0.0,0.0,2.3172960281,134.69993591,45.085670471,17.5,8.5778675079,0.0,0.0,0.0075044734,0.1425934285,0.0,0.0,0.0,Shale,1
25/2-7,1514.3780006,479887.71875,6641114.0,-1489.355591,HORDALAND GP.,Vaale Fm.,18.922000885,1.3370440006,1.3370440006,1.2615911961,2.0747206211,42.78106308,0.0,0.0,2.5103838444,133.97390747,45.409435272,17.5,8.5174999237,0.0,0.0,0.0042003966,0.1425934285,0.0,0.0,0.0,Shale,1
25/2-7,1515.5940006,479887.71875,6641114.0,-1490.571533,HORDALAND GP.,Vaale Fm.,19.062860489,1.5108641386,1.5108641386,1.3548620939,2.0834915638,45.63886261,0.0,0.0,2.4830577374,129.20217896,44.839603424,17.5,8.5174999237,0.0,0.0,-0.000278708,0.1425934285,0.0,0.0,0.0,Shale,1
25/2-7,1516.8100006,479887.71875,6641114.0,-1491.787598,HORDALAND GP.,Vaale Fm.,19.073984146,1.1814522743,1.1814522743,1.1886981726,2.0560631752,52.469669342,0.0,0.0,2.4696922302,137.99528503,44.901031494,17.5,9.1751804352,0.0,0.0,-0.000472458,0.1425934285,0.0,0.0,0.0,Shale,1
25/2-7,1516.9620006,479887.71875,6641114.0,-1491.939575,HORDALAND GP.,Vaale Fm.,19.152429581,1.2367466688,1.2367466688,1.214374423,2.0656120777,54.187419891,0.0,0.0,2.4663012028,137.85876465,44.685131073,17.5,9.2721996307,0.0,0.0,-0.003884849,0.1425934285,0.0,0.0,0.0,Shale,1
25/2-7,1517.7220006,479887.71875,6641114.0,-1492.699585,HORDALAND GP.,Vaale Fm.,19.111589432,1.4477096796,1.4477096796,1.4121152163,2.0693862438,47.315513611,0.0,0.0,2.2370107174,132.03930664,45.820152283,17.5,9.2024068832,0.0,0.0,0.001,0.1425934285,0.0,0.0,0.0,Shale,1
25/2-7,1518.4820006,479887.71875,6641114.0,-1493.459595,HORDALAND GP.,Vaale Fm.,19.281728745,1.3761863708,1.3761863708,1.4098494053,2.0630893707,56.429679871,0.0,0.0,2.4219055176,135.41412354,45.005870819,17.5,8.8410005569,0.0,0.0,-0.000910689,0.1425934285,0.0,0.0,0.0,Shale,1
25/2-7,1519.2420006,479887.71875,6641114.0,-1494.219482,HORDALAND GP.,Vaale Fm.,19.297000885,1.4004757404,1.4004757404,1.3891761303,2.0810916424,55.667167664,0.0,0.0,2.293649435,135.35533142,44.965999603,17.5,7.4258761406,0.0,0.0,0.0105458219,0.1425934285,0.0,0.0,0.0,Shale,1
25/2-7,1520.4580006,479887.71875,6641114.0,-1495.435547,HORDALAND GP.,Vaale Fm.,19.099187851,1.2953064442,1.2953064442,1.3980190754,2.0629448891,54.59147644,0.0,0.0,2.2453906536,138.50883484,45.251972198,17.5,10.635467529,0.0,0.0,0.0018344092,0.1425934285,0.0,0.0,0.0,Shale,1
25/2-7,1520.7620006,479887.75,6641114.0,-1495.739502,HORDALAND GP.,Vaale Fm.,19.327201843,1.4222522974,1.4222522974,1.4432762861,2.0610499382,50.906074524,0.0,0.0,2.2272882462,135.60725403,45.752353668,17.5,10.622699738,0.0,0.0,-0.001049887,0.1425934285,0.0,0.0,0.0,Shale,1
25/2-7,1521.3700006,479887.75,6641114.0,-1496.347534,HORDALAND GP.,Vaale Fm.,18.998783112,1.6403839588,1.6403839588,1.5342694521,2.0783143044,43.69732666,0.0,0.0,2.2996871471,129.758255,45.413574219,17.5,10.659539223,0.0,0.0,0.003078535,0.1425934285,0.0,0.0,0.0,Shale,1
25/2-7,1523.0420006,479887.71875,6641114.0,-1498.019531,HORDALAND GP.,Vaale Fm.,19.030675888,1.4647103548,1.4647103548,1.5583091974,2.0640208721,46.122882843,0.0,0.0,2.1808037758,132.00901794,45.902999878,17.5,9.595700264,0.0,0.0,-0.007010464,0.1425934285,0.0,0.0,0.0,Shale,1
25/2-7,1523.3460006,479887.71875,6641114.0,-1498.323486,HORDALAND GP.,Vaale Fm.,19.031000137,1.7875658274,1.7875658274,1.6301523447,2.0660204887,40.896087646,0.0,0.0,2.1492490768,127.05757904,45.68359375,17.5,9.595700264,0.0,0.0,-0.008974231,0.1425934285,0.0,0.0,0.0,Shale,1
25/2-7,1523.4980006,479887.71875,6641114.0,-1498.475586,HORDALAND GP.,Vaale Fm.,19.031000137,1.9169220924,1.9169220924,1.6650155783,2.0699915886,45.716808319,0.0,0.0,2.1680614948,125.6623764,45.591041565,17.5,9.595700264,0.0,0.0,-0.0039958,0.1425934285,0.0,0.0,0.0,Shale,1
25/2-7,1524.4100006,479887.71875,6641114.0,-1499.387573,HORDALAND GP.,Vaale Fm.,19.109582901,1.3381119967,1.3381119967,1.5328390598,2.0700521469,48.544242859,0.0,0.0,2.3842573166,135.63005066,44.400936127,17.5,10.769200325,0.0,0.0,0.0001173678,0.1425934285,0.0,0.0,0.0,Shale,1
25/2-7,1526.3860006,479887.71875,6641114.0,-1501.363525,HORDALAND GP.,Vaale Fm.,19.253679276,1.3754351139,1.3754351139,1.3695478439,2.0658583641,45.454689026,0.0,0.0,2.4440104961,130.40715027,44.773090363,17.5,11.79489994,0.0,0.0,-0.001141546,0.1425934285,0.0,0.0,0.0,Shale,1
25/2-7,1526.9940006,479887.71875,6641114.0,-1501.971558,HORDALAND GP.,Vaale Fm.,19.16324234,1.2924969196,1.2924969196,1.3270000219,2.1772830486,48.161956787,0.0,0.0,3.4030766487,131.66212463,45.22322464,17.5,10.884597778,0.0,0.0,-0.017421898,0.1425934285,0.0,0.0,0.0,Shale,1
25/2-7,1527.2980006,479887.71875,6641114.0,-1502.275513,HORDALAND GP.,Vaale Fm.,19.264053345,1.3501162529,1.3501162529,1.3076944351,2.1746313572,46.687561035,0.0,0.0,2.7841334343,124.38036346,45.135044098,17.5,7.1158995628,0.0,0.0,-0.017378746,0.1425934285,0.0,0.0,0.0,Shale,1
25/2-7,1528.3620006,479887.71875,6641114.0,-1503.3396,HORDALAND GP.,Vaale Fm.,19.316740036,1.2363494635,1.2363494635,1.2207560539,2.0795118809,48.253517151,0.0,0.0,2.4058811665,133.09664917,44.950000763,17.5,7.1158995628,0.0,0.0,0.0069186771,0.1425934285,0.0,0.0,0.0,Shale,1
25/2-7,1530.3380006,479887.71875,6641114.0,-1505.315552,HORDALAND GP.,Vaale Fm.,19.376848221,1.3184639215,1.3184639215,1.250232935,2.0842311382,48.301647186,0.0,0.0,2.5796728134,134.6539917,45.215999603,17.5,8.4097003937,0.0,0.0,0.006115464,0.1425934285,0.0,0.0,0.0,Shale,1
25/2-7,1531.5540006,479887.71875,6641114.0,-1506.531494,HORDALAND GP.,Vaale Fm.,19.348237991,1.2157187462,1.2157187462,1.2919764519,2.080632925,60.577976227,0.0,0.0,2.3288400173,136.94151306,44.932910919,17.5,9.1644001007,0.0,0.0,-0.002410161,0.1425934285,0.0,0.0,0.0,Shale,1
25/2-7,1531.7060006,479887.71875,6641114.0,-1506.683594,HORDALAND GP.,Vaale Fm.,19.518648148,1.3110556602,1.3110556602,1.3526200056,2.0871620178,57.613418579,0.0,0.0,2.345272541,135.68399048,44.842460632,17.5,9.1607999802,0.0,0.0,-0.001139666,0.1425934285,0.0,0.0,0.0,Shale,1
25/2-7,1535.2020006,479887.71875,6641114.0,-1510.179565,HORDALAND GP.,Vaale Fm.,19.524808884,1.3206146955,1.3206146955,1.4150062799,2.1008019447,47.517948151,0.0,0.0,2.5313475132,135.054245,44.941040039,17.5,8.30189991,0.0,0.0,-0.003602182,0.1425934285,0.0,0.0,0.0,Shale,1
25/2-7,1535.8100006,479887.6875,6641114.0,-1510.787598,HORDALAND GP.,Vaale Fm.,19.391000748,1.6727460623,1.6727460623,1.5464801788,2.0994722843,53.126811981,0.0,0.0,2.3874638081,128.00079346,45.024635315,17.5,8.30189991,0.0,0.0,0.0015793671,0.1425934285,0.0,0.0,0.0,Shale,1
25/2-7,1537.1780006,479887.6875,6641114.0,-1512.155518,HORDALAND GP.,Vaale Fm.,19.542755127,1.3653383255,1.3653383255,1.4014029503,2.0899999142,50.703071594,0.0,0.0,2.361552,134.45445251,45.313545227,17.5,10.183199883,0.0,0.0,0.0037661709,0.1425934285,0.0,0.0,0.0,Shale,1
25/2-7,1537.4820006,479887.6875,6641114.0,-1512.459595,HORDALAND GP.,Vaale Fm.,19.648414612,1.3659346104,1.3659346104,1.4102826118,2.0814347267,50.818077087,0.0,0.0,2.3561336994,134.3210907,45.20741272,17.5,10.123093605,0.0,0.0,0.0009565738,0.1425934285,0.0,0.0,0.0,Shale,1
25/2-7,1538.5460006,479887.6875,6641114.0,-1513.52356,HORDALAND GP.,Vaale Fm.,19.675163269,1.3356615305,1.3356615305,1.3616321087,2.0529999733,51.145858765,0.0,0.0,2.4381220341,134.95355225,44.768642426,17.5,9.4879007339,0.0,0.0,-0.005742658,0.1425934285,0.0,0.0,0.0,Shale,1
25/2-7,1538.6980006,479887.6875,6641114.0,-1513.675537,HORDALAND GP.,Vaale Fm.,19.710674286,1.3307398558,1.3307398558,1.3385047913,2.0589184761,48.140705109,0.0,0.0,2.4353888035,134.61662292,44.917476654,17.5,9.4879007339,0.0,0.0,-0.004520383,0.1425934285,0.0,0.0,0.0,Shale,1
25/2-7,1541.7380006,479887.6875,6641114.0,-1516.715454,HORDALAND GP.,Vaale Fm.,19.551675797,1.3873165846,1.3873165846,1.438308835,2.0623116493,49.806880951,0.0,0.0,2.2841639519,133.51643372,44.903186798,17.5,9.5697450638,0.0,0.0,-0.002,0.1425934285,0.0,0.0,0.0,Shale,1
25/2-7,1543.4100006,479887.6875,6641114.0,-1518.387451,HORDALAND GP.,Vaale Fm.,19.660419464,1.2481235266,1.2481235266,1.2293909788,2.052229166,50.017436981,0.0,0.0,2.3368580341,139.04237366,45.376304626,17.5,11.501800537,0.0,0.0,-2.2296e-05,0.1425934285,0.0,0.0,0.0,Shale,1
25/2-7,1547.8180006,479887.6875,6641114.0,-1522.79541,HORDALAND GP.,Vaale Fm.,19.709665298,1.1227300167,1.1227300167,1.1421186924,2.0469999313,52.469467163,0.0,0.0,2.4220046997,138.89730835,44.395133972,17.5,7.4006071091,0.0,0.0,0.0011667645,0.1425934285,0.0,0.0,0.0,Shale,1
25/2-7,1550.4020006,479887.65625,6641114.0,-1525.379395,HORDALAND GP.,Vaale Fm.,19.696079254,1.3951073885,1.3951073885,1.4624345303,2.1242277622,46.804309845,0.0,0.0,2.5235702991,129.53674316,44.950000763,17.5,10.622699738,0.0,0.0,-0.001615839,0.1425934285,0.0,0.0,0.0,Shale,1
25/2-7,1550.7060006,479887.65625,6641114.0,-1525.683472,HORDALAND GP.,Vaale Fm.,19.636129379,1.5347024202,1.5347024202,1.4740775824,2.089600563,46.599697113,0.0,0.0,2.4039363861,128.05119324,44.611068726,17.5,10.649078369,0.0,0.0,-0.001,0.1425934285,0.0,0.0,0.0,Shale,1
25/2-7,1551.4660006,479887.65625,6641114.0,-1526.443359,HORDALAND GP.,Vaale Fm.,19.64756012,1.23721385,1.23721385,1.2532906532,2.0669600964,48.716796875,0.0,0.0,2.4040253162,134.99221802,44.669094086,17.5,14.061601639,0.0,0.0,0.0030799904,0.1425934285,0.0,0.0,0.0,Shale,1
25/2-7,1554.2020006,479887.65625,6641114.0,-1529.179321,HORDALAND GP.,Vaale Fm.,19.567558289,1.3565782309,1.3565782309,1.3410203457,2.1912827492,48.509506226,0.0,0.0,2.9435036182,130.25961304,45.054576874,17.5,9.694396019,0.0,0.0,-0.000946019,0.1425934285,0.0,0.0,0.0,Shale,1
25/2-7,1555.7220006,479887.625,6641114.0,-1530.699341,HORDALAND GP.,Vaale Fm.,19.675825119,1.0536302328,1.0536302328,1.0579999685,2.0445353985,51.144054413,0.0,0.0,2.4359266758,140.41320801,45.447978973,17.5,10.768582344,0.0,0.0,-0.006232302,0.1425934285,0.0,0.0,0.0,Shale,1
25/2-7,1556.0260006,479887.625,6641114.0,-1531.003296,HORDALAND GP.,Vaale Fm.,19.74637413,1.0372385979,1.0372385979,1.0578438044,2.0387659073,50.96546936,0.0,0.0,2.4793286324,140.11109924,45.380397797,17.5,10.805789948,0.0,0.0,-0.010116992,0.1425934285,0.0,0.0,0.0,Shale,1
25/2-7,1558.0020006,479887.625,6641114.0,-1532.979248,HORDALAND GP.,Vaale Fm.,19.855712891,1.1776869297,1.1776869297,1.1974374056,2.0561859608,53.612697601,0.0,0.0,2.4836966991,137.65664673,45.497684479,17.5,7.4220957756,0.0,0.0,-0.000814074,0.1425934285,0.0,0.0,0.0,Shale,1
25/2-7,1563.6260006,479887.59375,6641114.0,-1538.603149,HORDALAND GP.,Vaale Fm.,19.758440018,1.1749142408,1.1749142408,1.1488552094,2.0757200718,50.98072052,0.0,0.0,2.429571867,135.485672,45.226360321,17.5,27.709844589,0.0,0.0,-0.000759978,0.1425934285,0.0,0.0,0.0,Shale,1
25/2-7,1569.2500006,479887.5625,6641114.0,-1544.227051,HORDALAND GP.,Vaale Fm.,19.498815536,1.3680770397,1.3680770397,1.3972115517,2.0840001106,55.625926971,0.0,0.0,2.5227196217,132.17689514,44.983711243,17.5,10.749450684,0.0,0.0,-0.004574051,0.1425934285,0.0,0.0,0.0,Shale,1
25/2-7,1571.0740006,479887.5625,6641114.0,-1546.050903,HORDALAND GP.,Vaale Fm.,19.500003815,1.0755904913,1.0755904913,1.0957542658,2.0519123077,53.488349915,0.0,0.0,2.6846752167,139.12564087,45.471576691,17.5,13.086884499,0.0,0.0,0.0016374793,0.1425934285,0.0,0.0,0.0,Shale,1
25/2-7,1571.3780006,479887.53125,6641114.0,-1546.35498,HORDALAND GP.,Vaale Fm.,19.515174866,1.0821809769,1.0821809769,1.0830508471,2.0557038784,57.010307312,0.0,0.0,2.6097164154,138.94706726,45.211910248,17.5,13.108039856,0.0,0.0,0.0020000001,0.1425934285,0.0,0.0,0.0,Shale,1
25/2-7,1572.5940006,479887.53125,6641114.0,-1547.570923,HORDALAND GP.,Vaale Fm.,19.653680801,1.2155382633,1.2155382633,1.2050771713,2.0957016945,49.684928894,0.0,0.0,2.7117345333,133.9967804,44.92130661,17.5,13.047317505,0.0,0.0,-0.001071861,0.1425934285,0.0,0.0,0.0,Shale,1
25/2-7,1573.2020006,479887.53125,6641114.0,-1548.178955,HORDALAND GP.,Vaale Fm.,19.556196213,1.1972893476,1.1972893476,1.2321432829,2.0728685856,56.633651733,0.0,0.0,2.5199871063,135.76364136,45.856372833,17.5,8.2518939972,0.0,0.0,-0.007,0.1425934285,0.0,0.0,0.0,Shale,1
25/2-7,1574.7220006,479887.53125,6641114.0,-1549.698975,HORDALAND GP.,Vaale Fm.,19.614906311,1.3433947563,1.3433947563,1.3280650377,2.0474731922,54.135448456,0.0,0.0,2.8300683498,128.24491882,45.308998108,17.5,9.8119564056,0.0,0.0,0.0011182926,0.1425934285,0.0,0.0,0.0,Shale,1
25/2-7,1574.8740006,479887.53125,6641114.0,-1549.850952,HORDALAND GP.,Vaale Fm.,19.850231171,1.1893628836,1.1893628836,1.2997061014,2.0503044128,50.813076019,0.0,0.0,3.0561237335,133.05299377,45.323303223,17.5,9.8115777969,0.0,0.0,0.0020000001,0.1425934285,0.0,0.0,0.0,Shale,1
25/2-7,1575.1780006,479887.53125,6641114.0,-1550.154907,HORDALAND GP.,Vaale Fm.,19.89008522,1.1092720032,1.1092720032,1.1712167263,2.0166809559,45.451553345,0.0,0.0,3.3230810165,137.31079102,45.31022644,17.5,9.8648443222,0.0,0.0,-0.001110633,0.1425934285,0.0,0.0,0.0,Shale,1
25/2-7,1575.4820006,479887.53125,6641114.0,-1550.458984,HORDALAND GP.,Vaale Fm.,20.349214554,1.0646505356,1.0646505356,1.0858201981,1.9858957529,44.494659424,0.0,0.0,3.1006848812,139.17425537,45.036369324,17.5,9.864235878,0.0,0.0,0.0,0.1425934285,0.0,0.0,0.0,Shale,1
25/2-7,1575.9380006,479887.53125,6641114.0,-1550.914917,HORDALAND GP.,Vaale Fm.,20.440471649,1.0189623833,1.0189623833,1.0909832716,2.0570378304,53.11775589,0.0,0.0,2.9244759083,142.60578918,44.162044525,17.5,9.4081668854,0.0,0.0,0.0017088919,0.1425934285,0.0,0.0,0.0,Shale,1
25/2-7,1580.0420006,479887.5,6641114.0,-1555.018799,HORDALAND GP.,Vaale Fm.,19.302700043,1.1818202734,1.1818202734,1.2708716393,2.027264595,54.866687775,0.0,0.0,2.9548413754,142.15202332,46.321792603,17.5,6.8634529114,0.0,0.0,0.0080000004,0.1425934285,0.0,0.0,0.0,Shale,1
25/2-7,1582.0180006,479887.46875,6641114.0,-1556.994751,HORDALAND GP.,Vaale Fm.,18.671642303,1.3600591421,1.3600591421,1.3840421438,2.0199234486,50.186943054,0.0,0.0,3.2294318676,136.99331665,44.730998993,17.5,8.0384597778,0.0,0.0,0.0070076436,0.1425934285,0.0,0.0,0.0,Shale,1
25/2-7,1582.4740006,479887.46875,6641114.0,-1557.450684,HORDALAND GP.,Vaale Fm.,18.501247406,1.2611681223,1.2611681223,1.3782184124,2.0429360867,54.173828125,0.0,0.0,3.0660040379,137.90480042,45.99489975,17.5,9.956952095,0.0,0.0,0.0080160024,0.1425934285,0.0,0.0,0.0,Shale,1
25/2-7,1584.4500006,479887.46875,6641114.0,-1559.426636,HORDALAND GP.,Vaale Fm.,18.312198639,1.1897779703,1.1897779703,1.147490859,2.0427994728,60.357704163,0.0,0.0,2.809233427,140.85519409,44.709636688,17.5,9.8448505402,0.0,0.0,0.006899768,0.1425934285,0.0,0.0,0.0,Shale,1
25/2-7,1585.3620006,479887.46875,6641114.0,-1560.338745,HORDALAND GP.,Vaale Fm.,18.315023422,1.3692566156,1.3692566156,1.3145294189,2.0655429363,49.366996765,0.0,0.0,2.9027576447,139.94334412,45.804138184,17.5,11.324913979,0.0,0.0,0.001,0.1425934285,0.0,0.0,0.0,Shale,1
25/2-7,1585.6660006,479887.46875,6641114.0,-1560.6427,HORDALAND GP.,Vaale Fm.,18.310739517,1.3263293505,1.3263293505,1.3868973255,2.0616354942,48.153762817,0.0,0.0,3.0376939774,136.86906433,46.280857086,17.5,11.275689125,0.0,0.0,0.0011412228,0.1425934285,0.0,0.0,0.0,Shale,1
25/2-7,1585.8180006,479887.46875,6641114.0,-1560.794678,HORDALAND GP.,Vaale Fm.,18.385259628,1.2266703844,1.2266703844,1.4307233095,2.0572943687,44.425189972,0.0,0.0,3.200663805,136.50167847,46.36730957,17.5,10.949051857,0.0,0.0,7.36101e-05,0.1425934285,0.0,0.0,0.0,Shale,1
25/2-7,1587.1860006,479887.4375,6641114.0,-1562.16272,HORDALAND GP.,Vaale Fm.,18.295446396,1.0573111773,1.0573111773,1.2927838564,2.1193480492,45.853279114,0.0,0.0,3.6680629253,139.24015808,45.883537292,17.5,9.731127739,0.0,0.0,0.0098746363,0.1425934285,0.0,0.0,0.0,Shale,1
25/2-7,1588.2500006,479887.4375,6641114.0,-1563.226563,HORDALAND GP.,Vaale Fm.,18.434307098,1.1244398355,1.1244398355,1.3407261372,2.0724616051,49.3216362,0.0,0.0,2.5994384289,134.18882751,45.671333313,17.5,13.294549942,0.0,0.0,0.0026538582,0.1425934285,0.0,0.0,0.0,Shale,1
25/2-7,1589.0100006,479887.4375,6641114.0,-1563.986572,HORDALAND GP.,Vaale Fm.,18.297000885,1.334404707,1.334404707,1.4460154772,2.0535159111,53.245281219,0.0,0.0,2.7413156033,138.09931946,46.211845398,17.5,13.292269707,0.0,0.0,0.0002579264,0.1425934285,0.0,0.0,0.0,Shale,1
25/2-7,1590.2260006,479887.4375,6641114.0,-1565.202515,HORDALAND GP.,Vaale Fm.,18.695972443,1.5422941446,1.5422941446,1.4958561659,2.0315980911,50.277194977,0.0,0.0,3.1217885017,132.83764648,46.020450592,17.5,14.314321518,0.0,0.0,0.0161028709,0.1425934285,0.0,0.0,0.0,Shale,1
25/2-7,1590.9860006,479887.40625,6641114.0,-1565.962524,HORDALAND GP.,Vaale Fm.,18.494274139,1.2792607546,1.2792607546,1.3884079456,2.0084462166,45.439331055,0.0,0.0,2.9604270458,137.2640686,45.538322449,17.5,12.817623138,0.0,0.0,0.0036523074,0.1425934285,0.0,0.0,0.0,Shale,1
25/2-7,1592.3540006,479887.40625,6641114.0,-1567.330566,HORDALAND GP.,Vaale Fm.,18.413232803,1.3708730936,1.3708730936,1.4177490473,2.0347313881,41.894657135,0.0,0.0,2.7830348015,132.09768677,45.762001038,17.5,7.9948921204,0.0,0.0,-0.000880575,0.1425934285,0.0,0.0,0.0,Shale,1
25/2-7,1594.1780006,479887.40625,6641114.0,-1569.154419,HORDALAND GP.,Vaale Fm.,18.509031296,1.8495454788,1.8495454788,1.8767821789,2.0292575359,38.259346008,0.0,0.0,2.7615742683,119.22925568,45.071926117,17.5,7.0413894653,0.0,0.0,0.0052178036,0.1425934285,0.0,0.0,0.0,Shale,1
25/2-7,1594.7860006,479887.40625,6641114.0,-1569.762451,HORDALAND GP.,Vaale Fm.,18.366224289,1.449239254,1.449239254,1.7418529987,2.0548834801,43.734325409,0.0,0.0,2.8191111088,126.04893494,45.483234406,17.5,6.983230114,0.0,0.0,0.0069137276,0.1425934285,0.0,0.0,0.0,Shale,1
25/2-7,1595.8500006,479887.375,6641114.0,-1570.826416,HORDALAND GP.,Vaale Fm.,18.504579544,2.0537762642,2.0537762642,1.8547129631,2.0309998989,45.753368378,0.0,0.0,2.6173458099,117.79321289,45.925132751,17.5,11.36744976,0.0,0.0,0.0027398919,0.1425934285,0.0,0.0,0.0,Shale,1
25/2-7,1597.3700006,479887.375,6641114.0,-1572.346436,HORDALAND GP.,Vaale Fm.,18.137840271,1.1376287937,1.1376287937,1.3069124222,2.0733556747,44.968330383,0.0,0.0,2.7953865528,144.15190125,45.655452728,17.5,17.809890747,0.0,0.0,0.0011803966,0.1425934285,0.0,0.0,0.0,Shale,1
25/2-7,1597.6740006,479887.375,6641114.0,-1572.650391,HORDALAND GP.,Vaale Fm.,18.160455704,1.2320742607,1.2320742607,1.3234297037,2.0840001106,46.777004242,0.0,0.0,2.5956652164,144.43463135,46.254730225,17.5,17.808979034,0.0,0.0,0.0020000001,0.1425934285,0.0,0.0,0.0,Shale,1
25/2-7,1598.1300006,479887.375,6641114.0,-1573.106445,HORDALAND GP.,Vaale Fm.,18.241130829,1.2987165451,1.2987165451,1.57480371,2.0512833595,46.476219177,0.0,0.0,2.7822432518,145.01387024,46.03276062,17.5,6.1495399475,0.0,0.0,-0.004430429,0.1425934285,0.0,0.0,0.0,Shale,1
25/2-7,1598.2820006,479887.375,6641114.0,-1573.258423,HORDALAND GP.,Vaale Fm.,18.272043228,1.3225991726,1.3225991726,1.7368849516,2.0807323456,44.517562866,0.0,0.0,2.8864905834,144.43463135,45.652122498,17.5,6.1492362022,0.0,0.0,0.0005554404,0.1425934285,0.0,0.0,0.0,Shale,1
25/2-7,1599.4980006,479887.375,6641114.0,-1574.474365,HORDALAND GP.,Vaale Fm.,18.483999252,2.1728720665,2.1728720665,3.1753797531,2.0622932911,34.749774933,0.0,0.0,3.1640164852,108.93435669,45.67980957,17.5,5.6075062752,0.0,0.0,-0.004310152,0.1425934285,0.0,0.0,0.0,Shale,1
25/2-7,1600.2580006,479887.34375,6641114.0,-1575.234375,HORDALAND GP.,Vaale Fm.,18.473844528,1.8195979595,1.8195979595,2.4105296135,1.9803539515,46.770896912,0.0,0.0,3.2934045792,100.55012512,44.647830963,17.5,5.6058840752,0.0,0.0,0.0110309226,0.1425934285,0.0,0.0,0.0,Dolomite,1
25/2-7,1601.3220006,479887.34375,6641114.0,-1576.29834,HORDALAND GP.,Vaale Fm.,19.040777206,1.505415678,1.505415678,1.5879282951,1.974024415,48.77085495,0.0,0.0,3.2757520676,123.12225342,46.207370758,17.5,8.2990560532,0.0,0.0,0.0230244491,0.1425934285,0.0,0.0,0.0,Shale,1
25/2-7,1601.4740006,479887.34375,6641114.0,-1576.450317,HORDALAND GP.,Vaale Fm.,19.068162918,1.4368526936,1.4368526936,1.5243115425,1.9789016247,47.114498138,0.0,0.0,3.1978833675,125.99472046,46.357410431,17.5,8.2987518311,0.0,0.0,0.0180655904,0.1425934285,0.0,0.0,0.0,Shale,1
25/2-7,1601.7780006,479887.34375,6641114.0,-1576.754272,HORDALAND GP.,Vaale Fm.,19.036584854,1.262480855,1.262480855,1.4422168732,2.0177640915,48.127490997,0.0,0.0,3.2965016365,137.15428162,45.918159485,17.5,8.3183240891,0.0,0.0,0.0067924298,0.1425934285,0.0,0.0,0.0,Shale,1
25/2-7,1602.2340006,479887.34375,6641114.0,-1577.210327,HORDALAND GP.,Vaale Fm.,19.006717682,1.2403572798,1.2403572798,1.3377141953,2.0190713406,45.819210052,0.0,0.0,3.1409552097,138.03817749,45.347568512,17.5,8.3509979248,0.0,0.0,0.004500025,0.1425934285,0.0,0.0,0.0,Shale,1
25/2-7,1602.5380006,479887.34375,6641114.0,-1577.514282,HORDALAND GP.,Vaale Fm.,18.850749969,1.2792750597,1.2792750597,1.2942620516,2.0134499073,41.754943848,0.0,0.0,2.9117875099,139.35221863,45.359390259,17.5,8.316906929,0.0,0.0,0.0107248984,0.1425934285,0.0,0.0,0.0,Shale,1
25/2-7,1609.5300006,479887.28125,6641114.0,-1584.506104,HORDALAND GP.,Vaale Fm.,18.788787842,1.2007337809,1.2007337809,1.2973835468,1.9908827543,37.660766602,0.0,0.0,3.2951753139,133.25048828,45.524372101,17.5,7.6805596352,0.0,0.0,0.0222329404,0.1425934285,0.0,0.0,0.0,Shale,1
25/2-7,1609.9860006,479887.28125,6641114.0,-1584.962036,HORDALAND GP.,Vaale Fm.,18.460720062,1.1921994686,1.1921994686,1.2769274712,1.9944704771,44.206768036,0.0,0.0,2.8634474277,133.60003662,45.660293579,17.5,7.6766257286,0.0,0.0,0.0158815663,0.1425934285,0.0,0.0,0.0,Shale,1
25/2-7,1610.1380006,479887.28125,6641114.0,-1585.114136,HORDALAND GP.,Vaale Fm.,18.556409836,1.2166728973,1.2166728973,1.2679359913,1.9965504408,46.104812622,0.0,0.0,2.915040493,133.37432861,45.432098389,17.5,7.6753201485,0.0,0.0,0.0079711741,0.1425934285,0.0,0.0,0.0,Shale,1
25/2-7,1611.8100006,479887.28125,6641114.0,-1586.786133,HORDALAND GP.,Vaale Fm.,18.508346558,1.8015110493,1.8015110493,1.7732659578,2.0049567223,39.832466125,0.0,0.0,2.3619360924,124.59157562,45.183998108,17.5,5.6124100685,0.0,0.0,-0.001478403,0.1425934285,0.0,0.0,0.0,Shale,1
25/2-7,1617.8900006,479887.25,6641114.0,-1592.865967,HORDALAND GP.,Vaale Fm.,18.484289169,1.2617794275,1.2617794275,1.4045734406,1.9551991224,51.229473114,0.0,0.0,3.5297694206,137.03416443,46.285480499,17.5,8.3631896973,0.0,0.0,0.0203326307,0.1425934285,0.0,0.0,0.0,Shale,1
25/2-7,1618.0420006,479887.25,6641114.0,-1593.017944,HORDALAND GP.,Vaale Fm.,18.573863983,1.1731387377,1.1731387377,1.3356165886,1.9725170135,50.226989746,0.0,0.0,3.5959851742,140.77493286,45.980998993,17.5,9.2448129654,0.0,0.0,0.0319217294,0.1425934285,0.0,0.0,0.0,Shale,1
25/2-7,1622.4500006,479887.21875,6641114.0,-1597.425781,HORDALAND GP.,Vaale Fm.,18.879680634,1.156686902,1.156686902,1.3618701696,1.9618225098,39.181087494,0.0,0.0,3.3615627289,135.45077515,46.133598328,17.5,10.725850105,0.0,0.0,0.012116815,0.1425934285,0.0,0.0,0.0,Shale,1
25/2-7,1629.5940006,479887.1875,6641114.0,-1604.569702,HORDALAND GP.,Vaale Fm.,18.505407333,0.89975214,0.89975214,0.9162814021,1.9636828899,40.871788025,0.0,0.0,3.7917945385,156.84817505,45.886283875,17.5,6.9684538841,0.0,0.0,0.0031950087,0.1425934285,0.0,0.0,0.0,Shale,1
25/2-7,1633.8500006,479887.15625,6641114.0,-1608.825562,HORDALAND GP.,Vaale Fm.,18.467445374,0.8707110286,0.8707110286,0.9769772887,1.9588346481,45.55437851,0.0,0.0,3.344712019,155.91740417,45.566921234,17.5,5.206700325,0.0,0.0,0.0069711939,0.1425934285,0.0,0.0,0.0,Shale,1
25/2-7,1634.7620006,479887.15625,6641114.0,-1609.737549,HORDALAND GP.,Vaale Fm.,18.26722908,0.8069290519,0.8069290519,0.9380000234,1.9611468315,46.113780975,0.0,0.0,2.7667398453,157.35133362,45.932792664,17.5,5.1988420486,0.0,0.0,-0.007508524,0.1425934285,0.0,0.0,0.0,Shale,1
25/2-7,1635.0660006,479887.125,6641114.0,-1610.041626,HORDALAND GP.,Vaale Fm.,18.25,0.855379045,0.855379045,0.9387580156,1.9810765982,49.805252075,0.0,0.0,2.8359897137,156.75671387,45.866687775,17.5,8.2151060104,0.0,0.0,-0.001076603,0.1425934285,0.0,0.0,0.0,Shale,1
25/2-7,1635.2180006,479887.125,6641114.0,-1610.193604,HORDALAND GP.,Vaale Fm.,18.25,0.8595631719,0.8595631719,0.9485824704,1.9818527699,51.479389191,0.0,0.0,2.8723919392,157.0476532,45.960597992,17.5,8.2137374878,0.0,0.0,-0.001705574,0.1425934285,0.0,0.0,0.0,Shale,1
25/2-7,1635.8260006,479887.125,6641114.0,-1610.801636,HORDALAND GP.,Vaale Fm.,18.186056137,0.82931602,0.82931602,0.9599999785,1.9543778896,43.645008087,0.0,0.0,2.9585552216,160.87390137,45.832771301,17.5,8.299079895,0.0,0.0,0.0012519135,0.1425934285,0.0,0.0,0.0,Shale,1
25/2-7,1636.4340006,479887.125,6641114.0,-1611.409546,HORDALAND GP.,Vaale Fm.,18.097291946,0.8267732263,0.8267732263,0.9676185846,1.9562124014,52.489929199,0.0,0.0,2.9177396297,157.5302124,45.492286682,17.5,5.9627580643,0.0,0.0,-0.002106218,0.1425934285,0.0,0.0,0.0,Shale,1
25/2-7,1638.1060006,479887.125,6641114.0,-1613.081421,HORDALAND GP.,Vaale Fm.,18.141353607,0.8319545984,0.8319545984,0.9787272811,1.9969764948,39.777484894,0.0,0.0,2.8179609776,145.58428955,45.240959167,17.5,6.5713324547,0.0,0.0,0.0029294302,0.1425934285,0.0,0.0,0.0,Shale,1
25/2-7,1638.7140006,479887.125,6641114.0,-1613.689453,HORDALAND GP.,Vaale Fm.,18.219205856,0.8279191256,0.8279191256,1.0390604734,2.1901621819,46.575111389,0.0,0.0,4.1387825012,151.69429016,45.635112762,17.5,6.4585738182,0.0,0.0,-0.013849461,0.1425934285,0.0,0.0,0.0,Shale,1
25/2-7,1639.6260006,479887.09375,6641114.0,-1614.60144,HORDALAND GP.,Vaale Fm.,18.25003624,0.8752407432,0.8752407432,1.0419908762,2.0019955635,52.124237061,0.0,0.0,2.900223732,143.23136902,46.355998993,17.5,6.4506659508,0.0,0.0,-0.008002247,0.1425934285,0.0,0.0,0.0,Dolomite,1
25/2-7,1643.8820006,479887.0625,6641114.0,-1618.8573,HORDALAND GP.,Vaale Fm.,18.216648102,0.93733567,0.93733567,0.9163868427,2.2702949047,49.416725159,0.0,0.0,3.1757192612,160.13304138,45.893539429,17.5,5.3357625008,0.0,0.0,0.0016825793,0.1473864764,0.0,0.0,0.0,Shale,1
25/2-7,1645.2500006,479887.0625,6641114.0,-1620.22522,HORDALAND GP.,Vaale Fm.,18.187999725,0.8554956317,0.8554956317,0.9278903604,2.0685961246,48.662033081,0.0,0.0,2.9323456287,153.59541321,45.874965668,17.5,4.5711445808,0.0,0.0,0.0008012901,0.1473864764,0.0,0.0,0.0,Shale,1
25/2-7,1648.1380006,479887.03125,6641114.0,-1623.113159,HORDALAND GP.,Vaale Fm.,18.39434433,0.9266995192,0.9266995192,0.9743004441,2.0432989597,48.82472229,0.0,0.0,3.0133960247,152.70941162,45.603221893,17.5,4.6521577835,0.0,0.0,0.0077011236,0.1473864764,0.0,0.0,0.0,Shale,1
25/2-7,1650.8740006,479887.0,6641114.0,-1625.849121,HORDALAND GP.,Vaale Fm.,18.314147949,0.8220000267,0.8220000267,0.8999581933,2.0003929138,40.00957489,0.0,0.0,4.0234527588,155.57011414,46.499969482,17.5,9.1569080353,0.0,0.0,0.0140000004,0.1473864764,0.0,0.0,0.0,Shale,1
25/2-7,1651.1780006,479887.0,6641114.0,-1626.153076,HORDALAND GP.,Vaale Fm.,18.327999115,0.8265935779,0.8265935779,0.8744385839,1.989017725,42.908744812,0.0,0.0,4.1760458946,158.42553711,46.184848785,17.5,9.1329860687,0.0,0.0,0.0134035563,0.1473864764,0.0,0.0,0.0,Shale,1
25/2-7,1651.6340006,479887.0,6641114.0,-1626.609009,HORDALAND GP.,Vaale Fm.,18.337867737,0.7993204594,0.7993204594,0.8697342873,2.0265800953,47.028778076,0.0,0.0,3.3771216869,156.18862915,46.143749237,17.5,3.6622319221,0.0,0.0,0.028729761,0.1473864764,0.0,0.0,0.0,Shale,1
25/2-7,1652.5460006,479887.0,6641114.0,-1627.520996,HORDALAND GP.,Vaale Fm.,18.362613678,1.0054097176,1.0054097176,0.9319596291,2.0700097084,45.555393219,0.0,0.0,3.4247610569,136.26426697,45.686695099,17.5,3.6603081226,0.0,0.0,0.0045481776,0.1473864764,0.0,0.0,0.0,Shale,1
25/2-7,1653.4580006,479887.0,6641114.0,-1628.432983,HORDALAND GP.,Vaale Fm.,18.38633728,0.8175147176,0.8175147176,0.9148822427,2.0106227398,46.677635193,0.0,0.0,3.514343977,153.24076843,45.800769806,17.5,6.2458839417,0.0,0.0,0.0185526013,0.1473864764,0.0,0.0,0.0,Shale,1
25/2-7,1653.7620006,479887.0,6641114.0,-1628.736938,HORDALAND GP.,Vaale Fm.,18.335641861,0.8164947033,0.8164947033,0.9135159254,2.0212328434,49.552845001,0.0,0.0,3.0600633621,156.45426941,45.425834656,17.5,6.2452759743,0.0,0.0,0.0031913037,0.1473864764,0.0,0.0,0.0,Shale,1
25/2-7,1653.9140006,479887.0,6641114.0,-1628.888916,HORDALAND GP.,Vaale Fm.,18.316740036,0.8189991713,0.8189991713,0.9202485681,2.0207505226,54.319145203,0.0,0.0,3.0225117207,160.59519958,45.586444855,17.5,6.237411499,0.0,0.0,-0.005503569,0.1473864764,0.0,0.0,0.0,Shale,1
25/2-7,1654.5220006,479887.0,6641114.0,-1629.496948,HORDALAND GP.,Vaale Fm.,18.218999863,0.8342174888,0.8342174888,0.9145649672,2.0355200768,46.526123047,0.0,0.0,2.9866700172,159.27531433,46.612743378,17.5,4.4107561111,0.0,0.0,0.0017399753,0.1473864764,0.0,0.0,0.0,Shale,1
25/2-7,1655.4340006,479886.96875,6641114.0,-1630.408813,HORDALAND GP.,Vaale Fm.,18.218999863,0.7926605344,0.7926605344,0.8997416496,2.0306522846,47.570838928,0.0,0.0,3.1313655376,145.48356628,45.495212555,17.5,4.6244320869,0.0,0.0,0.0016522452,0.1473864764,0.0,0.0,0.0,Shale,1
25/2-7,1657.5620006,479886.96875,6641114.0,-1632.536865,HORDALAND GP.,Vaale Fm.,18.292003632,0.8019859791,0.8019859791,0.8942255378,2.0285012722,52.659496307,0.0,0.0,3.8256270885,154.83895874,46.145515442,17.5,6.5604758263,0.0,0.0,-0.002063032,0.1473864764,0.0,0.0,0.0,Shale,1
25/2-7,1660.4500006,479886.9375,6641114.0,-1635.424683,HORDALAND GP.,Vaale Fm.,18.342330933,0.8018846512,0.8018846512,0.8941789865,2.0344493389,50.29076767,0.0,0.0,3.0747065544,149.92350769,46.246967316,17.5,6.5542998314,0.0,0.0,0.0043623662,0.1473864764,0.0,0.0,0.0,Shale,1
25/2-7,1664.4020006,479886.90625,6641114.0,-1639.376587,HORDALAND GP.,Vaale Fm.,18.145238876,0.8430424333,0.8430424333,0.898999989,2.0264165401,49.792545319,0.0,0.0,3.1822006702,149.12162781,46.210762024,17.5,3.0955960751,0.0,0.0,0.003,0.1473864764,0.0,0.0,0.0,Shale,1
25/2-7,1666.2260006,479886.875,6641114.0,-1641.200439,HORDALAND GP.,Vaale Fm.,18.189891815,0.8465505242,0.8465505242,0.9335380197,2.0288479328,44.225357056,0.0,0.0,3.2538101673,155.69291687,45.98242569,17.5,3.7877779007,0.0,0.0,0.0020000001,0.1473864764,0.0,0.0,0.0,Shale,1
25/2-7,1668.0500006,479886.875,6641114.0,-1643.024414,HORDALAND GP.,Vaale Fm.,18.234298706,0.8059610724,0.8059610724,0.8375454545,2.0249741077,43.562210083,0.0,0.0,3.265958786,147.05586243,46.232311249,17.5,4.6063499451,0.0,0.0,0.0009870217,0.1473864764,0.0,0.0,0.0,Shale,1
25/2-7,1670.3300006,479886.84375,6641114.0,-1645.304199,HORDALAND GP.,Vaale Fm.,18.187999725,0.8128682375,0.8128682375,0.8111317754,2.0369999409,46.628376007,0.0,0.0,3.4099318981,147.20452881,46.43429184,17.5,2.9044482708,0.0,0.0,-0.002598803,0.1473864764,0.0,0.0,0.0,Shale,1
25/2-7,1671.0900006,479886.84375,6641114.0,-1646.064087,HORDALAND GP.,Vaale Fm.,18.116260529,0.7792775035,0.7792775035,0.824898839,2.0259075165,54.282600403,0.0,0.0,2.990418911,140.26022339,46.198474884,17.5,2.7577300072,0.0,0.0,0.0080924919,0.1473864764,0.0,0.0,0.0,Shale,1
25/2-7,1674.1300006,479886.78125,6641114.0,-1649.104004,HORDALAND GP.,Vaale Fm.,17.90344429,0.7862537503,0.7862537503,0.8493943214,1.9976197481,40.959373474,0.0,0.0,3.0377757549,147.77029419,46.540821075,17.5,6.1836585999,0.0,0.0,0.0030070713,0.1473864764,0.0,0.0,0.0,Shale,1
25/2-7,1675.1940006,479886.78125,6641114.0,-1650.167847,HORDALAND GP.,Vaale Fm.,18.138002396,0.759914577,0.759914577,0.8283829093,2.0195314884,48.729682922,0.0,0.0,3.3085198402,151.7723999,46.563457489,17.5,5.1241269112,0.0,0.0,0.0040000002,0.1473864764,0.0,0.0,0.0,Shale,1
25/2-7,1677.7780006,479886.75,6641114.0,-1652.751709,HORDALAND GP.,Vaale Fm.,18.03698349,0.7730153203,0.7730153203,0.8442464471,2.0099999905,47.22518158,0.0,0.0,3.0781350136,145.72892761,46.393608093,17.5,6.0856437683,0.0,0.0,0.0003384463,0.1473864764,0.0,0.0,0.0,Shale,1
25/2-7,1678.9940006,479886.75,6641114.0,-1653.967651,HORDALAND GP.,Vaale Fm.,18.064058304,0.8518015146,0.8518015146,0.8603171706,1.9974073172,43.997272491,0.0,0.0,3.0775370598,141.58740234,46.55424118,17.5,3.2797179222,0.0,0.0,-0.002044388,0.1473864764,0.0,0.0,0.0,Shale,1
25/2-7,1681.1220006,479886.71875,6641114.0,-1656.095459,HORDALAND GP.,Vaale Fm.,18.126739502,0.7733165622,0.7733165622,0.8104388714,2.0168735981,41.047504425,0.0,0.0,3.3824179173,147.6988678,46.457439423,17.5,3.3701226711,0.0,0.0,0.0104656564,0.1473864764,0.0,0.0,0.0,Shale,1
25/2-7,1681.5780006,479886.71875,6641114.0,-1656.551514,HORDALAND GP.,Vaale Fm.,18.12061882,0.7504484057,0.7504484057,0.8125448227,2.010904789,49.022575378,0.0,0.0,3.390037775,146.54432678,46.589252472,17.5,6.2930440903,0.0,0.0,-0.000726196,0.1473864764,0.0,0.0,0.0,Shale,1
25/2-7,1682.4900006,479886.6875,6641114.0,-1657.463379,HORDALAND GP.,Vaale Fm.,17.633081436,0.7661721706,0.7661721706,0.8114575744,1.9692578316,40.476905823,0.0,0.0,3.0660977364,150.73121643,47.046977997,17.5,6.2911200523,0.0,0.0,0.0197421256,0.1473864764,0.0,0.0,0.0,Shale,1
25/2-7,1683.2500006,479886.6875,6641114.0,-1658.223389,HORDALAND GP.,Vaale Fm.,18.054595947,0.6970256567,0.6970256567,0.7557563782,2.0057799816,47.050144196,0.0,0.0,3.1770074368,154.86412048,46.645450592,17.5,7.849003315,0.0,0.0,0.0060000001,0.1473864764,0.0,0.0,0.0,Shale,1
25/2-7,1688.1140006,479886.625,6641114.0,-1663.087036,HORDALAND GP.,Vaale Fm.,17.923692703,0.71119982,0.71119982,0.76423949,1.9621608257,47.899848938,0.0,0.0,3.1646177769,154.36564636,46.872001648,17.5,6.4758863449,0.0,0.0,0.0043566278,0.1473864764,0.0,0.0,0.0,Shale,1
25/2-7,1691.1540006,479886.59375,6641114.0,-1666.126831,HORDALAND GP.,Vaale Fm.,18.104038239,0.6869999766,0.6869999766,0.676571846,1.9649704695,44.51524353,0.0,0.0,3.2664875984,152.80859375,47.058303833,17.5,4.2777919769,0.0,0.0,0.0093234926,0.1473864764,0.0,0.0,0.0,Shale,1
25/2-7,1692.9780006,479886.59375,6641114.0,-1667.950684,HORDALAND GP.,Vaale Fm.,18.202999115,0.699165225,0.699165225,0.6983035803,1.9685368538,44.07251358,0.0,0.0,3.3379838467,152.1398468,46.815513611,17.5,5.5256237984,0.0,0.0,-0.002923314,0.1473864764,0.0,0.0,0.0,Shale,1
25/2-7,1693.7380006,479886.5625,6641114.0,-1668.710693,HORDALAND GP.,Vaale Fm.,18.013002396,0.7154980302,0.7154980302,0.7073113322,1.972127676,49.238426208,0.0,0.0,3.4781427383,152.35087585,46.497936249,17.5,5.5121240616,0.0,0.0,0.0029361881,0.1473864764,0.0,0.0,0.0,Shale,1
25/2-7,1694.1940006,479886.5625,6641114.0,-1669.166504,HORDALAND GP.,Vaale Fm.,17.967279434,0.7227265239,0.7227265239,0.7200547457,1.9804993868,44.469451904,0.0,0.0,3.4395027161,151.55235291,47.003837585,17.5,6.1389336586,0.0,0.0,0.0028335263,0.1473864764,0.0,0.0,0.0,Shale,1
25/2-7,1694.3460006,479886.5625,6641114.0,-1669.318481,HORDALAND GP.,Vaale Fm.,17.945446014,0.7182619572,0.7182619572,0.7207380533,1.9893190861,40.506393433,0.0,0.0,3.3588106632,151.19485474,47.11623764,17.5,6.4046735764,0.0,0.0,-0.000212769,0.1473864764,0.0,0.0,0.0,Shale,1
25/2-7,1695.7140006,479886.53125,6641114.0,-1670.686401,HORDALAND GP.,Vaale Fm.,18.106683731,0.7417469025,0.7417469025,0.7371124625,2.0004751682,48.0507164,0.0,0.0,3.5101830959,146.55737305,46.885612488,17.5,6.5860719681,0.0,0.0,0.0019406037,0.1473864764,0.0,0.0,0.0,Shale,1
25/2-7,1698.1460006,479886.5,6641114.0,-1673.118286,HORDALAND GP.,Vaale Fm.,18.094587326,0.855522275,0.855522275,0.8829048872,1.9870766401,43.561302185,0.0,0.0,3.4472472668,150.61003113,46.77481842,17.5,5.5026082993,0.0,0.0,-0.000923316,0.1473864764,0.0,0.0,0.0,Shale,1
25/2-7,1703.0100006,479886.4375,6641114.0,-1677.981812,HORDALAND GP.,Vaale Fm.,17.891000748,0.7119547725,0.7119547725,0.7049773932,1.9532601833,49.281700134,0.0,0.0,3.7835354805,153.47738647,46.982563019,17.5,5.46296978,0.0,0.0,0.0095153125,0.1473864764,0.0,0.0,0.0,Shale,1
25/2-7,1704.0740006,479886.4375,6641114.0,-1679.045776,HORDALAND GP.,Vaale Fm.,17.717157364,0.6566796899,0.6566796899,0.6645359397,1.9703092575,51.492359161,0.0,0.0,3.4062373638,158.29978943,46.995758057,17.5,6.4884772301,0.0,0.0,0.0113453651,0.1473864764,0.0,0.0,0.0,Shale,1
25/2-7,1704.3780006,479886.4375,6641114.0,-1679.349731,HORDALAND GP.,Vaale Fm.,17.830873489,0.7271174788,0.7271174788,0.672514677,1.9828796387,48.819065094,0.0,0.0,3.2448236942,159.09973145,47.220428467,17.5,6.3900756836,0.0,0.0,0.0057225893,0.1473864764,0.0,0.0,0.0,Shale,1
25/2-7,1704.5300006,479886.4375,6641114.0,-1679.501709,HORDALAND GP.,Vaale Fm.,17.980846405,0.7388814092,0.7388814092,0.6782543063,1.983877182,46.028862,0.0,0.0,3.2048912048,159.06564331,47.438781738,17.5,6.9436187744,0.0,0.0,0.0058772154,0.1473864764,0.0,0.0,0.0,Shale,1
25/2-7,1704.6820006,479886.4375,6641114.0,-1679.653687,HORDALAND GP.,Vaale Fm.,17.931808472,0.7164193988,0.7164193988,0.6868602037,1.9857484102,47.621051788,0.0,0.0,3.1943588257,158.39830017,47.369930267,17.5,7.9229521751,0.0,0.0,0.0060000001,0.1473864764,0.0,0.0,0.0,Shale,1
25/2-7,1704.9860006,479886.40625,6641114.0,-1679.957642,HORDALAND GP.,Vaale Fm.,17.922000885,0.69147259,0.69147259,0.6951318383,1.990737915,48.223903656,0.0,0.0,3.4481198788,156.78601074,47.255321503,17.5,7.9192676544,0.0,0.0,0.0088689486,0.1473864764,0.0,0.0,0.0,Shale,1
25/2-7,1705.5940006,479886.40625,6641114.0,-1680.565552,HORDALAND GP.,Vaale Fm.,17.713634491,0.6902822256,0.6902822256,0.6802876592,1.9444000721,46.187461853,0.0,0.0,4.0309386253,156.2537384,47.121471405,17.5,4.6611051559,0.0,0.0,0.0174250137,0.1473864764,0.0,0.0,0.0,Shale,1
25/2-7,1705.7460006,479886.40625,6641114.0,-1680.717529,HORDALAND GP.,Vaale Fm.,17.393405914,0.6795932651,0.6795932651,0.6912618876,1.9786622524,48.312278748,0.0,0.0,4.2315998077,157.97825623,47.150684357,17.5,4.422762394,0.0,0.0,0.0324072652,0.1473864764,0.0,0.0,0.0,Shale,1
25/2-7,1706.6580006,479886.40625,6641114.0,-1681.629517,HORDALAND GP.,Vaale Fm.,18.062839508,0.7099176645,0.7099176645,0.711874485,1.9933605194,58.287055969,0.0,0.0,3.2978980541,136.91114807,46.734275818,17.5,4.3493919373,0.0,0.0,0.0081598554,0.1473864764,0.0,0.0,0.0,Shale,1
25/2-7,1706.9620006,479886.40625,6641114.0,-1681.933472,HORDALAND GP.,Vaale Fm.,18.012882233,0.6825147271,0.6825147271,0.7168298364,1.9836606979,54.937274933,0.0,0.0,3.1979868412,152.1398468,46.694854736,17.5,4.3917803764,0.0,0.0,0.0014954949,0.1473864764,0.0,0.0,0.0,Shale,1
25/2-7,1707.2660006,479886.40625,6641114.0,-1682.237427,HORDALAND GP.,Vaale Fm.,17.709308624,0.7018010616,0.7018010616,0.6945415139,1.9783180952,51.121139526,0.0,0.0,3.1142635345,155.16166687,46.595283508,17.5,4.3882079124,0.0,0.0,-0.000681899,0.1473864764,0.0,0.0,0.0,Shale,1
25/2-7,1708.3300006,479886.375,6641114.0,-1683.301392,HORDALAND GP.,Vaale Fm.,18.125,0.7076207995,0.7076207995,0.7017246485,1.9903020859,43.673206329,0.0,0.0,3.0989162922,153.25801086,47.219245911,17.5,4.8475432396,0.0,0.0,-0.001,0.1473864764,0.0,0.0,0.0,Shale,1
25/2-7,1710.3060006,479886.34375,6641114.0,-1685.277222,HORDALAND GP.,Vaale Fm.,17.418769836,0.708447516,0.708447516,0.6926712394,1.9499950409,53.58757782,0.0,0.0,3.1378188133,150.53448486,46.401546478,17.5,5.4174056053,0.0,0.0,0.0104504991,0.1461882144,0.0,0.0,0.0,Shale,1
25/2-7,1711.3700006,479886.34375,6641114.0,-1686.341064,HORDALAND GP.,Vaale Fm.,18.047048569,0.700306356,0.700306356,0.7266448736,2.1255731583,51.732051849,0.0,0.0,4.5148463249,157.26226807,47.025123596,17.5,5.2935500145,0.0,0.0,-0.004035401,0.1461882144,0.0,0.0,0.0,Shale,1
25/2-7,1712.7380006,479886.3125,6641114.0,-1687.708984,HORDALAND GP.,Vaale Fm.,17.938409805,0.751018405,0.751018405,0.7433302402,2.0245881081,52.804855347,0.0,0.0,3.0301790237,152.89053345,46.322742462,17.5,6.1022057533,0.0,0.0,-0.000470675,0.1461882144,0.0,0.0,0.0,Shale,1
25/2-7,1714.2580006,479886.3125,6641114.0,-1689.228882,HORDALAND GP.,Vaale Fm.,17.966676712,0.785079658,0.785079658,0.8138230443,2.0474340916,54.677719116,0.0,0.0,3.7908160686,149.12011719,47.047550201,17.5,6.40762043,0.0,0.0,-0.001656,0.1461882144,0.0,0.0,0.0,Shale,1
25/2-7,1714.5620006,479886.28125,6641114.0,-1689.532837,HORDALAND GP.,Vaale Fm.,18.002849579,0.8640511036,0.8640511036,0.8690795302,2.121961832,60.49243927,0.0,0.0,4.5405273438,143.95597839,47.127555847,17.5,6.4040942192,0.0,0.0,0.0340365358,0.1461882144,0.0,0.0,0.0,Shale,1
25/2-7,1714.7140006,479886.28125,6641114.0,-1689.684814,HORDALAND GP.,Vaale Fm.,18.379940033,0.9194908738,0.9194908738,0.8947960138,2.1415975094,57.447322845,0.0,0.0,4.3074827194,140.87745667,47.065696716,17.5,6.4023323059,0.0,0.0,0.0323784687,0.1461882144,0.0,0.0,0.0,Shale,1
25/2-7,1715.1700006,479886.28125,6641114.0,-1690.140869,HORDALAND GP.,Vaale Fm.,18.290821075,0.932924211,0.932924211,0.9188463688,2.0929009914,47.793796539,0.0,0.0,3.1657879353,140.7237854,46.620929718,17.5,6.3969297409,0.0,0.0,0.007386141,0.1461882144,0.0,0.0,0.0,Shale,1
25/2-7,1718.5140006,479886.25,6641114.0,-1693.484497,HORDALAND GP.,Vaale Fm.,18.085601807,0.8556746244,0.8556746244,0.8595594168,2.2015616894,44.760967255,0.0,0.0,3.9269537926,147.22486877,47.054039001,17.5,4.9554595947,0.0,0.0,0.0039063883,0.1461882144,0.0,0.0,0.0,Shale,1
25/2-7,1721.4020006,479886.1875,6641114.0,-1696.372192,HORDALAND GP.,Vaale Fm.,18.161296844,0.801461637,0.801461637,0.7906615138,2.0751206875,49.471389771,0.0,0.0,3.3072962761,147.72537231,47.367076874,17.5,6.4307761192,0.0,0.0,-0.001658322,0.1461882144,0.0,0.0,0.0,Shale,1
25/2-7,1723.6820006,479886.15625,6641114.0,-1698.651978,HORDALAND GP.,Vaale Fm.,18.289735794,0.7936298847,0.7936298847,0.7929096222,2.0560920238,54.16765213,0.0,0.0,4.0754351616,143.34341431,47.202575684,17.5,5.6488518715,0.0,0.0,-0.003454004,0.1461882144,0.0,0.0,0.0,Shale,1
25/2-7,1724.7460006,479886.15625,6641114.0,-1699.71582,HORDALAND GP.,Vaale Fm.,18.226081848,0.8001597524,0.8001597524,0.8134734035,2.0804450512,48.834445953,0.0,0.0,3.6687989235,145.23554993,46.838085175,17.5,7.7927479744,0.0,0.0,-0.003055624,0.1461882144,0.0,0.0,0.0,Shale,1
25/2-7,1734.0180006,479886.03125,6641114.0,-1708.986816,HORDALAND GP.,Vaale Fm.,18.072122574,0.9393061996,0.9393061996,0.9381632209,2.0437750816,50.833400726,0.0,0.0,4.9078993797,139.03326416,46.517429352,17.5,7.2627267838,0.0,0.0,0.0021429919,0.1461882144,0.0,0.0,0.0,Shale,1
25/2-7,1734.3220006,479886.0,6641114.0,-1709.290771,HORDALAND GP.,Vaale Fm.,17.992876053,0.8955183029,0.8955183029,0.9345343113,2.0167226791,52.374126434,0.0,0.0,4.2644839287,140.39179993,46.70230484,17.5,8.3142776489,0.0,0.0,0.0178788062,0.1461882144,0.0,0.0,0.0,Shale,1
25/2-7,1734.6260006,479886.0,6641114.0,-1709.594727,HORDALAND GP.,Vaale Fm.,17.705583572,0.9014210701,0.9014210701,0.9385029078,2.0805613995,57.143886566,0.0,0.0,3.7368142605,151.46432495,47.235832214,17.5,8.2145395279,0.0,0.0,0.009070185,0.1461882144,0.0,0.0,0.0,Shale,1
25/2-7,1735.0820006,479886.0,6641114.0,-1710.050781,HORDALAND GP.,Vaale Fm.,17.773878098,0.8813966513,0.8813966513,0.9326033592,2.1110949516,57.473114014,0.0,0.0,3.5529797077,147.693573,47.622409821,17.5,8.2714796066,0.0,0.0,0.0073016845,0.1461882144,0.0,0.0,0.0,Shale,1
25/2-7,1737.3620006,479885.96875,6641114.0,-1712.330444,HORDALAND GP.,Vaale Fm.,18.144510269,0.8906902671,0.8906902671,0.9206902981,2.1131417751,53.227939606,0.0,0.0,3.4649746418,146.03100586,47.053028107,17.5,6.6726937294,0.0,0.0,7.08918e-05,0.1461882144,0.0,0.0,0.0,Shale,1
25/2-7,1737.6660006,479885.96875,6641114.0,-1712.634399,HORDALAND GP.,Vaale Fm.,18.177564621,0.8973044157,0.8973044157,0.9127824306,2.1001737118,47.937446594,0.0,0.0,3.6644370556,143.8273468,47.401306152,17.5,6.7654819489,0.0,0.0,-0.001173668,0.1461882144,0.0,0.0,0.0,Shale,1
25/2-7,1737.9700006,479885.96875,6641114.0,-1712.938354,HORDALAND GP.,Vaale Fm.,18.106456757,0.8908129334,0.8908129334,0.9110000134,2.0914018154,49.496238708,0.0,0.0,3.6502547264,144.17134094,47.285636902,17.5,6.6654901505,0.0,0.0,0.0068037021,0.1461882144,0.0,0.0,0.0,Shale,1
25/2-7,1738.2740006,479885.96875,6641114.0,-1713.242432,HORDALAND GP.,Vaale Fm.,18.08489418,0.8718813062,0.8718813062,0.9175875187,2.0907001495,51.839588165,0.0,0.0,3.2696301937,144.90895081,47.570301056,17.5,6.7159118652,0.0,0.0,0.0008812813,0.1461882144,0.0,0.0,0.0,Shale,1
25/2-7,1741.6180006,479885.90625,6641114.0,-1716.58606,HORDALAND GP.,Vaale Fm.,18.195680618,0.9151111245,0.9151111245,0.898763895,2.113458395,53.18813324,0.0,0.0,3.7767877579,144.22297668,47.329334259,17.5,7.5340852737,0.0,0.0,0.0034722132,0.1461882144,0.0,0.0,0.0,Shale,1
25/2-7,1741.7700006,479885.90625,6641114.0,-1716.738037,HORDALAND GP.,Vaale Fm.,18.157279968,0.9047940373,0.9047940373,0.8987010121,2.0968594551,50.757858276,0.0,0.0,3.692715168,144.61660767,46.97416687,17.5,7.4912595749,0.0,0.0,0.0038316853,0.1461882144,0.0,0.0,0.0,Shale,1
25/2-7,1744.5060006,479885.875,6641114.0,-1719.473633,HORDALAND GP.,Vaale Fm.,18.05704689,0.8223720789,0.8223720789,0.9200000167,2.1150925159,54.923576355,0.0,0.0,4.1500515938,150.47221375,47.051746368,17.5,7.4806518555,0.0,0.0,0.0090698833,0.1461882144,0.0,0.0,0.0,Shale,1
25/2-7,1745.2660006,479885.84375,6641114.0,-1720.233643,HORDALAND GP.,Vaale Fm.,17.852136612,0.842343092,0.842343092,0.8881731629,2.0794627666,47.019062042,0.0,0.0,3.5121991634,151.72782898,47.336181641,17.5,8.4202737808,0.0,0.0,0.0292119719,0.1461882144,0.0,0.0,0.0,Shale,1
25/2-7,1746.1780006,479885.84375,6641114.0,-1721.145508,HORDALAND GP.,Vaale Fm.,17.665260315,0.8367158771,0.8367158771,0.8913712502,2.1130702496,41.921401978,0.0,0.0,3.9108257294,153.80412292,47.183307648,17.5,6.6773018837,0.0,0.0,0.0282140169,0.1461882144,0.0,0.0,0.0,Shale,1
25/2-7,1746.3300006,479885.84375,6641114.0,-1721.297485,HORDALAND GP.,Vaale Fm.,17.681598663,0.8641673923,0.8641673923,0.8867614865,2.0882844925,42.303184509,0.0,0.0,3.5592472553,152.93643188,47.557979584,17.5,6.5664401054,0.0,0.0,0.022916289,0.1461882144,0.0,0.0,0.0,Shale,1
25/2-7,1750.5860006,479885.78125,6641114.0,-1725.553101,HORDALAND GP.,Vaale Fm.,17.780223846,0.7280739546,0.7280739546,0.6811625361,2.0191786289,44.592918396,0.0,0.0,3.3825883865,152.23469543,47.253860474,17.5,7.7019400597,0.0,0.0,-0.00483571,0.1461882144,0.0,0.0,0.0,Shale,1
25/2-7,1751.0420006,479885.78125,6641114.0,-1726.008911,HORDALAND GP.,Vaale Fm.,18.048192978,0.6440945864,0.6440945864,0.7117297649,2.0702278614,43.600421906,0.0,0.0,3.6811327934,158.65516663,47.051952362,17.5,9.2145004272,0.0,0.0,0.0049999999,0.1461882144,0.0,0.0,0.0,Shale,1
25/2-7,1752.2580006,479885.75,6641114.0,-1727.224854,HORDALAND GP.,Vaale Fm.,18.021038055,0.6454722285,0.6454722285,0.6719504595,2.0227992535,48.105201721,0.0,0.0,3.1928393841,151.44432068,47.659557343,17.5,8.3899030685,0.0,0.0,-0.000627072,0.1461882144,0.0,0.0,0.0,Shale,1
25/2-7,1754.2340006,479885.71875,6641114.0,-1729.200562,HORDALAND GP.,Vaale Fm.,18.124692917,0.6774590015,0.6774590015,0.776091814,2.0898849964,48.217845917,0.0,0.0,3.3237996101,150.0852356,46.733295441,17.5,9.1894102097,0.0,0.0,-0.004942514,0.1461882144,0.0,0.0,0.0,Shale,1
25/2-7,1756.9700006,479885.6875,6641114.0,-1731.936279,HORDALAND GP.,Vaale Fm.,17.942235947,0.6781765223,0.6781765223,0.704058826,2.0097773075,53.725563049,0.0,0.0,3.3005721569,153.82289124,46.906208038,17.5,9.058098793,0.0,0.0,0.0032784855,0.1461882144,0.0,0.0,0.0,Shale,1
25/2-7,1757.4260006,479885.6875,6641114.0,-1732.392334,HORDALAND GP.,Vaale Fm.,17.905456543,0.6602221727,0.6602221727,0.6981110573,2.0228915215,49.453918457,0.0,0.0,2.9437084198,155.19023132,47.549186707,17.5,8.3754882813,0.0,0.0,0.004819043,0.1461882144,0.0,0.0,0.0,Shale,1
25/2-7,1758.9460006,479885.65625,6641114.0,-1733.912109,HORDALAND GP.,Vaale Fm.,18.058101654,0.7343343496,0.7343343496,0.7833176851,2.0503802299,44.089450836,0.0,0.0,3.419678688,152.52500916,47.581928253,17.5,7.1767516136,0.0,0.0,0.0099999998,0.1461882144,0.0,0.0,0.0,Shale,1
25/2-7,1761.2260006,479885.625,6641114.0,-1736.191772,HORDALAND GP.,Vaale Fm.,18.156000137,0.6853088737,0.6853088737,0.7251029611,2.027608633,54.327850342,0.0,0.0,3.065110445,151.50782776,48.424259186,17.5,8.7628479004,0.0,0.0,0.0027971107,0.1461882144,0.0,0.0,0.0,Shale,1
25/2-7,1762.2900006,479885.59375,6641114.0,-1737.255737,HORDALAND GP.,Vaale Fm.,17.9510746,0.8132094145,0.8132094145,0.7405154109,2.0828597546,42.686641693,0.0,0.0,2.9581201077,149.31057739,47.773532867,17.5,4.6266431808,0.0,0.0,-0.001083134,0.1461882144,0.0,0.0,0.0,Shale,1
25/2-7,1762.4420006,479885.59375,6641114.0,-1737.407715,HORDALAND GP.,Vaale Fm.,18.035467148,0.7352507114,0.7352507114,0.7427529693,2.055822134,45.52746582,0.0,0.0,2.8565723896,148.51649475,47.569068909,17.5,4.5554161072,0.0,0.0,0.0008772989,0.1461882144,0.0,0.0,0.0,Shale,1
25/2-7,1762.5940006,479885.59375,6641114.0,-1737.559692,HORDALAND GP.,Vaale Fm.,18.06098938,0.6778287888,0.6778287888,0.7456206083,2.0582461357,48.300395966,0.0,0.0,2.9242329597,149.0539856,47.3387146,17.5,4.5550179482,0.0,0.0,-0.000748684,0.1461882144,0.0,0.0,0.0,Shale,1
25/2-7,1765.1780006,479885.5625,6641114.0,-1740.143433,HORDALAND GP.,Vaale Fm.,17.554067612,0.8451629281,0.8451629281,0.8069999814,2.1385047436,39.830310822,0.0,0.0,3.5995559692,144.82948303,48.410030365,17.5,5.7354435921,0.0,0.0,-0.008660547,0.1461882144,0.0,0.0,0.0,Shale,1
25/2-7,1765.4820006,479885.5625,6641114.0,-1740.447388,HORDALAND GP.,Vaale Fm.,17.777921677,0.7570601106,0.7570601106,0.8065885305,2.0478265285,49.918888092,0.0,0.0,2.8551411629,150.00767517,47.985187531,17.5,6.8073921204,0.0,0.0,0.0001247957,0.1461882144,0.0,0.0,0.0,Shale,1
25/2-7,1769.2820006,479885.5,6641114.0,-1744.246948,HORDALAND GP.,Vaale Fm.,18.112855911,0.6621768475,0.6621768475,0.6121442914,1.9874463081,48.707832336,0.0,0.0,2.6683449745,158.19903564,47.750297546,17.5,5.7266359329,0.0,0.0,-0.005035734,0.1461882144,0.0,0.0,0.0,Shale,1
25/2-7,1770.4980006,479885.46875,6641114.0,-1745.462891,HORDALAND GP.,Vaale Fm.,18.178874969,0.7253192067,0.7253192067,0.6685304642,2.017475605,52.982414246,0.0,0.0,3.253731966,150.42628479,48.218257904,17.5,5.0771036148,0.0,0.0,-0.000524226,0.1461882144,0.0,0.0,0.0,Shale,1
25/2-7,1772.0180006,479885.46875,6641114.0,-1746.982666,HORDALAND GP.,Vaale Fm.,18.149930954,0.7158683538,0.7158683538,0.6774735451,2.054169178,39.505470276,0.0,0.0,3.2625775337,151.80647278,47.323707581,17.5,5.0738463402,0.0,0.0,0.0058476315,0.1461882144,0.0,0.0,0.0,Shale,1
25/2-7,1772.7780006,479885.4375,6641114.0,-1747.742554,HORDALAND GP.,Vaale Fm.,18.0,0.6525117159,0.6525117159,0.6480000019,2.0206983089,49.851711273,0.0,0.0,2.9474987984,153.49090576,47.742622375,17.5,5.0721440315,0.0,0.0,0.0022061458,0.1461882144,0.0,0.0,0.0,Shale,1
25/2-7,1775.6660006,479885.40625,6641114.0,-1750.630249,HORDALAND GP.,Vaale Fm.,17.782999039,0.6830571294,0.6830571294,0.6710000038,2.0163297653,46.957462311,0.0,0.0,3.1759772301,151.69107056,47.894142151,17.5,5.7128677368,0.0,0.0,0.0027021202,0.1461882144,0.0,0.0,0.0,Shale,1
25/2-7,1777.1860006,479885.375,6641114.0,-1752.150024,HORDALAND GP.,Vaale Fm.,18.041742325,0.6729450822,0.6729450822,0.6815137267,2.0183565617,44.50686264,0.0,0.0,4.205766201,149.20561218,48.325908661,17.5,6.1734223366,0.0,0.0,0.012468433,0.1461882144,0.0,0.0,0.0,Shale,1
25/2-7,1777.4900006,479885.375,6641114.0,-1752.453979,HORDALAND GP.,Vaale Fm.,17.902057648,0.7127088308,0.7127088308,0.6690700054,2.0531923771,43.361690521,0.0,0.0,3.530898571,144.94552612,47.773212433,17.5,6.1941199303,0.0,0.0,0.0294682216,0.1461882144,0.0,0.0,0.0,Shale,1
25/2-7,1780.5300006,479885.3125,6641114.0,-1755.493652,HORDALAND GP.,Vaale Fm.,18.038410187,0.659563899,0.659563899,0.6706165075,2.0165176392,49.721981049,0.0,0.0,3.1310904026,146.87387085,47.628005981,17.5,5.7023396492,0.0,0.0,-0.013,0.1461882144,0.0,0.0,0.0,Shale,1
25/2-7,1781.4420006,479885.3125,6641114.0,-1756.405518,HORDALAND GP.,Vaale Fm.,18.15180397,0.6541236639,0.6541236639,0.6180682778,2.076634407,39.953472137,0.0,0.0,2.8780128956,145.57868958,48.059703827,17.5,2.3580739498,0.0,0.0,-0.003804907,0.1461882144,0.0,0.0,0.0,Shale,1
25/2-7,1787.5220006,479885.21875,6641114.0,-1762.484619,HORDALAND GP.,Vaale Fm.,18.554512024,0.6884700656,0.6884700656,0.6637717485,2.0064501762,43.485973358,0.0,0.0,3.0672998428,141.2403717,47.787448883,17.5,5.6333560944,0.0,0.0,0.0267876647,0.1461882144,0.0,0.0,0.0,Shale,1
25/2-7,1788.7380006,479885.1875,6641114.0,-1763.700562,HORDALAND GP.,Vaale Fm.,18.381765366,0.6967349052,0.6967349052,0.6885905862,2.0053424835,37.224639893,0.0,0.0,2.7783141136,142.64700317,48.097782135,17.5,5.1387891769,0.0,0.0,0.0005370241,0.1461882144,0.0,0.0,0.0,Shale,1
25/2-7,1794.2100006,479885.09375,6641114.0,-1769.171753,HORDALAND GP.,Vaale Fm.,18.328321457,0.7193087339,0.7193087339,0.6902902722,2.0672850609,50.154266357,0.0,0.0,3.4635488987,139.88729858,48.182266235,17.5,6.6445798874,0.0,0.0,0.043028865,0.1461882144,0.0,0.0,0.0,Shale,1
25/2-7,1797.2500006,479885.0625,6641114.0,-1772.211304,HORDALAND GP.,Vaale Fm.,18.356773376,0.7967885733,0.7967885733,0.6875191927,2.1164550781,34.384365082,0.0,0.0,3.0240957737,137.88317871,48.3139534,17.5,7.067899704,0.0,0.0,0.0063461303,0.1461882144,0.0,0.0,0.0,Shale,1
25/2-7,1798.3140006,479885.03125,6641114.0,-1773.275146,HORDALAND GP.,Vaale Fm.,18.108999252,0.5907723308,0.5907723308,0.6081978679,2.0030894279,41.307853699,0.0,0.0,3.0270681381,154.16777039,48.122219086,17.5,5.6639719009,0.0,0.0,2.97852e-05,0.1461882144,0.0,0.0,0.0,Shale,1
25/2-7,1799.5300006,479885.03125,6641114.0,-1774.491089,HORDALAND GP.,Vaale Fm.,18.215221405,0.6169999838,0.6169999838,0.6081104875,2.0138895512,47.821594238,0.0,0.0,2.5832324028,148.89842224,48.411972046,17.5,6.6317396164,0.0,0.0,0.0040552402,0.1461882144,0.0,0.0,0.0,Shale,1
25/2-7,1800.8980006,479885.0,6641114.0,-1775.858765,HORDALAND GP.,Vaale Fm.,18.212406158,0.6359999776,0.6359999776,0.5990633965,2.0098733902,43.25510788,0.0,0.0,2.669090271,150.07884216,48.182987213,17.5,0.0,0.0,0.0,0.0080859065,0.0,0.0,0.0,0.0,Shale,1
25/2-7,1801.0500006,479885.0,6641114.0,-1776.010864,HORDALAND GP.,Vaale Fm.,18.187999725,0.6353692412,0.6353692412,0.6046820283,2.0024206638,45.05267334,0.0,0.0,2.6919937134,150.03579712,48.343196869,17.5,0.0,0.0,0.0,0.0003692434,0.0,0.0,0.0,0.0,Shale,1
25/2-7,1802.1140006,479884.96875,6641114.0,-1777.074707,HORDALAND GP.,Vaale Fm.,18.233930588,0.6504257321,0.6504257321,0.6198086143,2.0325312614,41.693935394,0.0,0.0,2.8944604397,147.44300842,48.578918457,17.5,0.0,0.0,0.0,-0.002425738,0.0,0.0,0.0,0.0,Shale,1
25/2-7,1805.7620006,479884.90625,6641114.0,-1780.722046,HORDALAND GP.,Vaale Fm.,18.004341125,0.6737154722,0.6737154722,0.6167430878,1.972055316,47.448738098,0.0,0.0,3.1632957458,152.22218323,48.236038208,17.5,0.0,0.0,0.0,0.0097983386,0.0,0.0,0.0,0.0,Shale,1
25/2-7,1806.5220006,479884.90625,6641114.0,-1781.481934,HORDALAND GP.,Vaale Fm.,18.031000137,0.6238844395,0.6238844395,0.5951910615,2.0155022144,46.26361084,0.0,0.0,3.0879285336,151.2117157,48.247554779,17.5,0.0,0.0,0.0,0.0033467044,0.0,0.0,0.0,0.0,Shale,1
25/2-7,1812.2980006,479884.8125,6641114.0,-1787.256958,HORDALAND GP.,Vaale Fm.,18.062999725,0.7082013488,0.7082013488,0.7177535892,2.1205224991,46.04076767,0.0,0.0,3.5125582218,147.73231506,48.100223541,17.5,0.0,0.0,0.0,0.001,0.0,0.0,0.0,0.0,Shale,1
25/2-7,1812.9060006,479884.78125,6641114.0,-1787.864868,HORDALAND GP.,Vaale Fm.,17.875261307,0.6610055566,0.6610055566,0.6999275684,2.0329778194,51.45211792,0.0,0.0,3.042444706,148.5489502,48.123477936,17.5,0.0,0.0,0.0,0.0059721498,0.0,0.0,0.0,0.0,Shale,1
25/2-7,1813.2100006,479884.78125,6641114.0,-1788.168701,HORDALAND GP.,Vaale Fm.,17.922008514,0.6569981575,0.6569981575,0.6669979095,2.0229992867,46.78081131,0.0,0.0,2.9159216881,149.94146729,48.012142181,17.5,0.0,0.0,0.0,-0.003,0.0,0.0,0.0,0.0,Shale,1
25/2-7,1816.2500006,479884.71875,6641114.0,-1791.208252,HORDALAND GP.,Vaale Fm.,17.946588516,0.7876712084,0.7876712084,0.7881584764,2.1261796951,50.902565002,0.0,0.0,3.2217144966,145.08009338,48.972755432,17.5,0.0,0.0,0.0,-0.00225639,0.0,0.0,0.0,0.0,Shale,1
25/2-7,1817.1620006,479884.71875,6641114.0,-1792.120117,HORDALAND GP.,Vaale Fm.,18.022253036,0.7718163133,0.7718163133,0.7987481952,2.0901343822,53.587135315,0.0,0.0,3.7208578587,143.51202393,48.55991745,17.5,0.0,0.0,0.0,0.0030672203,0.0,0.0,0.0,0.0,Shale,1
25/2-7,1818.3780006,479884.6875,6641114.0,-1793.335938,HORDALAND GP.,Vaale Fm.,17.981258392,0.7945894599,0.7945894599,0.8128214478,2.1464970112,57.241321564,0.0,0.0,3.5961840153,141.33529663,48.175319672,17.5,0.0,0.0,0.0,0.0093811583,0.0,0.0,0.0,0.0,Shale,1
25/2-7,1818.5300006,479884.6875,6641114.0,-1793.487915,HORDALAND GP.,Vaale Fm.,17.998548508,0.8115238547,0.8115238547,0.8220773935,2.1480000019,53.247646332,0.0,0.0,3.4013192654,139.13769531,47.911540985,17.5,0.0,0.0,0.0,0.0099999998,0.0,0.0,0.0,0.0,Shale,1
25/2-7,1818.9860006,479884.6875,6641114.0,-1793.943726,HORDALAND GP.,Vaale Fm.,18.06051445,0.8428021073,0.8428021073,0.8551008701,2.159920454,45.800510406,0.0,0.0,3.4393963814,138.80366516,48.437339783,17.5,0.0,0.0,0.0,-9.9026e-05,0.0,0.0,0.0,0.0,Shale,1
25/2-7,1820.2020006,479884.65625,6641114.0,-1795.159546,HORDALAND GP.,Vaale Fm.,17.932434082,0.7779104114,0.7779104114,0.8234212995,2.2693789005,52.172866821,0.0,0.0,4.3217873573,142.87763977,48.669204712,17.5,0.0,0.0,0.0,-0.00472159,0.0,0.0,0.0,0.0,Shale,1
25/2-7,1820.5060006,479884.65625,6641114.0,-1795.463501,HORDALAND GP.,Vaale Fm.,17.968999863,0.8359889984,0.8359889984,0.7977582216,2.1648659706,51.405220032,0.0,0.0,2.9943954945,139.64065552,48.610122681,17.5,0.0,0.0,0.0,0.0040010065,0.0,0.0,0.0,0.0,Shale,1
25/2-7,1822.7860006,479884.625,6641114.0,-1797.743164,HORDALAND GP.,Vaale Fm.,17.549360275,0.7989947796,0.7989947796,0.8658289909,2.0433287621,58.494869232,0.0,0.0,2.9044566154,150.61592102,48.525348663,17.5,0.0,0.0,0.0,0.0043286588,0.0,0.0,0.0,0.0,Shale,1
25/2-7,1823.5460006,479884.59375,6641114.0,-1798.503052,HORDALAND GP.,Vaale Fm.,17.908126831,0.7198587656,0.7198587656,0.7616109252,2.0160000324,47.633148193,0.0,0.0,3.0705907345,147.8656311,49.014858246,17.5,0.0,0.0,0.0,0.0072885095,0.0,0.0,0.0,0.0,Shale,1
25/2-7,1824.1540006,479884.59375,6641114.0,-1799.110962,HORDALAND GP.,Vaale Fm.,17.768127441,0.612950325,0.612950325,0.7114856243,2.192684412,42.502429962,0.0,0.0,5.1384401321,146.20884705,48.535663605,17.5,0.0,0.0,0.0,-0.002434523,0.0,0.0,0.0,0.0,Shale,1
25/2-7,1825.0660006,479884.5625,6641114.0,-1800.022705,HORDALAND GP.,Vaale Fm.,17.812210083,0.6626230478,0.6626230478,0.7193059921,2.0234076977,44.264957428,0.0,0.0,3.0839288235,122.32824707,48.65404129,17.5,0.0,0.0,0.0,0.0098151378,0.0,0.0,0.0,0.0,Dolomite,1
25/2-7,1826.7380006,479884.53125,6641114.0,-1801.694458,HORDALAND GP.,Vaale Fm.,17.98772049,0.7855542302,0.7855542302,0.699297905,2.0569543839,48.720783234,0.0,0.0,3.0703430176,150.70071411,48.863254547,17.5,0.0,0.0,0.0,-0.003232611,0.0,0.0,0.0,0.0,Shale,1
25/2-7,1827.0420006,479884.53125,6641114.0,-1801.998413,HORDALAND GP.,Vaale Fm.,18.062761307,0.8119241595,0.8119241595,0.6956753731,2.0180447102,46.426422119,0.0,0.0,2.8393146992,150.18171692,49.379837036,17.5,0.0,0.0,0.0,-0.006048298,0.0,0.0,0.0,0.0,Shale,1
25/2-7,1828.8660006,479884.5,6641114.0,-1803.822021,HORDALAND GP.,Vaale Fm.,18.108999252,0.692507267,0.692507267,0.6124587655,2.0493135452,39.038654327,0.0,0.0,2.7733335495,143.14358521,48.315563202,17.5,0.0,0.0,0.0,-0.001921624,0.0,0.0,0.0,0.0,Shale,1
25/2-7,1829.6260006,479884.5,6641114.0,-1804.581909,HORDALAND GP.,Vaale Fm.,18.108999252,0.7254387736,0.7254387736,0.6042679548,2.1978690624,41.570404053,0.0,0.0,3.3344733715,139.51773071,48.842761993,17.5,0.0,0.0,0.0,0.0085865259,0.0,0.0,0.0,0.0,Shale,1
25/2-7,1832.2100006,479884.4375,6641114.0,-1807.165405,HORDALAND GP.,Vaale Fm.,18.145849228,0.6657173634,0.6657173634,0.5863434672,2.0477604866,47.36977005,0.0,0.0,2.8991975784,145.41036987,48.694034576,17.5,0.0,0.0,0.0,3.52164e-05,0.0,0.0,0.0,0.0,Shale,1
25/2-7,1832.9700006,479884.4375,6641114.0,-1807.925293,HORDALAND GP.,Vaale Fm.,17.921991348,0.6551001668,0.6551001668,0.5817083716,2.0336387157,45.142162323,0.0,0.0,2.9818730354,143.89845276,49.048290253,17.5,0.0,0.0,0.0,0.0040000002,0.0,0.0,0.0,0.0,Shale,1
25/2-7,1834.7940006,479884.40625,6641114.0,-1809.748901,HORDALAND GP.,Vaale Fm.,18.172000885,0.6172382236,0.6172382236,0.6007303596,2.05123353,49.208053589,0.0,0.0,3.1120996475,142.51481628,48.922805786,17.5,0.0,0.0,0.0,0.0021166997,0.0,0.0,0.0,0.0,Shale,1
25/2-7,1837.8340006,479884.34375,6641114.0,-1812.78833,HORDALAND GP.,Vaale Fm.,18.019231796,0.6779776216,0.6779776216,0.5944253802,2.0383965969,47.266704559,0.0,0.0,2.8135004044,146.44863892,49.046447754,17.5,0.0,0.0,0.0,0.0020000001,0.0,0.0,0.0,0.0,Shale,1
25/2-7,1839.2020006,479884.3125,6641114.0,-1814.156128,HORDALAND GP.,Vaale Fm.,18.172000885,0.6342332363,0.6342332363,0.5875067115,2.0556230545,43.850971222,0.0,0.0,2.929659605,146.59660339,48.932929993,17.5,0.0,0.0,0.0,0.0014480858,0.0,0.0,0.0,0.0,Shale,1
25/2-7,1839.8100006,479884.3125,6641114.0,-1814.764038,HORDALAND GP.,Vaale Fm.,18.108999252,0.7720020413,0.7720020413,0.5771619081,2.1184401512,38.625778198,0.0,0.0,3.1231479645,146.11058044,49.105682373,17.5,0.0,0.0,0.0,-0.012,0.0,0.0,0.0,0.0,Shale,1
25/2-7,1841.1780006,479884.28125,6641113.5,-1816.131714,HORDALAND GP.,Vaale Fm.,18.108999252,0.673337698,0.673337698,0.5850662589,2.037964344,47.24123764,0.0,0.0,2.915774107,146.12976074,48.639572144,17.5,0.0,0.0,0.0,-0.004,0.0,0.0,0.0,0.0,Shale,1
25/2-7,1841.9380006,479884.25,6641113.5,-1816.891479,HORDALAND GP.,Vaale Fm.,18.125,0.6604967117,0.6604967117,0.5834966898,2.0279910564,50.602947235,0.0,0.0,2.7712879181,146.48413086,48.950511932,17.5,0.0,0.0,0.0,-0.008495515,0.0,0.0,0.0,0.0,Shale,1
25/2-7,1844.6740006,479884.21875,6641113.5,-1819.626953,HORDALAND GP.,Vaale Fm.,17.843999863,0.6708438993,0.6708438993,0.6110686064,2.006742239,43.64396286,0.0,0.0,3.0598173141,149.36901855,49.011619568,17.5,0.0,0.0,0.0,-0.005085877,0.0,0.0,0.0,0.0,Shale,1
25/2-7,1847.5620006,479884.15625,6641113.5,-1822.514404,HORDALAND GP.,Vaale Fm.,18.152851105,0.6409382224,0.6409382224,0.5729382038,2.0107402802,44.049942017,0.0,0.0,3.3676767349,143.28053284,48.69940567,17.5,0.0,0.0,0.0,0.0010372659,0.0,0.0,0.0,0.0,Shale,1
25/2-7,1849.0820006,479884.125,6641113.5,-1824.03418,HORDALAND GP.,Vaale Fm.,18.125,0.6529413462,0.6529413462,0.5878418088,2.044809103,41.929363251,0.0,0.0,2.808506012,145.57821655,48.720569611,17.5,0.0,0.0,0.0,0.0017618079,0.0,0.0,0.0,0.0,Shale,1
25/2-7,1852.1220006,479884.0625,6641113.5,-1827.073486,HORDALAND GP.,Vaale Fm.,18.172000885,0.698636353,0.698636353,0.6273818612,2.0626430511,38.784122467,0.0,0.0,2.9186058044,142.12641907,49.476947784,17.5,0.0,0.0,0.0,-0.005,0.0,0.0,0.0,0.0,Shale,1
25/2-7,1853.4900006,479884.03125,6641113.5,-1828.441284,HORDALAND GP.,Vaale Fm.,18.044376373,0.6544812322,0.6544812322,0.5773925185,2.0468306541,38.700336456,0.0,0.0,2.9810657501,142.10133362,48.893966675,17.5,0.0,0.0,0.0,0.0006948879,0.0,0.0,0.0,0.0,Shale,1
25/2-7,1856.5300006,479883.96875,6641113.5,-1831.480713,HORDALAND GP.,Vaale Fm.,18.003671646,0.5919773579,0.5919773579,0.5032570362,1.9862433672,46.991069794,0.0,0.0,2.9991793633,151.23301697,49.122425079,17.5,0.0,0.0,0.0,-0.003008862,0.0,0.0,0.0,0.0,Shale,1
25/2-7,1857.7460006,479883.96875,6641113.5,-1832.696411,HORDALAND GP.,Vaale Fm.,18.125,0.6120873094,0.6120873094,0.5801269412,2.0118525028,50.44990921,0.0,0.0,2.8359613419,152.73086548,49.577228546,17.5,0.0,0.0,0.0,0.0016947247,0.0,0.0,0.0,0.0,Shale,1
25/2-7,1859.4180006,479883.9375,6641113.5,-1834.368042,HORDALAND GP.,Vaale Fm.,18.062999725,0.6532612443,0.6532612443,0.7007787228,2.292904377,41.793678284,0.0,0.0,4.2567563057,143.75993347,48.836555481,17.5,0.0,0.0,0.0,-0.001393603,0.0,0.0,0.0,0.0,Shale,1
25/2-7,1862.4580006,479883.875,6641113.5,-1837.407349,HORDALAND GP.,Vaale Fm.,17.976959229,0.6947022676,0.6947022676,0.6564466357,2.0,46.623065948,0.0,0.0,2.9727714062,147.5905304,48.765609741,17.5,0.0,0.0,0.0,-0.006449378,0.0,0.0,0.0,0.0,Shale,1
25/2-7,1865.9540006,479883.78125,6641113.5,-1840.902588,HORDALAND GP.,Vaale Fm.,18.216215134,0.7451847792,0.7451847792,0.6118981242,2.1459171772,42.318527222,0.0,0.0,2.9590809345,126.53625488,49.154243469,17.5,0.0,0.0,0.0,0.0060000001,0.0,0.0,0.0,0.0,Shale,1
25/2-7,1868.8420006,479883.71875,6641113.5,-1843.789917,HORDALAND GP.,Vaale Fm.,18.187000275,0.6068806648,0.6068806648,0.5693637133,2.0513978004,47.832828522,0.0,0.0,2.8048110008,143.75227356,49.005710602,17.5,0.0,0.0,0.0,0.0011590681,0.0,0.0,0.0,0.0,Shale,1
25/2-7,1869.4500006,479883.71875,6641113.5,-1844.397705,HORDALAND GP.,Vaale Fm.,18.141904831,0.6050583124,0.6050583124,0.5098542571,2.0511167049,44.532920837,0.0,0.0,2.9543139935,144.56349182,49.609642029,17.5,0.0,0.0,0.0,0.0020582948,0.0,0.0,0.0,0.0,Shale,1
25/2-7,1870.3620006,479883.6875,6641113.5,-1845.30957,HORDALAND GP.,Vaale Fm.,18.218999863,0.6349999905,0.6349999905,0.5381190181,2.0660264492,44.706600189,0.0,0.0,2.9076886177,143.77919006,49.594306946,17.5,0.0,0.0,0.0,0.0010396851,0.0,0.0,0.0,0.0,Shale,1
25/2-7,1873.0980006,479883.65625,6641113.5,-1848.0448,HORDALAND GP.,Vaale Fm.,18.182775497,0.7190198898,0.7190198898,0.5418648124,2.0510001183,48.926753998,0.0,0.0,3.1569383144,143.90982056,50.167098999,17.5,0.0,0.0,0.0,0.0040000002,0.0,0.0,0.0,0.0,Shale,1
25/2-7,1876.5940006,479883.5625,6641113.5,-1851.540039,HORDALAND GP.,Vaale Fm.,18.104560852,0.5839443207,0.5839443207,0.5456779003,2.1687624454,49.093185425,0.0,0.0,3.7891061306,127.45783234,48.733901978,17.5,0.0,0.0,0.0,0.0027167005,0.0,0.0,0.0,0.0,Shale,1
25/2-7,1877.5060006,479883.5625,6641113.5,-1852.451782,HORDALAND GP.,Vaale Fm.,17.720666885,0.6628020406,0.6628020406,0.587896347,2.0450000763,38.30173111,0.0,0.0,3.055921793,158.45547485,49.443473816,17.5,0.0,0.0,0.0,0.0075585498,0.0,0.0,0.0,0.0,Shale,1
25/2-7,1877.6580006,479883.53125,6641113.5,-1852.603638,HORDALAND GP.,Vaale Fm.,17.826417923,0.6091845036,0.6091845036,0.6014220715,2.065407753,42.042854309,0.0,0.0,3.2291147709,156.55764771,49.607913971,17.5,0.0,0.0,0.0,0.0080000004,0.0,0.0,0.0,0.0,Shale,1
25/2-7,1878.7220006,479883.53125,6641113.5,-1853.66748,HORDALAND GP.,Vaale Fm.,18.115152359,0.635356307,0.635356307,0.5844291449,2.0604765415,39.347934723,0.0,0.0,3.2338914871,144.05508423,49.933998108,17.5,0.0,0.0,0.0,-0.005,0.0,0.0,0.0,0.0,Shale,1
25/2-7,1878.8740006,479883.53125,6641113.5,-1853.819458,HORDALAND GP.,Vaale Fm.,18.014591217,0.6295354366,0.6295354366,0.5877323151,2.0774567127,43.172809601,0.0,0.0,3.0762562752,146.66398621,49.82572937,17.5,0.0,0.0,0.0,0.00279529,0.0,0.0,0.0,0.0,Shale,1
25/2-7,1879.1780006,479883.5,6641113.5,-1854.123291,HORDALAND GP.,Vaale Fm.,17.781831741,0.6437475085,0.6437475085,0.5693916678,2.1006600857,47.198471069,0.0,0.0,3.2286973,146.92533875,49.218788147,17.5,0.0,0.0,0.0,0.0060000001,0.0,0.0,0.0,0.0,Shale,1
25/2-7,1879.6340006,479883.5,6641113.5,-1854.579346,HORDALAND GP.,Vaale Fm.,18.104446411,0.6317692995,0.6317692995,0.5397621989,2.1098740101,42.27539444,0.0,0.0,3.4803819656,145.75569153,49.186195374,17.5,0.0,0.0,0.0,-0.007706303,0.0,0.0,0.0,0.0,Shale,1
25/2-7,1882.6740006,479883.4375,6641113.5,-1857.61853,HORDALAND GP.,Vaale Fm.,18.159187317,0.732983768,0.732983768,0.5711991787,2.0569999218,43.293697357,0.0,0.0,3.0497481823,133.2250824,49.021972656,17.5,0.0,0.0,0.0,-0.005398376,0.0,0.0,0.0,0.0,Shale,1
25/2-7,1886.6260006,479883.34375,6641113.5,-1861.56958,HORDALAND GP.,Vaale Fm.,18.241733551,0.6176506281,0.6176506281,0.5399879813,2.1665332317,41.088512421,0.0,0.0,4.088449955,141.70954895,49.115875244,17.5,0.0,0.0,0.0,0.0046666907,0.0,0.0,0.0,0.0,Shale,1
25/2-7,1887.2340006,479883.34375,6641113.5,-1862.17749,HORDALAND GP.,Vaale Fm.,18.23957634,0.7220532894,0.7220532894,0.5591657162,2.0701508522,43.139560699,0.0,0.0,3.2753462791,137.3163147,49.653541565,17.5,0.0,0.0,0.0,-0.004386486,0.0,0.0,0.0,0.0,Shale,1
25/2-7,1887.8420006,479883.34375,6641113.5,-1862.785278,HORDALAND GP.,Vaale Fm.,18.139266968,0.6240000129,0.6240000129,0.5441759825,2.0734241009,46.95072937,0.0,0.0,3.0842998028,140.9992218,49.818710327,17.5,0.0,0.0,0.0,-0.005272447,0.0,0.0,0.0,0.0,Shale,1
25/2-7,1888.1460006,479883.3125,6641113.5,-1863.089233,HORDALAND GP.,Vaale Fm.,18.153541565,0.6198238134,0.6198238134,0.541705966,2.0759999752,48.114219666,0.0,0.0,2.9409604073,141.97692871,49.745948792,17.5,0.0,0.0,0.0,-0.009706995,0.0,0.0,0.0,0.0,Shale,1
25/2-7,1891.3380006,479883.25,6641113.5,-1866.280273,HORDALAND GP.,Vaale Fm.,18.182426453,0.7507043481,0.7507043481,0.6258882284,2.2914261818,38.59677124,0.0,0.0,3.5079116821,137.8598938,50.142585754,17.5,0.0,0.0,0.0,-0.000438505,0.0,0.0,0.0,0.0,Shale,1
25/2-7,1891.6420006,479883.25,6641113.5,-1866.584229,HORDALAND GP.,Vaale Fm.,18.228694916,0.9560259581,0.9560259581,0.6163544655,2.1341838837,38.925422668,0.0,0.0,2.8504490852,124.68126678,50.251945496,17.5,0.0,0.0,0.0,0.0003536677,0.0,0.0,0.0,0.0,Shale,1
25/2-7,1892.8580006,479883.21875,6641113.5,-1867.799927,HORDALAND GP.,Vaale Fm.,18.138202667,0.6486297846,0.6486297846,0.5376247764,2.0608720779,47.800132751,0.0,0.0,3.0640690327,138.43615723,49.694194794,17.5,0.0,0.0,0.0,-0.005,0.0,0.0,0.0,0.0,Shale,1
25/2-7,1893.1620006,479883.21875,6641113.5,-1868.10376,HORDALAND GP.,Vaale Fm.,18.16592598,0.6232389808,0.6232389808,0.5523363352,2.0628607273,51.389305115,0.0,0.0,2.9981436729,141.46643066,49.799705505,17.5,0.0,0.0,0.0,-0.00862028,0.0,0.0,0.0,0.0,Shale,1
25/2-7,1894.3780006,479883.1875,6641113.5,-1869.31958,HORDALAND GP.,Vaale Fm.,18.137420654,0.6356071234,0.6356071234,0.5446071029,2.0518014431,46.194900513,0.0,0.0,3.1370983124,142.30186462,49.318653107,17.5,0.0,0.0,0.0,-0.006403934,0.0,0.0,0.0,0.0,Shale,1
25/2-7,1894.5300006,479883.1875,6641113.5,-1869.471436,HORDALAND GP.,Vaale Fm.,18.115451813,0.6286405921,0.6286405921,0.5459774137,2.0510001183,46.414356232,0.0,0.0,3.1596317291,142.9642334,49.466846466,17.5,0.0,0.0,0.0,-0.004596767,0.0,0.0,0.0,0.0,Shale,1
25/2-7,1896.0500006,479883.15625,6641113.5,-1870.991089,HORDALAND GP.,Vaale Fm.,18.108999252,0.6462242007,0.6462242007,0.6148754358,2.0629999638,39.985866547,0.0,0.0,3.0006787777,132.75718689,49.512935638,17.5,0.0,0.0,0.0,-0.005719215,0.0,0.0,0.0,0.0,Shale,1
25/2-7,1897.2660006,479883.125,6641113.5,-1872.206665,HORDALAND GP.,Vaale Fm.,18.062999725,0.6389030218,0.6389030218,0.5480970144,2.0632395744,48.381057739,0.0,0.0,3.0471625328,143.15116882,49.637001038,17.5,0.0,0.0,0.0,0.0088451076,0.0,0.0,0.0,0.0,Shale,1
25/2-7,1898.4820006,479883.09375,6641113.5,-1873.422363,HORDALAND GP.,Vaale Fm.,18.108999252,0.6352180839,0.6352180839,0.5580000281,2.0619430542,48.97833252,0.0,0.0,3.0330796242,144.09033203,49.970527649,17.5,0.0,0.0,0.0,-0.001414546,0.0,0.0,0.0,0.0,Shale,1
25/2-7,1899.8500006,479883.0625,6641113.5,-1874.789917,HORDALAND GP.,Vaale Fm.,18.046569824,0.6180150509,0.6180150509,0.5380226374,2.0379359722,55.770751953,0.0,0.0,3.5687949657,145.37086487,49.802383423,17.5,0.0,0.0,0.0,0.001,0.0,0.0,0.0,0.0,Shale,1
25/2-7,1900.1540006,479883.0625,6641113.5,-1875.093872,HORDALAND GP.,Vaale Fm.,17.836082458,0.625987649,0.625987649,0.549993813,2.0440015793,47.346218109,0.0,0.0,3.4667005539,144.48010254,49.801136017,17.5,0.0,0.0,0.0,0.0090029687,0.0,0.0,0.0,0.0,Shale,1
25/2-7,1902.1300006,479883.0,6641113.5,-1877.069336,HORDALAND GP.,Vaale Fm.,17.872415543,0.6316798925,0.6316798925,0.5486434698,2.0276515484,46.660354614,0.0,0.0,3.1951494217,147.15879822,50.558998108,17.5,0.0,0.0,0.0,0.0013257207,0.0,0.0,0.0,0.0,Shale,1
25/2-7,1902.5860006,479883.0,6641113.5,-1877.525269,HORDALAND GP.,Vaale Fm.,18.028369904,0.6410675645,0.6410675645,0.564281702,2.0439152718,49.323886871,0.0,0.0,3.0756421089,145.41207886,50.430767059,17.5,0.0,0.0,0.0,0.0031696814,0.0,0.0,0.0,0.0,Shale,1
25/2-7,1903.3460006,479883.0,6641113.5,-1878.285034,HORDALAND GP.,Vaale Fm.,17.994478226,0.6413303614,0.6413303614,0.5768868923,2.0283343792,52.573421478,0.0,0.0,3.1592423916,144.46551514,49.549228668,17.5,0.0,0.0,0.0,-0.003667219,0.0,0.0,0.0,0.0,Shale,1
25/2-7,1903.6500006,479882.96875,6641113.5,-1878.588867,HORDALAND GP.,Vaale Fm.,17.556821823,0.6451237202,0.6451237202,0.5817525387,2.0201947689,58.450946808,0.0,0.0,3.0399625301,145.28599548,49.372657776,17.5,0.0,0.0,0.0,-0.000683161,0.0,0.0,0.0,0.0,Shale,1
25/2-7,1904.2580006,479882.96875,6641113.5,-1879.196777,HORDALAND GP.,Vaale Fm.,17.977262497,0.6358624101,0.6358624101,0.5827174187,2.0622849464,50.592330933,0.0,0.0,2.8940834999,145.08660889,49.177185059,17.5,0.0,0.0,0.0,0.0080000004,0.0,0.0,0.0,0.0,Shale,1
25/2-7,1905.3220006,479882.9375,6641113.5,-1880.260498,HORDALAND GP.,Vaale Fm.,17.767309189,0.6314558983,0.6314558983,0.5699999928,2.0479214191,48.2460289,0.0,0.0,3.1022648811,145.77760315,50.804832458,17.5,0.0,0.0,0.0,0.0318202376,0.0,0.0,0.0,0.0,Shale,1
25/2-7,1906.2340006,479882.90625,6641113.5,-1881.172241,HORDALAND GP.,Vaale Fm.,18.062395096,0.6482277513,0.6482277513,0.609360218,2.1020503044,49.659507751,0.0,0.0,3.0146079063,144.13825989,49.345043182,17.5,0.0,0.0,0.0,0.0084232911,0.0,0.0,0.0,0.0,Shale,1
25/2-7,1907.9060006,479882.875,6641113.5,-1882.84375,HORDALAND GP.,Vaale Fm.,18.172000885,0.5925417542,0.5925417542,0.5327190757,2.0242693424,48.121234894,0.0,0.0,2.8281879425,147.99273682,50.057136536,17.5,0.0,0.0,0.0,0.0023653503,0.0,0.0,0.0,0.0,Shale,1
25/2-7,1908.9700006,479882.84375,6641113.5,-1883.907471,HORDALAND GP.,Vaale Fm.,17.75,0.5909596682,0.5909596682,0.516038239,2.0258600712,55.039749146,0.0,0.0,3.0560584068,147.87214661,50.290676117,17.5,0.0,0.0,0.0,0.0086528482,0.0,0.0,0.0,0.0,Shale,1
25/2-7,1909.1220006,479882.84375,6641113.5,-1884.059326,HORDALAND GP.,Vaale Fm.,17.803760529,0.6125225425,0.6125225425,0.5193731785,2.038446188,56.236694336,0.0,0.0,3.1517775059,147.51370239,50.040534973,17.5,0.0,0.0,0.0,0.0093784761,0.0,0.0,0.0,0.0,Shale,1
25/2-7,1909.4260006,479882.84375,6641113.5,-1884.363281,HORDALAND GP.,Vaale Fm.,18.108999252,0.6179581881,0.6179581881,0.5307038426,2.0503931046,53.537410736,0.0,0.0,3.0938971043,146.32327271,49.776912689,17.5,0.0,0.0,0.0,0.0106606912,0.0,0.0,0.0,0.0,Shale,1
25/2-7,1912.6180006,479882.78125,6641113.5,-1887.554443,HORDALAND GP.,Vaale Fm.,18.045110703,0.6168673635,0.6168673635,0.5479999781,2.0467283726,45.754299164,0.0,0.0,2.970366478,146.19996643,50.488075256,17.5,0.0,0.0,0.0,-0.00141978,0.0,0.0,0.0,0.0,Shale,1
25/2-7,1915.8100006,479882.71875,6641113.5,-1890.745605,HORDALAND GP.,Vaale Fm.,18.027568817,0.6601604819,0.6601604819,0.642948091,2.0605425835,46.801345825,0.0,0.0,3.0517001152,141.47325134,49.609645844,17.5,0.0,0.0,0.0,-0.004771214,0.0,0.0,0.0,0.0,Shale,1
25/2-7,1919.0020006,479882.625,6641113.0,-1893.936523,HORDALAND GP.,Vaale Fm.,18.100992203,0.6844822168,0.6844822168,0.6773096323,2.0611741543,54.538059235,0.0,0.0,3.1098592281,138.78782654,49.411334991,17.5,0.0,0.0,0.0,0.0020000001,0.0,0.0,0.0,0.0,Shale,1
25/2-7,1920.3700006,479882.59375,6641113.0,-1895.304199,HORDALAND GP.,Vaale Fm.,17.966314316,0.6178324223,0.6178324223,0.6603851914,2.0304987431,50.060668945,0.0,0.0,3.0626895428,147.19374084,50.205112457,17.5,0.0,0.0,0.0,-0.006149876,0.0,0.0,0.0,0.0,Shale,1
25/2-7,1920.8260006,479882.59375,6641113.0,-1895.760132,HORDALAND GP.,Vaale Fm.,18.100683212,0.6835758686,0.6835758686,0.6808586121,2.0567154884,58.855297089,0.0,0.0,3.1105918884,148.8261261,50.124084473,17.5,0.0,0.0,0.0,0.0002843827,0.0,0.0,0.0,0.0,Shale,1
25/2-7,1923.5620006,479882.53125,6641113.0,-1898.495239,HORDALAND GP.,Vaale Fm.,18.173429489,0.6112177968,0.6112177968,0.5488430858,2.1047608852,46.673065186,0.0,0.0,3.1369638443,145.65730286,50.416481018,17.5,0.0,0.0,0.0,-0.003523983,0.0,0.0,0.0,0.0,Shale,1
25/2-7,1924.7780006,479882.5,6641113.0,-1899.710815,HORDALAND GP.,Vaale Fm.,18.251182556,0.6473901272,0.6473901272,0.6035609841,2.106852293,50.983810425,0.0,0.0,3.3591697216,141.01348877,50.076190948,17.5,0.0,0.0,0.0,0.0119260363,0.0,0.0,0.0,0.0,Shale,1
25/2-7,1933.1380006,479882.3125,6641113.0,-1908.068481,HORDALAND GP.,Vaale Fm.,17.946338654,0.6608663201,0.6608663201,0.602425158,2.1357793808,49.836532593,0.0,0.0,3.5071275234,139.39584351,50.252082825,17.5,0.0,0.0,0.0,-0.01164572,0.0,0.0,0.0,0.0,Shale,1
25/2-7,1934.5060006,479882.28125,6641113.0,-1909.435913,HORDALAND GP.,Vaale Fm.,17.772226334,0.6686983109,0.6686983109,0.5959056616,2.0868678093,57.41733551,0.0,0.0,3.4786486626,141.54014587,50.120868683,17.5,0.0,0.0,0.0,0.0059056501,0.0,0.0,0.0,0.0,Shale,1
25/2-7,1936.1780006,479882.21875,6641113.0,-1911.107422,HORDALAND GP.,Vaale Fm.,17.914241791,0.7205369473,0.7205369473,0.7031379342,2.0897831917,53.623153687,0.0,0.0,4.1440358162,136.22857666,50.744758606,17.5,0.0,0.0,0.0,-0.000507385,0.0,0.0,0.0,0.0,Shale,1
25/2-7,1939.3700006,479882.15625,6641113.0,-1914.298584,HORDALAND GP.,Vaale Fm.,18.06407547,0.6179635525,0.6179635525,0.577249527,2.0317139626,49.950397491,0.0,0.0,3.1699705124,145.4805603,50.650627136,17.5,0.0,0.0,0.0,-0.012036425,0.0,0.0,0.0,0.0,Shale,1
25/2-7,1939.6740006,479882.15625,6641113.0,-1914.602417,HORDALAND GP.,Vaale Fm.,18.187999725,0.6045514345,0.6045514345,0.5720000267,2.045897007,50.387207031,0.0,0.0,3.4160225391,145.1934967,50.284317017,17.5,0.0,0.0,0.0,-0.01255145,0.0,0.0,0.0,0.0,Shale,1
25/2-7,1941.8020006,479882.09375,6641113.0,-1916.729858,HORDALAND GP.,Vaale Fm.,18.14783287,0.6606611013,0.6606611013,0.602016747,2.1593556404,47.968139648,0.0,0.0,3.716022253,145.52101135,50.901741028,17.5,0.0,0.0,0.0,0.0,0.0,0.0,0.0,0.0,Shale,1
25/2-7,1942.2580006,479882.09375,6641113.0,-1917.185669,HORDALAND GP.,Vaale Fm.,18.168354034,0.6581027508,0.6581027508,0.6141765118,2.1707351208,50.735866547,0.0,0.0,3.7596738338,141.4503479,50.732318878,17.5,0.0,0.0,0.0,0.0009117276,0.0,0.0,0.0,0.0,Shale,1
25/2-7,1942.8660006,479882.0625,6641113.0,-1917.793457,HORDALAND GP.,Vaale Fm.,18.19178772,0.648999989,0.648999989,0.6202385426,2.0594410896,44.946304321,0.0,0.0,3.1071629524,141.66456604,49.593856812,17.5,0.0,0.0,0.0,-0.00976144,0.0,0.0,0.0,0.0,Shale,1
25/2-7,1946.3620006,479882.0,6641113.0,-1921.288452,HORDALAND GP.,Vaale Fm.,18.58159256,0.6275145411,0.6275145411,0.6028038859,2.0986175537,47.802555084,0.0,0.0,3.1077275276,141.68507385,49.477405548,17.5,0.0,0.0,0.0,-0.00149516,0.0,0.0,0.0,0.0,Shale,1
25/2-7,1947.2740006,479881.96875,6641113.0,-1922.200195,HORDALAND GP.,Vaale Fm.,18.327999115,0.6545984745,0.6545984745,0.5886850357,2.105984211,44.777412415,0.0,0.0,3.479142189,137.48217773,50.252975464,17.5,0.0,0.0,0.0,-0.002685038,0.0,0.0,0.0,0.0,Shale,1
25/2-7,1947.4260006,479881.96875,6641113.0,-1922.352173,HORDALAND GP.,Vaale Fm.,18.349157333,0.6187939644,0.6187939644,0.5883174539,2.0945396423,43.705841064,0.0,0.0,3.3195476532,139.4283905,50.376472473,17.5,0.0,0.0,0.0,-0.001634941,0.0,0.0,0.0,0.0,Shale,1
25/2-7,1948.3380006,479881.9375,6641113.0,-1923.263916,HORDALAND GP.,Vaale Fm.,18.307319641,0.6903325915,0.6903325915,0.5830005407,2.0969984531,45.321586609,0.0,0.0,3.1644892693,137.04484558,50.767971039,17.5,0.0,0.0,0.0,-0.002000563,0.0,0.0,0.0,0.0,Shale,1
25/2-7,1949.0980006,479881.9375,6641113.0,-1924.023682,HORDALAND GP.,Vaale Fm.,18.30191803,0.6495332718,0.6495332718,0.5657703876,2.1453537941,41.981838226,0.0,0.0,2.7961046696,136.66291809,50.13551712,17.5,0.0,0.0,0.0,0.0047314866,0.0,0.0,0.0,0.0,Shale,1
25/2-7,1949.8580006,479881.90625,6641113.0,-1924.783447,HORDALAND GP.,Vaale Fm.,18.25,0.6048775911,0.6048775911,0.5471581817,2.0473163128,42.051177979,0.0,0.0,3.0174157619,143.23649597,50.478549957,17.5,0.0,0.0,0.0,-0.01,0.0,0.0,0.0,0.0,Shale,1
25/2-7,1950.0100006,479881.90625,6641113.0,-1924.935303,HORDALAND GP.,Vaale Fm.,18.210458755,0.5994489789,0.5994489789,0.5418112278,2.0442755222,45.434192657,0.0,0.0,3.0104970932,143.74822998,50.442485809,17.5,0.0,0.0,0.0,-0.007448958,0.0,0.0,0.0,0.0,Shale,1
25/2-7,1953.9620006,479881.8125,6641113.0,-1928.88623,HORDALAND GP.,Vaale Fm.,18.294311523,0.6085557938,0.6085557938,0.5362642407,2.1008417606,47.19651413,0.0,0.0,3.203265667,139.62776184,49.755184174,17.5,0.0,0.0,0.0,0.0099999998,0.0,0.0,0.0,0.0,Shale,1
25/2-7,1954.2660006,479881.8125,6641113.0,-1929.190063,HORDALAND GP.,Vaale Fm.,18.343185425,0.6249491572,0.6249491572,0.5628982782,2.2036573887,43.577373505,0.0,0.0,3.3064577579,132.77835083,49.987030029,17.5,0.0,0.0,0.0,0.0098693725,0.0,0.0,0.0,0.0,Shale,1
25/2-7,1957.0020006,479881.71875,6641113.0,-1931.925293,HORDALAND GP.,Vaale Fm.,18.61749649,0.6460343003,0.6460343003,0.594794333,2.1141076088,37.796394348,0.0,0.0,3.0556561947,134.88845825,50.99779892,17.5,0.0,0.0,0.0,0.0188564807,0.0,0.0,0.0,0.0,Shale,1
25/2-7,1957.7620006,479881.71875,6641113.0,-1932.685059,HORDALAND GP.,Vaale Fm.,18.592897415,0.6990538836,0.6990538836,0.6236116886,2.1960706711,36.553375244,0.0,0.0,3.1387815475,134.7583313,50.834022522,17.5,0.0,0.0,0.0,0.0054949448,0.0,0.0,0.0,0.0,Shale,1
25/2-7,1959.4340006,479881.6875,6641113.0,-1934.356567,HORDALAND GP.,Vaale Fm.,18.342502594,0.6768243909,0.6768243909,0.6113493443,2.1014275551,44.052772522,0.0,0.0,2.9578442574,133.92840576,50.825798035,17.5,0.0,0.0,0.0,0.0080483053,0.0,0.0,0.0,0.0,Shale,1
25/2-7,1961.4100006,479881.625,6641113.0,-1936.331909,HORDALAND GP.,Vaale Fm.,18.187559128,0.652559042,0.652559042,0.5875274539,2.050349474,38.233844757,0.0,0.0,3.1760001183,141.65866089,50.90965271,17.5,0.0,0.0,0.0,-0.002233067,0.0,0.0,0.0,0.0,Shale,1
25/2-7,1963.8420006,479881.5625,6641113.0,-1938.763184,HORDALAND GP.,Vaale Fm.,17.991001129,0.6626073718,0.6626073718,0.6286196113,2.0931999683,40.510852814,0.0,0.0,2.9465179443,137.38597107,50.758968353,17.5,0.0,0.0,0.0,-0.000599669,0.0,0.0,0.0,0.0,Shale,1
25/2-7,1964.1460006,479881.5625,6641113.0,-1939.067139,HORDALAND GP.,Vaale Fm.,18.080553055,0.6383112073,0.6383112073,0.6008523107,2.0912103653,43.844619751,0.0,0.0,2.9430572987,137.77000427,51.069015503,17.5,0.0,0.0,0.0,0.0033947455,0.0,0.0,0.0,0.0,Shale,1
25/2-7,1965.2100006,479881.53125,6641113.0,-1940.130737,HORDALAND GP.,Vaale Fm.,18.103359222,0.6574947834,0.6574947834,0.5734989643,2.0994873047,44.336006165,0.0,0.0,3.49183321,141.19721985,50.516551971,17.5,0.0,0.0,0.0,0.0025042468,0.0,0.0,0.0,0.0,Shale,1
25/2-7,1968.8580006,479881.4375,6641113.0,-1943.77771,HORDALAND GP.,Vaale Fm.,18.259706497,0.6248072982,0.6248072982,0.5735016465,2.120757103,42.811309814,0.0,0.0,3.5555222034,137.72161865,50.390350342,17.5,0.0,0.0,0.0,-0.005252375,0.0,0.0,0.0,0.0,Shale,1
25/2-7,1969.0100006,479881.4375,6641113.0,-1943.929688,HORDALAND GP.,Vaale Fm.,18.281000137,0.6450979114,0.6450979114,0.5664510727,2.1327271461,40.759159088,0.0,0.0,3.5191404819,137.62184143,50.543445587,17.5,0.0,0.0,0.0,-0.005825881,0.0,0.0,0.0,0.0,Shale,1
25/2-7,1969.6180006,479881.4375,6641113.0,-1944.537476,HORDALAND GP.,Vaale Fm.,18.229499817,0.6511274576,0.6511274576,0.5704958439,2.1131994724,42.684463501,0.0,0.0,3.4259009361,137.3760376,51.356010437,17.5,0.0,0.0,0.0,0.0011000937,0.0,0.0,0.0,0.0,Shale,1
25/2-7,1972.5060006,479881.375,6641113.0,-1947.424683,HORDALAND GP.,Vaale Fm.,18.222494125,0.7132385969,0.7132385969,0.6894947886,2.0709996223,38.702571869,0.0,0.0,3.0107367039,137.11535645,51.055732727,17.5,0.0,0.0,0.0,-0.009,0.0,0.0,0.0,0.0,Shale,1
25/2-7,1975.2420006,479881.28125,6641113.0,-1950.159668,HORDALAND GP.,Vaale Fm.,18.532930374,0.6084470153,0.6084470153,0.5459893346,2.0835943222,45.993709564,0.0,0.0,3.1795210838,137.69841003,50.650299072,17.5,0.0,0.0,0.0,0.00518825,0.0,0.0,0.0,0.0,Shale,1
25/2-7,1975.3940006,479881.28125,6641113.0,-1950.311768,HORDALAND GP.,Vaale Fm.,18.293800354,0.629586339,0.629586339,0.541203022,2.085600853,41.269119263,0.0,0.0,3.2768895626,138.35903931,50.737094879,17.5,0.0,0.0,0.0,0.0028001699,0.0,0.0,0.0,0.0,Shale,1
25/2-7,1976.1540006,479881.28125,6641113.0,-1951.071533,HORDALAND GP.,Vaale Fm.,18.275197983,0.6149517298,0.6149517298,0.5378827453,2.0914971828,52.860343933,0.0,0.0,3.2966167927,135.28779602,51.023071289,17.5,0.0,0.0,0.0,0.0067486316,0.0,0.0,0.0,0.0,Shale,1
25/2-7,1976.7620006,479881.25,6641113.0,-1951.679199,HORDALAND GP.,Vaale Fm.,18.306528091,0.6291370988,0.6291370988,0.5168779492,2.1041765213,42.943443298,0.0,0.0,3.2840788364,136.6318512,50.886283875,17.5,0.0,0.0,0.0,0.0121765295,0.0,0.0,0.0,0.0,Shale,1
25/2-7,1977.2180006,479881.25,6641113.0,-1952.135132,HORDALAND GP.,Vaale Fm.,18.260597229,0.6201924086,0.6201924086,0.534504056,2.115675211,41.888046265,0.0,0.0,3.3536403179,136.30822754,50.225997925,17.5,0.0,0.0,0.0,0.0018182329,0.0,0.0,0.0,0.0,Shale,1
25/2-7,1978.4340006,479881.21875,6641113.0,-1953.350708,HORDALAND GP.,Vaale Fm.,18.648498535,0.649174273,0.649174273,0.5478531718,2.1318063736,40.48740387,0.0,0.0,3.4421410561,134.18554688,50.947650909,17.5,0.0,0.0,0.0,0.0088862171,0.0,0.0,0.0,0.0,Shale,1
25/2-7,1979.4980006,479881.1875,6641113.0,-1954.414429,HORDALAND GP.,Vaale Fm.,18.236070633,0.7455605865,0.7455605865,0.6455432177,2.3375890255,35.02557373,0.0,0.0,3.7113573551,128.50793457,51.575908661,17.5,0.0,0.0,0.0,0.0096470015,0.0,0.0,0.0,0.0,Shale,1
25/2-7,1980.2580006,479881.15625,6641113.0,-1955.174194,HORDALAND GP.,Vaale Fm.,18.304819107,0.7230798602,0.7230798602,0.6478146315,2.1628417969,39.340557098,0.0,0.0,3.1484024525,130.78085327,50.593463898,17.5,0.0,0.0,0.0,0.0052316361,0.0,0.0,0.0,0.0,Dolomite,1
25/2-7,1981.4740006,479881.125,6641113.0,-1956.389771,HORDALAND GP.,Vaale Fm.,18.330953598,0.6787952185,0.6787952185,0.5856614113,2.1675245762,48.030029297,0.0,0.0,3.4355432987,133.68534851,50.91632843,17.5,0.0,0.0,0.0,0.0050952868,0.0,0.0,0.0,0.0,Shale,1
25/2-7,1984.0580006,479881.0625,6641113.0,-1958.9729,HORDALAND GP.,Vaale Fm.,18.327999115,0.6589004993,0.6589004993,0.5286019444,2.179292202,40.92710495,0.0,0.0,3.5872056484,135.84960938,50.663524628,17.5,0.0,0.0,0.0,0.003,0.0,0.0,0.0,0.0,Shale,1
25/2-7,1985.4260006,479881.03125,6641113.0,-1960.340576,HORDALAND GP.,Vaale Fm.,18.378381729,0.5959737301,0.5959737301,0.5207614899,2.12783885,43.889045715,0.0,0.0,3.1937153339,138.62773132,51.517749786,17.5,0.0,0.0,0.0,0.0059188223,0.0,0.0,0.0,0.0,Shale,1
25/2-7,1986.4900006,479881.0,6641113.0,-1961.404175,HORDALAND GP.,Vaale Fm.,18.752286911,0.8048980832,0.8048980832,0.7861310244,2.1661615372,42.096046448,0.0,0.0,3.3306086063,128.55944824,50.71622467,17.5,0.0,0.0,0.0,0.0170646477,0.0,0.0,0.0,0.0,Shale,1
25/2-7,1988.6180006,479880.96875,6641113.0,-1963.531494,HORDALAND GP.,Vaale Fm.,19.179496765,0.5723785758,0.5723785758,0.51134938,2.1493487358,45.947795868,0.0,0.0,3.4481649399,137.53640747,50.983737946,17.5,0.0,0.0,0.0,0.0060000001,0.0,0.0,0.0,0.0,Shale,1
25/2-7,1988.7700006,479880.96875,6641113.0,-1963.683472,HORDALAND GP.,Vaale Fm.,19.172458649,0.5807106495,0.5807106495,0.5051928759,2.1393363476,43.727336884,0.0,0.0,3.3264620304,136.93930054,51.177471161,17.5,0.0,0.0,0.0,0.0050305729,0.0,0.0,0.0,0.0,Shale,1
25/2-7,1989.2260006,479880.9375,6641113.0,-1964.139282,HORDALAND GP.,Vaale Fm.,19.075586319,0.6499665976,0.6499665976,0.5145230293,2.0940778255,44.46856308,0.0,0.0,3.4103219509,135.70143127,51.199363708,17.5,0.0,0.0,0.0,0.0020389135,0.0,0.0,0.0,0.0,Shale,1
25/2-7,1989.9860006,479880.9375,6641113.0,-1964.899048,HORDALAND GP.,Vaale Fm.,18.254871368,0.6453683972,0.6453683972,0.5630000234,2.1303780079,44.940574646,0.0,0.0,3.7116236687,135.73321533,51.023895264,17.5,0.0,0.0,0.0,0.0020518294,0.0,0.0,0.0,0.0,Shale,1
25/2-7,1990.5940006,479880.90625,6641113.0,-1965.506836,HORDALAND GP.,Vaale Fm.,18.292129517,0.658328414,0.658328414,0.5678734779,2.0828745365,45.612983704,0.0,0.0,3.5059280396,137.59924316,50.639026642,17.5,0.0,0.0,0.0,-0.004687712,0.0,0.0,0.0,0.0,Shale,1
25/2-7,1991.8100006,479880.875,6641113.0,-1966.722534,HORDALAND GP.,Vaale Fm.,18.384813309,0.6337466836,0.6337466836,0.5395066738,2.1246654987,43.380264282,0.0,0.0,3.5506389141,135.64718628,51.318874359,17.5,0.0,0.0,0.0,0.0037490595,0.0,0.0,0.0,0.0,Shale,1
25/2-7,1992.7220006,479880.84375,6641113.0,-1967.634155,HORDALAND GP.,Vaale Fm.,18.901124954,0.629293561,0.629293561,0.5567954779,2.1250085831,39.05588913,0.0,0.0,3.5762352943,138.6835022,50.677852631,17.5,0.0,0.0,0.0,0.0046016942,0.0,0.0,0.0,0.0,Shale,1
25/2-7,1993.1780006,479880.84375,6641113.0,-1968.089966,HORDALAND GP.,Vaale Fm.,18.525964737,0.6889474392,0.6889474392,0.5937036872,2.1722142696,42.09041214,0.0,0.0,3.5293736458,132.73260498,51.043872833,17.5,0.0,0.0,0.0,0.0166428462,0.0,0.0,0.0,0.0,Shale,1
25/2-7,1993.3300006,479880.84375,6641113.0,-1968.241943,HORDALAND GP.,Vaale Fm.,18.503393173,0.7194480896,0.7194480896,0.5985559821,2.1559708118,41.038562775,0.0,0.0,3.4132032394,131.70909119,50.865196228,17.5,0.0,0.0,0.0,0.0026422476,0.0,0.0,0.0,0.0,Shale,1
25/2-7,1993.7860006,479880.84375,6641113.0,-1968.697876,HORDALAND GP.,Vaale Fm.,18.31476593,0.6768141389,0.6768141389,0.5973559618,2.1074712276,35.746322632,0.0,0.0,3.2236783504,135.87055969,51.189575195,17.5,0.0,0.0,0.0,-0.000706564,0.0,0.0,0.0,0.0,Shale,1
25/2-7,1997.1300006,479880.75,6641113.0,-1972.040771,HORDALAND GP.,Vaale Fm.,18.520126343,0.7718291283,0.7718291283,0.7346500754,2.2204258442,42.514465332,0.0,0.0,4.1840376854,133.14498901,51.411960602,17.5,0.0,0.0,0.0,-0.001473895,0.0,0.0,0.0,0.0,Shale,1
25/2-7,1999.7140006,479880.6875,6641113.0,-1974.623901,HORDALAND GP.,Vaale Fm.,18.491008759,0.5826221108,0.5826221108,0.4996603131,2.064440012,46.312515259,0.0,0.0,3.0438804626,143.22373962,50.805698395,17.5,0.0,0.0,0.0,0.0045597968,0.0,0.0,0.0,0.0,Shale,1
25/2-7,1999.8660006,479880.6875,6641113.0,-1974.775879,HORDALAND GP.,Vaale Fm.,18.406154633,0.5647830963,0.5647830963,0.4974450767,2.0686647892,45.441703796,0.0,0.0,3.0171480179,143.2749176,50.760799408,17.5,0.0,0.0,0.0,0.0073323967,0.0,0.0,0.0,0.0,Shale,1
25/2-7,2001.3860006,479880.625,6641113.0,-1976.29541,HORDALAND GP.,Vaale Fm.,18.210828781,0.6817861199,0.6817861199,0.599768579,2.1872663498,48.554943085,0.0,0.0,3.6325054169,142.43333435,51.176509857,17.5,0.0,0.0,0.0,0.0012532835,0.0,0.0,0.0,0.0,Shale,1
25/2-7,2002.1460006,479880.625,6641113.0,-1977.055054,HORDALAND GP.,Vaale Fm.,18.13312149,0.6825239658,0.6825239658,0.6679520607,2.1873099804,53.093547821,0.0,0.0,3.59060359,133.23165894,50.329246521,17.5,0.0,0.0,0.0,-0.003571938,0.0,0.0,0.0,0.0,Shale,1
25/2-7,2006.2500006,479880.53125,6641113.0,-1981.157715,HORDALAND GP.,Vaale Fm.,18.130329132,0.6303395629,0.6303395629,0.6730048656,2.2149968147,43.89414978,0.0,0.0,3.7584648132,138.30175781,51.590167999,17.5,0.0,0.0,0.0,-0.003666938,0.0,0.0,0.0,0.0,Shale,1
25/2-7,2006.8580006,479880.5,6641113.0,-1981.765503,HORDALAND GP.,Vaale Fm.,18.166501999,0.8222216964,0.8222216964,0.7428137064,2.1289668083,52.562011719,0.0,0.0,3.209518671,131.8997345,51.05223465,17.5,0.0,0.0,0.0,-0.001312636,0.0,0.0,0.0,0.0,Shale,1
25/2-7,2007.3140006,479880.5,6641113.0,-1982.221313,HORDALAND GP.,Vaale Fm.,18.100755692,0.721388638,0.721388638,0.7349213958,2.0519213676,49.34425354,0.0,0.0,3.0987741947,137.93063354,50.519668579,17.5,0.0,0.0,0.0,-0.001351528,0.0,0.0,0.0,0.0,Shale,1
25/2-7,2007.6180006,479880.46875,6641113.0,-1982.525269,HORDALAND GP.,Vaale Fm.,18.103651047,0.6379836202,0.6379836202,0.6862704754,2.0477130413,47.56798172,0.0,0.0,3.1206588745,144.59210205,50.336051941,17.5,0.0,0.0,0.0,-0.003217218,0.0,0.0,0.0,0.0,Shale,1
25/2-7,2008.8340006,479880.4375,6641113.0,-1983.740845,HORDALAND GP.,Vaale Fm.,18.172000885,0.5742891431,0.5742891431,0.5265335441,2.0412669182,52.64384079,0.0,0.0,3.3852875233,143.8356781,51.868312836,17.5,0.0,0.0,0.0,0.0006222042,0.0,0.0,0.0,0.0,Shale,1
25/2-7,2010.2020006,479880.40625,6641113.0,-1985.108398,HORDALAND GP.,Vaale Fm.,18.18157959,0.6701780558,0.6701780558,0.578789711,2.0703949928,61.327732086,0.0,0.0,3.5186593533,144.10072327,50.009140015,17.5,0.0,0.0,0.0,0.003809029,0.0,0.0,0.0,0.0,Shale,1
25/2-7,2015.2180006,479880.28125,6641113.0,-1990.122559,HORDALAND GP.,Vaale Fm.,18.673856735,0.7778809071,0.7778809071,0.6803928018,2.1912736893,38.81199646,0.0,0.0,3.5593197346,128.59179688,52.261997223,17.5,0.0,0.0,0.0,0.0060000001,0.0,0.0,0.0,0.0,Shale,1
25/2-7,2015.3700006,479880.28125,6641113.0,-1990.274536,HORDALAND GP.,Vaale Fm.,18.702131271,0.7689260244,0.7689260244,0.6734538078,2.1657042503,38.188083649,0.0,0.0,3.7265479565,128.1594696,51.671737671,17.5,0.0,0.0,0.0,0.00752773,0.0,0.0,0.0,0.0,Shale,1
25/2-7,2016.4340006,479880.28125,6641113.0,-1991.338135,HORDALAND GP.,Vaale Fm.,19.162462234,0.6721788049,0.6721788049,0.5831072927,2.0722944736,40.501750946,0.0,0.0,3.8704416752,138.27929688,50.39005661,17.5,0.0,0.0,0.0,0.0069463556,0.0,0.0,0.0,0.0,Shale,1
25/2-7,2016.5860006,479880.25,6641113.0,-1991.490234,HORDALAND GP.,Vaale Fm.,19.287607193,0.6624884009,0.6624884009,0.5667437315,2.079116106,40.641456604,0.0,0.0,3.8182263374,137.53053284,50.829914093,17.5,0.0,0.0,0.0,0.0085348152,0.0,0.0,0.0,0.0,Shale,1
25/2-7,2019.1700006,479880.1875,6641113.0,-1994.073242,HORDALAND GP.,Vaale Fm.,18.864957809,0.6499093771,0.6499093771,0.5075563788,2.0968112946,39.01424408,0.0,0.0,3.3950316906,136.30096436,50.831886292,17.5,0.0,0.0,0.0,0.0013308774,0.0,0.0,0.0,0.0,Shale,1
25/2-7,2025.2500006,479880.03125,6641113.0,-2000.151123,HORDALAND GP.,Frigg Fm.,18.088718414,0.6279839873,0.6279839873,0.5752906203,2.1204679012,46.204963684,0.0,0.0,2.6406040192,133.07406616,45.684150696,17.5,0.0,0.0,0.0,0.0172050484,0.0,0.0,0.0,0.0,Shale,1
25/2-7,2025.7060006,479880.03125,6641113.0,-2000.607056,HORDALAND GP.,Frigg Fm.,18.108999252,0.6339420676,0.6339420676,0.5636776686,2.0719914436,27.228269577,0.0,0.0,2.4378600121,115.25807953,40.483066559,17.5,0.0,0.0,0.0,-0.008995733,0.0,0.0,0.0,0.0,Sandstone,1
25/2-7,2026.0100006,479880.03125,6641113.0,-2000.910889,HORDALAND GP.,Frigg Fm.,18.14037323,0.6399999857,0.6399999857,0.5573010445,2.0818789005,22.197383881,0.0,0.0,2.4307160378,110.58571625,39.605998993,17.5,0.0,0.0,0.0,-0.010673398,0.0,0.0,0.0,0.0,Sandstone,1
25/2-7,2027.0740006,479880.0,6641113.0,-2001.974487,HORDALAND GP.,Frigg Fm.,18.245073318,0.6906059384,0.6906059384,0.6102364063,2.1666090488,46.116863251,0.0,0.0,2.6908562183,113.74068451,43.43523407,17.5,0.0,0.0,0.0,-0.006384274,0.0,0.0,0.0,0.0,Sandstone,1
25/2-7,2031.4820006,479879.875,6641113.0,-2006.380981,HORDALAND GP.,Frigg Fm.,18.218999863,0.6669999957,0.6669999957,0.5796138048,2.1317517757,36.268737793,0.0,0.0,2.6627848148,112.55255127,40.755634308,17.5,0.0,0.0,0.0,-0.00323201,0.0,0.0,0.0,0.0,Sandstone,1
25/2-7,2033.3060006,479879.84375,6641113.0,-2008.204346,HORDALAND GP.,Frigg Fm.,18.187999725,0.6562297344,0.6562297344,0.615814209,2.1254014969,45.406703949,0.0,0.0,3.1095523834,128.87171936,50.512001038,17.5,0.0,0.0,0.0,0.0056003775,0.0,0.0,0.0,0.0,Sandstone,1
25/2-7,2039.8420006,479879.6875,6641112.5,-2014.737915,HORDALAND GP.,Frigg Fm.,18.836252213,0.7325686216,0.7325686216,0.8507921696,2.1872487068,54.986923218,0.0,0.0,3.8342487812,126.57019806,50.920101166,17.5,0.0,0.0,0.0,0.0122634163,0.0,0.0,0.0,0.0,Shale,1
25/2-7,2042.4260006,479879.625,6641112.5,-2017.320923,HORDALAND GP.,Frigg Fm.,18.591709137,0.7677471042,0.7677471042,0.8777924776,2.1028182507,45.495067596,0.0,0.0,3.5151643753,117.90943146,48.481437683,17.5,0.0,0.0,0.0,0.0076554241,0.0,0.0,0.0,0.0,Sandstone,1
25/2-7,2046.3780006,479879.5,6641112.5,-2021.271484,HORDALAND GP.,Frigg Fm.,18.328401566,0.9656889439,0.9656889439,0.9521437883,2.1682014465,62.223934174,0.0,0.0,3.1947498322,123.02347565,50.784259796,17.5,0.0,0.0,0.0,0.0001510529,0.0,0.0,0.0,0.0,Shale,1
25/2-7,2049.8740006,479879.4375,6641112.5,-2024.766235,HORDALAND GP.,Frigg Fm.,18.572536469,1.3296746016,1.3296746016,0.8640061617,2.2574338913,40.968757629,0.0,0.0,4.3469367027,87.274452209,48.893550873,17.5,0.0,0.0,0.0,0.0123941535,0.0,0.0,0.0,0.0,Sandstone,1
25/2-7,2050.4820006,479879.40625,6641112.5,-2025.374023,HORDALAND GP.,Frigg Fm.,18.352996826,0.6923524141,0.6923524141,0.8291309476,2.2176601887,61.253429413,0.0,0.0,3.9286608696,132.90652466,50.550670624,17.5,0.0,0.0,0.0,0.0052014207,0.0,0.0,0.0,0.0,Shale,1
25/2-7,2050.7860006,479879.40625,6641112.5,-2025.677856,HORDALAND GP.,Frigg Fm.,18.314527512,0.632445693,0.632445693,0.6696417332,2.2639634609,53.590019226,0.0,0.0,4.5485248566,137.18807983,50.431907654,17.5,0.0,0.0,0.0,-0.000101829,0.0,0.0,0.0,0.0,Shale,1
25/2-7,2052.6100006,479879.34375,6641112.5,-2027.501221,HORDALAND GP.,Frigg Fm.,18.327999115,0.6244593859,0.6244593859,0.5717268586,2.107801199,29.607284546,0.0,0.0,2.2727749348,109.72757721,39.640007019,17.5,0.0,0.0,0.0,-0.009599499,0.0,0.0,0.0,0.0,Sandstone,1
25/2-7,2053.3700006,479879.34375,6641112.5,-2028.260864,HORDALAND GP.,Frigg Fm.,18.368110657,0.7966700792,0.7966700792,0.6348271966,2.1877067089,38.567108154,0.0,0.0,2.0550556183,96.594276428,41.507194519,17.5,0.0,0.0,0.0,-0.009146598,0.0,0.0,0.0,0.0,Sandstone,1
25/2-7,2053.8260006,479879.3125,6641112.5,-2028.716797,HORDALAND GP.,Frigg Fm.,18.312999725,0.7173683643,0.7173683643,0.6694502831,2.1736905575,37.792636871,0.0,0.0,2.7446539402,96.089286804,42.049835205,17.5,0.0,0.0,0.0,-0.012,0.0,0.0,0.0,0.0,Sandstone,1
25/2-7,2056.5620006,479879.25,6641112.5,-2031.451538,HORDALAND GP.,Frigg Fm.,18.306547165,0.7243540883,0.7243540883,0.6700000167,2.1023783684,32.563217163,0.0,0.0,2.0021972656,108.35722351,43.474514008,17.5,0.0,0.0,0.0,-0.012815055,0.0,0.0,0.0,0.0,Sandstone,1
25/2-7,2058.3860006,479879.1875,6641112.5,-2033.274658,HORDALAND GP.,Frigg Fm.,18.291917801,0.686152935,0.686152935,0.6452983618,2.1999411583,41.28686142,0.0,0.0,3.812515974,108.83732605,45.975826263,17.5,0.0,0.0,0.0,-0.000464556,0.0,0.0,0.0,0.0,Sandstone,1
25/2-7,2058.5380006,479879.1875,6641112.5,-2033.426636,HORDALAND GP.,Frigg Fm.,18.281000137,0.6973470449,0.6973470449,0.6460000277,2.2326915264,46.701248169,0.0,0.0,4.1569385529,113.36524963,47.399177551,17.5,0.0,0.0,0.0,0.0015284817,0.0,0.0,0.0,0.0,Sandstone,1
25/2-7,2060.3620006,479879.15625,6641112.5,-2035.249878,HORDALAND GP.,Frigg Fm.,18.285263062,0.7010610104,0.7010610104,0.6295563579,2.1464633942,42.9596138,0.0,0.0,2.3320322037,112.80795288,45.596805573,17.5,0.0,0.0,0.0,-0.009467162,0.0,0.0,0.0,0.0,Sandstone,1
25/2-7,2060.9700006,479879.125,6641112.5,-2035.857666,HORDALAND GP.,Frigg Fm.,18.27015686,0.5670651793,0.5670651793,0.5631145835,2.1102902889,33.538665771,0.0,0.0,2.5581543446,111.33688354,43.098590851,17.5,0.0,0.0,0.0,-0.017277047,0.0,0.0,0.0,0.0,Sandstone,1
25/2-7,2063.7060006,479879.0625,6641112.5,-2038.592407,HORDALAND GP.,Frigg Fm.,18.218999863,0.7654715776,0.7654715776,0.8059080839,2.1962025166,48.810424805,0.0,0.0,3.5373089314,120.92155457,50.478984833,17.5,0.0,0.0,0.0,0.0023742281,0.0,0.0,0.0,0.0,Shale,1
25/2-7,2068.7220006,479878.90625,6641112.5,-2043.606201,HORDALAND GP.,Frigg Fm.,18.334581375,0.9216593504,0.9216593504,1.0357230902,2.2625956535,41.778247833,0.0,0.0,4.1180920601,153.05891418,49.947471619,17.5,0.0,0.0,0.0,-0.000765935,0.0,0.0,0.0,0.0,Sandstone,1
25/2-7,2070.0900006,479878.875,6641112.5,-2044.973511,HORDALAND GP.,Frigg Fm.,18.28560257,0.8723868728,0.8723868728,0.8002624512,2.1826093197,53.357330322,0.0,0.0,3.9535176754,138.40423584,51.93371582,17.5,0.0,0.0,0.0,0.0217835456,0.0,0.0,0.0,0.0,Shale,1
25/2-7,2070.2420006,479878.875,6641112.5,-2045.125488,HORDALAND GP.,Frigg Fm.,18.312999725,0.9377101064,0.9377101064,0.7891901135,2.1721322536,54.674446106,0.0,0.0,3.5479156971,136.02285767,51.684505463,17.5,0.0,0.0,0.0,0.0153140752,0.0,0.0,0.0,0.0,Shale,1
25/2-7,2070.5460006,479878.875,6641112.5,-2045.429321,HORDALAND GP.,Frigg Fm.,18.347518921,0.9234483242,0.9234483242,0.8273839355,2.1602487564,49.271694183,0.0,0.0,3.0233905315,134.95991516,51.543998718,17.5,0.0,0.0,0.0,0.0007729583,0.0,0.0,0.0,0.0,Shale,1
25/2-7,2072.0660006,479878.84375,6641112.5,-2046.94873,HORDALAND GP.,Frigg Fm.,18.260417938,0.724452436,0.724452436,0.7705661058,2.174495697,50.373485565,0.0,0.0,3.0375037193,132.70092773,49.056591034,17.5,0.0,0.0,0.0,-0.003592974,0.0,0.0,0.0,0.0,Shale,1
25/2-7,2075.2580006,479878.75,6641112.5,-2050.139404,HORDALAND GP.,Frigg Fm.,18.34274292,0.6900613308,0.6900613308,0.6090363264,2.1981463432,139.22732544,0.0,0.0,4.3104968071,130.69026184,52.075786591,17.5,0.0,0.0,0.0,0.0005244063,0.0,0.0,0.0,0.0,Shale,1
25/2-7,2077.8420006,479878.6875,6641112.5,-2052.722168,HORDALAND GP.,Frigg Fm.,18.281000137,0.799413681,0.799413681,0.5852451324,2.3625061512,47.116851807,0.0,0.0,4.1202349663,162.38882446,52.698707581,17.5,0.0,0.0,0.0,0.0052609299,0.0,0.0,0.0,0.0,Shale,1
25/2-7,2078.1460006,479878.65625,6641112.5,-2053.026123,HORDALAND GP.,Frigg Fm.,18.290189743,0.893977046,0.893977046,0.5966201425,2.315615654,47.818222046,0.0,0.0,4.0761604309,141.68153381,52.962566376,17.5,0.0,0.0,0.0,-0.001148741,0.0,0.0,0.0,0.0,Shale,1
25/2-7,2080.2740006,479878.625,6641112.5,-2055.153076,HORDALAND GP.,Frigg Fm.,18.299249649,0.6967454553,0.6967454553,0.6494948268,2.2558832169,58.904579163,0.0,0.0,3.158190012,134.41346741,52.465114594,17.5,0.0,0.0,0.0,0.0,0.0,0.0,0.0,0.0,Shale,1
25/2-7,2080.5780006,479878.59375,6641112.5,-2055.456787,HORDALAND GP.,Frigg Fm.,18.346038818,0.7829787731,0.7829787731,0.6767463684,2.2601618767,55.534305573,0.0,0.0,3.3465816975,131.21012878,52.265216827,17.5,0.0,0.0,0.0,0.006605587,0.0,0.0,0.0,0.0,Shale,1
25/2-7,2081.9460006,479878.5625,6641112.5,-2056.824219,HORDALAND GP.,Frigg Fm.,18.379470825,0.7161176801,0.7161176801,0.6675589085,2.1740736961,43.898799896,0.0,0.0,2.451590538,126.50981903,47.055305481,17.5,0.0,0.0,0.0,-0.003360286,0.0,0.0,0.0,0.0,Sandstone,1
25/2-7,2084.8340006,479878.5,6641112.0,-2059.710938,HORDALAND GP.,Frigg Fm.,18.303865433,0.7915965915,0.7915965915,0.7450940013,2.2819504738,56.670578003,0.0,0.0,3.6768264771,137.95419312,49.563949585,17.5,0.0,0.0,0.0,0.0063094017,0.0,0.0,0.0,0.0,Shale,1
25/2-7,2085.2900006,479878.46875,6641112.0,-2060.166992,HORDALAND GP.,Frigg Fm.,18.315763474,0.7678025961,0.7678025961,0.8757237792,2.3823027611,45.599655151,0.0,0.0,3.5272071362,155.47254944,50.509304047,17.5,0.0,0.0,0.0,0.0210263226,0.0,0.0,0.0,0.0,Shale,1
25/2-7,2086.5060006,479878.4375,6641112.0,-2061.382324,HORDALAND GP.,Frigg Fm.,18.297328949,0.9344778657,0.9344778657,1.0453988314,2.2581214905,42.494571686,0.0,0.0,3.6673364639,135.80291748,49.73443222,17.5,0.0,0.0,0.0,0.0070000002,0.0,0.0,0.0,0.0,Sandstone,1
25/2-7,2086.9620006,479878.4375,6641112.0,-2061.838135,HORDALAND GP.,Frigg Fm.,18.245632172,0.7370243669,0.7370243669,0.8457087278,2.1796319485,41.243141174,0.0,0.0,2.7439348698,134.03404236,46.384277344,17.5,0.0,0.0,0.0,-0.007184032,0.0,0.0,0.0,0.0,Sandstone,1
25/2-7,2088.0260006,479878.40625,6641112.0,-2062.901611,HORDALAND GP.,Frigg Fm.,18.233999252,1.0904687643,1.0904687643,0.916062355,2.2464687824,29.773126602,0.0,0.0,3.0390322208,80.954032898,45.523269653,17.5,0.0,0.0,0.0,-0.005020791,0.0,0.0,0.0,0.0,Sandstone,1
25/2-7,2088.6340006,479878.375,6641112.0,-2063.509277,HORDALAND GP.,Frigg Fm.,18.289419174,0.8641082644,0.8641082644,0.8316407204,2.320504427,47.566986084,0.0,0.0,4.5778880119,103.33824921,48.82314682,17.5,0.0,0.0,0.0,0.0132662412,0.0,0.0,0.0,0.0,Sandstone,1
25/2-7,2088.9380006,479878.375,6641112.0,-2063.813232,HORDALAND GP.,Frigg Fm.,18.304405212,0.7396682501,0.7396682501,0.7901782393,2.2472229004,56.227455139,0.0,0.0,3.8681890965,114.74272919,49.519107819,17.5,0.0,0.0,0.0,0.007805685,0.0,0.0,0.0,0.0,Sandstone,1
25/2-7,2089.0900006,479878.375,6641112.0,-2063.965088,HORDALAND GP.,Frigg Fm.,18.335334778,0.6854821444,0.6854821444,0.7782366276,2.2329466343,60.278003693,0.0,0.0,3.4406483173,118.02379608,49.155971527,17.5,0.0,0.0,0.0,0.0040000002,0.0,0.0,0.0,0.0,Shale,1
25/2-7,2089.3940006,479878.375,6641112.0,-2064.269043,HORDALAND GP.,Frigg Fm.,18.320144653,0.6707550287,0.6707550287,0.7644646168,2.2290000916,53.71150589,0.0,0.0,2.7761626244,119.47254944,47.467319489,17.5,0.0,0.0,0.0,0.0035390179,0.0,0.0,0.0,0.0,Shale,1
25/2-7,2090.3060006,479878.34375,6641112.0,-2065.18042,HORDALAND GP.,Frigg Fm.,18.277769089,0.6737719774,0.6737719774,0.6382943392,2.1511707306,35.778533936,0.0,0.0,2.5352401733,113.99092102,43.941135406,17.5,0.0,0.0,0.0,0.0030618485,0.0,0.0,0.0,0.0,Sandstone,1
25/2-7,2093.9540006,479878.25,6641112.0,-2068.82666,HORDALAND GP.,Frigg Fm.,18.307250977,0.5917174816,0.5917174816,0.7241411209,2.2162253857,45.190307617,0.0,0.0,2.9533827305,128.9815979,47.121906281,17.5,0.0,0.0,0.0,-0.00554045,0.0,0.0,0.0,0.0,Shale,1
25/2-7,2094.1060006,479878.21875,6641112.0,-2068.978516,HORDALAND GP.,Frigg Fm.,18.283414841,0.6552310586,0.6552310586,0.7367466092,2.2193777561,44.006633759,0.0,0.0,2.6587040424,126.90387726,46.577308655,17.5,0.0,0.0,0.0,-0.003905562,0.0,0.0,0.0,0.0,Shale,1
25/2-7,2098.6660006,479878.09375,6641112.0,-2073.536377,HORDALAND GP.,Frigg Fm.,18.25,0.4317887723,0.4317887723,0.3908591866,2.0636398792,25.990154266,0.0,0.0,2.1797988415,120.38195038,38.19758606,17.5,0.0,0.0,0.0,-0.019072017,0.0,0.0,0.0,0.0,Sandstone,1
25/2-7,2099.4260006,479878.09375,6641112.0,-2074.295898,HORDALAND GP.,Frigg Fm.,18.266887665,0.4113451838,0.4113451838,0.4055753052,2.0281825066,27.254619598,0.0,0.0,2.5853347778,123.81114197,39.703113556,17.5,0.0,0.0,0.0,-0.021645207,0.0,0.0,0.0,0.0,Sandstone,1
25/2-7,2099.8820006,479878.0625,6641112.0,-2074.751953,HORDALAND GP.,Frigg Fm.,18.313760757,0.4485574961,0.4485574961,0.4491656423,2.0816955566,35.320232391,0.0,0.0,2.9983010292,121.28060913,44.468593597,17.5,0.0,0.0,0.0,0.0060507604,0.0,0.0,0.0,0.0,Sandstone,1
25/2-7,2100.3380006,479878.0625,6641112.0,-2075.20752,HORDALAND GP.,Frigg Fm.,18.406000137,0.4949325323,0.4949325323,0.5238477588,2.056406498,35.689147949,0.0,0.0,3.1088104248,141.0282135,46.373775482,17.5,0.0,0.0,0.0,0.0027880569,0.0,0.0,0.0,0.0,Shale,1
25/2-7,2100.4900006,479878.0625,6641112.0,-2075.359375,HORDALAND GP.,Frigg Fm.,18.402267456,0.5169215202,0.5169215202,0.5439616442,2.0425987244,36.543178558,0.0,0.0,3.1351714134,142.46078491,46.044948578,17.5,0.0,0.0,0.0,-0.002,0.0,0.0,0.0,0.0,Shale,1
25/2-7,2101.2500006,479878.03125,6641112.0,-2076.119141,HORDALAND GP.,Frigg Fm.,18.281000137,0.549538672,0.549538672,0.6486409307,2.1273269653,28.229701996,0.0,0.0,2.8653337955,137.33679199,44.456382751,17.5,0.0,0.0,0.0,0.002081743,0.0,0.0,0.0,0.0,Shale,1
25/2-7,2102.6180006,479878.0,6641112.0,-2077.486328,HORDALAND GP.,Frigg Fm.,18.391056061,0.4929786921,0.4929786921,0.4789658785,2.039044857,42.581806183,0.0,0.0,3.1605460644,149.46537781,46.137001038,17.5,0.0,0.0,0.0,0.0099813258,0.0,0.0,0.0,0.0,Shale,1
25/2-7,2105.3540006,479877.90625,6641112.0,-2080.220947,HORDALAND GP.,Frigg Fm.,18.220342636,0.409134686,0.409134686,0.3602244854,2.0290000439,23.065391541,0.0,0.0,2.3417685032,131.89978027,39.098838806,17.5,0.0,0.0,0.0,-0.007913419,0.0,0.0,0.0,0.0,Sandstone,1
25/2-7,2108.0900006,479877.84375,6641112.0,-2082.955811,HORDALAND GP.,Frigg Fm.,18.218999863,0.5899778008,0.5899778008,0.6341394186,2.131000042,30.344610214,0.0,0.0,2.5395600796,109.0055542,39.877590179,17.5,0.0,0.0,0.0,-0.007,0.0,0.0,0.0,0.0,Sandstone,1
25/2-7,2111.4340006,479877.75,6641112.0,-2086.298096,HORDALAND GP.,Frigg Fm.,18.194807053,0.4787948728,0.4787948728,0.4581880271,2.070887804,22.562150955,0.0,0.0,2.3053750992,111.63256073,39.918998718,17.5,0.0,0.0,0.0,-0.021408118,0.0,0.0,0.0,0.0,Sandstone,1
25/2-7,2112.1940006,479877.71875,6641112.0,-2087.057861,HORDALAND GP.,Frigg Fm.,18.218999863,0.462649852,0.462649852,0.4051624537,2.0783245564,23.796154022,0.0,0.0,2.2996006012,113.53229523,38.859958649,17.5,0.0,0.0,0.0,-0.012162197,0.0,0.0,0.0,0.0,Sandstone,1
25/2-7,2113.1060006,479877.71875,6641112.0,-2087.969238,HORDALAND GP.,Frigg Fm.,18.236841202,0.4243258834,0.4243258834,0.3884632587,2.0494863987,25.435386658,0.0,0.0,2.2770256996,110.59710693,38.905273438,17.5,0.0,0.0,0.0,-0.014289605,0.0,0.0,0.0,0.0,Sandstone,1
25/2-7,2113.7140006,479877.6875,6641112.0,-2088.576904,HORDALAND GP.,Frigg Fm.,18.189411163,0.4417980313,0.4417980313,0.5275236964,2.3127069473,31.96896553,0.0,0.0,3.6379377842,107.29477692,41.865196228,17.5,0.0,0.0,0.0,-0.003317587,0.0,0.0,0.0,0.0,Sandstone,1
25/2-7,2115.5380006,479877.625,6641112.0,-2090.400146,HORDALAND GP.,Frigg Fm.,18.270654678,0.502578795,0.502578795,0.4638994336,2.121679306,28.05947876,0.0,0.0,2.3730039597,103.86740875,38.83089447,17.5,0.0,0.0,0.0,-0.013220112,0.0,0.0,0.0,0.0,Sandstone,1
25/2-7,2115.8420006,479877.625,6641112.0,-2090.703857,HORDALAND GP.,Frigg Fm.,18.281000137,0.5299279094,0.5299279094,0.4860590398,2.1416521072,25.107021332,0.0,0.0,2.4363536835,104.041008,38.891292572,17.5,0.0,0.0,0.0,-0.012876879,0.0,0.0,0.0,0.0,Sandstone,1
25/2-7,2116.1460006,479877.625,6641112.0,-2091.007813,HORDALAND GP.,Frigg Fm.,18.297000885,0.557923317,0.557923317,0.4977692664,2.1306860447,24.042003632,0.0,0.0,2.3769311905,104.1219635,38.783691406,17.5,0.0,0.0,0.0,-0.015769631,0.0,0.0,0.0,0.0,Sandstone,1
25/2-7,2117.8180006,479877.5625,6641112.0,-2092.678955,HORDALAND GP.,Frigg Fm.,18.281000137,0.5232188702,0.5232188702,0.5197396278,2.1064825058,30.055093765,0.0,0.0,2.3354942799,109.05501556,38.901802063,17.5,0.0,0.0,0.0,-0.01251753,0.0,0.0,0.0,0.0,Sandstone,1
25/2-7,2118.5780006,479877.5625,6641111.5,-2093.438477,HORDALAND GP.,Frigg Fm.,18.285346985,0.5012789965,0.5012789965,0.4969127774,2.0990865231,26.932407379,0.0,0.0,2.1827204227,110.37510681,37.734157562,17.5,0.0,0.0,0.0,-0.007629899,0.0,0.0,0.0,0.0,Sandstone,1
25/2-7,2119.4900006,479877.53125,6641111.5,-2094.350098,HORDALAND GP.,Frigg Fm.,18.281000137,0.4747303426,0.4747303426,0.4544419646,2.0940001011,25.542387009,0.0,0.0,2.2761368752,110.90086365,38.613754272,17.5,0.0,0.0,0.0,-0.00386518,0.0,0.0,0.0,0.0,Sandstone,1
25/2-7,2121.1620006,479877.46875,6641111.5,-2096.02124,HORDALAND GP.,Frigg Fm.,18.327999115,0.4692685604,0.4692685604,0.4359081089,2.0988478661,21.783237457,0.0,0.0,2.4171447754,104.36706543,38.528079987,17.5,0.0,0.0,0.0,-0.006683581,0.0,0.0,0.0,0.0,Sandstone,1
25/2-7,2121.4660006,479877.46875,6641111.5,-2096.325195,HORDALAND GP.,Frigg Fm.,18.358999252,0.4593549371,0.4593549371,0.4185478687,2.0865802765,23.210237503,0.0,0.0,2.4144144058,106.32218933,38.292320251,17.5,0.0,0.0,0.0,-0.013354931,0.0,0.0,0.0,0.0,Sandstone,1
25/2-7,2127.0900006,479877.3125,6641111.5,-2101.946533,HORDALAND GP.,Frigg Fm.,18.41831398,0.6913858056,0.6913858056,0.7321244478,2.1266856194,37.095821381,0.0,0.0,2.8904671669,105.34593964,46.066719055,17.5,0.0,0.0,0.0,0.0021623156,0.0,0.0,0.0,0.0,Sandstone,1
25/2-7,2127.2420006,479877.3125,6641111.5,-2102.098389,HORDALAND GP.,Frigg Fm.,18.383670807,0.6577632427,0.6577632427,0.6760939956,2.0867710114,34.711902618,0.0,0.0,2.7120449543,107.79410553,45.364349365,17.5,0.0,0.0,0.0,0.0006880992,0.0,0.0,0.0,0.0,Sandstone,1
25/2-7,2128.7620006,479877.28125,6641111.5,-2103.617432,HORDALAND GP.,Frigg Fm.,18.304176331,0.4834493697,0.4834493697,0.4208103716,2.0924122334,29.616437912,0.0,0.0,2.3050453663,111.11351013,39.285900116,17.5,0.0,0.0,0.0,-0.011242351,0.0,0.0,0.0,0.0,Sandstone,1
25/2-7,2129.0660006,479877.25,6641111.5,-2103.921387,HORDALAND GP.,Frigg Fm.,18.312999725,0.4930899441,0.4930899441,0.4463633001,2.1138634682,26.527143478,0.0,0.0,2.6837038994,108.47114563,39.915885925,17.5,0.0,0.0,0.0,-0.010623866,0.0,0.0,0.0,0.0,Sandstone,1
25/2-7,2129.8260006,479877.25,6641111.5,-2104.680908,HORDALAND GP.,Frigg Fm.,18.288467407,0.4462072253,0.4462072253,0.4529349208,2.0959999561,31.803825378,0.0,0.0,2.2586855888,111.24895477,40.140033722,17.5,0.0,0.0,0.0,-0.012599833,0.0,0.0,0.0,0.0,Sandstone,1
25/2-7,2131.6500006,479877.1875,6641111.5,-2106.50415,HORDALAND GP.,Frigg Fm.,18.297071457,0.469997406,0.469997406,0.4300026,2.0920000076,25.672302246,0.0,0.0,2.2089014053,111.21754456,38.15322113,17.5,0.0,0.0,0.0,-0.017004495,0.0,0.0,0.0,0.0,Sandstone,1
25/2-7,2131.9540006,479877.1875,6641111.5,-2106.808105,HORDALAND GP.,Frigg Fm.,18.312999725,0.4670077264,0.4670077264,0.4354961216,2.096976757,27.963544846,0.0,0.0,2.2560210228,109.55883026,38.105998993,17.5,0.0,0.0,0.0,-0.014511604,0.0,0.0,0.0,0.0,Sandstone,1
25/2-7,2132.5620006,479877.15625,6641111.5,-2107.415771,HORDALAND GP.,Frigg Fm.,18.297437668,0.4715136588,0.4715136588,0.4404589832,2.0949726105,24.606525421,0.0,0.0,2.2758278847,110.36811829,38.762001038,17.5,0.0,0.0,0.0,-0.012568364,0.0,0.0,0.0,0.0,Sandstone,1
25/2-7,2135.1460006,479877.09375,6641111.5,-2109.998535,HORDALAND GP.,Frigg Fm.,18.336933136,0.5584108233,0.5584108233,0.5175583959,2.1044416428,28.199596405,0.0,0.0,2.5919010639,111.97605133,40.997676849,17.5,0.0,0.0,0.0,-0.010233481,0.0,0.0,0.0,0.0,Sandstone,1
25/2-7,2136.8180006,479877.0625,6641111.5,-2111.669678,HORDALAND GP.,Frigg Fm.,18.343999863,0.7608093619,0.7608093619,0.8408414721,2.1863176823,31.806331635,0.0,0.0,2.4726874828,101.68372345,43.686233521,17.5,0.0,0.0,0.0,-0.001587291,0.0,0.0,0.0,0.0,Sandstone,1
25/2-7,2138.0340006,479877.03125,6641111.5,-2112.88501,HORDALAND GP.,Frigg Fm.,18.334262848,0.6329042912,0.6329042912,0.5946050882,2.1140463352,32.091537476,0.0,0.0,2.2722153664,97.264839172,40.624866486,17.5,0.0,0.0,0.0,-0.011651284,0.0,0.0,0.0,0.0,Sandstone,1
25/2-7,2138.6420006,479877.0,6641111.5,-2113.492676,HORDALAND GP.,Frigg Fm.,18.343999863,0.6371424794,0.6371424794,0.5516657829,2.1532382965,30.539007187,0.0,0.0,2.7284491062,103.8673172,43.124408722,17.5,0.0,0.0,0.0,-0.008238351,0.0,0.0,0.0,0.0,Shale,1
25/2-7,2143.3540006,479876.875,6641111.5,-2118.202393,HORDALAND GP.,Frigg Fm.,18.592891693,0.7789897323,0.7789897323,0.8556969166,2.2228956223,40.504840851,0.0,0.0,2.7173907757,119.02397919,50.962627411,17.5,0.0,0.0,0.0,0.0017003422,0.0,0.0,0.0,0.0,Shale,1
25/2-7,2146.6980006,479876.78125,6641111.5,-2121.544678,HORDALAND GP.,Frigg Fm.,18.343999863,0.4989818633,0.4989818633,0.4220639765,2.0643060207,30.491744995,0.0,0.0,2.2004094124,114.45922852,40.816997528,17.5,0.0,0.0,0.0,-0.018484008,0.0,0.0,0.0,0.0,Sandstone,1
25/2-7,2147.0020006,479876.75,6641111.5,-2121.848633,HORDALAND GP.,Frigg Fm.,18.351648331,0.4539999962,0.4539999962,0.4051031172,2.0394742489,26.403427124,0.0,0.0,1.9789267778,113.54773712,39.863349915,17.5,0.0,0.0,0.0,-0.026525779,0.0,0.0,0.0,0.0,Sandstone,1
25/2-7,2147.3060006,479876.75,6641111.5,-2122.152344,HORDALAND GP.,Frigg Fm.,18.331701279,0.4543803632,0.4543803632,0.400619626,2.0408511162,22.908201218,0.0,0.0,2.0361483097,110.79441833,39.723827362,17.5,0.0,0.0,0.0,-0.020537248,0.0,0.0,0.0,0.0,Sandstone,1
25/2-7,2149.8900006,479876.6875,6641111.5,-2124.735107,ROGALAND GP.,Balder Fm.,19.027570724,0.824000001,0.824000001,0.9043062329,2.2147607803,36.085308075,0.0,0.0,2.8501412868,107.39525604,50.501525879,17.5,0.0,0.0,0.0,0.0141866067,0.0,0.0,0.0,0.0,Tuff,3
25/2-7,2152.6260006,479876.59375,6641111.5,-2127.469727,ROGALAND GP.,Balder Fm.,18.787559509,0.9403709173,0.9403709173,0.9195353985,2.2663729191,41.259002686,0.0,0.0,2.6560809612,116.86204529,50.891742706,17.5,0.0,0.0,0.0,0.0541395806,0.0,0.0,0.0,0.0,Tuff,3
25/2-7,2153.2340006,479876.59375,6641111.5,-2128.077393,ROGALAND GP.,Balder Fm.,19.226995468,0.8803211451,0.8803211451,0.9709026814,2.2517421246,41.790142059,0.0,0.0,2.3680419922,107.22821808,49.917762756,17.5,0.0,0.0,0.0,0.0101289526,0.0,0.0,0.0,0.0,Tuff,3
25/2-7,2153.8420006,479876.5625,6641111.0,-2128.685303,ROGALAND GP.,Balder Fm.,19.045106888,0.9195916653,0.9195916653,0.949041903,2.2182900906,30.057670593,0.0,0.0,2.9295861721,110.69587708,49.003295898,17.5,0.0,0.0,0.0,0.0145916231,0.0,0.0,0.0,0.0,Tuff,3
25/2-7,2154.4500006,479876.5625,6641111.0,-2129.292969,ROGALAND GP.,Balder Fm.,18.562921524,0.8052458763,0.8052458763,0.8487076759,2.1612923145,30.629806519,0.0,0.0,2.3634829521,110.06562805,46.585124969,17.5,0.0,0.0,0.0,-0.006676911,0.0,0.0,0.0,0.0,Tuff,3
25/2-7,2154.7540006,479876.53125,6641111.0,-2129.59668,ROGALAND GP.,Balder Fm.,18.395841599,0.7338116765,0.7338116765,0.832072854,2.18872118,30.092689514,0.0,0.0,2.652554512,111.6029129,47.345508575,17.5,0.0,0.0,0.0,0.0,0.0,0.0,0.0,0.0,Tuff,3
25/2-7,2155.9700006,479876.5,6641111.0,-2130.812256,ROGALAND GP.,Balder Fm.,18.597251892,0.7015517354,0.7015517354,0.9049012065,2.1993277073,40.258312225,0.0,0.0,2.9393410683,121.5699234,49.894313812,17.5,0.0,0.0,0.0,0.0149180731,0.0,0.0,0.0,0.0,Tuff,3
25/2-7,2156.1220006,479876.5,6641111.0,-2130.964111,ROGALAND GP.,Balder Fm.,18.824134827,0.8399883509,0.8399883509,0.9150000215,2.2030000687,36.461158752,0.0,0.0,2.9985435009,120.11209869,49.062362671,17.5,0.0,0.0,0.0,0.0142386304,0.0,0.0,0.0,0.0,Tuff,3
25/2-7,2157.1860006,479876.46875,6641111.0,-2132.027588,ROGALAND GP.,Balder Fm.,18.559316635,1.0120021105,1.0120021105,1.0292406082,2.2376339436,35.120513916,0.0,0.0,3.248547554,103.19298553,49.206748962,17.5,0.0,0.0,0.0,0.0478765257,0.0,0.0,0.0,0.0,Tuff,3
25/2-7,2158.2500006,479876.4375,6641111.0,-2133.091064,ROGALAND GP.,Balder Fm.,18.70429039,0.6905001402,0.6905001402,0.8498333693,2.3459999561,43.592201233,0.0,0.0,4.4709944725,113.7014389,51.851455688,17.5,0.0,0.0,0.0,0.0,0.0,0.0,0.0,0.0,Tuff,3
25/2-7,2158.5540006,479876.4375,6641111.0,-2133.394775,ROGALAND GP.,Balder Fm.,18.701847076,0.8601278067,0.8601278067,0.8457399011,2.3335542679,38.955799103,0.0,0.0,4.5028991699,110.00079346,51.380371094,17.5,0.0,0.0,0.0,0.0132601056,0.0,0.0,0.0,0.0,Tuff,3
25/2-7,2159.1620006,479876.40625,6641111.0,-2134.002686,ROGALAND GP.,Balder Fm.,18.561328888,1.0034081936,1.0034081936,1.0451754332,2.3106286526,43.715156555,0.0,0.0,3.4663095474,108.26650238,49.227104187,17.5,0.0,0.0,0.0,0.0117081739,0.0,0.0,0.0,0.0,Tuff,3
25/2-7,2159.9220006,479876.40625,6641111.0,-2134.762451,ROGALAND GP.,Balder Fm.,18.313203812,1.3376822472,1.3376822472,1.1396998167,2.3129999638,25.948991776,0.0,0.0,2.8621947765,85.740325928,45.491024017,17.5,0.0,0.0,0.0,-0.000931775,0.0,0.0,0.0,0.0,Tuff,3
25/2-7,2161.4420006,479876.34375,6641111.0,-2136.28125,ROGALAND GP.,Balder Fm.,18.312805176,1.2379214764,1.2379214764,0.9844665527,2.2562060356,32.927318573,0.0,0.0,2.7451634407,86.445137024,45.465610504,17.5,0.0,0.0,0.0,-0.012012124,0.0,0.0,0.0,0.0,Tuff,3
25/2-7,2167.0660006,479876.1875,6641111.0,-2141.902588,ROGALAND GP.,Balder Fm.,18.53008461,1.1270594597,1.1270594597,1.1541488171,2.3154938221,37.918987274,0.0,0.0,4.5246396065,90.833526611,51.145145416,17.5,0.0,0.0,0.0,0.0255903862,0.0,0.0,0.0,0.0,Tuff,3
25/2-7,2169.4980006,479876.125,6641111.0,-2144.333496,ROGALAND GP.,Balder Fm.,18.825735092,1.0191700459,1.0191700459,1.225084424,2.3429057598,47.878387451,0.0,0.0,3.8222794533,133.59474182,51.758865356,17.5,0.0,0.0,0.0,0.0181509443,0.0,0.0,0.0,0.0,Shale,2
25/2-7,2171.1700006,479876.0625,6641111.0,-2146.004639,ROGALAND GP.,Balder Fm.,18.522525787,0.8763872981,0.8763872981,0.7641121149,2.2068367004,38.158000946,0.0,0.0,2.8788051605,118.70588684,44.698352814,17.5,0.0,0.0,0.0,-0.001918296,0.0,0.0,0.0,0.0,Sandstone,3
25/2-7,2173.9060006,479876.0,6641111.0,-2148.739258,ROGALAND GP.,Balder Fm.,18.666696548,1.642734766,1.642734766,1.1757258177,2.4271864891,40.767856598,0.0,0.0,4.2030205727,102.87142944,51.508266449,17.5,0.0,0.0,0.0,0.0128620071,0.0,0.0,0.0,0.0,Shale,3
25/2-7,2176.0340006,479875.9375,6641111.0,-2150.866211,ROGALAND GP.,Balder Fm.,18.858999252,1.044197917,1.044197917,1.0015368462,2.2813441753,34.016704559,0.0,0.0,3.231938839,117.90782928,51.575706482,17.5,0.0,0.0,0.0,0.0018320479,0.0,0.0,0.0,0.0,Shale,3
25/2-7,2176.4900006,479875.9375,6641111.0,-2151.322021,ROGALAND GP.,Balder Fm.,18.726716995,1.3362041712,1.3362041712,1.1047354937,2.3831789494,26.904518127,0.0,0.0,3.467689991,103.37918854,51.127090454,17.5,0.0,0.0,0.0,0.011272368,0.0,0.0,0.0,0.0,Tuff,3
25/2-7,2176.9460006,479875.90625,6641111.0,-2151.777832,ROGALAND GP.,Balder Fm.,18.694345474,1.3474634886,1.3474634886,1.274032712,2.3417670727,34.223876953,0.0,0.0,3.4751925468,100.51953888,51.383907318,17.5,0.0,0.0,0.0,0.0003496441,0.0,0.0,0.0,0.0,Tuff,3
25/2-7,2177.0980006,479875.90625,6641111.0,-2151.929688,ROGALAND GP.,Balder Fm.,18.647037506,1.2872639894,1.2872639894,1.3221142292,2.3518919945,34.478435516,0.0,0.0,3.3793854713,106.09305573,51.385303497,17.5,0.0,0.0,0.0,-0.00515237,0.0,0.0,0.0,0.0,Tuff,3
25/2-7,2177.5540006,479875.90625,6641111.0,-2152.385498,ROGALAND GP.,Balder Fm.,18.698652267,1.5763814449,1.5763814449,1.1971187592,2.3127670288,29.65958786,0.0,0.0,4.0155963898,106.97885895,51.367366791,17.5,0.0,0.0,0.0,0.0134204701,0.0,0.0,0.0,0.0,Tuff,3
25/2-7,2178.0100006,479875.875,6641111.0,-2152.841309,ROGALAND GP.,Balder Fm.,18.840515137,1.2227303982,1.2227303982,1.3917747736,2.3477578163,32.569702148,0.0,0.0,3.2924163342,118.68450928,51.997001648,17.5,0.0,0.0,0.0,0.0016832332,0.0,0.0,0.0,0.0,Tuff,3
25/2-7,2179.0740006,479875.84375,6641111.0,-2153.904785,ROGALAND GP.,Balder Fm.,18.720190048,1.3135632277,1.3135632277,1.3760281801,2.2990000248,29.281021118,0.0,0.0,4.8711481094,102.12788391,50.741928101,17.5,0.0,0.0,0.0,0.0040971781,0.0,0.0,0.0,0.0,Tuff,3
25/2-7,2179.3780006,479875.84375,6641111.0,-2154.20874,ROGALAND GP.,Balder Fm.,18.816942215,1.075262785,1.075262785,1.2539509535,2.3252453804,36.000793457,0.0,0.0,3.9480946064,130.78793335,50.330623627,17.5,0.0,0.0,0.0,0.0161752515,0.0,0.0,0.0,0.0,Sandstone,3
25/2-7,2184.3940006,479875.71875,6641111.0,-2159.222412,ROGALAND GP.,Balder Fm.,18.571865082,1.6231068373,1.6231068373,1.3445017338,2.4041786194,43.011665344,0.0,0.0,3.7810957432,98.801643372,52.513793945,17.5,0.0,0.0,0.0,0.0163642727,0.0,0.0,0.0,0.0,Shale,2
25/2-7,2185.6100006,479875.6875,6641111.0,-2160.437988,ROGALAND GP.,Balder Fm.,18.622499466,1.4243509769,1.4243509769,1.3055584431,2.3746919632,45.173755646,0.0,0.0,3.7966163158,106.24445343,52.293891907,17.5,0.0,0.0,0.0,0.0140064992,0.0,0.0,0.0,0.0,Shale,2
25/2-7,2189.2580006,479875.5625,6641111.0,-2164.084229,ROGALAND GP.,Sele Fm.,18.270269394,1.453666091,1.453666091,1.0147582293,2.3020153046,67.809822083,0.0,0.0,3.3775684834,110.03514099,53.678100586,17.5,0.0,0.0,0.0,0.0069541298,0.0,0.0,0.0,0.0,Shale,1
25/2-7,2192.6020006,479875.46875,6641110.5,-2167.426514,ROGALAND GP.,Sele Fm.,18.461799622,1.167771101,1.167771101,1.2705773115,2.3710000515,27.943656921,0.0,0.4711210132,4.1347856522,117.63639069,53.102142334,17.5,0.0,0.0,0.0,0.0235501844,0.0,0.0,0.0,0.0,Shale,2
25/2-7,2195.9460006,479875.375,6641110.5,-2170.768799,ROGALAND GP.,Heimdal Fm.,16.763505936,0.8573374152,0.8573374152,0.8884501457,2.2291624546,36.399101257,0.0,0.4940723479,3.5872664452,126.89802551,54.200000763,17.5,0.0,0.0,0.0,0.063000001,0.0,0.0,0.0,0.0,Sandstone,2
25/2-7,2198.5300006,479875.3125,6641110.5,-2173.351318,ROGALAND GP.,Heimdal Fm.,18.311664581,0.9432469606,0.9432469606,0.8037298322,2.2553048134,61.00743103,0.0,0.4223148227,3.7763946056,132.10237122,54.833492279,17.5,0.0,0.0,0.0,0.0070000002,0.0,0.0,0.0,0.0,Shale,2
25/2-7,2200.9620006,479875.21875,6641110.5,-2175.781738,ROGALAND GP.,Heimdal Fm.,19.185270309,0.779931426,0.779931426,0.8036100864,1.7490326166,58.916866302,0.0,0.5292242765,5.7156805992,134.8170929,55.545265198,17.5,0.0,0.0,0.0,0.0053050551,0.0,0.0,0.0,0.0,Shale,2
25/2-7,2205.3700006,479875.09375,6641110.5,-2180.187256,ROGALAND GP.,Heimdal Fm.,21.629631042,0.6493088603,0.6493088603,0.6240615249,1.579851985,49.835391998,0.0,0.6044670343,5.7882246971,135.99961853,53.321617126,17.5,0.0,0.0,0.0,-0.00140119,0.0,0.0,0.0,0.0,Sandstone,2
25/2-7,2206.2820006,479875.0625,6641110.5,-2181.098877,ROGALAND GP.,Heimdal Fm.,22.370300293,0.7671934366,0.7671934366,0.8209336996,1.947401166,59.789363861,0.0,0.4848240912,4.1186118126,128.567276,49.040687561,17.5,0.0,0.0,0.0,0.0090806559,0.0,0.0,0.0,0.0,Sandstone,2
25/2-7,2206.7380006,479875.03125,6641110.5,-2181.554443,ROGALAND GP.,Heimdal Fm.,19.44459343,0.9606822133,0.9606822133,0.972366631,2.0668194294,58.917297363,0.0,0.4010725319,3.9154088497,115.93301392,49.499034882,17.5,0.0,0.0,0.0,0.0035075496,0.0,0.0,0.0,0.0,Limestone,2
25/2-7,2207.9540006,479875.0,6641110.5,-2182.769775,ROGALAND GP.,Heimdal Fm.,19.693862915,0.8892056346,0.8892056346,0.8137165904,2.0128602982,49.071918488,0.0,0.411331594,4.6405453682,122.6451416,51.522785187,17.5,0.0,0.0,0.0,0.0310818404,0.0,0.0,0.0,0.0,Shale,2
25/2-7,2209.9300006,479874.9375,6641110.5,-2184.744629,ROGALAND GP.,Heimdal Fm.,19.277093887,0.8545718789,0.8545718789,0.8686081171,1.8109796047,60.109355927,0.0,0.5175799727,5.6276168823,123.26300049,49.895843506,17.5,0.0,0.0,0.0,0.0212989822,0.0,0.0,0.0,0.0,Shale,2
25/2-7,2210.5380006,479874.90625,6641110.5,-2185.352295,ROGALAND GP.,Heimdal Fm.,18.163545609,0.8874207139,0.8874207139,0.8025306463,1.9492621422,59.850406647,0.0,0.4759129584,5.9811244011,123.70399475,51.352409363,17.5,0.0,0.0,0.0,0.0775426477,0.0,0.0,0.0,0.0,Shale,2
25/2-7,2213.2740006,479874.8125,6641110.5,-2188.08667,ROGALAND GP.,Heimdal Fm.,23.232439041,0.8965101838,0.8965101838,0.7487347126,1.8431223631,56.349697113,0.0,0.4198642373,5.2802600861,114.73531342,45.829082489,17.5,0.0,0.0,0.0,0.0048061144,0.0,0.0,0.0,0.0,Sandstone,2
25/2-7,2213.8820006,479874.8125,6641110.5,-2188.694336,ROGALAND GP.,Heimdal Fm.,22.260274887,0.7441020012,0.7441020012,0.8174315691,1.6578518152,55.377685547,0.0,0.509244442,5.7018876076,142.09883118,45.405452728,17.5,0.0,0.0,0.0,0.0013248366,0.0,0.0,0.0,0.0,Shale,2
25/2-7,2217.8340006,479874.6875,6641110.5,-2192.643799,ROGALAND GP.,Heimdal Fm.,13.604017258,0.4101809859,0.4101809859,0.3709353507,2.1050257683,31.200927734,0.0,0.3668417931,5.7314815521,111.35413361,28.266159058,12.250000954,0.0,0.0,0.0,0.0460517071,0.0,0.0,0.0,0.0,Sandstone,2
25/2-7,2218.2900006,479874.65625,6641110.5,-2193.099609,ROGALAND GP.,Heimdal Fm.,14.064293861,0.4310430884,0.4310430884,0.3610061705,2.0999999046,34.303764343,0.0,0.3755561411,5.0135421753,112.77516937,30.24846077,12.250000954,0.0,0.0,0.0,0.0278953165,0.0,0.0,0.0,0.0,Sandstone,2
25/2-7,2218.5940006,479874.65625,6641110.5,-2193.403564,ROGALAND GP.,Heimdal Fm.,14.625003815,0.430999428,0.430999428,0.3569997847,2.1109993458,34.812870026,0.0,0.3793627024,3.5645229816,110.27748871,28.125032425,12.250000954,0.0,0.0,0.0,0.0089994902,0.0,0.0,0.0,0.0,Sandstone,2
25/2-7,2219.0500006,479874.625,6641110.5,-2193.859131,ROGALAND GP.,Heimdal Fm.,15.054051399,0.3741412759,0.3741412759,0.3589327335,2.0739998817,29.756830215,0.0,0.3378604949,4.2610449791,108.84163666,24.999158859,12.250000954,0.0,0.0,0.0,0.0138990991,0.0,0.0,0.0,0.0,Sandstone,2
25/2-7,2219.9620006,479874.59375,6641110.5,-2194.770508,ROGALAND GP.,Heimdal Fm.,13.128775597,3.7442755699,3.7442755699,0.4894367158,2.3936522007,33.245536804,0.0,0.1538670212,3.3581595421,65.764541626,33.616199493,12.250000954,0.0,0.0,0.0,-0.01690612,0.0,0.0,0.0,0.0,Limestone,2
25/2-7,2220.5700006,479874.59375,6641110.5,-2195.378418,ROGALAND GP.,Heimdal Fm.,13.288994789,0.5526478291,0.5526478291,0.7211245894,2.2469427586,89.07950592,0.0,0.4065953493,3.7307875156,124.39547729,42.291687012,12.250000954,0.0,0.0,0.0,0.0416590124,0.0,0.0,0.0,0.0,Shale,2
25/2-7,2224.2180006,479874.46875,6641110.5,-2199.02417,ROGALAND GP.,Heimdal Fm.,12.403149605,0.4507701099,0.4507701099,0.3452887833,2.0515778065,28.591142654,0.0,0.3087515533,3.384314537,112.12631989,32.514865875,12.250000954,0.0,0.0,0.0,-0.001251448,0.0,0.0,0.0,0.0,Sandstone,1
25/2-7,2224.5220006,479874.46875,6641110.5,-2199.327881,ROGALAND GP.,Heimdal Fm.,12.726759911,0.4299452305,0.4299452305,0.3422047794,2.1036214828,31.724998474,0.0,0.3215159178,4.737007618,112.03649902,31.578773499,12.250000954,0.0,0.0,0.0,0.060338106,0.0,0.0,0.0,0.0,Sandstone,1
25/2-7,2225.2820006,479874.4375,6641110.5,-2200.087402,ROGALAND GP.,Heimdal Fm.,13.037340164,0.4575794339,0.4575794339,0.3593084216,2.1105389595,33.108100891,0.0,0.3962773383,3.7732269764,109.56040955,29.490959167,12.250000954,0.0,0.0,0.0,0.0013457957,0.0,0.0,0.0,0.0,Sandstone,1
25/2-7,2226.1940006,479874.40625,6641110.5,-2200.999023,ROGALAND GP.,Heimdal Fm.,12.8236866,0.4718695879,0.4718695879,0.4352614582,2.136913538,30.440822601,0.0,0.3313052058,3.3645472527,107.37593842,31.633691788,12.250000954,0.0,0.0,0.0,0.0010871564,0.0,0.0,0.0,0.0,Sandstone,1
25/2-7,2227.8660006,479874.34375,6641110.5,-2202.669922,ROGALAND GP.,Heimdal Fm.,12.500594139,0.9348407984,0.9348407984,0.9911592007,2.2146003246,41.80291748,0.0,0.269400537,2.5314757824,91.346725464,40.31003952,12.250000954,0.0,0.0,0.0,-0.004239621,0.0,0.0,0.0,0.0,Sandstone,1
25/2-7,2229.0820006,479874.3125,6641110.5,-2203.885254,ROGALAND GP.,Heimdal Fm.,12.704983711,0.7267920375,0.7267920375,0.791171968,2.0795078278,63.576515198,0.0,0.4666805267,4.110912323,129.63298035,45.733249664,12.250000954,0.0,0.0,0.0,0.0485859215,0.0,0.0,0.0,0.0,Shale,1
25/2-7,2232.5780006,479874.1875,6641110.5,-2207.37915,ROGALAND GP.,Heimdal Fm.,12.344143867,0.5974120498,0.5974120498,0.5279699564,2.1159584522,34.62279892,0.0,0.2857446373,3.0697762966,104.25734711,35.358047485,12.250000954,0.0,0.0,0.0,-0.008281204,0.0,0.0,0.0,0.0,Sandstone,1
25/2-7,2233.4900006,479874.15625,6641110.5,-2208.290771,ROGALAND GP.,Heimdal Fm.,12.620336533,0.9081094265,0.9081094265,0.8647743464,2.1970534325,63.980640411,0.0,0.3180292845,3.6181931496,114.58765411,49.561431885,12.250000954,0.0,0.0,0.0,0.0490026549,0.0,0.0,0.0,0.0,Shale,1
25/2-7,2234.2500006,479874.125,6641110.5,-2209.050293,ROGALAND GP.,Heimdal Fm.,12.591846466,1.0005197525,1.0005197525,0.9911631942,2.1923463345,68.853210449,0.0,0.4132763147,4.1915550232,112.87419128,51.184215546,12.250000954,0.0,0.0,0.0,0.0543463416,0.0,0.0,0.0,0.0,Shale,1
25/2-7,2236.0740006,479874.09375,6641110.5,-2210.873291,ROGALAND GP.,Heimdal Fm.,12.651722908,0.8200666904,0.8200666904,0.8161600232,2.1326134205,59.317333221,0.0,0.4403476417,4.9017634392,120.18883514,47.072776794,12.250000954,0.0,0.0,0.0,0.0901188925,0.0,0.0,0.0,0.0,Shale,1
25/2-7,2237.1380006,479874.0625,6641110.5,-2211.937012,ROGALAND GP.,Heimdal Fm.,12.078000069,1.5218670368,1.5218670368,0.9759603739,2.2864518166,27.271076202,0.0,0.198203221,2.9918806553,85.534416199,43.495040894,12.250000954,0.0,0.0,0.0,0.0070889471,0.0,0.0,0.0,0.0,Limestone,1
25/2-7,2237.5940006,479874.0625,6641110.5,-2212.392822,ROGALAND GP.,Heimdal Fm.,12.117482185,1.0764142275,1.0764142275,0.8464785218,1.981014967,42.888523102,0.0,0.2538797855,4.7879700661,95.085227966,45.31703186,12.250000954,0.0,0.0,0.0,-0.000365597,0.0,0.0,0.0,0.0,Shale,1
25/2-7,2239.1140006,479874.0,6641110.0,-2213.912109,ROGALAND GP.,Heimdal Fm.,12.460425377,0.8650411367,0.8650411367,0.8656862378,1.9205214977,38.959697723,0.0,0.3839923441,5.123770237,116.70445251,45.25,12.250000954,0.0,0.0,0.0,0.0111208521,0.0,0.0,0.0,0.0,Sandstone,1
25/2-7,2240.1780006,479873.96875,6641110.0,-2214.97583,ROGALAND GP.,Heimdal Fm.,12.187999725,0.7973109484,0.7973109484,0.5847640634,2.1322567463,32.85766983,0.0,0.2990135849,2.685167551,104.87406921,36.921581268,12.250000954,0.0,0.0,0.0,0.0116551509,0.0,0.0,0.0,0.0,Sandstone,1
25/2-7,2243.9780006,479873.875,6641110.0,-2218.774414,ROGALAND GP.,Heimdal Fm.,12.187999725,0.4197591245,0.4197591245,0.4352577329,2.0966260433,27.309703827,0.0,0.312928915,2.4862251282,101.04717255,30.437675476,12.250000954,0.0,0.0,0.0,-0.001686974,0.0,0.0,0.0,0.0,Sandstone,1
25/2-7,2245.4980006,479873.84375,6641110.0,-2220.293701,ROGALAND GP.,Heimdal Fm.,12.272999763,0.4813039303,0.4813039303,0.389674753,2.1091463566,28.882440567,0.0,0.3179416656,3.0395143032,99.58266449,30.159952164,12.250000954,0.0,0.0,0.0,-0.011,0.0,0.0,0.0,0.0,Sandstone,1
25/2-7,2247.7780006,479873.78125,6641110.0,-2222.572998,ROGALAND GP.,Heimdal Fm.,12.484000206,0.4390222132,0.4390222132,0.3834962845,2.1259710789,26.805059433,0.0,0.3290830255,3.2885046005,101.30263519,27.312963486,12.250000954,0.0,0.0,0.0,-0.006520266,0.0,0.0,0.0,0.0,Sandstone,1
25/2-7,2249.9060006,479873.71875,6641110.0,-2224.700195,ROGALAND GP.,Heimdal Fm.,12.529153824,0.4309999943,0.4309999943,0.3744599223,2.1219198704,27.5274086,0.0,0.326934278,3.0341289043,100.86919403,30.607610703,12.250000954,0.0,0.0,0.0,-0.012,0.0,0.0,0.0,0.0,Sandstone,1
25/2-7,2250.2100006,479873.71875,6641110.0,-2225.003906,ROGALAND GP.,Heimdal Fm.,12.349239349,0.4334537685,0.4334537685,0.3759999871,2.1056339741,26.383739471,0.0,0.3164482713,2.9030992985,100.5519104,29.012348175,12.250000954,0.0,0.0,0.0,-0.022455389,0.0,0.0,0.0,0.0,Sandstone,1
25/2-7,2251.8820006,479873.6875,6641110.0,-2226.675293,ROGALAND GP.,Heimdal Fm.,12.52920723,0.435554564,0.435554564,0.375425756,2.1244060993,22.855722427,0.0,0.3356737196,2.8058245182,99.913787842,27.49753952,12.250000954,0.0,0.0,0.0,-0.00942576,0.0,0.0,0.0,0.0,Sandstone,1
25/2-7,2252.1860006,479873.65625,6641110.0,-2226.979248,ROGALAND GP.,Heimdal Fm.,12.479948997,0.4399999976,0.4399999976,0.3770000041,2.1218423843,27.829017639,0.0,0.3355431855,2.6079699993,99.824768066,28.772821426,12.250000954,0.0,0.0,0.0,-0.015842495,0.0,0.0,0.0,0.0,Sandstone,1
25/2-7,2255.0740006,479873.59375,6641110.0,-2229.865967,ROGALAND GP.,Heimdal Fm.,12.650429726,0.4571110904,0.4571110904,0.3908888996,2.1384854317,26.746892929,0.0,0.3215800822,2.7703511715,100.70754242,27.160030365,12.250000954,0.0,0.0,0.0,-0.01037137,0.0,0.0,0.0,0.0,Sandstone,1
25/2-7,2256.2900006,479873.5625,6641110.0,-2231.081299,ROGALAND GP.,Heimdal Fm.,12.656000137,0.4703491032,0.4703491032,0.3956508934,2.1428990364,30.685983658,0.0,0.293823421,2.8300647736,98.182670593,30.031808853,12.250000954,0.0,0.0,0.0,-0.008100888,0.0,0.0,0.0,0.0,Sandstone,1
25/2-7,2257.0500006,479873.53125,6641110.0,-2231.84082,ROGALAND GP.,Heimdal Fm.,12.640999794,0.4613102078,0.4613102078,0.386672467,2.1383254528,19.69213295,0.0,0.3003164828,3.1174564362,99.057754517,27.059749603,12.250000954,0.0,0.0,0.0,0.0023372842,0.0,0.0,0.0,0.0,Sandstone,1
25/2-7,2258.4180006,479873.5,6641110.0,-2233.208008,ROGALAND GP.,Heimdal Fm.,12.827384949,0.4604364634,0.4604364634,0.386374563,2.1284983158,27.249582291,0.0,0.3085362315,2.9202775955,99.062133789,28.434185028,12.250000954,0.0,0.0,0.0,0.0003745818,0.0,0.0,0.0,0.0,Sandstone,1
25/2-7,2258.8740006,479873.46875,6641110.0,-2233.663818,ROGALAND GP.,Heimdal Fm.,12.883000374,0.441478312,0.441478312,0.3833913207,2.1176109314,28.675384521,0.0,0.3107406795,2.8948788643,99.611495972,30.152168274,12.250000954,0.0,0.0,0.0,0.0003054504,0.0,0.0,0.0,0.0,Sandstone,1
25/2-7,2259.3300006,479873.46875,6641110.0,-2234.119385,ROGALAND GP.,Heimdal Fm.,12.857409477,0.4379999936,0.4379999936,0.381295979,2.1241903305,24.621896744,0.0,0.3452576697,2.8374288082,101.59052277,30.958667755,12.250000954,0.0,0.0,0.0,-0.001,0.0,0.0,0.0,0.0,Sandstone,1
25/2-7,2265.2580006,479873.25,6641110.0,-2240.043945,ROGALAND GP.,Heimdal Fm.,12.034538269,0.5105160475,0.5105160475,0.4268064499,2.1708290577,31.93154335,0.0,0.2826351523,3.5941336155,99.867149353,31.462192535,12.250000954,0.0,0.0,0.0,0.0996097103,0.0,0.0,0.0,0.0,Sandstone,1
25/2-7,2267.8420006,479873.1875,6641110.0,-2242.626221,ROGALAND GP.,Heimdal Fm.,12.443864822,0.4674060047,0.4674060047,0.4180526137,2.1635940075,29.023525238,0.0,0.3096897602,3.6072704792,101.22772217,28.194578171,12.250000954,0.0,0.0,0.0,0.0776917338,0.0,0.0,0.0,0.0,Sandstone,1
25/2-7,2269.5140006,479873.125,6641110.0,-2244.297119,ROGALAND GP.,Heimdal Fm.,12.372740746,0.5211449265,0.5211449265,0.42551139,2.1675114632,23.448169708,0.0,0.2882686257,3.3533046246,100.67169952,29.423652649,12.250000954,0.0,0.0,0.0,0.1011449173,0.0,0.0,0.0,0.0,Sandstone,1
25/2-7,2271.0340006,479873.0625,6641110.5,-2245.816162,ROGALAND GP.,Heimdal Fm.,12.643184662,0.475430131,0.475430131,0.4050000012,2.1650500298,27.682544708,0.0,0.3238072693,3.4278333187,101.68584442,28.743722916,12.250000954,0.0,0.0,0.0,0.0915753245,0.0,0.0,0.0,0.0,Sandstone,1
25/2-7,2271.7940006,479873.0625,6641110.5,-2246.575684,ROGALAND GP.,Heimdal Fm.,12.812999725,0.4563283622,0.4563283622,0.402164191,2.1413283348,27.233228683,0.0,0.352417171,3.7049591541,101.50757599,31.770524979,12.250000954,0.0,0.0,0.0,0.0700820908,0.0,0.0,0.0,0.0,Sandstone,1
25/2-7,2272.0980006,479873.03125,6641110.5,-2246.879639,ROGALAND GP.,Heimdal Fm.,12.862640381,0.4686971009,0.4686971009,0.4051549137,2.1496901512,28.258890152,0.0,0.3557562232,4.0495643616,101.34523773,31.639560699,12.250000954,0.0,0.0,0.0,0.0796901733,0.0,0.0,0.0,0.0,Sandstone,1
25/2-7,2275.2900006,479872.9375,6641110.5,-2250.069824,ROGALAND GP.,Heimdal Fm.,12.594331741,0.4889113903,0.4889113903,0.4029999971,2.1798229218,28.200296402,0.0,0.3051691055,4.000310421,101.49282837,31.193536758,12.250000954,0.0,0.0,0.0,0.0838892609,0.0,0.0,0.0,0.0,Sandstone,1
25/2-7,2276.3540006,479872.90625,6641110.5,-2251.133057,ROGALAND GP.,Heimdal Fm.,12.391295433,0.4829872847,0.4829872847,0.3989968002,2.1450605392,25.325584412,0.0,0.2988603413,3.7736697197,103.1954422,26.316581726,12.250000954,0.0,0.0,0.0,0.1090318337,0.0,0.0,0.0,0.0,Sandstone,1
25/2-7,2285.0180006,479872.59375,6641110.5,-2259.79126,ROGALAND GP.,Heimdal Fm.,13.066592216,0.4696089029,0.4696089029,0.3327074647,2.1407074928,31.48865509,0.0,0.2993641496,3.0882172585,105.53256989,32.142219543,12.250000954,0.0,0.0,0.0,0.0163163859,0.0,0.0,0.0,0.0,Sandstone,1
25/2-7,2287.2980006,479872.5,6641110.5,-2262.069336,ROGALAND GP.,Heimdal Fm.,13.478949547,0.8440508246,0.8440508246,0.9039387107,2.1469106674,65.628501892,0.0,0.4400240481,3.7358474731,116.73361969,50.331283569,12.250000954,0.0,0.0,0.0,0.068165794,0.0,0.0,0.0,0.0,Shale,1
25/2-7,2287.9060006,479872.5,6641110.5,-2262.676758,ROGALAND GP.,Heimdal Fm.,14.40054512,0.7540633082,0.7540633082,0.7795271873,2.1731424332,57.016815186,0.0,0.4056947827,4.0460510254,126.59370422,52.5,12.250000954,0.0,0.0,0.0,0.0589139611,0.0,0.0,0.0,0.0,Shale,1
25/2-7,2288.9700006,479872.4375,6641110.5,-2263.739746,ROGALAND GP.,Heimdal Fm.,14.408083916,1.0246399641,1.0246399641,0.8807927966,2.1429381371,51.183242798,0.0,0.3881473541,4.7600541115,114.03163147,49.259090424,12.250000954,0.0,0.0,0.0,0.0895672441,0.0,0.0,0.0,0.0,Sandstone,1
25/2-7,2290.9460006,479872.375,6641110.5,-2265.714111,ROGALAND GP.,Heimdal Fm.,14.13523674,0.7386673689,0.7386673689,0.6757041216,2.1119055748,54.452762604,0.0,0.4643650353,3.7243802547,119.77509308,48.749515533,12.250000954,0.0,0.0,0.0,0.0499580242,0.0,0.0,0.0,0.0,Shale,1
25/2-7,2291.2500006,479872.34375,6641110.5,-2266.017822,ROGALAND GP.,Heimdal Fm.,13.916883469,0.5506412387,0.5506412387,0.6079038382,1.9718334675,59.556900024,0.0,0.4536865056,4.3755507469,129.77719116,45.836219788,12.250000954,0.0,0.0,0.0,0.0451313108,0.0,0.0,0.0,0.0,Shale,1
25/2-7,2291.4020006,479872.34375,6641110.5,-2266.169922,ROGALAND GP.,Heimdal Fm.,13.692050934,0.4834235907,0.4834235907,0.5551665425,1.9603135586,56.396759033,0.0,0.4626126587,3.7581968307,134.33944702,43.239048004,12.250000954,0.0,0.0,0.0,0.0438276604,0.0,0.0,0.0,0.0,Shale,1
25/2-7,2291.8580006,479872.34375,6641110.5,-2266.625488,ROGALAND GP.,Heimdal Fm.,12.919600487,0.4690248966,0.4690248966,0.3889253139,2.0797848701,27.377124786,0.0,0.3899620473,2.7270145416,120.40515137,34.85377121,12.250000954,0.0,0.0,0.0,-0.00614495,0.0,0.0,0.0,0.0,Sandstone,1
25/2-7,2293.9860006,479872.25,6641110.5,-2268.751709,ROGALAND GP.,Heimdal Fm.,13.183771133,0.3889054954,0.3889054954,0.3611524403,2.0853962898,34.967697144,0.0,0.3607396483,3.0413024426,115.89938354,34.783153534,12.250000954,0.0,0.0,0.0,-0.011,0.0,0.0,0.0,0.0,Sandstone,1
25/2-7,2294.2900006,479872.25,6641110.5,-2269.05542,ROGALAND GP.,Heimdal Fm.,13.288210869,0.4667638838,0.4667638838,0.4260526597,2.0970458984,40.384403229,0.0,0.3188972175,4.0371346474,110.89974976,38.203781128,12.250000954,0.0,0.0,0.0,-0.015080974,0.0,0.0,0.0,0.0,Sandstone,1
25/2-7,2296.2660006,479872.15625,6641110.5,-2271.029785,ROGALAND GP.,Heimdal Fm.,12.328000069,0.4673190415,0.4673190415,0.3691287041,2.0832331181,27.987514496,0.0,0.3190402091,2.530911684,96.919456482,31.255363464,12.250000954,0.0,0.0,0.0,-0.022340484,0.0,0.0,0.0,0.0,Sandstone,1
25/2-7,2297.6340006,479872.09375,6641110.5,-2272.396484,ROGALAND GP.,Heimdal Fm.,12.481451988,0.478091985,0.478091985,0.3858081102,2.102268219,30.142011642,0.0,0.3087683618,2.6600549221,95.661422729,31.079500198,12.250000954,0.0,0.0,0.0,0.0014520282,0.0,0.0,0.0,0.0,Sandstone,1
25/2-7,2298.0900006,479872.09375,6641110.5,-2272.852051,ROGALAND GP.,Heimdal Fm.,12.864160538,0.4792973697,0.4792973697,0.5113605857,2.1132924557,27.573181152,0.0,0.3399802744,2.7256231308,97.483474731,29.562999725,12.250000954,0.0,0.0,0.0,-0.002370765,0.0,0.0,0.0,0.0,Sandstone,1
25/2-7,2299.1540006,479872.0625,6641110.5,-2273.915283,ROGALAND GP.,Heimdal Fm.,12.215083122,0.5759741068,0.5759741068,0.486159265,2.109744072,32.787269592,0.0,0.3303020895,2.5886697769,95.677619934,32.956943512,12.250000954,0.0,0.0,0.0,-0.018440939,0.0,0.0,0.0,0.0,Sandstone,1
25/2-7,2299.3060006,479872.03125,6641110.5,-2274.067139,ROGALAND GP.,Heimdal Fm.,12.217591286,0.542234242,0.542234242,0.4650852382,2.0841925144,32.591388702,0.0,0.3225937784,3.0015351772,98.516166687,33.780578613,12.250000954,0.0,0.0,0.0,-0.022431914,0.0,0.0,0.0,0.0,Sandstone,1
25/2-7,2300.3700006,479872.0,6641110.5,-2275.130127,ROGALAND GP.,Heimdal Fm.,14.049463272,0.5831196308,0.5831196308,0.6102923155,2.0815339088,67.010658264,0.0,0.4801887274,5.2652211189,137.6129303,43.548469543,12.250000954,0.0,0.0,0.0,0.0772456974,0.0,0.0,0.0,0.0,Shale,1
25/2-7,2302.6500006,479871.90625,6641110.5,-2277.408203,ROGALAND GP.,Heimdal Fm.,12.38846302,0.5091949105,0.5091949105,0.3951333761,2.1201007366,31.218826294,0.0,0.2933142185,2.3252513409,101.50350952,28.5,12.250000954,0.0,0.0,0.0,-0.018100649,0.0,0.0,0.0,0.0,Sandstone,1
25/2-7,2306.9060006,479871.75,6641110.5,-2281.660645,ROGALAND GP.,Heimdal Fm.,12.38854599,0.5245666504,0.5245666504,0.4292833507,2.1220481396,26.915956497,0.0,0.3168026209,2.3706727028,99.801513672,29.961488724,12.250000954,0.0,0.0,0.0,-0.008427781,0.0,0.0,0.0,0.0,Sandstone,1
25/2-7,2308.2740006,479871.6875,6641110.5,-2283.027344,ROGALAND GP.,Heimdal Fm.,12.350786209,0.5321932435,0.5321932435,0.4243864715,2.1300952435,31.524154663,0.0,0.2960344255,2.2945384979,99.458755493,25.97423172,12.250000954,0.0,0.0,0.0,-0.004357243,0.0,0.0,0.0,0.0,Sandstone,1
25/2-7,2309.1860006,479871.65625,6641110.5,-2283.938477,ROGALAND GP.,Heimdal Fm.,12.47394371,0.4720292687,0.4720292687,0.3854356706,2.1028745174,32.741970062,0.0,0.3482320607,2.6573355198,102.06686401,25.764753342,12.250000954,0.0,0.0,0.0,-0.00262364,0.0,0.0,0.0,0.0,Sandstone,1
25/2-7,2312.8340006,479871.53125,6641110.5,-2287.583496,ROGALAND GP.,Heimdal Fm.,12.926855087,0.4896103442,0.4896103442,0.3967625499,2.1349999905,30.40454483,0.0,0.2884556353,2.7576804161,101.83168793,28.334945679,12.250000954,0.0,0.0,0.0,-0.009108544,0.0,0.0,0.0,0.0,Sandstone,1
25/2-7,2314.0500006,479871.46875,6641110.5,-2288.798096,ROGALAND GP.,Heimdal Fm.,12.479465485,0.4637044966,0.4637044966,0.3682954907,2.1050000191,31.812103271,0.0,0.3146011531,2.6329090595,104.05581665,27.735815048,12.250000954,0.0,0.0,0.0,-0.015,0.0,0.0,0.0,0.0,Sandstone,1
25/2-7,2315.1140006,479871.4375,6641110.5,-2289.861084,ROGALAND GP.,Heimdal Fm.,12.656000137,0.4746667445,0.4746667445,0.3816665113,2.1096696854,27.426954269,0.0,0.3164088726,2.7155902386,103.03102875,24.958311081,12.250000954,0.0,0.0,0.0,-0.0063303,0.0,0.0,0.0,0.0,Sandstone,1
25/2-7,2315.5700006,479871.40625,6641110.5,-2290.31665,ROGALAND GP.,Heimdal Fm.,12.477000237,0.4693259597,0.4693259597,0.3843480647,2.1223468781,27.90536499,0.0,0.2883965969,2.9140069485,103.98794556,25.244466782,12.250000954,0.0,0.0,0.0,-0.002979435,0.0,0.0,0.0,0.0,Sandstone,1
25/2-7,2316.0260006,479871.40625,6641110.5,-2290.772217,ROGALAND GP.,Heimdal Fm.,12.586000443,0.4820456803,0.4820456803,0.3763637841,2.132999897,29.020519257,0.0,0.3116094172,2.6228718758,102.6390152,27.534053802,12.250000954,0.0,0.0,0.0,-0.007636213,0.0,0.0,0.0,0.0,Sandstone,1
25/2-7,2316.4820006,479871.375,6641110.5,-2291.227783,ROGALAND GP.,Heimdal Fm.,12.588490486,0.499646008,0.499646008,0.3622831702,2.138999939,29.818778992,0.0,0.2950964272,2.4402115345,103.66650391,28.525787354,12.250000954,0.0,0.0,0.0,-0.009,0.0,0.0,0.0,0.0,Sandstone,1
25/2-7,2317.8500006,479871.3125,6641110.0,-2292.594482,ROGALAND GP.,Heimdal Fm.,12.920701027,0.8359847069,0.8359847069,0.5317493081,2.5582880974,25.856246948,0.0,0.0930022076,3.2588894367,78.745239258,31.171300888,12.250000954,0.0,0.0,0.0,-0.004574728,0.0,0.0,0.0,0.0,Limestone,1
25/2-7,2319.0660006,479871.28125,6641110.0,-2293.809082,ROGALAND GP.,Lista Fm.,14.477000237,0.6537958384,0.6537958384,0.791862607,2.2215330601,63.848236084,0.0,0.4380177259,3.9061014652,125.90512848,47.698722839,12.250000954,0.0,0.0,0.0,0.0694668666,0.0,0.0,0.0,0.0,Shale,1
25/2-7,2320.1300006,479871.21875,6641110.0,-2294.87207,ROGALAND GP.,Lista Fm.,14.484782219,0.8639321327,0.8639321327,0.8359773755,2.1008691788,64.921470642,0.0,0.4595985413,4.9465727806,120.42647552,51.314517975,12.250000954,0.0,0.0,0.0,0.0531891994,0.0,0.0,0.0,0.0,Shale,1
25/2-7,2320.4340006,479871.21875,6641110.0,-2295.175781,ROGALAND GP.,Lista Fm.,14.127632141,0.8649657965,0.8649657965,0.8440341949,2.0759096146,67.58731842,0.0,0.4713768661,5.0537099838,122.8624115,50.034454346,12.250000954,0.0,0.0,0.0,0.079625003,0.0,0.0,0.0,0.0,Shale,1
25/2-7,2324.2340006,479871.0625,6641110.0,-2298.971924,ROGALAND GP.,Lista Fm.,14.493967056,0.7658252716,0.7658252716,0.7244559526,2.1585838795,68.164505005,0.0,0.4893173873,4.3057413101,122.01383209,50.40599823,12.250000954,0.0,0.0,0.0,0.0884162337,0.0,0.0,0.0,0.0,Shale,1
25/2-7,2325.1460006,479871.03125,6641110.0,-2299.883301,ROGALAND GP.,Lista Fm.,14.173696518,0.9051985741,0.9051985741,0.7487177253,2.2412521839,65.358222961,0.0,0.4250240922,3.677529335,116.74253082,51.580142975,12.250000954,0.0,0.0,0.0,0.085565038,0.0,0.0,0.0,0.0,Shale,1
25/2-7,2325.7540006,479871.03125,6641110.0,-2300.490479,ROGALAND GP.,Lista Fm.,14.140098572,0.6949184537,0.6949184537,0.6791089177,2.1750938892,63.855438232,0.0,0.4133757651,3.3529670238,126.72125244,54.299705505,12.250000954,0.0,0.0,0.0,0.010302037,0.0,0.0,0.0,0.0,Shale,1
25/2-7,2329.2500006,479870.875,6641110.0,-2303.983154,ROGALAND GP.,Lista Fm.,14.866127968,0.830698967,0.830698967,0.7687311769,2.2001025677,68.608413696,0.0,0.4337730706,3.6990544796,119.8495636,53.982978821,12.250000954,0.0,0.0,0.0,0.0395640396,0.0,0.0,0.0,0.0,Shale,1
25/2-7,2329.4020006,479870.875,6641110.0,-2304.13501,ROGALAND GP.,Lista Fm.,14.693687439,0.7838221192,0.7838221192,0.7653128505,2.1923997402,72.52381134,0.0,0.4297632277,3.6491920948,120.88745117,54.143810272,12.250000954,0.0,0.0,0.0,0.0264873505,0.0,0.0,0.0,0.0,Shale,1
25/2-7,2330.9220006,479870.8125,6641110.0,-2305.65332,ROGALAND GP.,Lista Fm.,14.921504974,0.837108314,0.837108314,0.7621583343,2.2357530594,66.030937195,0.0,0.4381407797,3.599378109,122.78766632,49.734031677,12.250000954,0.0,0.0,0.0,0.0099382782,0.0,0.0,0.0,0.0,Shale,1
25/2-7,2332.1380006,479870.78125,6641110.0,-2306.868164,ROGALAND GP.,Lista Fm.,14.763450623,0.7250777483,0.7250777483,0.6480000019,2.2286763191,67.053436279,0.0,0.4052068293,3.213104248,125.3321991,52.61648941,12.250000954,0.0,0.0,0.0,0.0058786036,0.0,0.0,0.0,0.0,Shale,1
25/2-7,2335.4820006,479870.625,6641110.0,-2310.20874,ROGALAND GP.,Lista Fm.,14.723967552,0.8293983936,0.8293983936,0.8110515475,2.2087938786,71.93624115,0.0,0.3868500292,3.6947307587,121.40132904,51.189598083,12.250000954,0.0,0.0,0.0,0.0368453041,0.0,0.0,0.0,0.0,Shale,1
25/2-7,2336.2420006,479870.625,6641110.0,-2310.968018,ROGALAND GP.,Lista Fm.,14.365586281,0.8557594419,0.8557594419,0.7826014757,2.2596993446,81.220878601,0.0,0.4188763201,3.2786700726,120.95868683,51.331794739,12.250000954,0.0,0.0,0.0,0.0829398483,0.0,0.0,0.0,0.0,Shale,1
25/2-7,2337.6100006,479870.5625,6641110.0,-2312.334961,ROGALAND GP.,Lista Fm.,14.756682396,0.7362498045,0.7362498045,0.6610000134,2.2313034534,76.939819336,0.0,0.4869865179,3.3856244087,127.61065674,48.549602509,12.250000954,0.0,0.0,0.0,0.0228392426,0.0,0.0,0.0,0.0,Shale,1
25/2-7,2338.9780006,479870.5,6641110.0,-2313.701416,ROGALAND GP.,Lista Fm.,15.204227448,0.9471639395,0.9471639395,0.7744714618,2.340164423,60.363025665,0.0,0.39705351,3.9396622181,115.7285614,51.300643921,12.250000954,0.0,0.0,0.0,0.0260570981,0.0,0.0,0.0,0.0,Shale,1
25/2-7,2339.1300006,479870.5,6641110.0,-2313.853271,ROGALAND GP.,Lista Fm.,15.311822891,0.9016146064,0.9016146064,0.770323813,2.3001573086,69.003425598,0.0,0.3887616992,3.6985838413,114.57448578,50.965766907,12.250000954,0.0,0.0,0.0,0.0518141463,0.0,0.0,0.0,0.0,Shale,1
25/2-7,2347.0340006,479870.21875,6641109.5,-2321.75,ROGALAND GP.,Lista Fm.,15.315285683,0.6974803209,0.6974803209,0.7145679593,2.2257432938,67.351478577,0.0,0.4271140397,3.8545000553,119.2531662,47.206390381,12.250000954,0.0,0.0,0.0,0.0112175215,0.0,0.0,0.0,0.0,Shale,1
25/2-7,2348.2500006,479870.15625,6641109.5,-2322.965088,ROGALAND GP.,Lista Fm.,15.725585938,0.6558480859,0.6558480859,0.6375232339,2.2586033344,57.762393951,0.0,0.4781117439,4.743727684,119.93839264,49.253025055,12.250000954,0.0,0.0,0.0,0.0294366926,0.0,0.0,0.0,0.0,Shale,1
25/2-7,2348.7060006,479870.15625,6641109.5,-2323.420654,ROGALAND GP.,Lista Fm.,15.187224388,0.8349427581,0.8349427581,0.6115445495,2.3281168938,53.741760254,0.0,0.413261503,3.8717784882,110.56651306,49.632610321,12.250000954,0.0,0.0,0.0,0.0312633589,0.0,0.0,0.0,0.0,Shale,1
25/2-7,2350.6820006,479870.0625,6641109.5,-2325.39502,ROGALAND GP.,Lista Fm.,15.082038879,0.7205172181,0.7205172181,0.7185249925,2.2702796459,68.005271912,0.0,0.4329729676,3.699691534,122.24681091,46.962825775,12.250000954,0.0,0.0,0.0,-0.002042182,0.0,0.0,0.0,0.0,Shale,1
25/2-7,2355.6980006,479869.875,6641109.5,-2330.406494,ROGALAND GP.,Lista Fm.,15.323257446,0.9508257508,0.9508257508,0.9350733161,2.2835321426,67.64213562,0.0,0.4467589855,3.8333058357,116.21000671,48.196098328,12.250000954,0.0,0.0,0.0,0.0198348518,0.0,0.0,0.0,0.0,Shale,1
25/2-7,2357.3700006,479869.8125,6641109.5,-2332.077148,ROGALAND GP.,Lista Fm.,15.244494438,0.923368156,0.923368156,0.8494565487,2.202878952,58.082504272,0.0,0.4426713884,3.5976858139,117.02285767,47.953025818,12.250000954,0.0,0.0,0.0,0.0271878913,0.0,0.0,0.0,0.0,Shale,1
25/2-7,2358.5860006,479869.78125,6641109.5,-2333.291992,ROGALAND GP.,Lista Fm.,15.513425827,1.1023697853,1.1023697853,0.9690812826,2.2687561512,60.012641907,0.0,0.3857864439,3.3055076599,111.3842392,49.43434906,12.250000954,0.0,0.0,0.0,0.0440812595,0.0,0.0,0.0,0.0,Shale,1
25/2-7,2358.7380006,479869.78125,6641109.5,-2333.443848,ROGALAND GP.,Lista Fm.,15.273939133,1.1279693842,1.1279693842,0.9820945859,2.2686138153,63.012275696,0.0,0.3877740502,3.3441312313,109.82209778,48.813289642,12.250000954,0.0,0.0,0.0,0.036774952,0.0,0.0,0.0,0.0,Shale,1
25/2-7,2360.1060006,479869.71875,6641109.5,-2334.810791,ROGALAND GP.,Lista Fm.,14.937450409,0.9673190117,0.9673190117,0.958013773,2.2242422104,61.805809021,0.0,0.4094629288,3.775847435,116.83792114,47.031539917,12.250000954,0.0,0.0,0.0,0.0646712556,0.0,0.0,0.0,0.0,Shale,1
25/2-7,2365.1220006,479869.53125,6641109.0,-2339.822266,ROGALAND GP.,Lista Fm.,15.05870533,0.9623534679,0.9623534679,0.9171721339,2.2436447144,69.640693665,0.0,0.4042055607,3.818829298,115.08992767,48.472160339,12.250000954,0.0,0.0,0.0,0.0726501942,0.0,0.0,0.0,0.0,Shale,1
25/2-7,2365.8820006,479869.5,6641109.0,-2340.581543,ROGALAND GP.,Lista Fm.,14.614706039,0.8533132672,0.8533132672,0.8192296624,2.217240572,65.234039307,0.0,0.3831444681,3.360440731,121.0562439,46.010730743,12.250000954,0.0,0.0,0.0,0.0271203052,0.0,0.0,0.0,0.0,Shale,1
25/2-7,2366.7940006,479869.46875,6641109.0,-2341.49292,ROGALAND GP.,Lista Fm.,14.79886055,0.8187375665,0.8187375665,0.8914641142,2.2261145115,68.245277405,0.0,0.394957155,3.0812134743,122.04873657,47.416931152,12.250000954,0.0,0.0,0.0,-0.008557329,0.0,0.0,0.0,0.0,Shale,1
25/2-7,2367.0980006,479869.46875,6641109.0,-2341.796631,ROGALAND GP.,Lista Fm.,14.634907722,0.9419047236,0.9419047236,0.9885332584,2.249096632,61.273132324,0.0,0.367595315,3.4833090305,122.14890289,48.420692444,12.250000954,0.0,0.0,0.0,0.0162235498,0.0,0.0,0.0,0.0,Shale,1
25/2-7,2369.3780006,479869.375,6641109.0,-2344.074463,ROGALAND GP.,Lista Fm.,14.670149803,1.0460740328,1.0460740328,1.0883222818,2.1278796196,55.609733582,0.0,0.3816078603,4.4975557327,110.24279785,45.5,12.250000954,0.0,0.0,0.0,0.1135238111,0.0,0.0,0.0,0.0,Sandstone,1
25/2-7,2369.6820006,479869.375,6641109.0,-2344.378174,ROGALAND GP.,Lista Fm.,14.777113914,0.9629289508,0.9629289508,1.0480710268,2.1724207401,65.50276947,0.0,0.439173162,3.7226779461,119.84201813,45.875,12.250000954,0.0,0.0,0.0,0.017501371,0.0,0.0,0.0,0.0,Shale,1
25/2-7,2370.2900006,479869.34375,6641109.0,-2344.98584,ROGALAND GP.,Lista Fm.,14.486960411,1.0671200752,1.0671200752,0.967237711,2.2316067219,57.106277466,0.0,0.4003856778,3.7715361118,112.88153839,48.594039917,12.250000954,0.0,0.0,0.0,0.0253500734,0.0,0.0,0.0,0.0,Shale,1
25/2-7,2376.2180006,479869.125,6641109.0,-2350.908691,ROGALAND GP.,Lista Fm.,14.715620041,1.3936173916,1.3936173916,1.258425355,2.3873696327,54.48298645,0.0,0.3654127121,3.5568161011,99.986351013,48.85452652,12.250000954,0.0,0.0,0.0,0.0212038923,0.0,0.0,0.0,0.0,Shale,1
25/2-7,2376.6740006,479869.125,6641109.0,-2351.364258,ROGALAND GP.,Lista Fm.,14.378649712,1.5802483559,1.5802483559,1.3007850647,2.2057363987,63.130592346,0.0,0.4320710003,4.2292227745,105.1193924,51.04397583,12.250000954,0.0,0.0,0.0,0.0987991393,0.0,0.0,0.0,0.0,Shale,1
25/2-7,2376.8260006,479869.125,6641109.0,-2351.516113,ROGALAND GP.,Lista Fm.,14.366999626,1.1475452185,1.1475452185,1.2957179546,2.1948456764,62.29901886,0.0,0.4398837686,4.3418884277,108.98544312,51.742904663,12.250000954,0.0,0.0,0.0,0.1153843328,0.0,0.0,0.0,0.0,Shale,1
25/2-7,2377.1300006,479869.09375,6641109.0,-2351.819824,ROGALAND GP.,Lista Fm.,14.897369385,0.9773163795,0.9773163795,1.1491037607,2.224752903,61.095184326,0.0,0.3946954608,4.4971032143,113.20162201,52.879688263,12.250000954,0.0,0.0,0.0,0.1227907836,0.0,0.0,0.0,0.0,Shale,1
25/2-7,2377.5860006,479869.09375,6641109.0,-2352.275391,ROGALAND GP.,Lista Fm.,14.900375366,1.0217911005,1.0217911005,0.9983388186,2.2535777092,61.030525208,0.0,0.4377960265,3.5889372826,112.07495117,54.124095917,12.250000954,0.0,0.0,0.0,0.0435776748,0.0,0.0,0.0,0.0,Shale,1
25/2-7,2381.2340006,479868.9375,6641109.0,-2355.920166,ROGALAND GP.,Lista Fm.,14.308276176,0.8231760859,0.8231760859,0.8114495873,2.0520501137,60.402873993,0.0,0.4249261618,3.7987074852,115.16942596,48.629211426,12.250000954,0.0,0.0,0.0,0.0802625045,0.0,0.0,0.0,0.0,Sandstone,1
25/2-7,2385.9460006,479868.78125,6641109.0,-2360.628174,ROGALAND GP.,Lista Fm.,14.25111866,0.8534708619,0.8534708619,0.8281028867,2.2555663586,60.348350525,0.0,0.4283079803,3.2305488586,119.15078735,49.377498627,12.250000954,0.0,0.0,0.0,0.0133426636,0.0,0.0,0.0,0.0,Shale,1
25/2-7,2387.4660006,479868.71875,6641109.0,-2362.146729,ROGALAND GP.,Lista Fm.,14.038268089,0.7743238211,0.7743238211,0.7931548357,2.2259294987,57.584751129,0.0,0.4450879991,3.3713850975,121.72221375,51.148361206,12.250000954,0.0,0.0,0.0,-0.001661933,0.0,0.0,0.0,0.0,Shale,1
25/2-7,2388.0740006,479868.6875,6641109.0,-2362.75415,ROGALAND GP.,Lista Fm.,13.718600273,0.880556643,0.880556643,0.7758471966,2.2487940788,59.532112122,0.0,0.4322260618,3.0654532909,121.83365631,48.606529236,12.250000954,0.0,0.0,0.0,0.0047738887,0.0,0.0,0.0,0.0,Shale,1
25/2-7,2388.5300006,479868.6875,6641109.0,-2363.209961,ROGALAND GP.,Lista Fm.,13.960463524,0.8496379256,0.8496379256,0.8543103337,2.2740738392,66.901115417,0.0,0.4028170109,3.080286026,120.19535828,48.221031189,12.250000954,0.0,0.0,0.0,0.0049999999,0.0,0.0,0.0,0.0,Shale,1
25/2-7,2390.0500006,479868.625,6641108.5,-2364.728516,ROGALAND GP.,Lista Fm.,14.091605186,0.916192472,0.916192472,0.8628012538,2.2950000763,65.915672302,0.0,0.4320910573,3.6452379227,117.53266144,51.850200653,12.250000954,0.0,0.0,0.0,-0.001642272,0.0,0.0,0.0,0.0,Shale,1
25/2-7,2393.0900006,479868.5,6641108.5,-2367.765869,ROGALAND GP.,Lista Fm.,14.453554153,1.7466248274,1.7466248274,1.4569641352,2.4284834862,46.421066284,0.0,0.2563039064,3.2456800938,87.355178833,49.55463028,12.250000954,0.0,0.0,0.0,0.039976418,0.0,0.0,0.0,0.0,Sandstone,1
25/2-7,2393.6980006,479868.5,6641108.5,-2368.373291,ROGALAND GP.,Lista Fm.,14.776916504,1.6668967009,1.6668967009,1.9959665537,2.3807311058,62.798755646,0.0,0.3496892154,3.439176321,100.64606476,50.137733459,12.250000954,0.0,0.0,0.0,0.0168879051,0.0,0.0,0.0,0.0,Sandstone,1
25/2-7,2397.1940006,479868.375,6641108.5,-2371.866211,ROGALAND GP.,Lista Fm.,14.141190529,0.8763285279,0.8763285279,0.855153501,2.3271183968,58.115364075,0.0,0.3869385719,4.3833637238,120.19963074,48.899532318,12.250000954,0.0,0.0,0.0,0.0311646573,0.0,0.0,0.0,0.0,Shale,1
25/2-7,2399.6260006,479868.28125,6641108.5,-2374.295898,ROGALAND GP.,Lista Fm.,14.065652847,1.5868659019,1.5868659019,1.5657474995,2.4353795052,42.64332962,0.0,0.2905609012,3.6541101933,90.248771667,50.557964325,12.250000954,0.0,0.0,0.0,0.0126267364,0.0,0.0,0.0,0.0,Shale,1
25/2-7,2400.0820006,479868.25,6641108.5,-2374.751465,ROGALAND GP.,Lista Fm.,13.551823616,1.9439374208,1.9439374208,1.5028703213,2.3019287586,56.048992157,0.0,0.2709103227,4.1170125008,84.266265869,50.258213043,12.250000954,0.0,0.0,0.0,0.0775310695,0.0,0.0,0.0,0.0,Sandstone,1
25/2-7,2403.2740006,479868.125,6641108.5,-2377.940186,ROGALAND GP.,Lista Fm.,13.729669571,2.3345725536,2.3345725536,1.6107594967,2.2836556435,52.859260559,0.0,0.2830813527,3.5458757877,93.021827698,49.037994385,12.250000954,0.0,0.0,0.0,0.0137077402,0.0,0.0,0.0,0.0,Shale,1
25/2-7,2403.7300006,479868.125,6641108.5,-2378.395996,ROGALAND GP.,Lista Fm.,13.858577728,1.0259674788,1.0259674788,1.3835842609,2.2149894238,64.192733765,0.0,0.4159244895,4.2253928185,110.98513794,47.566169739,12.250000954,0.0,0.0,0.0,0.0667815208,0.0,0.0,0.0,0.0,Shale,1
25/2-7,2405.0980006,479868.0625,6641108.5,-2379.762695,ROGALAND GP.,Lista Fm.,14.138388634,1.075527668,1.075527668,1.2720807791,2.3008708954,68.967132568,0.0,0.440918684,4.1742720604,118.7561264,47.792915344,12.250000954,0.0,0.0,0.0,0.0663732812,0.0,0.0,0.0,0.0,Shale,1
25/2-7,2407.3780006,479868.0,6641108.5,-2382.040527,ROGALAND GP.,Lista Fm.,13.98742485,1.3114085197,1.3114085197,1.5831493139,2.3143382072,59.311050415,0.0,0.3663254678,3.1049895287,117.80406189,46.876117706,12.250000954,0.0,0.0,0.0,0.00425915,0.0,0.0,0.0,0.0,Shale,1
25/2-7,2408.5940006,479867.9375,6641108.5,-2383.255127,ROGALAND GP.,Lista Fm.,13.843783379,1.3500168324,1.3500168324,1.6526722908,2.3534393311,59.892662048,0.0,0.3835866749,3.1198849678,102.92951965,46.901359558,12.250000954,0.0,0.0,0.0,0.0298513751,0.0,0.0,0.0,0.0,Shale,1
25/2-7,2409.2020006,479867.9375,6641108.5,-2383.862549,ROGALAND GP.,Lista Fm.,13.906001091,1.5861504078,1.5861504078,1.8933357,2.3362567425,57.08347702,0.0,0.3320963979,3.4144492149,97.376861572,47.08335495,12.250000954,0.0,0.0,0.0,0.0486678146,0.0,0.0,0.0,0.0,Shale,1
25/2-7,2416.3460006,479867.65625,6641108.0,-2390.999756,ROGALAND GP.,Lista Fm.,13.665235519,0.8969297409,0.8969297409,1.1816951036,2.3025157452,69.460952759,0.0,0.4488664567,3.9642734528,122.4654007,42.426757813,12.250000954,0.0,0.0,0.0,0.0243512597,0.0,0.0,0.0,0.0,Shale,1
25/2-7,2416.9540006,479867.625,6641108.0,-2391.607178,ROGALAND GP.,Lista Fm.,13.583932877,1.0193560123,1.0193560123,1.0643699169,2.2972466946,72.135261536,0.0,0.4484159946,3.408813715,122.27864838,42.01883316,12.250000954,0.0,0.0,0.0,0.0107260151,0.0,0.0,0.0,0.0,Shale,1
25/2-7,2417.5620006,479867.625,6641108.0,-2392.214355,ROGALAND GP.,Lista Fm.,14.147577286,1.0270906687,1.0270906687,1.2365632057,2.2708473206,88.499755859,0.0,0.4448475838,3.658313036,119.39652252,43.445705414,12.250000954,0.0,0.0,0.0,0.0161408056,0.0,0.0,0.0,0.0,Shale,1
25/2-7,2419.8420006,479867.53125,6641108.0,-2394.492188,ROGALAND GP.,Lista Fm.,13.55924511,0.9319455028,0.9319455028,1.319280982,2.214558363,70.897293091,0.0,0.4506901801,3.9431254864,114.24108887,46.156929016,12.250000954,0.0,0.0,0.0,0.0534924865,0.0,0.0,0.0,0.0,Limestone,1
25/2-7,2420.1460006,479867.53125,6641108.0,-2394.795898,ROGALAND GP.,Lista Fm.,13.538665771,0.896112144,0.896112144,1.2676820755,2.3001050949,71.970115662,0.0,0.4119082987,3.7132585049,113.72216034,45.590076447,12.250000954,0.0,0.0,0.0,0.004707918,0.0,0.0,0.0,0.0,Shale,1
25/2-7,2421.2100006,479867.5,6641108.0,-2395.858887,ROGALAND GP.,Lista Fm.,13.504922867,0.8552335501,0.8552335501,0.8465055823,2.0929031372,60.033130646,0.0,0.448150605,4.4362826347,120.85813904,48.845127106,12.250000954,0.0,0.0,0.0,0.0300633404,0.0,0.0,0.0,0.0,Shale,1
25/2-7,2421.3620006,479867.5,6641108.0,-2396.010742,ROGALAND GP.,Lista Fm.,13.688444138,0.7120566368,0.7120566368,0.8814736605,2.1039707661,58.330184937,0.0,0.5242143273,4.660838604,126.1359024,49.655704498,12.250000954,0.0,0.0,0.0,0.0574917383,0.0,0.0,0.0,0.0,Shale,1
25/2-7,2422.1220006,479867.46875,6641108.0,-2396.77002,ROGALAND GP.,Lista Fm.,14.277033806,1.4855585098,1.4855585098,1.0757427216,2.4436731339,48.001190186,0.0,0.2671285272,3.8001203537,68.445144653,50.951751709,12.250000954,0.0,0.0,0.0,0.0508053936,0.0,0.0,0.0,0.0,Limestone,1
25/2-7,2422.7300006,479867.4375,6641108.0,-2397.377441,ROGALAND GP.,Lista Fm.,13.937558174,1.1236175299,1.1236175299,1.2826297283,2.3221912384,62.141700745,0.0,0.3850598931,3.4447741508,118.27929688,48.821670532,12.250000954,0.0,0.0,0.0,0.009571719,0.0,0.0,0.0,0.0,Shale,1
25/2-7,2424.4020006,479867.375,6641108.0,-2399.047852,ROGALAND GP.,Lista Fm.,14.207485199,1.2839007378,1.2839007378,1.2210364342,2.205177784,67.241165161,0.0,0.4381194413,4.6496171951,104.48856354,48.796653748,12.250000954,0.0,0.0,0.0,0.0992848277,0.0,0.0,0.0,0.0,Shale,1
25/2-7,2430.7860006,479867.125,6641108.0,-2405.425537,ROGALAND GP.,Lista Fm.,14.241204262,1.21035707,1.21035707,1.2553672791,2.3109080791,74.012451172,0.0,0.4443053603,3.2002046108,110.19692993,48.552528381,12.250000954,0.0,0.0,0.0,0.0186428651,0.0,0.0,0.0,0.0,Shale,1
25/2-7,2431.3940006,479867.125,6641108.0,-2406.033203,ROGALAND GP.,Lista Fm.,13.965641022,1.1961314678,1.1961314678,1.4273942709,2.2754142284,79.280349731,0.0,0.4204492569,3.1540260315,119.88807678,50.189357758,12.250000954,0.0,0.0,0.0,0.0033261224,0.0,0.0,0.0,0.0,Shale,1
25/2-7,2434.8900006,479867.0,6641107.5,-2409.525635,ROGALAND GP.,Lista Fm.,13.926059723,1.0353862047,1.0353862047,1.1045907736,2.2888681889,71.537834167,0.0,0.4318989217,3.9013206959,116.26943207,50.191364288,12.250000954,0.0,0.0,0.0,0.0247342866,0.0,0.0,0.0,0.0,Shale,1
25/2-7,2436.1060006,479866.9375,6641107.5,-2410.740479,ROGALAND GP.,Lista Fm.,14.706756592,1.0157352686,1.0157352686,1.1147942543,2.2904729843,73.885978699,0.0,0.442473352,3.3330409527,115.84165955,46.176578522,12.250000954,0.0,0.0,0.0,0.0112635652,0.0,0.0,0.0,0.0,Shale,1
25/2-7,2439.9060006,479866.8125,6641107.5,-2414.536865,ROGALAND GP.,Lista Fm.,14.392436981,1.0700520277,1.0700520277,1.0728713274,2.3237946033,67.073631287,0.0,0.4283388257,3.9229309559,116.61515808,47.688018799,12.250000954,0.0,0.0,0.0,0.0421794541,0.0,0.0,0.0,0.0,Shale,1
25/2-7,2441.1220006,479866.75,6641107.5,-2415.751709,ROGALAND GP.,Lista Fm.,14.688934326,1.0648360252,1.0648360252,1.0769548416,2.3483190536,65.473937988,0.0,0.4456992745,3.4085509777,112.44098663,50.120128632,12.250000954,0.0,0.0,0.0,0.0420427434,0.0,0.0,0.0,0.0,Shale,1
25/2-7,2443.0980006,479866.6875,6641107.5,-2417.725586,ROGALAND GP.,Lista Fm.,15.010169029,0.9696309566,0.9696309566,1.0636354685,2.3291618824,62.75592804,0.0,0.4492322505,3.9318153858,114.76343536,48.233531952,12.250000954,0.0,0.0,0.0,0.0265113376,0.0,0.0,0.0,0.0,Shale,1
25/2-7,2443.8580006,479866.65625,6641107.5,-2418.484863,ROGALAND GP.,Lista Fm.,15.435850143,1.1720169783,1.1720169783,1.1507768631,2.2872235775,66.330718994,0.0,0.412430495,3.690682888,110.264534,50.46900177,12.250000954,0.0,0.0,0.0,0.0534430742,0.0,0.0,0.0,0.0,Shale,1
25/2-7,2445.5300006,479866.59375,6641107.5,-2420.155273,ROGALAND GP.,Lista Fm.,14.704811096,1.5339405537,1.5339405537,1.1019955873,2.2129123211,57.247104645,0.0,0.4249249697,3.8736841679,110.99633026,46.272914886,12.250000954,0.0,0.0,0.0,0.0512471758,0.0,0.0,0.0,0.0,Shale,1
25/2-7,2446.1380006,479866.59375,6641107.5,-2420.762695,ROGALAND GP.,Lista Fm.,15.061236382,0.9671479464,0.9671479464,1.3527451754,2.2707977295,62.18844223,0.0,0.4355491102,3.5519402027,116.66035461,46.640529633,12.250000954,0.0,0.0,0.0,0.0229274835,0.0,0.0,0.0,0.0,Shale,1
25/2-7,2450.6980006,479866.40625,6641107.5,-2425.318359,ROGALAND GP.,Lista Fm.,15.257948875,1.0990558863,1.0990558863,1.0988084078,2.2623708248,65.771957397,0.0,0.3931948543,3.3505151272,108.85536194,49.160987854,12.250000954,0.0,0.0,0.0,0.0183644239,0.0,0.0,0.0,0.0,Shale,1
25/2-7,2451.3060006,479866.40625,6641107.5,-2425.925781,ROGALAND GP.,Lista Fm.,15.199134827,1.0889773369,1.0889773369,1.2966839075,2.3973021507,57.006767273,0.0,0.3938907683,2.6825537682,107.62798309,46.55424118,12.250000954,0.0,0.0,0.0,0.0130170221,0.0,0.0,0.0,0.0,Shale,1
25/2-7,2452.0660006,479866.375,6641107.0,-2426.685059,ROGALAND GP.,Lista Fm.,15.050408363,1.3035986423,1.3035986423,1.4289602041,2.3603720665,67.276535034,0.0,0.3865966201,3.2267398834,109.56799316,47.151081085,12.250000954,0.0,0.0,0.0,0.0196411237,0.0,0.0,0.0,0.0,Shale,1
25/2-7,2453.2820006,479866.34375,6641107.0,-2427.900146,ROGALAND GP.,Lista Fm.,15.52980423,1.1822144985,1.1822144985,1.3242088556,2.3348231316,59.72505188,0.0,0.393104434,3.396073103,111.78450012,50.659973145,12.250000954,0.0,0.0,0.0,0.012562789,0.0,0.0,0.0,0.0,Shale,1
25/2-7,2453.7380006,479866.3125,6641107.0,-2428.355713,ROGALAND GP.,Lista Fm.,15.616014481,1.3065469265,1.3065469265,1.3153330088,2.3289511204,58.247817993,0.0,0.3651723266,3.1499545574,108.82871246,49.320114136,12.250000954,0.0,0.0,0.0,0.0027622432,0.0,0.0,0.0,0.0,Shale,1
25/2-7,2454.0420006,479866.3125,6641107.0,-2428.659424,ROGALAND GP.,Lista Fm.,15.90848732,1.3556870222,1.3556870222,1.3500961065,2.3318719864,60.317829132,0.0,0.3787021339,3.1519472599,108.97169495,47.903266907,12.250000954,0.0,0.0,0.0,0.0078719063,0.0,0.0,0.0,0.0,Shale,1
25/2-7,2454.9540006,479866.28125,6641107.0,-2429.570801,ROGALAND GP.,Lista Fm.,15.588394165,1.5241219997,1.5241219997,1.4256660938,2.3324840069,59.849582672,0.0,0.3279034197,3.1363904476,109.88702393,47.200206757,12.250000954,0.0,0.0,0.0,0.0029193384,0.0,0.0,0.0,0.0,Shale,1
25/2-7,2455.5620006,479866.28125,6641107.0,-2430.178467,ROGALAND GP.,Lista Fm.,15.371108055,1.2804274559,1.2804274559,1.4888805151,2.2713649273,63.7915802,0.0,0.4175694585,3.9351320267,114.16094971,48.107456207,12.250000954,0.0,0.0,0.0,0.0665356293,0.0,0.0,0.0,0.0,Shale,1
25/2-7,2455.7140006,479866.25,6641107.0,-2430.330322,ROGALAND GP.,Lista Fm.,15.711968422,1.3342553377,1.3342553377,1.4359952211,2.2818758488,61.258834839,0.0,0.4108456969,3.9477391243,115.64555359,48.722450256,12.250000954,0.0,0.0,0.0,0.0862201676,0.0,0.0,0.0,0.0,Shale,1
25/2-7,2459.8180006,479866.15625,6641107.0,-2434.432129,ROGALAND GP.,Lista Fm.,15.143940926,1.5848795176,1.5848795176,1.7558076382,2.252985239,57.431838989,0.0,0.4086454213,3.1785869598,85.173912048,49.671562195,12.250000954,0.0,0.0,0.0,0.0006715722,0.0,0.0,0.0,0.0,Shale,1
25/2-7,2461.7940006,479866.125,6641107.0,-2436.406982,ROGALAND GP.,Lista Fm.,16.359556198,2.1595785618,2.1595785618,1.9461615086,2.3392064571,52.974056244,0.0,0.2884414792,3.4410364628,100.12961578,48.78188324,12.250000954,0.0,0.0,0.0,0.0076032905,0.0,0.0,0.0,0.0,Shale,1
25/2-7,2464.0740006,479866.0625,6641107.0,-2438.685791,ROGALAND GP.,Lista Fm.,15.242721558,1.2625727654,1.2625727654,1.1872038841,2.0589087009,56.77532196,0.0,0.3433921933,3.6865470409,105.23220062,49.626171112,12.250000954,0.0,0.0,0.0,0.0282889735,0.0,0.0,0.0,0.0,Shale,1
25/2-7,2464.2260006,479866.0625,6641107.0,-2438.837646,ROGALAND GP.,Lista Fm.,15.149394989,1.2596929073,1.2596929073,1.1506347656,2.0200121403,52.590137482,0.0,0.3398797214,4.0021867752,104.18665314,49.96496582,12.250000954,0.0,0.0,0.0,0.0365951769,0.0,0.0,0.0,0.0,Sandstone,1
25/2-7,2470.0020006,479865.90625,6641107.0,-2444.610352,ROGALAND GP.,Lista Fm.,14.679869652,1.5738276243,1.5738276243,1.6378771067,2.3075551987,52.025260925,0.0,0.311948657,3.0932216644,100.08335114,49.420246124,12.250000954,0.0,0.0,0.0,0.0300643984,0.0,0.0,0.0,0.0,Sandstone,1
25/2-7,2470.7620006,479865.875,6641107.0,-2445.370117,ROGALAND GP.,Lista Fm.,14.25565815,1.0105656385,1.0105656385,1.0297486782,2.2563602924,66.44720459,0.0,0.3533791006,3.3926079273,116.26490021,49.270679474,12.250000954,0.0,0.0,0.0,0.0187597666,0.0,0.0,0.0,0.0,Shale,1
25/2-7,2474.1060006,479865.8125,6641106.5,-2448.712158,ROGALAND GP.,Lista Fm.,14.701273918,0.839826405,0.839826405,0.7699999809,2.2328231335,73.78666687,0.0,0.399510324,2.7437345982,120.89511108,49.928104401,12.250000954,0.0,0.0,0.0,0.0004115729,0.0,0.0,0.0,0.0,Shale,1
25/2-7,2479.1220006,479865.6875,6641106.5,-2453.725586,ROGALAND GP.,Vaale Fm.,14.721840858,0.8099450469,0.8099450469,0.7610110044,2.2500219345,73.626533508,0.0,0.4000873268,3.059180975,119.64705658,49.730464935,12.250000954,0.0,0.0,0.0,-0.000475271,0.0,0.0,0.0,0.0,Shale,1
25/2-7,2479.4260006,479865.65625,6641106.5,-2454.029297,ROGALAND GP.,Vaale Fm.,15.022610664,0.7586044073,0.7586044073,0.8188316226,2.2519459724,71.667655945,0.0,0.3815253675,3.5185911655,122.06398773,47.457733154,12.250000954,0.0,0.0,0.0,0.0159461163,0.0,0.0,0.0,0.0,Shale,1
25/2-7,2482.0100006,479865.59375,6641106.5,-2456.611816,ROGALAND GP.,Vaale Fm.,13.538229942,1.3870295286,1.3870295286,1.4176443815,2.3128740788,29.25976181,0.0,0.1939004809,2.3841793537,86.66632843,41.286102295,12.250000954,0.0,0.0,0.0,-0.001,0.0,0.0,0.0,0.0,Sandstone,1
25/2-7,2482.3140006,479865.59375,6641106.5,-2456.915771,ROGALAND GP.,Vaale Fm.,13.555001259,1.4519985914,1.4519985914,1.4132367373,2.3248946667,32.197349548,0.0,0.1954159439,2.4884650707,87.179573059,39.638160706,12.250000954,0.0,0.0,0.0,-0.005236751,0.0,0.0,0.0,0.0,Sandstone,1
25/2-7,2482.6180006,479865.59375,6641106.5,-2457.219482,ROGALAND GP.,Vaale Fm.,13.578000069,1.6122101545,1.6122101545,1.4385010004,2.3228824139,32.160236359,0.0,0.1985130012,2.6587488651,86.968162537,38.514690399,12.250000954,0.0,0.0,0.0,-0.006235061,0.0,0.0,0.0,0.0,Sandstone,1
25/2-7,2483.0740006,479865.59375,6641106.5,-2457.675293,ROGALAND GP.,Vaale Fm.,13.621523857,1.7676068544,1.7676068544,1.4469174147,2.3103518486,27.984235764,0.0,0.2209770977,2.5377933979,88.508460999,39.21723175,12.250000954,0.0,0.0,0.0,-0.004172328,0.0,0.0,0.0,0.0,Sandstone,1
25/2-7,2484.8980006,479865.53125,6641106.5,-2459.498291,ROGALAND GP.,Vaale Fm.,13.308220863,1.2728052139,1.2728052139,1.3038567305,2.2789742947,31.941005707,0.0,0.2290852815,2.2648365498,91.769218445,41.847419739,12.250000954,0.0,0.0,0.0,-0.008610324,0.0,0.0,0.0,0.0,Sandstone,1
25/2-7,2485.0500006,479865.53125,6641106.5,-2459.650146,ROGALAND GP.,Vaale Fm.,13.309797287,1.2804051638,1.2804051638,1.3326126337,2.2754020691,30.25932312,0.0,0.2236324102,2.266756773,92.325416565,41.149917603,12.250000954,0.0,0.0,0.0,-0.011,0.0,0.0,0.0,0.0,Sandstone,1
25/2-7,2487.7860006,479865.46875,6641106.5,-2462.384521,ROGALAND GP.,Vaale Fm.,15.041010857,0.8305273652,0.8305273652,0.8796437383,2.1553421021,46.395019531,0.0,0.4575727582,4.3952455521,119.20978546,51.801712036,12.250000954,0.0,0.0,0.0,0.0982910097,0.0,0.0,0.0,0.0,Shale,1
25/2-7,2487.9380006,479865.46875,6641106.5,-2462.536621,ROGALAND GP.,Vaale Fm.,15.680760384,0.8467843533,0.8467843533,0.8987360001,2.1917953491,48.405895233,0.0,0.4534154832,4.1104831696,119.54518127,51.606277466,12.250000954,0.0,0.0,0.0,0.0894796848,0.0,0.0,0.0,0.0,Shale,1
25/2-7,2488.6980006,479865.4375,6641106.5,-2463.296143,ROGALAND GP.,Vaale Fm.,15.8035326,1.0411063433,1.0411063433,0.957644105,2.2633461952,51.676433563,0.0,0.4003193676,3.2433302402,105.68064117,48.902374268,12.250000954,0.0,0.0,0.0,0.0246151146,0.0,0.0,0.0,0.0,Shale,1
25/2-7,2490.8260006,479865.375,6641106.5,-2465.422852,ROGALAND GP.,Vaale Fm.,14.390835762,0.9354028702,0.9354028702,1.1786003113,2.2489984035,56.089828491,0.0,0.3944796324,3.8612272739,113.60033417,53.478355408,12.250000954,0.0,0.0,0.0,0.0990963653,0.0,0.0,0.0,0.0,Shale,1
25/2-7,2492.4980006,479865.34375,6641106.5,-2467.094238,ROGALAND GP.,Vaale Fm.,14.739263535,1.2891542912,1.2891542912,1.4301546812,2.2767875195,55.850982666,0.0,0.3382672071,4.0215659142,107.23191071,46.840244293,12.250000954,0.0,0.0,0.0,0.0667778179,0.0,0.0,0.0,0.0,Sandstone,1
25/2-7,2494.3220006,479865.3125,6641106.5,-2468.917236,ROGALAND GP.,Vaale Fm.,14.556128502,0.9287533164,0.9287533164,0.933719635,2.2092366219,60.246711731,0.0,0.4316140413,3.6765713692,118.37382507,51.423812866,12.250000954,0.0,0.0,0.0,0.0360776745,0.0,0.0,0.0,0.0,Shale,1
25/2-7,2494.6260006,479865.28125,6641106.5,-2469.220947,ROGALAND GP.,Vaale Fm.,15.021406174,0.9752778411,0.9752778411,0.9268293381,2.1887023449,53.926395416,0.0,0.4264190495,3.6013615131,113.89927673,49.879909515,12.250000954,0.0,0.0,0.0,0.0216389261,0.0,0.0,0.0,0.0,Shale,1
25/2-7,2495.2340006,479865.28125,6641106.5,-2469.828369,ROGALAND GP.,Vaale Fm.,14.9325037,0.9287901521,0.9287901521,0.8782235384,2.1216819286,54.571575165,0.0,0.4159402847,3.7680158615,124.16771698,47.746131897,12.250000954,0.0,0.0,0.0,0.0546935871,0.0,0.0,0.0,0.0,Shale,1
25/2-7,2496.2980006,479865.25,6641106.5,-2470.89209,ROGALAND GP.,Vaale Fm.,14.961565971,1.1241589785,1.1241589785,1.3631950617,2.2839386463,58.194828033,0.0,0.3805685639,3.1161956787,118.49610138,49.826065063,12.250000954,0.0,0.0,0.0,0.0320288837,0.0,0.0,0.0,0.0,Shale,1
25/2-7,2499.4900006,479865.15625,6641106.0,-2474.082275,ROGALAND GP.,Vaale Fm.,15.330159187,1.1688227654,1.1688227654,1.3251914978,2.2664928436,49.774169922,0.0,0.3859106898,3.5525212288,106.58680725,51.551845551,12.250000954,0.0,0.0,0.0,0.0803687945,0.0,0.0,0.0,0.0,Shale,1
25/2-7,2500.8580006,479865.125,6641106.0,-2475.449463,ROGALAND GP.,Vaale Fm.,14.362668991,1.2113803625,1.2113803625,1.304158926,2.2922379971,62.6600914,0.0,0.3825894296,3.5483231544,104.28578186,51.138130188,12.250000954,0.0,0.0,0.0,0.0818411186,0.0,0.0,0.0,0.0,Shale,1
25/2-7,2505.1140006,479865.03125,6641106.0,-2479.703125,ROGALAND GP.,Vaale Fm.,15.329925537,0.9828352332,0.9828352332,1.5434160233,2.1914224625,47.191272736,0.0,0.4381705821,3.8272812366,100.00735474,48.758235931,12.250000954,0.0,0.0,0.0,0.0346863866,0.0,0.0,0.0,0.0,Shale,1
25/2-7,2505.2660006,479865.03125,6641106.0,-2479.85498,ROGALAND GP.,Vaale Fm.,15.50799942,0.9468809366,0.9468809366,1.5070648193,2.1971297264,47.327381134,0.0,0.4402252734,4.0132646561,110.81472778,48.90599823,12.250000954,0.0,0.0,0.0,0.0482130162,0.0,0.0,0.0,0.0,Shale,1
25/2-7,2505.5700006,479865.0,6641106.0,-2480.158936,ROGALAND GP.,Vaale Fm.,14.830645561,0.9928400517,0.9928400517,1.237529397,2.1449759007,52.525592804,0.0,0.4519725144,4.2114305496,113.51856995,49.732486725,12.250000954,0.0,0.0,0.0,0.0825514719,0.0,0.0,0.0,0.0,Shale,1
25/2-7,2506.3300006,479865.0,6641106.0,-2480.918701,ROGALAND GP.,Vaale Fm.,15.515962601,0.989630878,0.989630878,1.3478329182,2.2927978039,51.707256317,0.0,0.3779330254,3.365809679,118.19236755,52.069877625,12.250000954,0.0,0.0,0.0,0.0376939364,0.0,0.0,0.0,0.0,Shale,1
25/2-7,2506.4820006,479865.0,6641106.0,-2481.070313,ROGALAND GP.,Vaale Fm.,14.54856205,1.0154428482,1.0154428482,1.3091592789,2.3489665985,53.251712799,0.0,0.3920115829,3.2124683857,110.13959503,52.277336121,12.250000954,0.0,0.0,0.0,0.0594392903,0.0,0.0,0.0,0.0,Shale,1
25/2-7,2507.3940006,479864.96875,6641106.0,-2481.981934,ROGALAND GP.,Vaale Fm.,14.823360443,0.8108161092,0.8108161092,1.1109716892,2.3191883564,64.397888184,0.0,0.4138463736,4.2151737213,123.3527298,49.148487091,12.250000954,0.0,0.0,0.0,0.0450141467,0.0,0.0,0.0,0.0,Shale,1
25/2-7,2507.8500006,479864.96875,6641106.0,-2482.437988,ROGALAND GP.,Vaale Fm.,15.748465538,1.1183613539,1.1183613539,1.0338441133,2.3994517326,50.679340363,0.0,0.3187231719,3.3166110516,103.16871643,47.591293335,12.250000954,0.0,0.0,0.0,0.0081327846,0.0,0.0,0.0,0.0,Shale,1
25/2-7,2509.0660006,479864.9375,6641106.0,-2483.653076,ROGALAND GP.,Vaale Fm.,14.712321281,0.8269444704,0.8269444704,0.9090774059,2.105247736,57.230167389,0.0,0.4449636638,3.6321823597,124.97024536,50.520839691,12.250000954,0.0,0.0,0.0,0.0063251466,0.0,0.0,0.0,0.0,Shale,1
25/2-7,2510.8900006,479864.875,6641106.0,-2485.476318,ROGALAND GP.,Vaale Fm.,14.191445351,2.3291013241,2.3291013241,2.2257823944,2.0866286755,40.353679657,0.0,0.2835270762,5.1197800636,82.413467407,47.875,12.250000954,0.0,0.0,0.0,0.0741960406,0.0,0.0,0.0,0.0,Sandstone,1
25/2-7,2517.4260006,479864.71875,6641106.0,-2492.009277,ROGALAND GP.,Vaale Fm.,15.095698357,0.9332772493,0.9332772493,1.1231333017,2.2084374428,62.200115204,0.0,0.4231382608,3.3781294823,117.31987,46.692966461,12.250000954,0.0,0.0,0.0,0.0486406498,0.0,0.0,0.0,0.0,Shale,2
25/2-7,2518.4900006,479864.71875,6641106.0,-2493.072754,ROGALAND GP.,Vaale Fm.,13.507291794,3.3020727634,3.3020727634,2.6026058197,2.4745123386,26.68362236,0.0,0.166864574,4.4122428894,80.178153992,49.021808624,12.250000954,0.0,0.0,0.0,0.0009331011,0.0,0.0,0.0,0.0,Shale,2
25/2-7,2519.8580006,479864.65625,6641106.0,-2494.440186,ROGALAND GP.,Vaale Fm.,14.405899048,1.6433979273,1.6433979273,1.9739049673,2.2975375652,46.499164581,0.0,0.3974599838,4.1441488266,99.861503601,46.338165283,12.250000954,0.0,0.0,0.0,0.0844292417,0.0,0.0,0.0,0.0,Shale,2
25/2-7,2524.2660006,479864.5625,6641105.5,-2498.846436,ROGALAND GP.,Vaale Fm.,13.812804222,2.4756197929,2.4756197929,2.0676012039,2.2841229439,36.625228882,0.0,0.2194803804,4.5036811829,77.612419128,47.211502075,12.250000954,0.0,0.0,0.0,0.0450000018,0.0,0.0,0.0,0.0,Marl,2
25/2-7,2525.9380006,479864.53125,6641105.5,-2500.517822,ROGALAND GP.,Vaale Fm.,13.742292404,1.4335223436,1.4335223436,1.9260497093,2.2019364834,50.832012177,0.0,0.3261280954,4.4853010178,91.658996582,48.424728394,12.250000954,0.0,0.0,0.0,0.1029362604,0.0,0.0,0.0,0.0,Marl,2
25/2-7,2526.2420006,479864.53125,6641105.5,-2500.821777,ROGALAND GP.,Vaale Fm.,14.025496483,1.1109184027,1.1109184027,1.4411126375,2.2477574348,52.730587006,0.0,0.4070560336,3.9523177147,112.19084167,47.751720428,12.250000954,0.0,0.0,0.0,0.1156302616,0.0,0.0,0.0,0.0,Marl,2
25/2-7,2526.3940006,479864.53125,6641105.5,-2500.973633,ROGALAND GP.,Vaale Fm.,13.905758858,1.1306521893,1.1306521893,1.3035818338,2.2683980465,54.234729767,0.0,0.4085065126,3.8329751492,115.30714417,47.474849701,12.250000954,0.0,0.0,0.0,0.1131438017,0.0,0.0,0.0,0.0,Marl,2
25/2-7,2526.8500006,479864.53125,6641105.5,-2501.429443,ROGALAND GP.,Vaale Fm.,13.927719116,1.3394284248,1.3394284248,1.5522696972,2.3940527439,48.32036972,0.0,0.366969794,4.5303497314,109.54616547,47.69196701,12.250000954,0.0,0.0,0.0,-0.000190457,0.0,0.0,0.0,0.0,Shale,2
25/2-7,2530.0420006,479864.4375,6641105.5,-2504.620117,ROGALAND GP.,Vaale Fm.,13.580916405,1.4294116497,1.4294116497,1.7965292931,2.1927900314,45.617641449,0.0,0.3395808935,5.196164608,86.260070801,49.96377182,12.250000954,0.0,0.0,0.0,0.1055629924,0.0,0.0,0.0,0.0,Marl,1
25/2-7,2532.1700006,479864.40625,6641105.5,-2506.747314,ROGALAND GP.,Vaale Fm.,13.70717144,1.2482874393,1.2482874393,1.4186109304,2.1980543137,57.857463837,0.0,0.3932347596,5.5701055527,102.01810455,50.49678421,12.250000954,0.0,0.0,0.0,0.1162945107,0.0,0.0,0.0,0.0,Marl,1
25/2-7,2535.5140006,479864.34375,6641105.5,-2510.090088,ROGALAND GP.,Vaale Fm.,12.812196732,2.9037206173,2.9037206173,2.5493929386,2.5720000267,26.616628647,0.0,0.1293900013,4.2158727646,70.074668884,42.184024811,12.250000954,0.0,0.0,0.0,-0.00475019,0.0,0.0,0.0,0.0,Marl,1
25/2-7,2535.8180006,479864.3125,6641105.5,-2510.394043,ROGALAND GP.,Vaale Fm.,12.663999557,3.5951344967,3.5951344967,2.6294488907,2.4798612595,28.747901917,0.0,0.1174281612,4.9917731285,72.516777039,41.336994171,12.250000954,0.0,0.0,0.0,-0.006208166,0.0,0.0,0.0,0.0,Limestone,1
25/2-7,2536.1220006,479864.3125,6641105.5,-2510.697754,ROGALAND GP.,Vaale Fm.,12.767920494,2.4275403023,2.4275403023,2.6956586838,2.3750686646,33.538963318,0.0,0.2270307392,4.7873911858,81.6485672,41.004291534,12.250000954,0.0,0.0,0.0,-0.011551512,0.0,0.0,0.0,0.0,Marl,1
25/2-7,2537.3380006,479864.28125,6641105.5,-2511.91333,ROGALAND GP.,Vaale Fm.,12.593999863,3.6821157932,3.6821157932,2.9726486206,2.5090198517,27.869735718,0.0,0.1737741679,3.9989478588,77.060150146,44.310966492,12.250000954,0.0,0.0,0.0,0.0044506541,0.0,0.0,0.0,0.0,Marl,1
25/2-7,2540.5300006,479864.21875,6641105.5,-2515.104004,ROGALAND GP.,Vaale Fm.,12.737190247,3.9277546406,3.9277546406,2.768197298,2.5516839027,26.465351105,0.0,0.1802469641,4.124420166,77.468383789,43.720256805,12.250000954,0.0,0.0,0.0,0.0067849397,0.0,0.0,0.0,0.0,Marl,1
25/2-7,2542.8100006,479864.1875,6641105.5,-2517.383301,ROGALAND GP.,Vaale Fm.,12.598507881,3.8512773514,3.8512773514,4.1213793755,2.5776138306,22.453954697,0.0,0.1110187918,4.5272130966,75.443618774,40.376163483,12.250000954,0.0,0.0,0.0,-0.011420793,0.0,0.0,0.0,0.0,Marl,1
25/2-7,2543.8740006,479864.15625,6641105.5,-2518.446777,ROGALAND GP.,Vaale Fm.,12.534116745,3.227339983,3.227339983,2.6932017803,2.2531313896,31.877019882,0.0,0.1474265605,4.9166312218,66.438499451,44.518573761,12.250000954,0.0,0.0,0.0,0.009178062,0.0,0.0,0.0,0.0,Marl,1
25/2-7,2546.0020006,479864.09375,6641105.5,-2520.573975,ROGALAND GP.,Vaale Fm.,12.447778702,6.3967871666,6.3967871666,6.3225121498,2.5139446259,18.566699982,0.0,0.0912473053,4.6088242531,63.916965485,41.1929245,12.250000954,0.0,0.0,0.0,-0.015563522,0.0,0.0,0.0,0.0,Marl,1
25/2-7,2547.0660006,479864.09375,6641105.5,-2521.637451,ROGALAND GP.,Vaale Fm.,12.430000305,5.1223902702,5.1223902702,4.8374867439,2.594933033,22.150529861,0.0,0.1388831884,4.6257739067,72.284812927,44.999435425,12.250000954,0.0,0.0,0.0,-0.001330142,0.0,0.0,0.0,0.0,Marl,1
25/2-7,2547.3700006,479864.0625,6641105.5,-2521.94165,ROGALAND GP.,Vaale Fm.,12.424806595,6.8297257423,6.8297257423,4.433350563,2.5569999218,21.477653503,0.0,0.0993162766,4.8452291489,69.055435181,45.248390198,12.250000954,0.0,0.0,0.0,0.0063331015,0.0,0.0,0.0,0.0,Marl,1
25/2-7,2549.4980006,479864.03125,6641105.5,-2524.068604,ROGALAND GP.,Vaale Fm.,13.687999725,1.2206428051,1.2206428051,1.7258400917,2.1479671001,63.04001236,0.0,0.3927075267,4.6208148003,98.13583374,46.495914459,12.250000954,0.0,0.0,0.0,0.0945934206,0.0,0.0,0.0,0.0,Marl,1
25/2-7,2550.4100006,479864.0,6641105.5,-2524.980225,ROGALAND GP.,Vaale Fm.,13.50934124,1.0364736319,1.0364736319,1.234660387,2.284535408,58.782428741,0.0,0.4438499808,5.0075030327,120.86502075,48.977363586,12.250000954,0.0,0.0,0.0,0.0842774436,0.0,0.0,0.0,0.0,Shale,1
25/2-7,2551.9300006,479863.96875,6641105.0,-2526.499756,ROGALAND GP.,Vaale Fm.,12.558316231,1.8057798147,1.8057798147,4.1912455559,2.3210730553,39.385543823,0.0,0.3166275024,4.9131913185,97.799095154,43.655506134,12.250000954,0.0,0.0,0.0,0.0997003317,0.0,0.0,0.0,0.0,Shale,1
25/2-7,2556.7940006,479863.875,6641105.0,-2531.361816,ROGALAND GP.,Vaale Fm.,12.358999252,8.5156831741,8.5156831741,3.2274389267,2.5066645145,20.097314835,0.0,0.0687742904,5.2616848946,58.221340179,49.117519379,12.250000954,0.0,0.0,0.0,0.0200555492,0.0,0.0,0.0,0.0,Limestone,1
25/2-7,2559.9860006,479863.8125,6641105.0,-2534.552734,ROGALAND GP.,Vaale Fm.,13.338850975,2.5835745335,2.5835745335,2.7394709587,2.6008043289,25.944946289,0.0,0.1373870075,4.3666024208,73.548553467,46.590232849,12.250000954,0.0,0.0,0.0,0.0592611432,0.0,0.0,0.0,0.0,Marl,1
25/2-7,2561.9620006,479863.75,6641105.0,-2536.527588,ROGALAND GP.,Vaale Fm.,12.516000748,4.1686472893,4.1686472893,2.4470982552,2.5172204971,20.189163208,0.0,0.1110885739,4.1295723915,75.235115051,44.071884155,12.250000954,0.0,0.0,0.0,-0.013619013,0.0,0.0,0.0,0.0,Marl,1
25/2-7,2563.1780006,479863.71875,6641105.0,-2537.743408,ROGALAND GP.,Vaale Fm.,14.026651382,2.1169557571,2.1169557571,2.9760272503,2.4507660866,35.328170776,0.0,0.197600469,5.0248618126,81.485664368,43.637454987,12.250000954,0.0,0.0,0.0,-0.012771406,0.0,0.0,0.0,0.0,Marl,1
25/2-7,2563.3300006,479863.71875,6641105.0,-2537.895264,ROGALAND GP.,Vaale Fm.,14.128565788,2.9098730087,2.9098730087,2.5463142395,2.2505433559,33.947868347,0.0,0.1602265835,5.6495451927,77.643241882,43.857189178,12.250000954,0.0,0.0,0.0,-0.026508294,0.0,0.0,0.0,0.0,Marl,1
25/2-7,2563.4820006,479863.71875,6641105.0,-2538.047119,ROGALAND GP.,Vaale Fm.,14.69161129,3.1356303692,3.1356303692,2.3293337822,2.0252997875,36.074707031,0.0,0.193507731,6.2204880714,77.764770508,43.445362091,12.250000954,0.0,0.0,0.0,-0.015782181,0.0,0.0,0.0,0.0,Marl,1
25/2-7,2564.5460006,479863.6875,6641105.0,-2539.110596,ROGALAND GP.,Vaale Fm.,13.011422157,1.8808664083,1.8808664083,2.6854462624,2.459679842,35.762447357,0.0,0.3620375693,3.8212730885,96.232933044,40.431423187,12.250000954,0.0,0.0,0.0,0.0334417149,0.0,0.0,0.0,0.0,Shale,1
25/2-7,2567.2820006,479863.65625,6641105.0,-2541.845703,ROGALAND GP.,Vaale Fm.,12.452560425,10.25532341,10.25532341,2.5927615166,2.5763440132,22.020713806,0.0,0.0622620806,4.9511404037,61.649951935,39.640537262,12.250000954,0.0,0.0,0.0,-0.002114668,0.0,0.0,0.0,0.0,Limestone,1
25/2-7,2567.4340006,479863.625,6641105.0,-2541.997803,ROGALAND GP.,Vaale Fm.,12.453000069,6.8040328026,6.8040328026,3.4682142735,2.5613205433,20.56703949,0.0,0.1007149071,4.9010658264,58.758724213,39.746932983,12.250000954,0.0,0.0,0.0,-0.001021368,0.0,0.0,0.0,0.0,Limestone,1
25/2-7,2567.7380006,479863.625,6641105.0,-2542.301514,ROGALAND GP.,Vaale Fm.,12.460781097,4.1031346321,4.1031346321,4.0321345329,2.5818350315,18.985984802,0.0,0.1360958815,4.9664335251,64.92275238,40.193439484,12.250000954,0.0,0.0,0.0,-0.008807617,0.0,0.0,0.0,0.0,Marl,1
25/2-7,2567.8900006,479863.625,6641105.0,-2542.453369,ROGALAND GP.,Vaale Fm.,12.461001396,4.9641056061,4.9641056061,3.584448576,2.5897619724,20.499015808,0.0,0.1111196578,5.1528124809,67.654884338,40.914493561,12.250000954,0.0,0.0,0.0,-0.009,0.0,0.0,0.0,0.0,Marl,1
25/2-7,2568.8020006,479863.59375,6641105.0,-2543.365234,ROGALAND GP.,Vaale Fm.,14.067217827,1.2617201805,1.2617201805,1.4856650829,2.0895903111,47.890457153,0.0,0.3528104126,5.9427571297,108.30092621,43.419998169,12.250000954,0.0,0.0,0.0,0.1446605921,0.0,0.0,0.0,0.0,Shale,1
25/2-7,2570.0180006,479863.59375,6641105.0,-2544.580811,ROGALAND GP.,Vaale Fm.,12.669157982,3.8413424492,3.8413424492,2.7668149471,2.2656083107,26.901981354,0.0,0.1673414409,5.6742534637,76.311798096,41.312999725,12.250000954,0.0,0.0,0.0,-0.019743396,0.0,0.0,0.0,0.0,Shale,1
25/2-7,2573.6660006,479863.5,6641105.0,-2548.227295,ROGALAND GP.,Vaale Fm.,12.505508423,6.2246174812,6.2246174812,7.1358633041,2.5987794399,19.761890411,0.0,0.0602150932,4.7189087868,62.803070068,38.437999725,12.250000954,0.0,0.0,0.0,0.000519625,0.0,0.0,0.0,0.0,Marl,1
25/2-7,2573.8180006,479863.5,6641105.0,-2548.379395,ROGALAND GP.,Vaale Fm.,12.406000137,6.5154399872,6.5154399872,6.648706913,2.5962643623,17.276599884,0.0,0.0648498088,4.2854757309,64.911369324,38.546478271,12.250000954,0.0,0.0,0.0,-0.00347135,0.0,0.0,0.0,0.0,Marl,1
25/2-7,2576.7060006,479863.4375,6641105.0,-2551.266113,ROGALAND GP.,Vaale Fm.,12.652249336,5.9608469009,5.9608469009,4.0735049248,2.5974514484,18.248027802,0.0,0.0948549062,4.4857778549,67.767318726,38.096931458,12.250000954,0.0,0.0,0.0,-0.005274221,0.0,0.0,0.0,0.0,Marl,1
25/2-7,2576.8580006,479863.4375,6641105.0,-2551.417969,ROGALAND GP.,Vaale Fm.,12.653224945,6.1355342865,6.1355342865,4.2471437454,2.5959999561,16.781934738,0.0,0.1004237905,4.3448791504,67.246955872,37.96112442,12.250000954,0.0,0.0,0.0,-0.006814993,0.0,0.0,0.0,0.0,Marl,1
25/2-7,2577.4660006,479863.40625,6641105.0,-2552.025879,ROGALAND GP.,Vaale Fm.,12.694999695,5.5354180336,5.5354180336,4.3019576073,2.5815649033,27.503572464,0.0,0.1250234246,4.2605018616,69.438064575,38.800674438,12.250000954,0.0,0.0,0.0,-0.009586855,0.0,0.0,0.0,0.0,Marl,1
25/2-7,2583.0900006,479863.28125,6641104.5,-2557.647705,ROGALAND GP.,Vaale Fm.,12.571205139,3.1590893269,3.1590893269,4.5741443634,2.3631966114,28.34233284,0.0,0.1110767424,4.9671750069,66.574256897,42.872291565,12.250000954,0.0,0.0,0.0,0.0898811445,0.0,0.0,0.0,0.0,Limestone,2
25/2-7,2584.9140006,479863.25,6641104.5,-2559.470947,ROGALAND GP.,Vaale Fm.,14.071953773,2.293751955,2.293751955,2.2270829678,2.1958653927,31.481433868,0.0,0.2235224098,6.2407183647,90.148681641,47.07151413,12.250000954,0.0,0.0,0.0,-0.011675876,0.0,0.0,0.0,0.0,Shale,2
25/2-7,2586.8900006,479863.21875,6641104.5,-2561.446045,ROGALAND GP.,Vaale Fm.,13.416538239,1.2263343334,1.2263343334,1.1631338596,1.9416021109,53.390964508,0.0,0.422088623,5.8849740028,109.02944946,44.042819977,12.250000954,0.0,0.0,0.0,0.0778975487,0.0,0.0,0.0,0.0,Shale,2
25/2-7,2589.4740006,479863.15625,6641104.5,-2564.029297,SHETLAND GP.,Vaale Fm.,12.497803688,3.5123493671,3.5123493671,3.3803396225,2.5650269985,19.485977173,0.0,0.147763744,4.8756899834,86.147834778,42.339138031,12.250000954,0.0,0.0,0.0,0.0072394479,0.0,0.0,0.0,0.0,Marl,2
25/2-7,2589.9300006,479863.15625,6641104.5,-2564.484863,SHETLAND GP.,Vaale Fm.,12.390999794,11.479939461,11.479939461,5.8093919754,2.6552667618,15.233465195,0.0,0.0617212653,4.8350396156,61.251411438,43.056282043,12.250000954,0.0,0.0,0.0,-0.008535512,0.0,0.0,0.0,0.0,Limestone,2
25/2-7,2590.9940006,479863.125,6641104.5,-2565.54834,SHETLAND GP.,Vaale Fm.,14.078351974,1.331836462,1.331836462,2.5884354115,2.3025078773,37.737632751,0.0,0.3372887075,5.4373445511,104.31447601,44.375202179,12.250000954,0.0,0.0,0.0,0.0130032515,0.0,0.0,0.0,0.0,Marl,2
25/2-7,2591.9060006,479863.09375,6641104.5,-2566.460205,SHETLAND GP.,Vaale Fm.,12.434441566,13.01629734,13.01629734,7.070145607,2.5853486061,11.33393383,0.0,0.0894038677,4.483900547,61.654655457,37.042255402,12.250000954,0.0,0.0,0.0,-0.007106822,0.0,0.0,0.0,0.0,Marl,2
25/2-7,2595.2500006,479863.03125,6641104.5,-2569.802979,SHETLAND GP.,Vaale Fm.,12.398535728,10.034606934,10.034606934,8.5971431732,2.6220047474,14.587236404,0.0,0.0747120157,4.5182394981,65.769355774,31.689199448,12.250000954,0.0,0.0,0.0,-0.011,0.0,0.0,0.0,0.0,Limestone,2
25/2-7,2595.8580006,479863.03125,6641104.5,-2570.410645,SHETLAND GP.,Vaale Fm.,12.398304939,12.189881325,12.189881325,8.9666652679,2.6328959465,15.106489182,0.0,0.064267233,4.611582756,63.459835052,31.807621002,12.250000954,0.0,0.0,0.0,0.0014869929,0.0,0.0,0.0,0.0,Limestone,2
25/2-7,2596.1620006,479863.0,6641104.5,-2570.7146,SHETLAND GP.,Vaale Fm.,12.398775101,12.289256096,12.289256096,9.3490619659,2.630926609,14.173464775,0.0,0.0598239899,4.810628891,62.515399933,32.551036835,12.250000954,0.0,0.0,0.0,-0.001,0.0,0.0,0.0,0.0,Limestone,2
25/2-7,2596.6180006,479863.0,6641104.5,-2571.170166,SHETLAND GP.,Vaale Fm.,12.398900986,10.009642601,10.009642601,9.8741912842,2.6400535107,16.328598022,0.0,0.0560275391,4.8301320076,63.419555664,34.85496521,12.250000954,0.0,0.0,0.0,-0.007419858,0.0,0.0,0.0,0.0,Limestone,2
25/2-7,2599.9620006,479862.9375,6641104.5,-2574.512939,SHETLAND GP.,Vaale Fm.,12.630677223,3.493324995,3.493324995,3.6538999081,2.3898224831,28.975782394,0.0,0.1551619619,5.6986045837,81.279693604,41.998447418,12.250000954,0.0,0.0,0.0,0.0784441382,0.0,0.0,0.0,0.0,Marl,2
25/2-7,2601.4820006,479862.90625,6641104.5,-2576.032471,SHETLAND GP.,Vaale Fm.,13.73127079,2.2608888149,2.2608888149,1.6556550264,2.153134346,46.676696777,0.0,0.3709208071,5.4045519829,103.16571808,50.509799957,12.250000954,0.0,0.0,0.0,0.0833723322,0.0,0.0,0.0,0.0,Shale,2
25/2-7,2602.5460006,479862.875,6641104.5,-2577.095947,SHETLAND GP.,Vaale Fm.,13.265885353,9.0940704346,9.0940704346,3.0694434643,2.6001856327,22.766178131,0.0,0.1116129458,5.5081181526,75.026679993,53.669788361,12.250000954,0.0,0.0,0.0,0.0720197931,0.0,0.0,0.0,0.0,Limestone,2
25/2-7,2602.8500006,479862.875,6641104.5,-2577.399902,SHETLAND GP.,Vaale Fm.,12.696206093,48.818523407,48.818523407,3.0437178612,2.4350962639,21.376426697,0.0,0.0486272462,5.1388802528,58.146530151,56.316730499,12.250000954,0.0,0.0,0.0,0.003168249,0.0,0.0,0.0,0.0,Limestone,2
25/2-7,2604.6740006,479862.84375,6641104.5,-2579.223145,SHETLAND GP.,Vaale Fm.,12.953186035,2.8966062069,2.8966062069,2.3924329281,2.4800441265,34.814697266,0.0,0.2707896531,5.2341737747,85.150665283,57.125850677,12.250000954,0.0,0.0,0.0,0.0699558407,0.0,0.0,0.0,0.0,Marl,1
25/2-7,2604.9780006,479862.8125,6641104.5,-2579.5271,SHETLAND GP.,Vaale Fm.,12.574067116,3.1414573193,3.1414573193,2.5526950359,2.5053048134,32.571910858,0.0,0.2140064687,5.601524353,80.766700745,57.332355499,12.250000954,0.0,0.0,0.0,0.0086940266,0.0,0.0,0.0,0.0,Marl,1
25/2-7,2605.2820006,479862.8125,6641104.5,-2579.831055,SHETLAND GP.,Vaale Fm.,12.465298653,2.6492609978,2.6492609978,2.6033806801,2.3422279358,29.761432648,0.0,0.1712370068,6.1426372528,78.349906921,57.986400604,12.250000954,0.0,0.0,0.0,0.0571633801,0.0,0.0,0.0,0.0,Marl,1
25/2-7,2607.2580006,479862.78125,6641104.5,-2581.806152,SHETLAND GP.,Vaale Fm.,12.453000069,11.149900436,11.149900436,8.4620599747,2.5884678364,18.112361908,0.0,0.0459247604,4.8728151321,59.598243713,56.31545639,12.250000954,0.0,0.0,0.0,-0.013495769,0.0,0.0,0.0,0.0,Limestone,1
25/2-7,2608.9300006,479862.75,6641104.0,-2583.477539,SHETLAND GP.,Vaale Fm.,12.339819908,20.348264694,20.348264694,12.061653137,2.6559100151,15.37875843,0.0,0.0397156514,4.3694419861,59.319137573,47.051589966,12.250000954,0.0,0.0,0.0,-0.002567512,0.0,0.0,0.0,0.0,Limestone,1
25/2-7,2611.0580006,479862.6875,6641104.0,-2585.604736,SHETLAND GP.,Vaale Fm.,12.437999725,17.942983627,17.942983627,15.884652138,2.6455397606,17.074192047,0.0,0.0564787947,5.3008165359,63.082099915,30.14361763,12.250000954,0.0,0.0,0.0,-0.007894683,0.0,0.0,0.0,0.0,Limestone,1
25/2-7,2615.9220006,479862.59375,6641104.0,-2590.466797,SHETLAND GP.,Vaale Fm.,12.640999794,18.586381912,18.586381912,11.042939186,2.6002805233,16.578207016,0.0,0.052628465,5.318526268,60.313854218,35.712654114,12.250000954,0.0,0.0,0.0,0.0233842079,0.0,0.0,0.0,0.0,Limestone,1
25/2-7,2616.8340006,479862.5625,6641104.0,-2591.378418,SHETLAND GP.,Vaale Fm.,12.563874245,18.353168488,18.353168488,11.894554138,2.6421225071,13.657771111,0.0,0.0331999995,4.4911994934,60.49168396,34.445743561,12.250000954,0.0,0.0,0.0,-0.011500374,0.0,0.0,0.0,0.0,Limestone,1
25/2-7,2619.1140006,479862.5,6641104.0,-2593.657715,SHETLAND GP.,Vaale Fm.,12.642272949,16.30232811,16.30232811,6.4047079086,2.631000042,20.228225708,0.0,0.0359618552,4.8533725739,59.799713135,40.542423248,12.250000954,0.0,0.0,0.0,0.0023576028,0.0,0.0,0.0,0.0,Limestone,1
25/2-7,2621.0900006,479862.46875,6641104.0,-2595.632813,SHETLAND GP.,Vaale Fm.,13.138011932,2.7210688591,2.7210688591,3.4646391869,2.6132028103,29.694374084,0.0,0.1971457601,4.746931076,81.086723328,38.278549194,12.250000954,0.0,0.0,0.0,0.0084421989,0.0,0.0,0.0,0.0,Marl,1
25/2-7,2621.6980006,479862.46875,6641104.0,-2596.240479,SHETLAND GP.,Vaale Fm.,12.836640358,4.0572290421,4.0572290421,3.5861723423,2.6329197884,26.117826462,0.0,0.1634345502,4.2266359329,76.807731628,40.800102234,12.250000954,0.0,0.0,0.0,-0.000959919,0.0,0.0,0.0,0.0,Marl,1
25/2-7,2622.4580006,479862.4375,6641104.0,-2597.000244,SHETLAND GP.,Vaale Fm.,12.859000206,4.5299143791,4.5299143791,4.3687696457,2.6078305244,28.729358673,0.0,0.1293636262,4.4464273453,70.737319946,43.246601105,12.250000954,0.0,0.0,0.0,-0.005809626,0.0,0.0,0.0,0.0,Marl,1
25/2-7,2622.6100006,479862.4375,6641104.0,-2597.152344,SHETLAND GP.,Vaale Fm.,12.859599113,4.3450570107,4.3450570107,4.2888007164,2.5653266907,30.729948044,0.0,0.1284564137,4.5174098015,71.40184021,43.103176117,12.250000954,0.0,0.0,0.0,0.0017980771,0.0,0.0,0.0,0.0,Marl,1
25/2-7,2627.3220006,479862.34375,6641104.0,-2601.862305,SHETLAND GP.,Vaale Fm.,12.460551262,15.878707886,15.878707886,12.900087357,2.6333372593,15.13151741,0.0,0.0622573979,4.2535395622,61.305774689,25.862197876,12.250000954,0.0,0.0,0.0,-0.013775093,0.0,0.0,0.0,0.0,Limestone,1
25/2-7,2627.4740006,479862.34375,6641104.0,-2602.014404,SHETLAND GP.,Vaale Fm.,12.461001396,16.995931625,16.995931625,13.128341675,2.6254799366,16.411396027,0.0,0.0523748957,4.479763031,61.038124084,24.872989655,12.250000954,0.0,0.0,0.0,-0.016820032,0.0,0.0,0.0,0.0,Limestone,1
25/2-7,2627.6260006,479862.34375,6641104.0,-2602.16626,SHETLAND GP.,Vaale Fm.,12.45349884,17.501823425,17.501823425,13.170067787,2.6212494373,14.58061409,0.0,0.0522194505,4.7947688103,61.018417358,24.812999725,12.250000954,0.0,0.0,0.0,-0.013249369,0.0,0.0,0.0,0.0,Limestone,1
25/2-7,2627.7780006,479862.3125,6641104.0,-2602.318359,SHETLAND GP.,Vaale Fm.,12.460484505,17.82378006,17.82378006,13.566739082,2.6228706837,14.395005226,0.0,0.0526989922,5.003153801,60.83147049,25.514551163,12.250000954,0.0,0.0,0.0,-0.013,0.0,0.0,0.0,0.0,Limestone,1
25/2-7,2628.0820006,479862.3125,6641104.0,-2602.62207,SHETLAND GP.,Vaale Fm.,12.461001396,19.810592651,19.810592651,14.556745529,2.6344351768,13.407731056,0.0,0.0512283184,5.0232200623,60.14466095,25.920349121,12.250000954,0.0,0.0,0.0,-0.017646994,0.0,0.0,0.0,0.0,Limestone,1
25/2-7,2628.3860006,479862.3125,6641104.0,-2602.926025,SHETLAND GP.,Vaale Fm.,12.461001396,22.34044838,22.34044838,16.769231796,2.6456236839,12.85061264,0.0,0.0463408306,4.9295735359,59.905715942,25.5,12.250000954,0.0,0.0,0.0,-0.010300907,0.0,0.0,0.0,0.0,Limestone,2
25/2-7,2629.1460006,479862.28125,6641104.0,-2603.685547,SHETLAND GP.,Vaale Fm.,12.461001396,22.13271904,22.13271904,9.2321453094,2.5575203896,14.196325302,0.0,0.0617086589,5.4911165237,59.319316864,24.171434402,12.250000954,0.0,0.0,0.0,-0.007911889,0.0,0.0,0.0,0.0,Limestone,2
25/2-7,2629.6020006,479862.28125,6641104.0,-2604.141602,SHETLAND GP.,Vaale Fm.,12.643167496,4.3016619682,4.3016619682,5.846321106,2.1975085735,31.528718948,0.0,0.1648319662,5.7696881294,68.887252808,23.75,12.250000954,0.0,0.0,0.0,-0.027938684,0.0,0.0,0.0,0.0,Marl,2
25/2-7,2630.2100006,479862.28125,6641104.0,-2604.749268,SHETLAND GP.,Vaale Fm.,12.763055801,10.574234009,10.574234009,4.5134072304,2.6608939171,15.49477005,0.0,0.140223667,4.8964276314,72.87587738,22.66966629,12.250000954,0.0,0.0,0.0,0.0014644432,0.0,0.0,0.0,0.0,Marl,2
25/2-7,2631.1220006,479862.25,6641104.0,-2605.660889,SHETLAND GP.,Vaale Fm.,12.516000748,13.757683754,13.757683754,10.831175804,2.6502444744,13.420641899,0.0,0.0542479083,5.2027821541,60.452384949,24.063873291,12.250000954,0.0,0.0,0.0,-0.012611263,0.0,0.0,0.0,0.0,Limestone,2
25/2-7,2633.5540006,479862.1875,6641104.0,-2608.091797,SHETLAND GP.,Vaale Fm.,12.546999931,4.3521237373,4.3521237373,7.0814285278,2.5832951069,21.288234711,0.0,0.1038747281,4.5693659782,65.70337677,23.605617523,12.250000954,0.0,0.0,0.0,-0.005659061,0.0,0.0,0.0,0.0,Limestone,1
25/2-7,2633.7060006,479862.1875,6641104.0,-2608.243896,SHETLAND GP.,Vaale Fm.,12.56032753,4.4355125427,4.4355125427,7.3570709229,2.5966594219,20.33347702,0.0,0.1088906303,4.4509859085,66.946998596,24.104488373,12.250000954,0.0,0.0,0.0,-0.003334043,0.0,0.0,0.0,0.0,Limestone,1
25/2-7,2635.2260006,479862.15625,6641104.0,-2609.763428,SHETLAND GP.,Vaale Fm.,12.477000237,12.741060257,12.741060257,10.856381416,2.6503856182,13.330023766,0.0,0.0549910665,4.6228404045,62.424015045,27.95759201,12.250000954,0.0,0.0,0.0,-0.009771164,0.0,0.0,0.0,0.0,Limestone,1
25/2-7,2635.6820006,479862.15625,6641104.0,-2610.219238,SHETLAND GP.,Vaale Fm.,12.477000237,12.020709038,12.020709038,10.425063133,2.6461894512,16.026519775,0.0,0.056935709,4.8107199669,63.12179184,26.625762939,12.250000954,0.0,0.0,0.0,-0.008408139,0.0,0.0,0.0,0.0,Limestone,1
25/2-7,2636.5940006,479862.15625,6641104.0,-2611.130859,SHETLAND GP.,Vaale Fm.,12.477000237,16.013982773,16.013982773,11.490322113,2.6547021866,18.379308701,0.0,0.0497417934,4.5199842453,61.511287689,26.152038574,12.250000954,0.0,0.0,0.0,-0.001567393,0.0,0.0,0.0,0.0,Limestone,1
25/2-7,2637.3540006,479862.125,6641103.5,-2611.890625,SHETLAND GP.,Vaale Fm.,12.482387543,16.389278412,16.389278412,12.570272446,2.6495392323,18.735681534,0.0,0.0635513589,4.337325573,62.349220276,26.375,12.250000954,0.0,0.0,0.0,0.0049999999,0.0,0.0,0.0,0.0,Limestone,1
25/2-7,2637.5060006,479862.125,6641103.5,-2612.042725,SHETLAND GP.,Vaale Fm.,12.484000206,16.265298843,16.265298843,12.187298775,2.6576695442,18.27661705,0.0,0.0607072711,4.4314885139,62.066070557,26.566738129,12.250000954,0.0,0.0,0.0,0.0019321891,0.0,0.0,0.0,0.0,Limestone,1
25/2-7,2637.9620006,479862.125,6641103.5,-2612.498535,SHETLAND GP.,Vaale Fm.,12.482313156,15.812470436,15.812470436,10.709559441,2.6318924427,15.617527962,0.0,0.0654975325,5.0201706886,61.733558655,27.784612656,12.250000954,0.0,0.0,0.0,-0.004964131,0.0,0.0,0.0,0.0,Limestone,1
25/2-7,2639.9380006,479862.0625,6641103.5,-2614.473877,SHETLAND GP.,Vaale Fm.,12.562999725,11.21698761,11.21698761,10.910578728,2.6429257393,15.643221855,0.0,0.0678235143,4.5135207176,64.724395752,28.896829605,12.250000954,0.0,0.0,0.0,-0.008899523,0.0,0.0,0.0,0.0,Limestone,1
25/2-7,2640.0900006,479862.0625,6641103.5,-2614.625977,SHETLAND GP.,Vaale Fm.,12.562999725,9.9708738327,9.9708738327,10.680064201,2.6424443722,16.126502991,0.0,0.0665978715,4.696574688,65.286201477,29.541637421,12.250000954,0.0,0.0,0.0,-0.005666899,0.0,0.0,0.0,0.0,Limestone,1
25/2-7,2640.5460006,479862.0625,6641103.5,-2615.081543,SHETLAND GP.,Vaale Fm.,12.546999931,10.623120308,10.623120308,10.106435776,2.6324284077,15.185602188,0.0,0.0688500032,4.6308646202,64.166770935,31.598701477,12.250000954,0.0,0.0,0.0,-0.013428427,0.0,0.0,0.0,0.0,Limestone,1
25/2-7,2640.6980006,479862.0625,6641103.5,-2615.233643,SHETLAND GP.,Vaale Fm.,12.546999931,12.805562019,12.805562019,9.9378643036,2.630153656,15.285669327,0.0,0.0643316284,4.8793096542,63.619049072,31.679225922,12.250000954,0.0,0.0,0.0,-0.016000001,0.0,0.0,0.0,0.0,Limestone,1
25/2-7,2641.6100006,479862.03125,6641103.5,-2616.145508,SHETLAND GP.,Vaale Fm.,12.562999725,11.568630219,11.568630219,9.8913421631,2.6410000324,9.025428772,0.0,0.0614510067,4.7443170547,64.378189087,30.700897217,12.250000954,0.0,0.0,0.0,-0.017785657,0.0,0.0,0.0,0.0,Limestone,1
25/2-7,2642.3700006,479862.03125,6641103.5,-2616.905273,SHETLAND GP.,Vaale Fm.,12.562999725,12.921432495,12.921432495,11.325764656,2.6418480873,14.382381439,0.0,0.0565128811,4.5279984474,62.950050354,29.569322586,12.250000954,0.0,0.0,0.0,-0.013101177,0.0,0.0,0.0,0.0,Limestone,1
25/2-7,2643.7380006,479862.0,6641103.5,-2618.272705,SHETLAND GP.,Vaale Fm.,12.696782112,9.8727779388,9.8727779388,10.150402069,2.6383600235,13.892003059,0.0,0.0566725284,5.2284593582,63.051670074,33.978919983,12.250000954,0.0,0.0,0.0,-0.017339984,0.0,0.0,0.0,0.0,Limestone,1
25/2-7,2646.0180006,479861.96875,6641103.5,-2620.552002,SHETLAND GP.,Vaale Fm.,12.623128891,12.126936913,12.126936913,9.6316261292,2.6512396336,17.958024979,0.0,0.0536155701,5.1339845657,62.902133942,34.25,12.250000954,0.0,0.0,0.0,-0.003098802,0.0,0.0,0.0,0.0,Limestone,1
25/2-7,2648.1460006,479861.90625,6641103.5,-2622.679199,SHETLAND GP.,Vaale Fm.,12.593999863,18.156415939,18.156415939,4.4603652954,2.3040802479,21.629432678,0.0,0.0961118788,5.5339980125,61.983558655,40.791683197,12.250000954,0.0,0.0,0.0,-0.015832562,0.0,0.0,0.0,0.0,Limestone,2
25/2-7,2648.9060006,479861.90625,6641103.5,-2623.438965,SHETLAND GP.,Vaale Fm.,13.268813133,1.7715371847,1.7715371847,2.1339111328,2.4140479565,58.958045959,0.0,0.3685888648,3.9825513363,96.164108276,42.794548035,12.250000954,0.0,0.0,0.0,0.0149866967,0.0,0.0,0.0,0.0,Shale,2
25/2-7,2650.5780006,479861.875,6641103.5,-2625.110352,SHETLAND GP.,Vaale Fm.,12.816785812,3.1179866791,3.1179866791,2.554248333,2.5247631073,57.22990799,0.0,0.2460899949,5.0080428123,85.039161682,47.370391846,12.250000954,0.0,0.0,0.0,0.0124395536,0.0,0.0,0.0,0.0,Marl,2
25/2-7,2651.4900006,479861.84375,6641103.5,-2626.022217,SHETLAND GP.,Vaale Fm.,12.678702354,3.7290053368,3.7290053368,3.2855470181,2.6070001125,43.321174622,0.0,0.2408532798,4.935795784,82.662193298,45.079551697,12.250000954,0.0,0.0,0.0,-0.003525709,0.0,0.0,0.0,0.0,Marl,2
25/2-7,2654.5300006,479861.8125,6641103.5,-2629.061279,SHETLAND GP.,Vaale Fm.,12.902218819,2.8642742634,2.8642742634,2.3609662056,2.5201733112,57.66179657,0.0,0.2821651399,3.853574276,87.608177185,47.787857056,12.250000954,0.0,0.0,0.0,-0.001692023,0.0,0.0,0.0,0.0,Shale,2
25/2-7,2654.8340006,479861.78125,6641103.5,-2629.365234,SHETLAND GP.,Vaale Fm.,12.926997185,2.5804722309,2.5804722309,2.3168096542,2.494297266,58.365726471,0.0,0.3273682892,3.5371227264,89.418136597,47.183506012,12.250000954,0.0,0.0,0.0,0.0235527735,0.0,0.0,0.0,0.0,Shale,2
25/2-7,2656.3540006,479861.75,6641103.5,-2630.884766,SHETLAND GP.,Vaale Fm.,12.835999489,3.0365540981,3.0365540981,2.6719074249,2.5627269745,54.536972046,0.0,0.2506589592,4.5899310112,87.194847107,47.015522003,12.250000954,0.0,0.0,0.0,-0.007207892,0.0,0.0,0.0,0.0,Marl,2
25/2-7,2657.1140006,479861.75,6641103.5,-2631.644531,SHETLAND GP.,Vaale Fm.,12.936416626,2.0712850094,2.0712850094,2.1986424923,2.3931388855,59.950950623,0.0,0.3400390148,4.8317375183,90.716758728,45.286724091,12.250000954,0.0,0.0,0.0,0.0721227676,0.0,0.0,0.0,0.0,Shale,2
25/2-7,2657.5700006,479861.75,6641103.5,-2632.100342,SHETLAND GP.,Vaale Fm.,13.017948151,2.1106791496,2.1106791496,1.943002224,2.41989398,54.467075348,0.0,0.3671287596,5.3107557297,96.718261719,42.861858368,12.250000954,0.0,0.0,0.0,0.1101047099,0.0,0.0,0.0,0.0,Shale,2
25/2-7,2658.3300006,479861.71875,6641103.5,-2632.860107,SHETLAND GP.,Vaale Fm.,13.184269905,2.2977592945,2.2977592945,1.8669364452,2.3872928619,54.13948822,0.0,0.3523463011,4.6734485626,95.290763855,40.655353546,12.250000954,0.0,0.0,0.0,0.1122201905,0.0,0.0,0.0,0.0,Shale,2
25/2-7,2659.0900006,479861.71875,6641103.5,-2633.619873,SHETLAND GP.,Vaale Fm.,13.267530441,2.4245343208,2.4245343208,2.2349326611,2.5197780132,50.697090149,0.0,0.323409766,5.0815792084,91.057678223,44.442863464,12.250000954,0.0,0.0,0.0,0.0098824473,0.0,0.0,0.0,0.0,Marl,2
25/2-7,2660.9140006,479861.6875,6641103.5,-2635.443115,SHETLAND GP.,Vaale Fm.,13.226745605,2.2766735554,2.2766735554,1.6755168438,2.4040462971,48.90291214,0.0,0.3324734569,5.1445803642,95.618591309,45.665904999,12.250000954,0.0,0.0,0.0,0.1331952959,0.0,0.0,0.0,0.0,Marl,2
25/2-7,2662.2820006,479861.65625,6641103.5,-2636.810791,SHETLAND GP.,Vaale Fm.,12.593804359,11.959643364,11.959643364,7.7818760872,2.607159853,20.665031433,0.0,0.0914047062,4.9516191483,59.152072906,48.304386139,12.250000954,0.0,0.0,0.0,0.0243572779,0.0,0.0,0.0,0.0,Limestone,2
25/2-7,2665.0180006,479861.59375,6641103.5,-2639.545898,SHETLAND GP.,Vaale Fm.,12.534339905,5.3201189041,5.3201189041,9.263209343,2.5971648693,24.124197006,0.0,0.1110672802,4.9178385735,70.045372009,48.989620209,12.250000954,0.0,0.0,0.0,-0.008,0.0,0.0,0.0,0.0,Limestone,2
25/2-7,2667.1460006,479861.5625,6641103.0,-2641.67334,SHETLAND GP.,Vaale Fm.,12.593999863,7.4246931076,7.4246931076,7.5377388,2.5615098476,14.543457031,0.0,0.1159713119,4.7457113266,66.669418335,40.773887634,12.250000954,0.0,0.0,0.0,-0.01,0.0,0.0,0.0,0.0,Limestone,1
25/2-7,2668.2100006,479861.53125,6641103.0,-2642.736816,SHETLAND GP.,Vaale Fm.,12.569999695,11.007545471,11.007545471,10.367162704,2.6184225082,16.412469864,0.0,0.08785595,4.8043994904,63.805011749,36.154632568,12.250000954,0.0,0.0,0.0,-0.0111853,0.0,0.0,0.0,0.0,Limestone,1
25/2-7,2672.0100006,479861.46875,6641103.0,-2646.535645,SHETLAND GP.,Vaale Fm.,12.586000443,26.074333191,26.074333191,9.9631328583,2.564573288,18.443832397,0.0,0.0601984933,5.3183407784,59.109455109,29.189279556,12.250000954,0.0,0.0,0.0,-0.0118001,0.0,0.0,0.0,0.0,Limestone,1
25/2-7,2673.9860006,479861.4375,6641103.0,-2648.51123,SHETLAND GP.,Vaale Fm.,12.546999931,13.620744705,13.620744705,11.807059288,2.6600000858,15.66755867,0.0,0.0563391,4.3741950989,62.275600433,25.25,12.250000954,0.0,0.0,0.0,-0.005,0.0,0.0,0.0,0.0,Limestone,1
25/2-7,2677.1780006,479861.375,6641103.0,-2651.701904,SHETLAND GP.,Vaale Fm.,12.563584328,9.33411026,9.33411026,10.850703239,2.6104991436,22.572896957,0.0,0.0728318095,4.4516806602,64.193214417,26.030702591,12.250000954,0.0,0.0,0.0,-0.020666087,0.0,0.0,0.0,0.0,Limestone,1
25/2-7,2677.4820006,479861.375,6641103.0,-2652.005859,SHETLAND GP.,Vaale Fm.,12.546999931,9.9430332184,9.9430332184,10.667833328,2.6038134098,19.33744812,0.0,0.0772651061,4.5236845016,65.729728699,26.485349655,12.250000954,0.0,0.0,0.0,-0.015,0.0,0.0,0.0,0.0,Limestone,1
25/2-7,2678.6980006,479861.34375,6641103.0,-2653.221436,SHETLAND GP.,Vaale Fm.,12.477000237,14.693989754,14.693989754,12.337186813,2.6577692032,14.130414009,0.0,0.0459282808,4.4544620514,61.085609436,31.223011017,12.250000954,0.0,0.0,0.0,-0.013346255,0.0,0.0,0.0,0.0,Limestone,1
25/2-7,2682.0420006,479861.28125,6641103.0,-2656.564453,SHETLAND GP.,Vaale Fm.,12.453000069,22.376211166,22.376211166,10.452018738,2.6640005112,17.488864899,0.0,0.042479977,4.3298487663,57.731494904,34.627357483,12.250000954,0.0,0.0,0.0,-0.007999835,0.0,0.0,0.0,0.0,Limestone,1
25/2-7,2682.1940006,479861.28125,6641103.0,-2656.716553,SHETLAND GP.,Vaale Fm.,12.453000069,20.945854187,20.945854187,15.03012085,2.6719696522,18.649663925,0.0,0.0419918597,4.2857785225,58.491054535,34.500675201,12.250000954,0.0,0.0,0.0,-0.005011393,0.0,0.0,0.0,0.0,Limestone,1
25/2-7,2685.9940006,479861.1875,6641103.0,-2660.515137,SHETLAND GP.,Vaale Fm.,12.453000069,19.262489319,19.262489319,14.152259827,2.6581363678,15.046768188,0.0,0.0424800031,4.9166603088,59.963108063,39.156238556,12.250000954,0.0,0.0,0.0,-0.009931773,0.0,0.0,0.0,0.0,Limestone,1
25/2-7,2686.1460006,479861.1875,6641103.0,-2660.667236,SHETLAND GP.,Vaale Fm.,12.453000069,29.127590179,29.127590179,9.3040828705,2.4259924889,15.867848396,0.0,0.049273178,4.6199431419,58.885864258,39.70394516,12.250000954,0.0,0.0,0.0,-0.032272711,0.0,0.0,0.0,0.0,Limestone,1
25/2-7,2689.3380006,479861.125,6641103.0,-2663.858154,SHETLAND GP.,Vaale Fm.,12.684909821,2.5105154514,2.5105154514,2.2908806801,2.5129787922,48.314556122,0.0,0.2910209298,4.1680979729,90.671142578,46.326553345,12.250000954,0.0,0.0,0.0,0.0277411938,0.0,0.0,0.0,0.0,Shale,1
25/2-7,2689.9460006,479861.125,6641103.0,-2664.466064,SHETLAND GP.,Vaale Fm.,12.592416763,2.7333517075,2.7333517075,2.4279999733,2.5415458679,53.806983948,0.0,0.2869068086,3.7596564293,89.792671204,47.624073029,12.250000954,0.0,0.0,0.0,0.0279111229,0.0,0.0,0.0,0.0,Shale,1
25/2-7,2690.5540006,479861.125,6641103.0,-2665.07373,SHETLAND GP.,Vaale Fm.,12.619354248,2.692193985,2.692193985,2.3684875965,2.5418555737,65.14881897,0.0,0.2920092642,4.0926365852,88.379455566,49.569221497,12.250000954,0.0,0.0,0.0,0.0024114519,0.0,0.0,0.0,0.0,Shale,1
25/2-7,2692.5300006,479861.0625,6641103.0,-2667.049072,SHETLAND GP.,Vaale Fm.,12.650040627,2.7119226456,2.7119226456,2.2905516624,2.5399003029,52.048839569,0.0,0.2689988613,3.9396109581,88.917198181,47.62726593,12.250000954,0.0,0.0,0.0,-0.011456165,0.0,0.0,0.0,0.0,Marl,1
25/2-7,2693.7460006,479861.0625,6641103.0,-2668.264893,SHETLAND GP.,Vaale Fm.,12.593999863,3.0111572742,3.0111572742,2.0553722382,2.5524430275,50.458724976,0.0,0.2588976026,4.3056454659,87.234046936,48.639549255,12.250000954,0.0,0.0,0.0,-0.002164518,0.0,0.0,0.0,0.0,Shale,1
25/2-7,2694.2020006,479861.03125,6641103.0,-2668.720459,SHETLAND GP.,Vaale Fm.,12.586000443,2.2629673481,2.2629673481,2.0569858551,2.436116457,53.75030899,0.0,0.2452435344,4.8243732452,90.498550415,47.360687256,12.250000954,0.0,0.0,0.0,0.0523456223,0.0,0.0,0.0,0.0,Marl,1
25/2-7,2694.9620006,479861.03125,6641103.0,-2669.480225,SHETLAND GP.,Vaale Fm.,12.360789299,10.169003487,10.169003487,3.5332677364,2.6519999504,14.604663849,0.0,0.0616883449,5.2502999306,65.401420593,40.68491745,12.250000954,0.0,0.0,0.0,-0.009104837,0.0,0.0,0.0,0.0,Marl,1
25/2-7,2695.8740006,479861.0,6641103.0,-2670.39209,SHETLAND GP.,Vaale Fm.,12.360910416,31.006456375,31.006456375,27.078294754,2.6510441303,15.192644119,0.0,0.0379729234,5.3472862244,61.623622894,35.625,12.250000954,0.0,0.0,0.0,-0.009761068,0.0,0.0,0.0,0.0,Limestone,1
25/2-7,2697.3940006,479860.96875,6641102.5,-2671.911621,SHETLAND GP.,Vaale Fm.,12.358999252,27.703393936,27.703393936,15.504894257,2.6484563351,14.878218651,0.0,0.0376991592,5.0304780006,59.915744781,36.917442322,12.250000954,0.0,0.0,0.0,-0.013670612,0.0,0.0,0.0,0.0,Limestone,1
25/2-7,2698.6100006,479860.96875,6641102.5,-2673.127197,SHETLAND GP.,Vaale Fm.,12.358999252,21.404827118,21.404827118,15.7026968,2.6565549374,13.157406807,0.0,0.0523089506,4.6019358635,60.552448273,31.468524933,12.250000954,0.0,0.0,0.0,-0.0061484,0.0,0.0,0.0,0.0,Limestone,1
25/2-7,2698.9140006,479860.9375,6641102.5,-2673.431152,SHETLAND GP.,Vaale Fm.,12.358999252,20.787660599,20.787660599,16.25207901,2.6523365974,13.878324509,0.0,0.0563537665,4.976831913,60.431602478,31.416162491,12.250000954,0.0,0.0,0.0,-0.004539635,0.0,0.0,0.0,0.0,Limestone,1
25/2-7,2700.4340006,479860.90625,6641102.5,-2674.950684,SHETLAND GP.,Vaale Fm.,12.358999252,24.908403397,24.908403397,18.360870361,2.6410000324,14.885671616,0.0,0.0576200001,4.5094008446,60.481285095,32.013332367,12.250000954,0.0,0.0,0.0,-0.012046474,0.0,0.0,0.0,0.0,Limestone,1
25/2-7,2701.1940006,479860.90625,6641102.5,-2675.710449,SHETLAND GP.,Vaale Fm.,12.358999252,29.176836014,29.176836014,17.953418732,2.6376614571,12.635764122,0.0,0.0442669727,4.9358701706,59.70823288,28.541723251,12.250000954,0.0,0.0,0.0,-0.011330727,0.0,0.0,0.0,0.0,Limestone,1
25/2-7,2702.4100006,479860.875,6641102.5,-2676.926025,SHETLAND GP.,Vaale Fm.,12.347358704,17.956756592,17.956756592,15.813502312,2.6370000839,15.797146797,0.0,0.0508074164,5.1382017136,63.656841278,25.947689056,12.250000954,0.0,0.0,0.0,-0.011944051,0.0,0.0,0.0,0.0,Limestone,1
25/2-7,2707.1220006,479860.78125,6641102.5,-2681.636475,SHETLAND GP.,Vaale Fm.,12.319999695,13.617257118,13.617257118,16.121658325,2.6336042881,14.626054764,0.0,0.0522901528,5.0697464943,60.688858032,29.869373322,12.250000954,0.0,0.0,0.0,-0.011131886,0.0,0.0,0.0,0.0,Limestone,1
25/2-7,2708.9460006,479860.75,6641102.5,-2683.459961,SHETLAND GP.,Vaale Fm.,12.296999931,18.33156395,18.33156395,15.543870926,2.6491854191,16.333492279,0.0,0.052022133,4.7773084641,61.263813019,28.904296875,12.250000954,0.0,0.0,0.0,-0.004209794,0.0,0.0,0.0,0.0,Limestone,1
25/2-7,2715.6340006,479860.625,6641102.5,-2690.145752,SHETLAND GP.,Vaale Fm.,12.350294113,21.896820068,21.896820068,17.056646347,2.6519999504,13.276398659,0.0,0.0458518378,4.8270759583,59.953632355,24.439743042,12.250000954,0.0,0.0,0.0,-0.008839316,0.0,0.0,0.0,0.0,Limestone,1
25/2-7,2718.5220006,479860.5625,6641102.5,-2693.032715,SHETLAND GP.,Vaale Fm.,12.328000069,20.077999115,20.077999115,15.866810799,2.6449999809,16.636432648,0.0,0.0511110835,4.7244486809,60.456958771,25.809387207,12.250000954,0.0,0.0,0.0,-0.011418588,0.0,0.0,0.0,0.0,Limestone,1
25/2-7,2719.1300006,479860.5625,6641102.5,-2693.640625,SHETLAND GP.,Vaale Fm.,12.328000069,17.671588898,17.671588898,16.624565125,2.6218652725,13.602544785,0.0,0.0520048589,5.2206497192,62.486148834,26.449882507,12.250000954,0.0,0.0,0.0,-0.012358145,0.0,0.0,0.0,0.0,Limestone,1
25/2-7,2720.1940006,479860.53125,6641102.5,-2694.704346,SHETLAND GP.,Vaale Fm.,12.32272625,21.443881989,21.443881989,15.082801819,2.5939109325,15.319389343,0.0,0.0525664389,4.8431367874,61.058895111,23.439060211,12.250000954,0.0,0.0,0.0,-0.015251776,0.0,0.0,0.0,0.0,Limestone,1
25/2-7,2722.1700006,479860.5,6641102.5,-2696.679688,SHETLAND GP.,Vaale Fm.,12.328000069,20.819669724,20.819669724,15.78635788,2.6519999504,13.144491196,0.0,0.0503323562,4.8016171455,61.062355042,28.93337059,12.250000954,0.0,0.0,0.0,-0.01108018,0.0,0.0,0.0,0.0,Limestone,1
25/2-7,2726.4260006,479860.4375,6641102.5,-2700.934326,SHETLAND GP.,Vaale Fm.,12.358999252,19.303331375,19.303331375,12.596461296,2.6592135429,17.079093933,0.0,0.0548681654,4.720644474,61.545318604,34.670207977,12.250000954,0.0,0.0,0.0,-0.010161046,0.0,0.0,0.0,0.0,Limestone,1
25/2-7,2732.8100006,479860.3125,6641102.0,-2707.316406,SHETLAND GP.,Vaale Fm.,12.870177269,2.2615814209,2.2615814209,2.3807520866,2.4430887699,63.923789978,0.0,0.3186876178,5.1022162437,91.243766785,51.686408997,12.250000954,0.0,0.0,0.0,0.160350278,0.0,0.0,0.0,0.0,Marl,1
25/2-7,2733.1140006,479860.3125,6641102.0,-2707.620117,SHETLAND GP.,Vaale Fm.,12.863828659,2.9051759243,2.9051759243,1.9631943703,2.5157914162,56.793571472,0.0,0.3490916193,4.9345583916,91.879501343,52.212677002,12.250000954,0.0,0.0,0.0,0.064883098,0.0,0.0,0.0,0.0,Shale,1
25/2-7,2733.5700006,479860.28125,6641102.0,-2708.076172,SHETLAND GP.,Vaale Fm.,12.737301826,2.3471009731,2.3471009731,2.5410792828,2.3725657463,55.597400665,0.0,0.3004175425,4.5429491997,92.397247314,54.331897736,12.250000954,0.0,0.0,0.0,0.1498061717,0.0,0.0,0.0,0.0,Marl,1
25/2-7,2733.8740006,479860.28125,6641102.0,-2708.379883,SHETLAND GP.,Vaale Fm.,13.073321342,3.0305380821,3.0305380821,3.7246026993,2.4518177509,31.583217621,0.0,0.33701092,4.816901207,87.1146698,54.930233002,12.250000954,0.0,0.0,0.0,0.1029031798,0.0,0.0,0.0,0.0,Limestone,1
25/2-7,2734.0260006,479860.28125,6641102.0,-2708.531738,SHETLAND GP.,Vaale Fm.,12.759599686,5.0767965317,5.0767965317,3.8793194294,2.5533311367,24.785863876,0.0,0.2943775356,4.9103665352,78.147773743,55.415550232,12.250000954,0.0,0.0,0.0,0.054631304,0.0,0.0,0.0,0.0,Limestone,1
25/2-7,2734.9380006,479860.25,6641102.0,-2709.443604,SHETLAND GP.,Vaale Fm.,12.491521835,2.3654015064,2.3654015064,2.7786328793,2.2972955704,57.64276886,0.0,0.182149142,5.3652234077,88.431808472,53.236736298,12.250000954,0.0,0.0,0.0,0.1089553908,0.0,0.0,0.0,0.0,Marl,1
25/2-7,2735.3940006,479860.25,6641102.0,-2709.899414,SHETLAND GP.,Vaale Fm.,12.787748337,2.3655314445,2.3655314445,1.9050154686,2.3791251183,58.096424103,0.0,0.3668079972,5.1599955559,97.021652222,51.643302917,12.250000954,0.0,0.0,0.0,0.1211406514,0.0,0.0,0.0,0.0,Shale,1
25/2-7,2739.1940006,479860.1875,6641102.0,-2713.698242,SHETLAND GP.,Vaale Fm.,12.358999252,20.922613144,20.922613144,7.3547415733,2.6187188625,17.727638245,0.0,0.0566101782,5.141515255,58.754047394,48.034053802,12.250000954,0.0,0.0,0.0,0.0010733318,0.0,0.0,0.0,0.0,Limestone,1
25/2-7,2742.2340006,479860.125,6641102.0,-2716.737305,SHETLAND GP.,Vaale Fm.,12.344614029,19.359991074,19.359991074,11.58919239,2.6412045956,15.226973534,0.0,0.0731000528,4.953125,60.755245209,45.070652008,12.250000954,0.0,0.0,0.0,-0.003836324,0.0,0.0,0.0,0.0,Limestone,1
25/2-7,2742.6900006,479860.125,6641102.0,-2717.193115,SHETLAND GP.,Vaale Fm.,12.344715118,24.624313354,24.624313354,11.591373444,2.6371908188,18.122070313,0.0,0.0681728199,4.5555992126,60.528778076,45.801078796,12.250000954,0.0,0.0,0.0,-4.7688e-05,0.0,0.0,0.0,0.0,Limestone,1
25/2-7,2743.4500006,479860.09375,6641102.0,-2717.952881,SHETLAND GP.,Vaale Fm.,12.344930649,8.6906080246,8.6906080246,6.8597669601,2.5818002224,30.45070076,0.0,0.0974733084,4.9004635811,66.366622925,46.873035431,12.250000954,0.0,0.0,0.0,0.0085033914,0.0,0.0,0.0,0.0,Limestone,1
25/2-7,2743.7540006,479860.09375,6641102.0,-2718.256592,SHETLAND GP.,Vaale Fm.,12.365466118,5.0415391922,5.0415391922,6.0058083534,2.568000555,35.108734131,0.0,0.1970346719,4.9867324829,69.002380371,45.800014496,12.250000954,0.0,0.0,0.0,0.0523334406,0.0,0.0,0.0,0.0,Limestone,1
25/2-7,2743.9060006,479860.09375,6641102.0,-2718.408691,SHETLAND GP.,Vaale Fm.,12.454520226,5.5648741722,5.5648741722,5.565680027,2.5976557732,35.34186554,0.0,0.2179941684,4.9715776443,71.841743469,45.16809082,12.250000954,0.0,0.0,0.0,0.0566552766,0.0,0.0,0.0,0.0,Marl,1
25/2-7,2744.5140006,479860.09375,6641102.0,-2719.016357,SHETLAND GP.,Vaale Fm.,12.439193726,6.3949580193,6.3949580193,5.3756399155,2.5651483536,27.18388176,0.0,0.1653511375,4.4828577042,73.398178101,43.255012512,12.250000954,0.0,0.0,0.0,0.0035225628,0.0,0.0,0.0,0.0,Marl,1
25/2-7,2746.6420006,479860.03125,6641102.0,-2721.144043,SHETLAND GP.,Vaale Fm.,12.390829086,9.4394855499,9.4394855499,6.0170760155,2.6489436626,29.007715225,0.0,0.1307390183,4.9526743889,68.000457764,46.139671326,12.250000954,0.0,0.0,0.0,-0.001882615,0.0,0.0,0.0,0.0,Marl,1
25/2-7,2749.3780006,479860.0,6641102.0,-2723.878906,SHETLAND GP.,Vaale Fm.,12.484000206,4.7940945625,4.7940945625,4.3237342834,2.6038496494,40.186237335,0.0,0.1935845912,4.0959005356,77.454627991,47.698829651,12.250000954,0.0,0.0,0.0,-0.00565734,0.0,0.0,0.0,0.0,Marl,1
25/2-7,2749.6820006,479859.96875,6641102.0,-2724.182861,SHETLAND GP.,Vaale Fm.,12.46489048,4.9306645393,4.9306645393,4.3227562904,2.6139853001,40.170318604,0.0,0.2131066024,4.5754122734,76.633041382,47.563415527,12.250000954,0.0,0.0,0.0,-0.005,0.0,0.0,0.0,0.0,Marl,1
25/2-7,2751.2020006,479859.9375,6641102.0,-2725.702393,SHETLAND GP.,Vaale Fm.,12.487879753,6.8186197281,6.8186197281,5.6875009537,2.5627381802,24.213600159,0.0,0.1982664764,5.011859417,68.148231506,42.910438538,12.250000954,0.0,0.0,0.0,0.027143687,0.0,0.0,0.0,0.0,Marl,1
25/2-7,2751.3540006,479859.9375,6641102.0,-2725.854248,SHETLAND GP.,Vaale Fm.,12.430000305,9.7114143372,9.7114143372,7.1570014954,2.6321263313,19.546337128,0.0,0.1562758684,5.1641187668,63.756168365,42.913196564,12.250000954,0.0,0.0,0.0,0.0346189402,0.0,0.0,0.0,0.0,Limestone,1
25/2-7,2752.4180006,479859.9375,6641102.0,-2726.917969,SHETLAND GP.,Vaale Fm.,12.377812386,14.176587105,14.176587105,6.5442099571,2.4315011501,28.723640442,0.0,0.056737531,5.6529040337,61.82440567,46.210178375,12.250000954,0.0,0.0,0.0,-0.015377508,0.0,0.0,0.0,0.0,Limestone,1
25/2-7,2752.7220006,479859.9375,6641102.0,-2727.22168,SHETLAND GP.,Vaale Fm.,12.400888443,3.6386957169,3.6386957169,6.3588900566,2.2678875923,42.516986847,0.0,0.1973120421,5.7343945503,73.193893433,46.23254776,12.250000954,0.0,0.0,0.0,0.0772200823,0.0,0.0,0.0,0.0,Marl,1
25/2-7,2755.7620006,479859.875,6641102.0,-2730.260742,SHETLAND GP.,Vaale Fm.,12.358999252,16.435651779,16.435651779,13.317656517,2.6756193638,15.183205605,0.0,0.1015807688,4.7555885315,60.394134521,43.818447113,12.250000954,0.0,0.0,0.0,-0.000166928,0.0,0.0,0.0,0.0,Limestone,1
25/2-7,2757.8900006,479859.8125,6641101.5,-2732.387939,SHETLAND GP.,Vaale Fm.,12.354330063,9.7196340561,9.7196340561,8.5331363678,2.5328981876,21.979003906,0.0,0.1537096798,5.0125007629,64.739677429,39.368442535,12.250000954,0.0,0.0,0.0,0.0061129201,0.0,0.0,0.0,0.0,Limestone,1
25/2-7,2760.6260006,479859.78125,6641101.5,-2735.123047,SHETLAND GP.,Vaale Fm.,12.502901077,10.63830471,10.63830471,4.5045599937,2.5224883556,25.396266937,0.0,0.1624989957,5.1065273285,67.547332764,40.811035156,12.250000954,0.0,0.0,0.0,-0.019258937,0.0,0.0,0.0,0.0,Limestone,1
25/2-7,2762.4500006,479859.75,6641101.5,-2736.946533,SHETLAND GP.,Vaale Fm.,12.482455254,6.413318634,6.413318634,3.1991000175,2.5654330254,29.847492218,0.0,0.1625253558,4.5806527138,72.471916199,43.872093201,12.250000954,0.0,0.0,0.0,-0.01604962,0.0,0.0,0.0,0.0,Marl,1
25/2-7,2763.0580006,479859.71875,6641101.5,-2737.554443,SHETLAND GP.,Vaale Fm.,12.546999931,2.7942934036,2.7942934036,3.5129423141,2.617000103,39.522094727,0.0,0.1952280998,4.5751152039,83.462806702,43.362670898,12.250000954,0.0,0.0,0.0,-0.013393816,0.0,0.0,0.0,0.0,Marl,1
25/2-7,2765.9460006,479859.6875,6641101.5,-2740.441406,SHETLAND GP.,Vaale Fm.,12.633000374,3.473149538,3.473149538,2.6869399548,2.5846171379,41.786777496,0.0,0.20460774,4.0172448158,81.226730347,45.237651825,12.250000954,0.0,0.0,0.0,-0.001549389,0.0,0.0,0.0,0.0,Marl,1
25/2-7,2766.0980006,479859.65625,6641101.5,-2740.593262,SHETLAND GP.,Vaale Fm.,12.637376785,2.8916184902,2.8916184902,2.911690712,2.5752828121,44.363319397,0.0,0.2263886034,4.0935149193,84.678627014,45.2617836,12.250000954,0.0,0.0,0.0,0.0062069832,0.0,0.0,0.0,0.0,Marl,1
25/2-7,2768.5300006,479859.625,6641101.5,-2743.024414,SHETLAND GP.,Vaale Fm.,12.523716927,3.6203484535,3.6203484535,2.3794527054,2.4639561176,42.728240967,0.0,0.2214372456,5.0389695168,81.763275146,44.773708344,12.250000954,0.0,0.0,0.0,-0.013129343,0.0,0.0,0.0,0.0,Marl,1
25/2-7,2768.9860006,479859.625,6641101.5,-2743.480225,SHETLAND GP.,Vaale Fm.,12.489300728,2.4632651806,2.4632651806,3.3494718075,2.1268291473,46.007183075,0.0,0.296510607,6.4226050377,89.330451965,41.595291138,12.250000954,0.0,0.0,0.0,-0.025526518,0.0,0.0,0.0,0.0,Marl,1
25/2-7,2769.1380006,479859.625,6641101.5,-2743.63208,SHETLAND GP.,Vaale Fm.,12.467857361,2.7805895805,2.7805895805,3.7566819191,2.2266407013,39.548149109,0.0,0.3029001653,5.6425285339,85.082061768,41.189754486,12.250000954,0.0,0.0,0.0,-0.019518025,0.0,0.0,0.0,0.0,Marl,1
25/2-7,2771.2660006,479859.5625,6641101.5,-2745.759521,SHETLAND GP.,Vaale Fm.,12.428061485,6.3433709145,6.3433709145,8.9302759171,2.384960413,24.365301132,0.0,0.2788355947,5.3905487061,78.102714539,42.428009033,12.250000954,0.0,0.0,0.0,0.0085936869,0.0,0.0,0.0,0.0,Marl,1
25/2-7,2772.9380006,479859.53125,6641101.5,-2747.430908,SHETLAND GP.,Vaale Fm.,12.328000069,12.773336411,12.773336411,10.049452782,2.6215689182,16.163497925,0.0,0.0949361771,5.0943160057,62.697338104,38.410831451,12.250000954,0.0,0.0,0.0,-0.010857762,0.0,0.0,0.0,0.0,Limestone,1
25/2-7,2774.3060006,479859.53125,6641101.5,-2748.79834,SHETLAND GP.,Vaale Fm.,12.366999626,11.552106857,11.552106857,8.1041355133,2.4982433319,19.958866119,0.0,0.0933540612,5.2291474342,66.48336792,40.746620178,12.250000954,0.0,0.0,0.0,-0.011918915,0.0,0.0,0.0,0.0,Limestone,1
25/2-7,2776.2820006,479859.46875,6641101.5,-2750.773682,SHETLAND GP.,Vaale Fm.,12.390999794,45.48323822,45.48323822,6.8079476357,2.6515185833,17.476566315,0.0,0.0562379658,4.9258255959,58.117492676,39.435661316,12.250000954,0.0,0.0,0.0,-0.006227915,0.0,0.0,0.0,0.0,Limestone,1
25/2-7,2776.4340006,479859.46875,6641101.5,-2750.925781,SHETLAND GP.,Vaale Fm.,12.396520615,20.449497223,20.449497223,7.2052149773,2.6052849293,23.195497513,0.0,0.0806014389,4.9525766373,63.346000671,40.072048187,12.250000954,0.0,0.0,0.0,-0.005583336,0.0,0.0,0.0,0.0,Limestone,1
25/2-7,2777.3460006,479859.46875,6641101.5,-2751.837402,SHETLAND GP.,Vaale Fm.,12.413998604,9.5310001373,9.5310001373,6.9596986771,2.582351923,22.673627853,0.0,0.1169557497,4.6363854408,64.384231567,41.989307404,12.250000954,0.0,0.0,0.0,-0.005,0.0,0.0,0.0,0.0,Limestone,2
25/2-7,2778.5620006,479859.4375,6641101.5,-2753.052979,SHETLAND GP.,Vaale Fm.,12.606778145,4.763220787,4.763220787,5.0250406265,2.5153467655,42.222976685,0.0,0.2221470326,4.433784008,81.532653809,40.520267487,12.250000954,0.0,0.0,0.0,0.010683422,0.0,0.0,0.0,0.0,Marl,2
25/2-7,2782.9700006,479859.34375,6641101.5,-2757.459473,SHETLAND GP.,Vaale Fm.,12.621079445,12.41208744,12.41208744,6.4580364227,2.6323299408,28.588418961,0.0,0.0962563008,5.1357254982,63.60824585,51.751625061,12.250000954,0.0,0.0,0.0,-0.009785028,0.0,0.0,0.0,0.0,Limestone,2
25/2-7,2783.4260006,479859.34375,6641101.5,-2757.915283,SHETLAND GP.,Vaale Fm.,12.646699905,3.3235054016,3.3235054016,3.3250985146,2.3933429718,46.998046875,0.0,0.1994086653,5.296751976,70.821182251,52.93806076,12.250000954,0.0,0.0,0.0,0.0334264785,0.0,0.0,0.0,0.0,Limestone,2
25/2-7,2783.5780006,479859.34375,6641101.5,-2758.067139,SHETLAND GP.,Vaale Fm.,12.717517853,2.5324018002,2.5324018002,2.8638222218,2.37444067,53.843429565,0.0,0.275893718,4.9596538544,78.320152283,52.625450134,12.250000954,0.0,0.0,0.0,0.0721962899,0.0,0.0,0.0,0.0,Limestone,2
25/2-7,2784.1860006,479859.34375,6641101.0,-2758.675049,SHETLAND GP.,Vaale Fm.,13.060522079,2.1719322205,2.1719322205,2.0545215607,2.4344923496,65.737037659,0.0,0.3891600072,4.1692986488,91.505996704,51.076469421,12.250000954,0.0,0.0,0.0,0.1320774406,0.0,0.0,0.0,0.0,Shale,2
25/2-7,2785.0980006,479859.3125,6641101.0,-2759.58667,SHETLAND GP.,Vaale Fm.,13.09894371,2.5047855377,2.5047855377,2.0557768345,2.4237952232,64.999641418,0.0,0.3263692856,5.3097128868,91.966819763,51.139732361,12.250000954,0.0,0.0,0.0,0.0900045931,0.0,0.0,0.0,0.0,Shale,2
25/2-7,2785.2500006,479859.3125,6641101.0,-2759.73877,SHETLAND GP.,Vaale Fm.,13.078144073,2.3021297455,2.3021297455,2.0765383244,2.3415095806,68.606254578,0.0,0.3188878894,5.4898786545,91.256645203,51.918968201,12.250000954,0.0,0.0,0.0,0.0652163476,0.0,0.0,0.0,0.0,Shale,2
25/2-7,2785.5540006,479859.3125,6641101.0,-2760.04248,SHETLAND GP.,Vaale Fm.,13.179554939,2.1794772148,2.1794772148,2.3048934937,2.3130967617,57.243309021,0.0,0.3324328959,5.7900557518,91.617347717,53.407676697,12.250000954,0.0,0.0,0.0,0.047641784,0.0,0.0,0.0,0.0,Marl,2
25/2-7,2789.5060006,479859.25,6641101.0,-2763.993408,SHETLAND GP.,Vaale Fm.,13.677343369,1.7318743467,1.7318743467,1.5785894394,2.3772053719,63.03710556,0.0,0.349362731,4.6750206947,96.293823242,55.880279541,12.250000954,0.0,0.0,0.0,0.1017160937,0.0,0.0,0.0,0.0,Shale,2
25/2-7,2793.1540006,479859.15625,6641101.0,-2767.640137,SHETLAND GP.,Vaale Fm.,12.484000206,9.6498756409,9.6498756409,7.988553524,2.6109149456,18.628356934,0.0,0.1039471775,4.7253899574,64.759300232,46.34368515,12.250000954,0.0,0.0,0.0,-0.009760641,0.0,0.0,0.0,0.0,Limestone,2
25/2-7,2793.4580006,479859.15625,6641101.0,-2767.943848,SHETLAND GP.,Vaale Fm.,12.484000206,10.389216423,10.389216423,7.6123657227,2.6229999065,20.144462585,0.0,0.088042289,4.7309098244,63.411262512,44.731582642,12.250000954,0.0,0.0,0.0,-0.008778987,0.0,0.0,0.0,0.0,Limestone,2
25/2-7,2797.1060006,479859.09375,6641101.0,-2771.590576,SHETLAND GP.,Vaale Fm.,12.453000069,18.858997345,18.858997345,10.681077003,2.6620459557,16.737867355,0.0,0.0629515946,4.7415523529,60.662628174,35.995685577,12.250000954,0.0,0.0,0.0,1.1504e-05,0.0,0.0,0.0,0.0,Limestone,2
25/2-7,2798.1700006,479859.0625,6641101.0,-2772.654297,SHETLAND GP.,Vaale Fm.,12.453000069,19.167236328,19.167236328,14.135490417,2.6389398575,21.09841156,0.0,0.0708143562,4.8850488663,60.517383575,38.500938416,12.250000954,0.0,0.0,0.0,-0.011007496,0.0,0.0,0.0,0.0,Limestone,2
25/2-7,2801.8180006,479859.0,6641101.0,-2776.301025,SHETLAND GP.,Vaale Fm.,12.484000206,11.534678459,11.534678459,8.8702735901,2.6083934307,17.026683807,0.0,0.0873162225,4.9409546852,64.445838928,39.95973587,12.250000954,0.0,0.0,0.0,-0.005860675,0.0,0.0,0.0,0.0,Limestone,2
25/2-7,2802.2740006,479859.0,6641101.0,-2776.756836,SHETLAND GP.,Vaale Fm.,12.49875164,9.4096679688,9.4096679688,8.8353357315,2.5629365444,15.251847267,0.0,0.1186125427,5.0834541321,67.452278137,36.650787354,12.250000954,0.0,0.0,0.0,-0.007,0.0,0.0,0.0,0.0,Limestone,2
25/2-7,2803.0340006,479858.96875,6641101.0,-2777.516602,SHETLAND GP.,Vaale Fm.,12.5,8.9886350632,8.9886350632,8.6214542389,2.5659999847,13.67564106,0.0,0.1193141639,4.6456246376,66.374435425,34.062999725,12.250000954,0.0,0.0,0.0,-0.016909081,0.0,0.0,0.0,0.0,Limestone,2
25/2-7,2804.7060006,479858.9375,6641101.0,-2779.187988,SHETLAND GP.,Vaale Fm.,12.538999557,6.1181259155,6.1181259155,7.3004741669,2.5744822025,19.284870148,0.0,0.1466420591,4.9969148636,71.800056458,35.594863892,12.250000954,0.0,0.0,0.0,-0.009723283,0.0,0.0,0.0,0.0,Limestone,2
25/2-7,2804.8580006,479858.9375,6641101.0,-2779.339844,SHETLAND GP.,Vaale Fm.,12.538999557,6.8274412155,6.8274412155,7.310544014,2.5739998817,17.905046463,0.0,0.1527285427,4.9720230103,71.462936401,34.747802734,12.250000954,0.0,0.0,0.0,-0.009,0.0,0.0,0.0,0.0,Limestone,2
25/2-7,2805.7700006,479858.9375,6641101.0,-2780.251709,SHETLAND GP.,Vaale Fm.,12.461001396,10.00069046,10.00069046,9.5465116501,2.5744829178,16.122793198,0.0,0.1144590527,4.9373168945,66.339431763,29.228458405,12.250000954,0.0,0.0,0.0,-0.012724111,0.0,0.0,0.0,0.0,Limestone,2
25/2-7,2806.8340006,479858.90625,6641101.0,-2781.315186,SHETLAND GP.,Vaale Fm.,12.461001396,11.653098106,11.653098106,13.158182144,2.6403722763,16.233894348,0.0,0.0772261173,4.3153905869,63.270515442,27.322731018,12.250000954,0.0,0.0,0.0,0.0,0.0,0.0,0.0,0.0,Limestone,2
25/2-7,2807.8980006,479858.90625,6641101.0,-2782.378906,SHETLAND GP.,Vaale Fm.,12.437999725,58.995693207,58.995693207,22.3354702,2.6528105736,14.974891663,0.0,0.0318568945,4.6712956429,56.449676514,24.903705597,12.250000954,0.0,0.0,0.0,-0.003770357,0.0,0.0,0.0,0.0,Limestone,2
25/2-7,2808.9620006,479858.875,6641101.0,-2783.442383,SHETLAND GP.,Vaale Fm.,12.490391731,13.700825691,13.700825691,13.03250885,2.4080140591,14.620093346,0.0,0.0608661659,5.7648701668,59.94493866,18.538831711,12.250000954,0.0,0.0,0.0,0.0071664467,0.0,0.0,0.0,0.0,Limestone,2
25/2-7,2810.6340006,479858.84375,6641100.5,-2785.114014,SHETLAND GP.,Vaale Fm.,12.437999725,68.706878662,68.706878662,28.273538589,2.6560134888,12.61365509,0.0,0.0303785466,5.6265945435,55.657161713,18.75,12.250000954,0.0,0.0,0.0,-0.011108119,0.0,0.0,0.0,0.0,Limestone,2
25/2-7,2811.0900006,479858.84375,6641100.5,-2785.569824,SHETLAND GP.,Vaale Fm.,12.437999725,32.217086792,32.217086792,24.748987198,2.6440761089,12.142616272,0.0,0.0367882513,5.5631289482,57.515666962,17.668972015,12.250000954,0.0,0.0,0.0,0.0240761116,0.0,0.0,0.0,0.0,Limestone,1
25/2-7,2812.1540006,479858.8125,6641100.5,-2786.633301,SHETLAND GP.,Vaale Fm.,12.426039696,32.248008728,32.248008728,19.187421799,2.6700196266,13.08397007,0.0,0.0311232917,4.7347941399,57.860519409,12.937185287,12.250000954,0.0,0.0,0.0,-0.009742601,0.0,0.0,0.0,0.0,Limestone,1
25/2-7,2812.9140006,479858.8125,6641100.5,-2787.393066,SHETLAND GP.,Vaale Fm.,12.425839424,23.668312073,23.668312073,17.920295715,2.6348395348,16.787191391,0.0,0.0662825853,4.5580673218,60.295478821,13.803781509,12.250000954,0.0,0.0,0.0,-0.007520043,0.0,0.0,0.0,0.0,Limestone,1
25/2-7,2814.5860006,479858.78125,6641100.5,-2789.064453,SHETLAND GP.,Vaale Fm.,12.390999794,24.029874802,24.029874802,20.594745636,2.6477351189,14.418582916,0.0,0.0474926829,5.2388467789,58.634540558,14.226683617,12.250000954,0.0,0.0,0.0,-0.009289186,0.0,0.0,0.0,0.0,Limestone,1
25/2-7,2815.0420006,479858.78125,6641100.5,-2789.520264,SHETLAND GP.,Vaale Fm.,12.390999794,35.760299683,35.760299683,21.115392685,2.6574070454,12.557717323,0.0,0.0364070162,5.4678030014,57.373580933,13.225393295,12.250000954,0.0,0.0,0.0,-0.001592838,0.0,0.0,0.0,0.0,Limestone,1
25/2-7,2817.1700006,479858.75,6641100.5,-2791.647461,SHETLAND GP.,Vaale Fm.,12.406000137,34.329639435,34.329639435,22.958581924,2.6699934006,15.359836578,0.0,0.0402036048,4.9233756065,57.795928955,17.980175018,12.250000954,0.0,0.0,0.0,-0.000333884,0.0,0.0,0.0,0.0,Limestone,1
25/2-7,2817.7780006,479858.71875,6641100.5,-2792.255371,SHETLAND GP.,Vaale Fm.,12.406000137,31.575870514,31.575870514,26.34825325,2.638999939,17.668699265,0.0,0.0400662906,4.6643133163,58.599494934,16.666194916,12.250000954,0.0,0.0,0.0,0.0022524423,0.0,0.0,0.0,0.0,Limestone,1
25/2-7,2818.8420006,479858.71875,6641100.5,-2793.318848,SHETLAND GP.,Vaale Fm.,12.396436691,41.927005768,41.927005768,26.358839035,2.6397118568,15.613118172,0.0,0.0492808819,4.6938052177,58.557868958,17.454494476,12.250000954,0.0,0.0,0.0,0.0182357859,0.0,0.0,0.0,0.0,Limestone,1
25/2-7,2818.9940006,479858.71875,6641100.5,-2793.470703,SHETLAND GP.,Vaale Fm.,12.390999794,45.528377533,45.528377533,23.861536026,2.6559648514,15.908892632,0.0,0.0433804095,4.6573052406,57.438617706,17.8163414,12.250000954,0.0,0.0,0.0,0.0095411958,0.0,0.0,0.0,0.0,Limestone,1
25/2-7,2820.5140006,479858.6875,6641100.5,-2794.990234,SHETLAND GP.,Vaale Fm.,12.38299942,23.117351532,23.117351532,27.019350052,2.5480954647,15.14520359,0.0,0.0438586399,5.7563772202,59.451675415,18.942884445,12.250000954,0.0,0.0,0.0,0.0296876021,0.0,0.0,0.0,0.0,Limestone,1
25/2-7,2822.9460006,479858.65625,6641100.5,-2797.421387,SHETLAND GP.,Vaale Fm.,13.36985302,41.733074188,41.733074188,23.761669159,2.5230414867,17.621767044,0.0,0.0483784042,6.5205488205,56.341339111,20.309690475,12.250000954,0.0,0.0,0.0,0.1909586042,0.0,0.0,0.0,0.0,Limestone,1
25/2-7,2823.2500006,479858.625,6641100.5,-2797.725342,SHETLAND GP.,Vaale Fm.,13.135162354,35.157333374,35.157333374,23.453847885,2.6323654652,18.135311127,0.0,0.0521038845,5.5242686272,57.109344482,20.235176086,12.250000954,0.0,0.0,0.0,0.1209323928,0.0,0.0,0.0,0.0,Limestone,1
25/2-7,2826.2900006,479858.59375,6641100.5,-2800.76416,SHETLAND GP.,Vaale Fm.,12.358999252,34.40076828,34.40076828,23.845449448,2.6617753506,15.899186134,0.0,0.027576331,5.1006689072,56.565788269,20.937999725,12.250000954,0.0,0.0,0.0,-0.001018726,0.0,0.0,0.0,0.0,Limestone,1
25/2-7,2826.4420006,479858.59375,6641100.5,-2800.916016,SHETLAND GP.,Vaale Fm.,12.358999252,39.014858246,39.014858246,24.295291901,2.6464560032,15.917965889,0.0,0.0268600006,5.0022807121,56.647129059,20.371110916,12.250000954,0.0,0.0,0.0,0.0045818374,0.0,0.0,0.0,0.0,Limestone,1
25/2-7,2826.8980006,479858.59375,6641100.5,-2801.37207,SHETLAND GP.,Vaale Fm.,12.358999252,41.741897583,41.741897583,24.806545258,2.657002449,16.912109375,0.0,0.037836913,4.7044415474,56.220493317,18.251873016,12.250000954,0.0,0.0,0.0,0.0010202433,0.0,0.0,0.0,0.0,Limestone,1
25/2-7,2827.8100006,479858.5625,6641100.5,-2802.283691,SHETLAND GP.,Vaale Fm.,12.366999626,40.066532135,40.066532135,26.606603622,2.6799278259,15.711321831,0.0,0.0317399986,5.2776432037,56.897094727,17.680145264,12.250000954,0.0,0.0,0.0,-0.007036018,0.0,0.0,0.0,0.0,Limestone,1
25/2-7,2828.1140006,479858.5625,6641100.5,-2802.587646,SHETLAND GP.,Vaale Fm.,12.375359535,41.791389465,41.791389465,26.335964203,2.6691350937,13.4236269,0.0,0.033102788,5.4563755989,56.970680237,18.297422409,12.250000954,0.0,0.0,0.0,-0.012477479,0.0,0.0,0.0,0.0,Limestone,1
25/2-7,2830.5460006,479858.53125,6641100.5,-2805.018555,SHETLAND GP.,Vaale Fm.,12.390999794,39.707450867,39.707450867,23.118251801,2.6516501904,16.034488678,0.0,0.0270860512,5.1415114403,56.548427582,20.29214859,12.250000954,0.0,0.0,0.0,-0.008260137,0.0,0.0,0.0,0.0,Limestone,1
25/2-7,2831.6100006,479858.5,6641100.5,-2806.082275,SHETLAND GP.,Vaale Fm.,12.38299942,66.289924622,66.289924622,24.218385696,2.6566648483,15.442410469,0.0,0.0396295413,4.9781775475,56.115581512,24.326257706,12.250000954,0.0,0.0,0.0,-0.0090845,0.0,0.0,0.0,0.0,Limestone,1
25/2-7,2837.0820006,479858.40625,6641100.0,-2811.552246,SHETLAND GP.,Vaale Fm.,12.406000137,31.29524231,31.29524231,20.050046921,2.6464591026,11.981748581,0.0,0.0461786836,4.7392354012,57.489368439,29.745117188,12.250000954,0.0,0.0,0.0,-0.012034257,0.0,0.0,0.0,0.0,Limestone,1
25/2-7,2837.3860006,479858.40625,6641100.0,-2811.856201,SHETLAND GP.,Vaale Fm.,12.408538818,24.181591034,24.181591034,20.120779037,2.627443552,13.809350014,0.0,0.0500944629,4.9874629974,57.239406586,30.729705811,12.250000954,0.0,0.0,0.0,-0.010412993,0.0,0.0,0.0,0.0,Limestone,1
25/2-7,2839.3620006,479858.375,6641100.0,-2813.831543,SHETLAND GP.,Vaale Fm.,12.437999725,24.466863632,24.466863632,19.241218567,2.632948637,17.113531113,0.0,0.0469809659,4.5132279396,60.09796524,33.10836792,12.250000954,0.0,0.0,0.0,0.0025493437,0.0,0.0,0.0,0.0,Limestone,1
25/2-7,2840.7300006,479858.34375,6641100.0,-2815.198975,SHETLAND GP.,Vaale Fm.,12.437999725,27.101713181,27.101713181,19.074958801,2.6671171188,16.262561798,0.0,0.044381354,4.4111089706,58.613162994,36.412342072,12.250000954,0.0,0.0,0.0,-0.007259748,0.0,0.0,0.0,0.0,Limestone,1
25/2-7,2841.9460006,479858.3125,6641100.0,-2816.414551,SHETLAND GP.,Vaale Fm.,12.454908371,19.624250412,19.624250412,16.637172699,2.6690461636,17.161167145,0.0,0.0520381406,4.9098358154,61.524562836,39.172973633,12.250000954,0.0,0.0,0.0,-0.004,0.0,0.0,0.0,0.0,Limestone,1
25/2-7,2842.0980006,479858.3125,6641100.0,-2816.566406,SHETLAND GP.,Vaale Fm.,12.461001396,21.042320251,21.042320251,16.116199493,2.6659998894,18.075046539,0.0,0.0580799207,5.0486140251,61.108520508,39.007072449,12.250000954,0.0,0.0,0.0,-0.004943428,0.0,0.0,0.0,0.0,Limestone,2
25/2-7,2842.2500006,479858.3125,6641100.0,-2816.718506,SHETLAND GP.,Vaale Fm.,12.461001396,26.541929245,26.541929245,15.344717979,2.6641409397,15.7924366,0.0,0.0577551462,5.0437102318,60.506420135,38.741188049,12.250000954,0.0,0.0,0.0,-0.008232376,0.0,0.0,0.0,0.0,Limestone,2
25/2-7,2843.1620006,479858.3125,6641100.0,-2817.630127,SHETLAND GP.,Vaale Fm.,12.5,17.129419327,17.129419327,12.665060997,2.6263034344,18.898591995,0.0,0.0569593348,4.6631865501,60.883323669,41.350925446,12.250000954,0.0,0.0,0.0,-0.011348296,0.0,0.0,0.0,0.0,Limestone,2
25/2-7,2844.5300006,479858.28125,6641100.0,-2818.997559,SHETLAND GP.,Vaale Fm.,12.546999931,32.4167099,32.4167099,11.733598709,2.668387413,14.63731575,0.0,0.0343168788,5.039732933,58.371639252,51.718715668,12.250000954,0.0,0.0,0.0,-0.011225113,0.0,0.0,0.0,0.0,Limestone,2
25/2-7,2844.8340006,479858.28125,6641100.0,-2819.301514,SHETLAND GP.,Vaale Fm.,12.550022125,16.490879059,16.490879059,5.9964556694,2.6298978329,18.701896667,0.0,0.0404309742,4.7338819504,60.314102173,53.790294647,12.250000954,0.0,0.0,0.0,-0.008133438,0.0,0.0,0.0,0.0,Limestone,2
25/2-7,2846.9620006,479858.25,6641100.0,-2821.428711,SHETLAND GP.,Vaale Fm.,13.347794533,1.8919999599,1.8919999599,1.6487802267,2.4696733952,62.779335022,0.0,0.3379442692,4.3154606819,94.090118408,60.950603485,12.250000954,0.0,0.0,0.0,0.1277903169,0.0,0.0,0.0,0.0,Shale,1
25/2-7,2847.4180006,479858.21875,6641100.0,-2821.884521,SHETLAND GP.,Vaale Fm.,13.287845612,1.948874712,1.948874712,1.6994609833,2.5030283928,68.124839783,0.0,0.3587092161,4.1467638016,93.443649292,62.290523529,12.250000954,0.0,0.0,0.0,0.1205484495,0.0,0.0,0.0,0.0,Shale,1
25/2-7,2847.7220006,479858.21875,6641100.0,-2822.188477,SHETLAND GP.,Vaale Fm.,13.185002327,2.0554671288,2.0554671288,1.7745964527,2.5137867928,61.81703186,0.0,0.3142397702,3.8985104561,93.785644531,62.621421814,12.250000954,0.0,0.0,0.0,0.0695101544,0.0,0.0,0.0,0.0,Shale,1
25/2-7,2850.1540006,479858.1875,6641100.0,-2824.619629,SHETLAND GP.,Vaale Fm.,13.328766823,1.770634532,1.770634532,1.6089879274,2.437233448,69.054756165,0.0,0.3296041489,4.4855875969,95.170265198,63.417976379,12.250000954,0.0,0.0,0.0,0.1138083786,0.0,0.0,0.0,0.0,Shale,1
25/2-7,2850.3060006,479858.1875,6641100.0,-2824.771484,SHETLAND GP.,Vaale Fm.,13.33160305,1.7185966969,1.7185966969,1.5872869492,2.4286901951,65.630912781,0.0,0.3486433327,4.3807373047,95.492492676,63.551486969,12.250000954,0.0,0.0,0.0,0.1113451123,0.0,0.0,0.0,0.0,Shale,1
25/2-7,2850.7620006,479858.1875,6641100.0,-2825.227295,SHETLAND GP.,Vaale Fm.,13.312317848,1.6714259386,1.6714259386,1.5467221737,2.4178295135,64.22782135,0.0,0.3806245327,4.7144231796,96.350776672,63.85105896,12.250000954,0.0,0.0,0.0,0.115596287,0.0,0.0,0.0,0.0,Shale,1
25/2-7,2851.9780006,479858.15625,6641100.0,-2826.442871,SHETLAND GP.,Vaale Fm.,13.512579918,1.5793925524,1.5793925524,1.4459345341,2.4341309071,66.535041809,0.0,0.3651863933,4.3834404945,98.807380676,59.633178711,12.250000954,0.0,0.0,0.0,0.1239345744,0.0,0.0,0.0,0.0,Shale,1
25/2-7,2852.5860006,479858.15625,6641100.0,-2827.050537,SHETLAND GP.,Vaale Fm.,13.714398384,1.6394251585,1.6394251585,1.4274652004,2.4292325974,67.378456116,0.0,0.3416312039,3.8688588142,98.196769714,59.657752991,12.250000954,0.0,0.0,0.0,0.078725934,0.0,0.0,0.0,0.0,Shale,1
25/2-7,2852.7380006,479858.15625,6641100.0,-2827.202637,SHETLAND GP.,Vaale Fm.,13.781013489,1.6639490128,1.6639490128,1.3992135525,2.4161019325,67.241798401,0.0,0.3481918573,3.8761210442,98.20690918,59.71188736,12.250000954,0.0,0.0,0.0,0.0747145936,0.0,0.0,0.0,0.0,Shale,1
25/2-7,2854.7140006,479858.125,6641100.0,-2829.177979,SHETLAND GP.,Vaale Fm.,12.852389336,7.4437212944,7.4437212944,8.5530567169,2.5529661179,17.616279602,0.0,0.1269253194,4.1502428055,65.138801575,56.362323761,12.250000954,0.0,0.0,0.0,-0.012016902,0.0,0.0,0.0,0.0,Limestone,1
25/2-7,2856.3860006,479858.09375,6641100.0,-2830.849365,SHETLAND GP.,Vaale Fm.,13.889175415,1.5556774139,1.5556774139,1.4008355141,2.3194215298,69.329811096,0.0,0.3815521002,4.3890767097,97.059654236,59.776481628,12.250000954,0.0,0.0,0.0,0.113177985,0.0,0.0,0.0,0.0,Shale,1
25/2-7,2856.8420006,479858.0625,6641100.0,-2831.305176,SHETLAND GP.,Vaale Fm.,13.754562378,1.5795321465,1.5795321465,1.3010975122,2.3685514927,63.243976593,0.0,0.3622619808,4.1909637451,99.014656067,60.368293762,12.250000954,0.0,0.0,0.0,0.0946880654,0.0,0.0,0.0,0.0,Shale,1
25/2-7,2857.7540006,479858.0625,6641100.0,-2832.216797,SHETLAND GP.,Vaale Fm.,13.548073769,1.3623117208,1.3623117208,1.3300693035,2.353376627,71.036819458,0.0,0.4019275308,4.4980707169,100.20192719,56.986320496,12.250000954,0.0,0.0,0.0,0.1294458061,0.0,0.0,0.0,0.0,Shale,1
25/2-7,2858.6660006,479858.03125,6641099.5,-2833.128418,SHETLAND GP.,Vaale Fm.,13.630866051,1.4731026888,1.4731026888,1.4185889959,2.3407170773,71.989303589,0.0,0.3994742334,4.4505372047,98.147041321,57.337589264,12.250000954,0.0,0.0,0.0,0.1553331316,0.0,0.0,0.0,0.0,Shale,1
25/2-7,2860.0340006,479858.03125,6641099.5,-2834.49585,SHETLAND GP.,Vaale Fm.,13.431271553,1.8706442118,1.8706442118,1.5639909506,2.4830470085,61.754070282,0.0,0.345308125,4.9389338493,94.029769897,59.912387848,12.250000954,0.0,0.0,0.0,0.1262711585,0.0,0.0,0.0,0.0,Shale,1
25/2-7,2860.6420006,479858.0,6641099.5,-2835.104004,SHETLAND GP.,Vaale Fm.,13.8864851,1.487622261,1.487622261,1.4284762144,2.3151824474,60.033729553,0.0,0.3796927631,4.7593688965,96.016647339,57.935371399,12.250000954,0.0,0.0,0.0,0.1379261464,0.0,0.0,0.0,0.0,Shale,1
25/2-7,2863.6820006,479857.96875,6641099.5,-2838.143066,SHETLAND GP.,Vaale Fm.,14.512710571,1.6586493254,1.6586493254,1.5596401691,2.2528223991,63.200061798,0.0,0.3491624892,5.6522359848,93.434524536,59.07604599,12.250000954,0.0,0.0,0.0,0.152137056,0.0,0.0,0.0,0.0,Marl,1
25/2-7,2863.8340006,479857.96875,6641099.5,-2838.295166,SHETLAND GP.,Vaale Fm.,14.515999794,1.6946563721,1.6946563721,1.4962444305,2.1848666668,60.857067108,0.0,0.3366474807,5.5652265549,94.105232239,58.672924042,12.250000954,0.0,0.0,0.0,0.1330649555,0.0,0.0,0.0,0.0,Marl,1
25/2-7,2864.1380006,479857.96875,6641099.5,-2838.599121,SHETLAND GP.,Vaale Fm.,13.146520615,1.4517800808,1.4517800808,1.4391634464,2.1085083485,67.15700531,0.0,0.3549419641,5.2988595963,98.163131714,57.875,12.250000954,0.0,0.0,0.0,0.115018025,0.0,0.0,0.0,0.0,Shale,1
25/2-7,2867.7860006,479857.90625,6641099.5,-2842.246338,SHETLAND GP.,Vaale Fm.,15.185241699,1.332716465,1.332716465,1.3120000362,1.98270154,61.917743683,0.0,0.430719614,5.8900179863,101.45700836,58.519515991,12.250000954,0.0,0.0,0.0,0.0877367705,0.0,0.0,0.0,0.0,Shale,1
25/2-7,2873.4100006,479857.8125,6641099.5,-2847.869141,SHETLAND GP.,Vaale Fm.,14.371610641,1.1404139996,1.1404139996,1.1331669092,2.0490584373,64.479530334,0.0,0.399741143,5.7248096466,103.3579483,56.670379639,12.250000954,0.0,0.0,0.0,0.102307193,0.0,0.0,0.0,0.0,Shale,1
25/2-7,2873.5620006,479857.8125,6641099.5,-2848.02124,SHETLAND GP.,Vaale Fm.,14.398439407,1.1596884727,1.1596884727,1.138461113,2.0776913166,65.812767029,0.0,0.3959580958,6.0222177505,103.59597778,56.528930664,12.250000954,0.0,0.0,0.0,0.1164611727,0.0,0.0,0.0,0.0,Shale,1
25/2-7,2878.2740006,479857.75,6641099.5,-2852.732178,SHETLAND GP.,Vaale Fm.,13.328502655,2.4588413239,2.4588413239,2.3741574287,2.5321652889,37.759143829,0.0,0.3203406632,4.0913186073,86.028587341,57.239852905,12.250000954,0.0,0.0,0.0,0.0590576641,0.0,0.0,0.0,0.0,Marl,1
25/2-7,2881.1620006,479857.6875,6641099.5,-2855.619629,SHETLAND GP.,Vaale Fm.,12.663999557,7.4464673996,7.4464673996,5.5471024513,2.5982406139,18.834579468,0.0,0.1246473268,4.7922577858,67.564224243,55.53099823,12.250000954,0.0,0.0,0.0,-0.009879633,0.0,0.0,0.0,0.0,Limestone,1
25/2-7,2884.0500006,479857.65625,6641099.5,-2858.50708,SHETLAND GP.,Vaale Fm.,12.586000443,7.5803050995,7.5803050995,6.6991744041,2.5819563866,14.605577469,0.0,0.1309456378,4.8005599976,67.393508911,53.307548523,12.250000954,0.0,0.0,0.0,-0.018532705,0.0,0.0,0.0,0.0,Limestone,1
25/2-7,2890.4340006,479857.5625,6641099.5,-2864.889648,SHETLAND GP.,Vaale Fm.,12.647001266,6.5973958969,6.5973958969,5.7282047272,2.5768022537,16.727964401,0.0,0.1427760571,4.8367776871,68.88520813,50.993976593,12.250000954,0.0,0.0,0.0,-0.007999467,0.0,0.0,0.0,0.0,Limestone,1
25/2-7,2893.1700006,479857.5,6641099.5,-2867.625,SHETLAND GP.,Vaale Fm.,12.727120399,8.84171772,8.84171772,6.7322440147,2.5867061615,19.411809921,0.0,0.1040639505,5.0002946854,64.414482117,49.5,12.250000954,0.0,0.0,0.0,-0.010940758,0.0,0.0,0.0,0.0,Limestone,1
25/2-7,2895.2980006,479857.46875,6641099.5,-2869.752686,SHETLAND GP.,Vaale Fm.,12.755066872,8.3228559494,8.3228559494,7.3046693802,2.5839002132,17.378299713,0.0,0.1091394052,5.0982432365,63.914299011,45.835414886,12.250000954,0.0,0.0,0.0,-0.01,0.0,0.0,0.0,0.0,Limestone,1
25/2-7,2896.2100006,479857.46875,6641099.5,-2870.664307,SHETLAND GP.,Vaale Fm.,12.788998604,8.2726249695,8.2726249695,6.5454201698,2.5908002853,15.486316681,0.0,0.1147953793,4.4169454575,65.814147949,48.296791077,12.250000954,0.0,0.0,0.0,-0.013700061,0.0,0.0,0.0,0.0,Limestone,1
25/2-7,2896.5140006,479857.46875,6641099.5,-2870.968262,SHETLAND GP.,Vaale Fm.,12.730478287,6.4984865189,6.4984865189,6.0471863747,2.5914092064,19.950311661,0.0,0.1067365706,4.3163342476,67.206054688,48.673786163,12.250000954,0.0,0.0,0.0,-0.006522865,0.0,0.0,0.0,0.0,Limestone,1
25/2-7,2896.9700006,479857.4375,6641099.5,-2871.424316,SHETLAND GP.,Vaale Fm.,12.716492653,5.2203402519,5.2203402519,5.5836262703,2.5656940937,14.785222054,0.0,0.1239625588,4.3919425011,70.321792603,48.074893951,12.250000954,0.0,0.0,0.0,-0.003009387,0.0,0.0,0.0,0.0,Limestone,1
25/2-7,2897.4260006,479857.4375,6641099.5,-2871.880127,SHETLAND GP.,Vaale Fm.,12.767958641,5.7923908234,5.7923908234,5.1054115295,2.5722386837,17.117954254,0.0,0.1366413683,4.4822998047,70.030082703,46.478122711,12.250000954,0.0,0.0,0.0,-0.010440324,0.0,0.0,0.0,0.0,Limestone,1
25/2-7,2897.5780006,479857.4375,6641099.5,-2872.031982,SHETLAND GP.,Vaale Fm.,12.772999763,5.7941293716,5.7941293716,5.0409021378,2.5752358437,17.413003922,0.0,0.1366191804,4.4684476852,69.995491028,45.713264465,12.250000954,0.0,0.0,0.0,-0.009552854,0.0,0.0,0.0,0.0,Limestone,1
25/2-7,2898.7940006,479857.40625,6641099.5,-2873.247803,SHETLAND GP.,Vaale Fm.,12.772999763,5.0719857216,5.0719857216,4.7911524773,2.5944616795,21.355804443,0.0,0.1289198995,4.7761254311,70.588363647,47.603294373,12.250000954,0.0,0.0,0.0,0.0072309133,0.0,0.0,0.0,0.0,Limestone,1
25/2-7,2901.0740006,479857.375,6641099.0,-2875.527344,SHETLAND GP.,Vaale Fm.,12.812999725,4.7158017159,4.7158017159,4.360022068,2.5341339111,18.641168594,0.0,0.1615628898,4.266764164,73.192108154,44.189453125,12.250000954,0.0,0.0,0.0,-0.007,0.0,0.0,0.0,0.0,Limestone,1
25/2-7,2901.3780006,479857.375,6641099.0,-2875.831299,SHETLAND GP.,Vaale Fm.,12.81278801,4.3575716019,4.3575716019,4.615486145,2.5178833008,21.5866642,0.0,0.1608881354,4.3299078941,74.010620117,45.136878967,12.250000954,0.0,0.0,0.0,-0.005788335,0.0,0.0,0.0,0.0,Limestone,1
25/2-7,2902.4420006,479857.375,6641099.0,-2876.89502,SHETLAND GP.,Vaale Fm.,12.676912308,7.4800543785,7.4800543785,6.1311631203,2.5780000687,17.291582108,0.0,0.1110855788,4.9424648285,66.985389709,47.657802582,12.250000954,0.0,0.0,0.0,-0.009806995,0.0,0.0,0.0,0.0,Limestone,1
25/2-7,2903.5060006,479857.34375,6641099.0,-2877.958984,SHETLAND GP.,Vaale Fm.,12.703001022,6.2661299706,6.2661299706,6.63976717,2.5714802742,18.709217072,0.0,0.1312407106,4.9141798019,68.155334473,46.40599823,12.250000954,0.0,0.0,0.0,-0.016651992,0.0,0.0,0.0,0.0,Limestone,1
25/2-7,2903.9620006,479857.34375,6641099.0,-2878.414795,SHETLAND GP.,Vaale Fm.,12.666670799,9.2937507629,9.2937507629,7.2208366394,2.6388366222,18.30248642,0.0,0.1188961342,4.7556605339,66.184570313,45.770420074,12.250000954,0.0,0.0,0.0,-0.011332131,0.0,0.0,0.0,0.0,Limestone,1
25/2-7,2904.7220006,479857.3125,6641099.0,-2879.174561,SHETLAND GP.,Vaale Fm.,12.683513641,5.7687735558,5.7687735558,5.7629294395,2.5772647858,22.029699326,0.0,0.1197463796,4.5132570267,68.960128784,46.46654892,12.250000954,0.0,0.0,0.0,-0.014847253,0.0,0.0,0.0,0.0,Limestone,1
25/2-7,2908.0660006,479857.28125,6641099.0,-2882.517822,SHETLAND GP.,Vaale Fm.,12.800708771,3.0635566711,3.0635566711,3.1469073296,2.5366227627,40.202793121,0.0,0.1341059655,4.3218135834,76.155189514,54.146205902,12.250000954,0.0,0.0,0.0,0.0008558438,0.0,0.0,0.0,0.0,Marl,1
25/2-7,2910.3460006,479857.25,6641099.0,-2884.797363,SHETLAND GP.,Vaale Fm.,13.452689171,2.2118322849,2.2118322849,2.0467495918,2.5602099895,38.906959534,0.0,0.2548677921,4.6329317093,88.863632202,56.133548737,12.250000954,0.0,0.0,0.0,0.0002257596,0.0,0.0,0.0,0.0,Shale,1
25/2-7,2911.1060006,479857.21875,6641099.0,-2885.557373,SHETLAND GP.,Vaale Fm.,12.988253593,2.1718399525,2.1718399525,1.9473901987,2.5575661659,47.331542969,0.0,0.2733468115,4.5433969498,89.863845825,59.092334747,12.250000954,0.0,0.0,0.0,0.0562613346,0.0,0.0,0.0,0.0,Shale,1
25/2-7,2911.7140006,479857.21875,6641099.0,-2886.165283,SHETLAND GP.,Vaale Fm.,13.020609856,2.0011110306,2.0011110306,1.9674280882,2.5264401436,43.208580017,0.0,0.233826369,4.2012515068,91.577056885,61.176578522,12.250000954,0.0,0.0,0.0,0.0129341464,0.0,0.0,0.0,0.0,Shale,1
25/2-7,2913.3860006,479857.1875,6641099.0,-2887.836914,SHETLAND GP.,Vaale Fm.,13.55505085,1.7047657967,1.7047657967,1.6363959312,2.4957888126,53.070316315,0.0,0.2905589938,4.3703670502,94.237510681,58.25535965,12.250000954,0.0,0.0,0.0,0.0030197934,0.0,0.0,0.0,0.0,Shale,1
25/2-7,2913.8420006,479857.1875,6641099.0,-2888.292725,SHETLAND GP.,Vaale Fm.,13.305215836,2.1394279003,2.1394279003,1.7511006594,2.4630208015,47.14950943,0.0,0.3349294662,4.1363568306,92.385566711,59.495662689,12.250000954,0.0,0.0,0.0,0.0680173561,0.0,0.0,0.0,0.0,Shale,1
25/2-7,2914.1460006,479857.1875,6641099.0,-2888.59668,SHETLAND GP.,Vaale Fm.,13.335009575,2.4868245125,2.4868245125,1.6042174101,2.5118274689,47.325424194,0.0,0.2713884115,4.1336526871,90.250267029,60.989215851,12.250000954,0.0,0.0,0.0,0.0362012982,0.0,0.0,0.0,0.0,Shale,1
25/2-7,2915.0580006,479857.15625,6641099.0,-2889.508545,SHETLAND GP.,Vaale Fm.,13.298818588,1.4568269253,1.4568269253,2.1323268414,2.3990111351,57.36271286,0.0,0.3581294119,4.2598638535,97.007553101,63.239955902,12.250000954,0.0,0.0,0.0,0.132568717,0.0,0.0,0.0,0.0,Shale,1
25/2-7,2916.2740006,479857.15625,6641099.0,-2890.724121,SHETLAND GP.,Vaale Fm.,13.982203484,1.4845306873,1.4845306873,1.7823123932,2.4334254265,61.764335632,0.0,0.2646192908,5.0077662468,94.734741211,59.51292038,12.250000954,0.0,0.0,0.0,0.1900803298,0.0,0.0,0.0,0.0,Shale,1
25/2-7,2917.0340006,479857.125,6641099.0,-2891.484131,SHETLAND GP.,Vaale Fm.,14.673995018,1.3571772575,1.3571772575,1.1274709702,2.3759405613,67.073493958,0.0,0.3785650134,4.4589219093,102.79468536,61.347129822,12.250000954,0.0,0.0,0.0,0.1420596242,0.0,0.0,0.0,0.0,Shale,1
25/2-7,2917.6420006,479857.125,6641099.0,-2892.092041,SHETLAND GP.,Vaale Fm.,14.12689209,1.4524828196,1.4524828196,1.2856795788,2.3818340302,60.085083008,0.0,0.3717162311,5.1400933266,99.881965637,62.752189636,12.250000954,0.0,0.0,0.0,0.1669999957,0.0,0.0,0.0,0.0,Shale,1
25/2-7,2918.7060006,479857.09375,6641099.0,-2893.155762,SHETLAND GP.,Vaale Fm.,13.680787086,1.2765221596,1.2765221596,1.2799999714,2.3309381008,62.686851501,0.0,0.3883248568,5.1135411263,104.57176971,61.667060852,12.250000954,0.0,0.0,0.0,0.1330000013,0.0,0.0,0.0,0.0,Shale,1
25/2-7,2919.1620006,479857.09375,6641099.0,-2893.611816,SHETLAND GP.,Vaale Fm.,14.291680336,1.3080985546,1.3080985546,1.2271604538,2.3393540382,62.82964325,0.0,0.3876174986,5.0935354233,103.04580688,59.829353333,12.250000954,0.0,0.0,0.0,0.1296131462,0.0,0.0,0.0,0.0,Shale,1
25/2-7,2921.4420006,479857.0625,6641099.0,-2895.891113,SHETLAND GP.,Vaale Fm.,13.968279839,1.3665933609,1.3665933609,1.2695791721,2.3138644695,66.448524475,0.0,0.3834992349,5.3600382805,100.84789276,62.563560486,12.250000954,0.0,0.0,0.0,0.1352710426,0.0,0.0,0.0,0.0,Shale,1
25/2-7,2921.7460006,479857.0625,6641099.0,-2896.195313,SHETLAND GP.,Vaale Fm.,14.221572876,1.4118204117,1.4118204117,1.3141993284,2.2919225693,60.198173523,0.0,0.3465423882,5.5488967896,99.974914551,61.66916275,12.250000954,0.0,0.0,0.0,0.1262010336,0.0,0.0,0.0,0.0,Shale,1
25/2-7,2923.7220006,479857.03125,6641099.0,-2898.170654,SHETLAND GP.,Vaale Fm.,14.180678368,1.4157087803,1.4157087803,1.4470390081,2.2466967106,67.010505676,0.0,0.3437033296,5.4144258499,96.758483887,62.465629578,12.250000954,0.0,0.0,0.0,0.1197027415,0.0,0.0,0.0,0.0,Shale,1
25/2-7,2925.2420006,479857.0,6641099.0,-2899.69043,SHETLAND GP.,Vaale Fm.,14.639977455,1.3833334446,1.3833334446,1.3855346441,2.3921551704,62.170547485,0.0,0.3985161185,4.4394879341,99.609413147,58.883182526,12.250000954,0.0,0.0,0.0,0.1837829798,0.0,0.0,0.0,0.0,Shale,1
25/2-7,2926.9140006,479856.96875,6641099.0,-2901.362061,SHETLAND GP.,Vaale Fm.,13.768206596,1.5115990639,1.5115990639,1.3776576519,2.3637197018,62.948368073,0.0,0.3759799898,5.9343094826,99.145576477,61.729213715,12.250000954,0.0,0.0,0.0,0.1728832424,0.0,0.0,0.0,0.0,Shale,1
25/2-7,2927.9780006,479856.96875,6641099.0,-2902.425781,SHETLAND GP.,Vaale Fm.,14.160094261,1.4453399181,1.4453399181,1.3892314434,2.3505828381,65.226478577,0.0,0.3789047003,4.6293311119,98.489265442,60.373645782,12.250000954,0.0,0.0,0.0,0.1420114189,0.0,0.0,0.0,0.0,Shale,1
25/2-7,2929.1940006,479856.9375,6641099.0,-2903.641602,SHETLAND GP.,Vaale Fm.,13.457662582,1.5592535734,1.5592535734,1.5863023996,2.1773655415,67.901916504,0.0,0.4055779576,4.4686899185,98.40712738,59.432540894,12.250000954,0.0,0.0,0.0,0.0893965885,0.0,0.0,0.0,0.0,Shale,1
25/2-7,2930.1060006,479856.9375,6641099.0,-2904.553223,SHETLAND GP.,Vaale Fm.,13.117061615,4.310760498,4.310760498,1.9983057976,2.5886316299,42.112010956,0.0,0.2714283168,6.0462417603,75.039512634,62.352893829,12.250000954,0.0,0.0,0.0,0.0701294616,0.0,0.0,0.0,0.0,Limestone,1
25/2-7,2930.2580006,479856.9375,6641099.0,-2904.705322,SHETLAND GP.,Vaale Fm.,13.113798141,3.5927131176,3.5927131176,1.9575314522,2.4401051998,49.966121674,0.0,0.2921310067,6.4124450684,75.119743347,63.065578461,12.250000954,0.0,0.0,0.0,0.0614361316,0.0,0.0,0.0,0.0,Limestone,1
25/2-7,2930.5620006,479856.9375,6641099.0,-2905.009277,SHETLAND GP.,Vaale Fm.,13.588567734,1.815737009,1.815737009,1.8772003651,2.2544534206,59.196453094,0.0,0.3502714634,5.8583831787,89.640617371,63.511569977,12.250000954,0.0,0.0,0.0,0.1196796298,0.0,0.0,0.0,0.0,Limestone,1
25/2-7,2932.0820006,479856.90625,6641099.0,-2906.529053,SHETLAND GP.,Vaale Fm.,14.98944664,1.5061261654,1.5061261654,1.3975120783,2.29174757,55.41967392,0.0,0.3887693584,5.307882309,98.508789063,60.40599823,12.250000954,0.0,0.0,0.0,0.1816399843,0.0,0.0,0.0,0.0,Shale,1
25/2-7,2933.4500006,479856.875,6641099.0,-2907.896729,SHETLAND GP.,Vaale Fm.,14.416565895,1.6219837666,1.6219837666,1.5656375885,2.1181359291,64.767417908,0.0,0.4062448442,5.1754450798,96.785217285,64.125,12.250000954,0.0,0.0,0.0,0.1058966666,0.0,0.0,0.0,0.0,Shale,1
25/2-7,2934.5140006,479856.875,6641099.0,-2908.960449,SHETLAND GP.,Vaale Fm.,14.16190815,1.4756826162,1.4756826162,1.5302028656,2.3478302956,69.848052979,0.0,0.380515188,4.6670017242,98.893936157,60.706226349,12.250000954,0.0,0.0,0.0,0.1460664123,0.0,0.0,0.0,0.0,Shale,1
25/2-7,2935.7300006,479856.84375,6641099.0,-2910.17627,SHETLAND GP.,Vaale Fm.,14.454529762,1.5385315418,1.5385315418,1.6440359354,2.0753602982,74.489784241,0.0,0.3937780857,5.7637000084,99.090629578,62.482589722,12.250000954,0.0,0.0,0.0,0.0969144031,0.0,0.0,0.0,0.0,Shale,1
25/2-7,2936.1860006,479856.84375,6641099.0,-2910.63208,SHETLAND GP.,Vaale Fm.,14.918036461,1.5681445599,1.5681445599,1.3844825029,2.1801660061,69.95740509,0.0,0.3797199428,5.444164753,99.869865417,63.871589661,12.250000954,0.0,0.0,0.0,0.1044931561,0.0,0.0,0.0,0.0,Shale,1
25/2-7,2936.9460006,479856.8125,6641099.0,-2911.39209,SHETLAND GP.,Vaale Fm.,15.270299911,1.380614996,1.380614996,1.3945965767,2.2889649868,65.434524536,0.0,0.3926824927,5.1560325623,102.92605591,63.665111542,12.250000954,0.0,0.0,0.0,0.1581755728,0.0,0.0,0.0,0.0,Shale,1
25/2-7,2937.8580006,479856.8125,6641099.0,-2912.303711,SHETLAND GP.,Vaale Fm.,14.280921936,1.49373734,1.49373734,1.3818699121,2.2475469112,67.000595093,0.0,0.4280850589,5.7310724258,100.87969208,60.958408356,12.250000954,0.0,0.0,0.0,0.1334819496,0.0,0.0,0.0,0.0,Shale,1
25/2-7,2938.7700006,479856.78125,6641099.0,-2913.215576,SHETLAND GP.,Vaale Fm.,14.760732651,1.6204921007,1.6204921007,1.4163526297,2.1968605518,64.091995239,0.0,0.3835779428,5.4530177116,98.472824097,62.48141861,12.250000954,0.0,0.0,0.0,0.1431721002,0.0,0.0,0.0,0.0,Shale,1
25/2-7,2942.5700006,479856.75,6641099.0,-2917.014893,SHETLAND GP.,Vaale Fm.,13.808489799,1.436498642,1.436498642,1.4479991198,2.1329910755,60.516819,0.0,0.4191612005,5.4566392899,98.435310364,62.125331879,12.250000954,0.0,0.0,0.0,0.0824977756,0.0,0.0,0.0,0.0,Shale,1
25/2-7,2943.4820006,479856.71875,6641099.0,-2917.926514,SHETLAND GP.,Vaale Fm.,15.045330048,1.4700909853,1.4700909853,1.4359856844,2.1766400337,62.680702209,0.0,0.3974179924,5.8256249428,99.234802246,59.487068176,12.250000954,0.0,0.0,0.0,0.1289345622,0.0,0.0,0.0,0.0,Shale,1
25/2-7,2943.9380006,479856.71875,6641098.5,-2918.382568,SHETLAND GP.,Vaale Fm.,14.421999931,1.487278223,1.487278223,1.5583260059,2.2122395039,66.297912598,0.0,0.3985005021,5.8866400719,98.731163025,58.653263092,12.250000954,0.0,0.0,0.0,0.1491437405,0.0,0.0,0.0,0.0,Shale,1
25/2-7,2946.6740006,479856.6875,6641098.5,-2921.11792,SHETLAND GP.,Vaale Fm.,14.539792061,1.6828610897,1.6828610897,1.6180249453,2.3440406322,62.677547455,0.0,0.3664061427,4.5317869186,94.840568542,57.652072906,12.250000954,0.0,0.0,0.0,0.174722299,0.0,0.0,0.0,0.0,Shale,1
25/2-7,2946.9780006,479856.65625,6641098.5,-2921.421875,SHETLAND GP.,Vaale Fm.,14.087535858,1.7129511833,1.7129511833,1.7410305738,2.4035725594,58.698730469,0.0,0.3812970221,4.3834867477,93.794036865,57.3956604,12.250000954,0.0,0.0,0.0,0.1246213466,0.0,0.0,0.0,0.0,Shale,1
25/2-7,2950.1700006,479856.625,6641098.5,-2924.613037,SHETLAND GP.,Vaale Fm.,14.547829628,1.4823327065,1.4823327065,1.4519226551,2.1859679222,53.817157745,0.0,0.3753920794,5.2503447533,97.783355713,58.247875214,12.250000954,0.0,0.0,0.0,0.0807402283,0.0,0.0,0.0,0.0,Shale,1
25/2-7,2951.5380006,479856.59375,6641098.5,-2925.980957,SHETLAND GP.,Vaale Fm.,14.31640625,1.8295655251,1.8295655251,1.7715281248,2.3525736332,59.577056885,0.0,0.351557672,4.851703167,93.963500977,61.405658722,12.250000954,0.0,0.0,0.0,0.170814991,0.0,0.0,0.0,0.0,Shale,1
25/2-7,2952.7540006,479856.5625,6641098.5,-2927.196533,SHETLAND GP.,Vaale Fm.,13.154596329,1.5891516209,1.5891516209,1.6294852495,2.1150135994,50.688560486,0.0,0.3356070518,6.0074491501,93.472808838,60.207847595,12.250000954,0.0,0.0,0.0,0.0963259414,0.0,0.0,0.0,0.0,Shale,1
25/2-7,2955.9460006,479856.53125,6641098.5,-2930.387939,SHETLAND GP.,Vaale Fm.,14.360918999,1.5250375271,1.5250375271,1.4053149223,1.9913526773,62.661659241,0.0,0.3744420707,5.9099617004,99.167556763,59.203948975,12.250000954,0.0,0.0,0.0,0.053671319,0.0,0.0,0.0,0.0,Shale,1
25/2-7,2957.1620006,479856.5,6641098.5,-2931.60376,SHETLAND GP.,Vaale Fm.,15.289527893,1.5651828051,1.5651828051,1.460724473,2.1182234287,55.802616119,0.0,0.3873268664,5.8620862961,97.116111755,60.928085327,12.250000954,0.0,0.0,0.0,0.1037507132,0.0,0.0,0.0,0.0,Shale,1
25/2-7,2957.4660006,479856.5,6641098.5,-2931.907715,SHETLAND GP.,Vaale Fm.,13.930727005,1.6666517258,1.6666517258,1.5149325132,2.1650223732,61.985866547,0.0,0.3947520256,5.7120847702,96.471572876,61.837314606,12.250000954,0.0,0.0,0.0,0.101755619,0.0,0.0,0.0,0.0,Shale,1
25/2-7,2958.2260006,479856.5,6641098.5,-2932.66748,SHETLAND GP.,Vaale Fm.,15.532619476,1.4926627874,1.4926627874,1.500197649,2.115655899,68.685432434,0.0,0.3625333309,6.2505316734,97.886817932,62.611747742,12.250000954,0.0,0.0,0.0,0.1208611354,0.0,0.0,0.0,0.0,Shale,1
25/2-7,2960.0500006,479856.46875,6641098.5,-2934.491211,SHETLAND GP.,Vaale Fm.,14.836014748,1.5831807852,1.5831807852,1.493095994,2.2693977356,65.276992798,0.0,0.3525383174,5.9354858398,96.424880981,60.92829895,12.250000954,0.0,0.0,0.0,0.1535943151,0.0,0.0,0.0,0.0,Shale,1
25/2-7,2963.6980006,479856.40625,6641098.5,-2938.138428,SHETLAND GP.,Vaale Fm.,16.004283905,1.4842116833,1.4842116833,1.554001689,2.3701713085,63.27091217,0.0,0.3663434982,5.0107016563,97.706756592,63.115364075,12.250000954,0.0,0.0,0.0,0.2269536406,0.0,0.0,0.0,0.0,Shale,1
25/2-7,2964.6100006,479856.40625,6641098.5,-2939.050293,SHETLAND GP.,Vaale Fm.,15.179495811,2.5249295235,2.5249295235,1.8696018457,2.1775062084,59.518405914,0.0,0.3161970079,5.2866244316,84.139572144,62.375,12.250000954,0.0,0.0,0.0,0.0948790982,0.0,0.0,0.0,0.0,Shale,1
25/2-7,2965.3700006,479856.375,6641098.5,-2939.810059,SHETLAND GP.,Vaale Fm.,15.445767403,1.6804405451,1.6804405451,1.6721099615,2.2651884556,65.466880798,0.0,0.3746440411,5.2069001198,95.900375366,60.142871857,12.250000954,0.0,0.0,0.0,0.1517312378,0.0,0.0,0.0,0.0,Shale,1
25/2-7,2967.3460006,479856.34375,6641098.5,-2941.785645,SHETLAND GP.,Vaale Fm.,13.927189827,1.7134248018,1.7134248018,1.7660158873,2.1920580864,64.505889893,0.0,0.3884563148,5.8622307777,95.182136536,63.609508514,12.250000954,0.0,0.0,0.0,0.1089854836,0.0,0.0,0.0,0.0,Shale,1
25/2-7,2971.4500006,479856.28125,6641098.5,-2945.888672,SHETLAND GP.,Vaale Fm.,15.367165565,1.8049792051,1.8049792051,1.6920113564,2.187874794,64.813613892,0.0,0.3374131918,5.6485562325,94.768058777,59.750164032,12.250000954,0.0,0.0,0.0,0.1829325557,0.0,0.0,0.0,0.0,Shale,1
25/2-7,2975.8580006,479856.21875,6641098.5,-2950.295654,SHETLAND GP.,Vaale Fm.,16.365859985,1.7035375834,1.7035375834,1.619171977,2.2019031048,64.606483459,0.0,0.3614437282,6.6695232391,93.85319519,62.700721741,12.250000954,0.0,0.0,0.0,0.1354624927,0.0,0.0,0.0,0.0,Shale,1
25/2-7,2976.3140006,479856.21875,6641098.5,-2950.751709,SHETLAND GP.,Vaale Fm.,15.56075573,1.6876145601,1.6876145601,1.6498370171,2.0244603157,66.462005615,0.0,0.3955126107,6.701359272,96.017074585,62.895378113,12.250000954,0.0,0.0,0.0,0.072140947,0.0,0.0,0.0,0.0,Shale,1
25/2-7,2977.0740006,479856.1875,6641098.5,-2951.511475,SHETLAND GP.,Vaale Fm.,15.335011482,1.7083977461,1.7083977461,1.6609055996,2.0670921803,66.100921631,0.0,0.3967370987,6.1536202431,93.52482605,59.679512024,12.250000954,0.0,0.0,0.0,0.1370561868,0.0,0.0,0.0,0.0,Shale,1
25/2-7,2977.6820006,479856.1875,6641098.5,-2952.119385,SHETLAND GP.,Vaale Fm.,15.451129913,1.6552551985,1.6552551985,1.6173795462,2.2246751785,70.974105835,0.0,0.4053805172,5.9511060715,96.061820984,59.375,12.250000954,0.0,0.0,0.0,0.1956801414,0.0,0.0,0.0,0.0,Shale,1
25/2-7,2977.8340006,479856.1875,6641098.5,-2952.271484,SHETLAND GP.,Vaale Fm.,15.872550964,1.6528927088,1.6528927088,1.6407474279,2.1647577286,69.004753113,0.0,0.4095123112,6.0297122002,96.988571167,59.486591339,12.250000954,0.0,0.0,0.0,0.1547196805,0.0,0.0,0.0,0.0,Shale,1
25/2-7,2979.3540006,479856.15625,6641098.5,-2953.791016,SHETLAND GP.,Vaale Fm.,16.120140076,1.6537675858,1.6537675858,1.6431738138,2.1442496777,63.707202911,0.0,0.3433415294,5.9734325409,96.400665283,62.391830444,12.250000954,0.0,0.0,0.0,0.1156731844,0.0,0.0,0.0,0.0,Shale,1
25/2-7,2982.0900006,479856.125,6641098.5,-2956.526611,SHETLAND GP.,Vaale Fm.,16.181631088,1.5809966326,1.5809966326,1.4086469412,2.3230950832,66.39238739,0.0,0.3474748433,6.5398015976,98.897407532,61.931877136,12.250000954,0.0,0.0,0.0,0.0894464552,0.0,0.0,0.0,0.0,Shale,1
25/2-7,2982.2420006,479856.125,6641098.5,-2956.678467,SHETLAND GP.,Vaale Fm.,14.808790207,1.5827125311,1.5827125311,1.5703427792,2.3851256371,62.589221954,0.0,0.3552644551,6.2047843933,98.641075134,62.10200882,12.250000954,0.0,0.0,0.0,0.0326673053,0.0,0.0,0.0,0.0,Shale,1
25/2-7,2984.2180006,479856.09375,6641098.5,-2958.654053,SHETLAND GP.,Vaale Fm.,14.871006966,1.8970662355,1.8970662355,1.5225504637,2.1231806278,66.038238525,0.0,0.3453728259,5.6953372955,92.616783142,63.774456024,12.250000954,0.0,0.0,0.0,0.1480903029,0.0,0.0,0.0,0.0,Shale,1
25/2-7,2986.0420006,479856.0625,6641098.5,-2960.477783,SHETLAND GP.,Vaale Fm.,15.810512543,1.628502965,1.628502965,1.4847505093,2.1984972954,68.797203064,0.0,0.3559566438,6.3564257622,95.019943237,64.530967712,12.250000954,0.0,0.0,0.0,0.1517491788,0.0,0.0,0.0,0.0,Shale,1
25/2-7,2986.3460006,479856.0625,6641098.5,-2960.781494,SHETLAND GP.,Vaale Fm.,15.626927376,1.6702188253,1.6702188253,1.508620739,2.1043615341,68.160652161,0.0,0.3510637879,6.7274703979,96.263778687,63.461662292,12.250000954,0.0,0.0,0.0,0.1309999973,0.0,0.0,0.0,0.0,Shale,1
25/2-7,2989.6900006,479856.0,6641098.0,-2964.125,SHETLAND GP.,Vaale Fm.,14.935138702,1.6798040867,1.6798040867,1.5773849487,2.1563849449,63.823451996,0.0,0.3634895682,5.9618620872,95.362579346,63.796695709,12.250000954,0.0,0.0,0.0,0.1393132061,0.0,0.0,0.0,0.0,Shale,1
25/2-7,2991.0580006,479855.96875,6641098.0,-2965.492676,SHETLAND GP.,Vaale Fm.,14.416985512,1.7835123539,1.7835123539,1.6213065386,2.1440155506,67.462776184,0.0,0.3471470177,6.0614309311,95.615570068,65.80191803,12.250000954,0.0,0.0,0.0,0.0926834345,0.0,0.0,0.0,0.0,Shale,1
25/2-7,2993.6420006,479855.9375,6641098.0,-2968.076172,SHETLAND GP.,Vaale Fm.,14.453932762,1.7503905296,1.7503905296,1.5113303661,2.1274688244,66.474464417,0.0,0.3711576164,6.1915001869,93.93309021,62.55815506,12.250000954,0.0,0.0,0.0,0.1153393835,0.0,0.0,0.0,0.0,Shale,1
25/2-7,2996.6820006,479855.90625,6641098.0,-2971.115479,SHETLAND GP.,Vaale Fm.,15.523775101,1.5049198866,1.5049198866,1.4211329222,2.1594862938,67.260696411,0.0,0.3511875868,5.8389406204,98.68762207,62.320808411,12.250000954,0.0,0.0,0.0,0.1179078445,0.0,0.0,0.0,0.0,Shale,1
25/2-7,2999.1140006,479855.84375,6641098.0,-2973.546875,SHETLAND GP.,Vaale Fm.,15.017821312,1.7150927782,1.7150927782,1.558529973,2.3044312,66.155319214,0.0,0.3521434069,5.3408699036,93.644287109,58.765468597,12.250000954,0.0,0.0,0.0,0.195431143,0.0,0.0,0.0,0.0,Shale,1
25/2-7,3004.2820006,479855.78125,6641098.0,-2978.713867,SHETLAND GP.,Vaale Fm.,14.968301773,1.5842213631,1.5842213631,1.4289506674,2.1336882114,65.90965271,0.0,0.3551285863,5.5379624367,96.81111908,63.201465607,12.250000954,0.0,0.0,0.0,0.1266967654,0.0,0.0,0.0,0.0,Shale,1
25/2-7,3005.6500006,479855.75,6641098.0,-2980.081543,SHETLAND GP.,Vaale Fm.,15.804760933,1.5399266481,1.5399266481,1.4113018513,2.1911971569,58.214420319,0.0,0.3780711591,6.378651619,95.893127441,66.332359314,12.250000954,0.0,0.0,0.0,0.1302473843,0.0,0.0,0.0,0.0,Shale,1
25/2-7,3006.2580006,479855.75,6641098.0,-2980.689453,SHETLAND GP.,Vaale Fm.,16.221813202,1.5198169947,1.5198169947,1.3988114595,2.029800415,63.437728882,0.0,0.329292804,6.0832138062,95.445915222,66.962936401,12.250000954,0.0,0.0,0.0,0.0736010894,0.0,0.0,0.0,0.0,Shale,1
25/2-7,3006.7140006,479855.75,6641098.0,-2981.145508,SHETLAND GP.,Vaale Fm.,15.938997269,1.4363563061,1.4363563061,1.3551434278,2.0633928776,64.336334229,0.0,0.3509371579,6.3652820587,98.239097595,65.280525208,12.250000954,0.0,0.0,0.0,0.1035358682,0.0,0.0,0.0,0.0,Shale,1
25/2-7,3010.0580006,479855.6875,6641098.0,-2984.48877,SHETLAND GP.,Vaale Fm.,14.383176804,1.5269999504,1.5269999504,1.4159168005,2.1629109383,64.340507507,0.0,0.3540173769,4.4112634659,98.259468079,62.675601959,12.250000954,0.0,0.0,0.0,0.1116706282,0.0,0.0,0.0,0.0,Shale,1
25/2-7,3011.5780006,479855.65625,6641098.0,-2986.008301,SHETLAND GP.,Vaale Fm.,14.460403442,1.5224678516,1.5224678516,1.3517017365,2.2827999592,76.454193115,0.0,0.3563430607,5.1824893951,97.215660095,64.075119019,12.250000954,0.0,0.0,0.0,0.1705965251,0.0,0.0,0.0,0.0,Shale,1
25/2-7,3012.3380006,479855.65625,6641098.0,-2986.768066,SHETLAND GP.,Vaale Fm.,15.080053329,1.484364748,1.484364748,1.4135220051,2.2511322498,64.061843872,0.0,0.3391123712,4.4380850792,97.35282135,64.534255981,12.250000954,0.0,0.0,0.0,0.1059308499,0.0,0.0,0.0,0.0,Shale,1
25/2-7,3014.0100006,479855.625,6641098.0,-2988.439941,SHETLAND GP.,Vaale Fm.,15.325914383,1.4543712139,1.4543712139,1.4041985273,2.108184576,68.48374939,0.0,0.4006236792,5.3311805725,98.882247925,61.796459198,12.250000954,0.0,0.0,0.0,0.1039787009,0.0,0.0,0.0,0.0,Shale,1
25/2-7,3014.1620006,479855.625,6641098.0,-2988.592041,SHETLAND GP.,Vaale Fm.,15.064518929,1.4913758039,1.4913758039,1.3983080387,2.0942847729,68.680122375,0.0,0.4037246704,5.3817191124,97.639877319,62.324745178,12.250000954,0.0,0.0,0.0,0.0641435683,0.0,0.0,0.0,0.0,Shale,1
25/2-7,3015.0740006,479855.59375,6641098.0,-2989.503662,SHETLAND GP.,Vaale Fm.,14.710705757,1.3297284842,1.3297284842,1.2999829054,1.937405467,62.494369507,0.0,0.3996502161,6.4147801399,99.225624084,64.351707458,12.250000954,0.0,0.0,0.0,0.0614685006,0.0,0.0,0.0,0.0,Shale,1
25/2-7,3015.8340006,479855.59375,6641098.0,-2990.263428,SHETLAND GP.,Vaale Fm.,16.424232483,1.4269427061,1.4269427061,1.3447643518,2.1345286369,64.76650238,0.0,0.4022159874,6.6221604347,98.536361694,62.007156372,12.250000954,0.0,0.0,0.0,0.1299999952,0.0,0.0,0.0,0.0,Shale,1
25/2-7,3016.4420006,479855.59375,6641098.0,-2990.871338,SHETLAND GP.,Vaale Fm.,16.701353073,1.5495731831,1.5495731831,1.3791996241,2.2456796169,64.433525085,0.0,0.3485346437,6.1592149734,98.60181427,60.497135162,12.250000954,0.0,0.0,0.0,0.1496008784,0.0,0.0,0.0,0.0,Shale,1
25/2-7,3016.5940006,479855.59375,6641098.0,-2991.023438,SHETLAND GP.,Vaale Fm.,16.134431839,1.5177717209,1.5177717209,1.3814527988,2.3013246059,67.779289246,0.0,0.3351264894,5.957259655,99.496070862,60.656509399,12.250000954,0.0,0.0,0.0,0.1571062654,0.0,0.0,0.0,0.0,Shale,1
25/2-7,3017.2020006,479855.5625,6641098.0,-2991.631104,SHETLAND GP.,Vaale Fm.,17.049633026,1.403396368,1.403396368,1.4350296259,2.1187911034,72.377059937,0.0,0.3672176898,5.329023838,98.903816223,62.027553558,12.250000954,0.0,0.0,0.0,0.063516438,0.0,0.0,0.0,0.0,Shale,1
25/2-7,3017.6580006,479855.5625,6641098.0,-2992.087158,SHETLAND GP.,Vaale Fm.,16.464202881,1.5178290606,1.5178290606,1.4147253036,2.1066200733,70.525474548,0.0,0.3549965918,6.2904410362,97.17615509,63.463474274,12.250000954,0.0,0.0,0.0,0.0675734058,0.0,0.0,0.0,0.0,Shale,1
25/2-7,3019.3300006,479855.53125,6641098.0,-2993.758789,SHETLAND GP.,Vaale Fm.,16.505439758,1.4407019615,1.4407019615,1.388649106,2.1881225109,72.131515503,0.0,0.3851082623,5.6300005913,97.669418335,60.834938049,12.250000954,0.0,0.0,0.0,0.1754538417,0.0,0.0,0.0,0.0,Shale,1
25/2-7,3019.4820006,479855.53125,6641098.0,-2993.910645,SHETLAND GP.,Vaale Fm.,16.512262344,1.4445157051,1.4445157051,1.3871718645,2.1788425446,69.630256653,0.0,0.3636857569,5.7634482384,97.719543457,61.023956299,12.250000954,0.0,0.0,0.0,0.1372493654,0.0,0.0,0.0,0.0,Shale,1
25/2-7,3020.6980006,479855.53125,6641098.0,-2995.126465,SHETLAND GP.,Vaale Fm.,16.004671097,1.4427947998,1.4427947998,1.3858493567,1.9829039574,68.945144653,0.0,0.3698732853,6.4935770035,98.442840576,64.331832886,12.250000954,0.0,0.0,0.0,0.0383559205,0.0,0.0,0.0,0.0,Shale,1
25/2-7,3021.0020006,479855.5,6641098.0,-2995.43042,SHETLAND GP.,Vaale Fm.,15.992271423,1.4451001883,1.4451001883,1.440561533,1.994730711,70.157653809,0.0,0.3813696206,7.3606696129,98.468452454,64.97353363,12.250000954,0.0,0.0,0.0,0.0760920569,0.0,0.0,0.0,0.0,Shale,1
25/2-7,3021.4580006,479855.5,6641098.0,-2995.88623,SHETLAND GP.,Vaale Fm.,15.740070343,1.4272398949,1.4272398949,1.4007600546,2.0260620117,68.383323669,0.0,0.390157938,7.1449751854,97.6925354,64.157829285,12.250000954,0.0,0.0,0.0,0.1333421469,0.0,0.0,0.0,0.0,Shale,1
25/2-7,3021.6100006,479855.5,6641098.0,-2996.03833,SHETLAND GP.,Vaale Fm.,15.968617439,1.4427244663,1.4427244663,1.3919159174,2.067794323,69.805259705,0.0,0.3713600039,7.0107154846,97.573562622,63.83348465,12.250000954,0.0,0.0,0.0,0.1497617215,0.0,0.0,0.0,0.0,Shale,1
25/2-7,3023.2820006,479855.46875,6641098.0,-2997.709961,SHETLAND GP.,Vaale Fm.,15.949888229,1.4752247334,1.4752247334,1.48125875,2.1527893543,67.652267456,0.0,0.3706608415,5.0240540504,96.85786438,63.580661774,12.250000954,0.0,0.0,0.0,0.0558001064,0.0,0.0,0.0,0.0,Shale,1
25/2-7,3026.1700006,479855.4375,6641098.0,-3000.597168,SHETLAND GP.,Vaale Fm.,15.584280968,1.6330000162,1.6330000162,1.5320188999,2.0954527855,63.341026306,0.0,0.3342013359,6.1349201202,95.301315308,63.384700775,12.250000954,0.0,0.0,0.0,0.106490545,0.0,0.0,0.0,0.0,Shale,1
25/2-7,3028.1460006,479855.40625,6641098.0,-3002.572998,SHETLAND GP.,Vaale Fm.,13.904816628,1.6952366829,1.6952366829,1.5591686964,2.0723364353,62.294929504,0.0,0.3918377161,5.5952305794,87.321159363,61.96830368,12.250000954,0.0,0.0,0.0,0.0493030027,0.0,0.0,0.0,0.0,Shale,1
25/2-7,3031.7940006,479855.34375,6641097.5,-3006.220215,SHETLAND GP.,Vaale Fm.,13.558849335,1.527076602,1.527076602,1.8185857534,1.9921414852,52.920894623,0.0,0.3858582675,6.343588829,95.768569946,62.623767853,12.250000954,0.0,0.0,0.0,0.0386501625,0.0,0.0,0.0,0.0,Shale,1
25/2-7,3032.4020006,479855.34375,6641097.5,-3006.828125,SHETLAND GP.,Vaale Fm.,14.542918205,1.4989389181,1.4989389181,1.4955973625,2.1398291588,54.209499359,0.0,0.3904678822,4.4346265793,98.348457336,64.481124878,12.250000954,0.0,0.0,0.0,0.0793588907,0.0,0.0,0.0,0.0,Shale,1
25/2-7,3035.1380006,479855.28125,6641097.5,-3009.563477,SHETLAND GP.,Vaale Fm.,14.011953354,1.6669640541,1.6669640541,1.586482048,2.1077811718,66.842330933,0.0,0.3003248274,6.9387702942,95.77519989,63.16960144,12.250000954,0.0,0.0,0.0,0.1053831875,0.0,0.0,0.0,0.0,Shale,1
25/2-7,3038.9380006,479855.21875,6641097.5,-3013.362549,SHETLAND GP.,Vaale Fm.,13.714002609,2.4463829994,2.4463829994,2.0598225594,2.5710196495,48.652816772,0.0,0.279437542,3.6702282429,90.921096802,66.090957642,12.250000954,0.0,0.0,0.0,-0.001692955,0.0,0.0,0.0,0.0,Marl,1
25/2-7,3043.1940006,479855.15625,6641097.5,-3017.617676,SHETLAND GP.,Vaale Fm.,14.743001938,1.7058178186,1.7058178186,1.6397333145,2.4905734062,57.392074585,0.0,0.3005733192,2.7129046917,95.84262085,62.964168549,12.250000954,0.0,0.0,0.0,-0.002237778,0.0,0.0,0.0,0.0,Shale,1
25/2-7,3048.3620006,479855.0625,6641097.5,-3022.784668,SHETLAND GP.,Vaale Fm.,15.168061256,1.5058916807,1.5058916807,1.356762886,2.4010901451,58.137401581,0.0,0.289336741,3.0977725983,97.628608704,67.257659912,12.250000954,0.0,0.0,0.0,0.013054152,0.0,0.0,0.0,0.0,Shale,1
25/2-7,3053.6820006,479854.96875,6641097.5,-3028.103271,SHETLAND GP.,Vaale Fm.,13.130756378,1.4735296965,1.4735296965,1.474904418,2.521228075,69.807762146,0.0,0.3770647347,3.854847908,101.24121094,67.31463623,12.250000954,0.0,0.0,0.0,0.0669044405,0.0,0.0,0.0,0.0,Shale,2
25/2-7,3054.2900006,479854.9375,6641097.5,-3028.711182,SHETLAND GP.,Vaale Fm.,13.002313614,1.7842729092,1.7842729092,1.5529999733,2.5167434216,65.109481812,0.0,0.3458659649,3.6046657562,95.201271057,68.549247742,12.250000954,0.0,0.0,0.0,0.0284542702,0.0,0.0,0.0,0.0,Shale,2
25/2-7,3055.5060006,479854.90625,6641097.5,-3029.927002,SHETLAND GP.,Vaale Fm.,13.373782158,1.4785966873,1.4785966873,1.4481519461,2.2999944687,63.611278534,0.0,0.3174735904,3.6057839394,100.40625,65.043426514,12.250000954,0.0,0.0,0.0,0.0458950624,0.0,0.0,0.0,0.0,Shale,2
25/2-7,3056.1140006,479854.90625,6641097.5,-3030.534912,SHETLAND GP.,Vaale Fm.,12.636687279,1.5601480007,1.5601480007,1.4068435431,2.4030866623,59.949443817,0.0,0.3673379421,3.4307055473,96.280769348,66.440727234,12.250000954,0.0,0.0,0.0,0.0113826571,0.0,0.0,0.0,0.0,Shale,2
25/2-7,3057.3300006,479854.875,6641097.5,-3031.750732,SHETLAND GP.,Vaale Fm.,12.661230087,1.2439944744,1.2439944744,1.2539999485,2.2726683617,79.698051453,0.0,0.3915617466,3.516463995,103.32008362,71.08152771,12.250000954,0.0,0.0,0.0,0.0262995511,0.0,0.0,0.0,0.0,Shale,2
25/2-7,3059.4580006,479854.84375,6641097.5,-3033.878174,SHETLAND GP.,Vaale Fm.,12.538999557,2.6278543472,2.6278543472,2.9908270836,2.5678524971,35.024341583,0.0,0.1899612099,3.6812157631,80.931785583,64.178779602,12.250000954,0.0,0.0,0.0,-0.010629131,0.0,0.0,0.0,0.0,Limestone,2
25/2-7,3061.4340006,479854.8125,6641097.5,-3035.85376,SHETLAND GP.,Vaale Fm.,12.380030632,8.8379535675,8.8379535675,7.5544462204,2.5895798206,24.134460449,0.0,0.0944736376,4.0940394402,67.012619019,60.875,12.250000954,0.0,0.0,0.0,-0.0176576,0.0,0.0,0.0,0.0,Limestone,2
25/2-7,3063.5620006,479854.78125,6641097.5,-3037.981201,SHETLAND GP.,Vaale Fm.,12.609000206,3.2038781643,3.2038781643,2.4603676796,2.5683591366,28.861070633,0.0,0.1803139299,4.2060303688,80.207344055,64.483894348,12.250000954,0.0,0.0,0.0,-0.008359266,0.0,0.0,0.0,0.0,Marl,2
25/2-7,3064.3220006,479854.75,6641097.5,-3038.741211,SHETLAND GP.,Vaale Fm.,12.680000305,2.3284890652,2.3284890652,2.2150809765,2.5594108105,40.324817657,0.0,0.1963226795,3.8077478409,84.220252991,62.03099823,12.250000954,0.0,0.0,0.0,-0.015,0.0,0.0,0.0,0.0,Marl,2
25/2-7,3064.4740006,479854.75,6641097.5,-3038.893066,SHETLAND GP.,Vaale Fm.,12.685925484,2.2560989857,2.2560989857,2.1910743713,2.5554196835,36.49023056,0.0,0.2116074711,3.8098173141,84.677322388,62.03099823,12.250000954,0.0,0.0,0.0,-0.01183966,0.0,0.0,0.0,0.0,Marl,2
25/2-7,3064.6260006,479854.75,6641097.5,-3039.044922,SHETLAND GP.,Vaale Fm.,12.694999695,2.2977256775,2.2977256775,2.157294035,2.5545685291,33.884231567,0.0,0.2089760602,3.8732099533,84.740989685,62.067863464,12.250000954,0.0,0.0,0.0,-0.007784315,0.0,0.0,0.0,0.0,Marl,2
25/2-7,3066.4500006,479854.71875,6641097.5,-3040.868652,SHETLAND GP.,Vaale Fm.,12.609000206,3.4404215813,3.4404215813,3.0797140598,2.5916090012,30.109233856,0.0,0.1595872045,3.8099701405,77.537452698,64.12877655,12.250000954,0.0,0.0,0.0,0.0016390986,0.0,0.0,0.0,0.0,Limestone,1
25/2-7,3068.1220006,479854.6875,6641097.5,-3042.540283,SHETLAND GP.,Vaale Fm.,12.516000748,3.6603348255,3.6603348255,3.6480457783,2.5746748447,34.533050537,0.0,0.1325996965,3.8547341824,76.535362244,63.445865631,12.250000954,0.0,0.0,0.0,-0.006,0.0,0.0,0.0,0.0,Limestone,1
25/2-7,3069.9460006,479854.65625,6641097.5,-3044.364014,SHETLAND GP.,Vaale Fm.,12.484000206,4.9223685265,4.9223685265,4.9953584671,2.5993988514,28.422962189,0.0,0.1178831384,4.0789065361,72.81325531,63.071495056,12.250000954,0.0,0.0,0.0,-0.007601019,0.0,0.0,0.0,0.0,Limestone,1
25/2-7,3071.4660006,479854.625,6641097.5,-3045.883545,SHETLAND GP.,Vaale Fm.,12.574378014,2.5466160774,2.5466160774,2.464360714,2.5459053516,40.586120605,0.0,0.1970755905,3.2341241837,83.882446289,62.642364502,12.250000954,0.0,0.0,0.0,0.008547239,0.0,0.0,0.0,0.0,Marl,1
25/2-7,3071.9220006,479854.625,6641097.5,-3046.3396,SHETLAND GP.,Vaale Fm.,12.586000443,2.5971167088,2.5971167088,2.0947628021,2.549664259,44.139186859,0.0,0.2212261707,3.4518442154,85.479347229,62.747695923,12.250000954,0.0,0.0,0.0,0.0008686144,0.0,0.0,0.0,0.0,Marl,1
25/2-7,3072.3780006,479854.625,6641097.5,-3046.795166,SHETLAND GP.,Vaale Fm.,12.589996338,2.1963665485,2.1963665485,2.1632418633,2.5350677967,50.07592392,0.0,0.1964357793,3.551517725,84.140563965,62.21213913,12.250000954,0.0,0.0,0.0,-0.012966087,0.0,0.0,0.0,0.0,Marl,1
25/2-7,3073.4420006,479854.59375,6641097.5,-3047.858887,SHETLAND GP.,Vaale Fm.,12.477000237,7.1550016403,7.1550016403,3.8538885117,2.5773525238,23.30932045,0.0,0.1255124807,3.8650228977,70.253204346,57.851425171,12.250000954,0.0,0.0,0.0,-0.010802608,0.0,0.0,0.0,0.0,Limestone,1
25/2-7,3074.0500006,479854.59375,6641097.5,-3048.467041,SHETLAND GP.,Vaale Fm.,12.476771355,4.302511692,4.302511692,5.9429783821,2.5936615467,30.960506439,0.0,0.1663011014,3.7918636799,73.446968079,58.300117493,12.250000954,0.0,0.0,0.0,0.0017711499,0.0,0.0,0.0,0.0,Limestone,1
25/2-7,3076.3300006,479854.5625,6641097.5,-3050.746582,SHETLAND GP.,Vaale Fm.,12.453000069,16.523046494,16.523046494,6.6541233063,2.6093804836,23.513828278,0.0,0.0587219298,4.1148796082,63.300117493,58.346427917,12.250000954,0.0,0.0,0.0,-0.011429411,0.0,0.0,0.0,0.0,Limestone,1
25/2-7,3076.9380006,479854.53125,6641097.5,-3051.354248,SHETLAND GP.,Vaale Fm.,12.4811306,4.4395976067,4.4395976067,4.401222229,2.5680000782,36.47321701,0.0,0.1444316953,3.7125120163,74.385177612,60.058784485,12.250000954,0.0,0.0,0.0,-0.010563456,0.0,0.0,0.0,0.0,Marl,1
25/2-7,3078.1540006,479854.53125,6641097.5,-3052.570068,SHETLAND GP.,Vaale Fm.,12.453000069,12.403256416,12.403256416,5.3889079094,2.6050000191,27.769529343,0.0,0.0828523338,4.1257891655,67.10584259,63.274692535,12.250000954,0.0,0.0,0.0,-0.017841687,0.0,0.0,0.0,0.0,Limestone,1
25/2-7,3082.1060006,479854.4375,6641097.0,-3056.52124,SHETLAND GP.,Vaale Fm.,12.520928383,3.6780147552,3.6780147552,3.3960735798,2.5547106266,36.581684113,0.0,0.1779473871,3.6772835255,78.945152283,63.102493286,12.250000954,0.0,0.0,0.0,-0.010729911,0.0,0.0,0.0,0.0,Limestone,1
25/2-7,3085.1460006,479854.40625,6641097.0,-3059.560547,SHETLAND GP.,Vaale Fm.,12.48459053,4.7617712021,4.7617712021,4.3953180313,2.5977048874,38.430835724,0.0,0.1141594499,3.719783783,70.77281189,62.71900177,12.250000954,0.0,0.0,0.0,-0.007852446,0.0,0.0,0.0,0.0,Limestone,1
25/2-7,3089.8580006,479854.3125,6641097.0,-3064.27124,SHETLAND GP.,Vaale Fm.,12.677799225,3.0876729488,3.0876729488,2.2862915993,2.5784261227,44.182067871,0.0,0.1721275151,3.5638363361,81.433776855,63.462093353,12.250000954,0.0,0.0,0.0,-0.010531321,0.0,0.0,0.0,0.0,Marl,1
25/2-7,3092.1380006,479854.28125,6641097.0,-3066.550537,SHETLAND GP.,Vaale Fm.,12.633000374,4.3536639214,4.3536639214,3.2987704277,2.573186636,30.486089706,0.0,0.1684864461,3.8497371674,76.678649902,60.625,12.250000954,0.0,0.0,0.0,-0.017593352,0.0,0.0,0.0,0.0,Limestone,1
25/2-7,3093.3540006,479854.25,6641097.0,-3067.766113,SHETLAND GP.,Vaale Fm.,12.633000374,3.3535015583,3.3535015583,3.2430419922,2.5728206635,34.52722168,0.0,0.1645393819,3.7215065956,77.999435425,63.004837036,12.250000954,0.0,0.0,0.0,-0.009487071,0.0,0.0,0.0,0.0,Limestone,1
25/2-7,3097.4580006,479854.1875,6641097.0,-3071.868896,SHETLAND GP.,Vaale Fm.,12.656000137,5.0276970863,5.0276970863,4.2671403885,2.5606539249,33.192024231,0.0,0.1377906501,4.1236476898,74.482635498,58.375,12.250000954,0.0,0.0,0.0,-0.015519372,0.0,0.0,0.0,0.0,Limestone,1
25/2-7,3098.5220006,479854.15625,6641097.0,-3072.932373,SHETLAND GP.,Vaale Fm.,12.656000137,6.2265992165,6.2265992165,5.2597584724,2.5972316265,35.021686554,0.0,0.1539061069,4.3810372353,70.082450867,61.747917175,12.250000954,0.0,0.0,0.0,-0.004192124,0.0,0.0,0.0,0.0,Limestone,1
25/2-7,3100.0420006,479854.15625,6641097.0,-3074.451904,SHETLAND GP.,Vaale Fm.,12.772999763,2.9463114738,2.9463114738,2.4923143387,2.5503075123,43.902435303,0.0,0.1759731472,3.189467907,81.007476807,62.03068161,12.250000954,0.0,0.0,0.0,-0.013692639,0.0,0.0,0.0,0.0,Limestone,1
25/2-7,3100.9540006,479854.125,6641097.0,-3075.36377,SHETLAND GP.,Vaale Fm.,12.772999763,2.4004042149,2.4004042149,2.3127725124,2.5426697731,43.574550629,0.0,0.1963588297,3.4718384743,85.644950867,62.285037994,12.250000954,0.0,0.0,0.0,-0.002233034,0.0,0.0,0.0,0.0,Limestone,2
25/2-7,3103.6900006,479854.09375,6641097.0,-3078.098633,SHETLAND GP.,Vaale Fm.,12.763216972,2.9406554699,2.9406554699,2.4685020447,2.5803127289,40.917045593,0.0,0.1996734887,3.817414999,81.627937317,63.139404297,12.250000954,0.0,0.0,0.0,0.0051248483,0.0,0.0,0.0,0.0,Marl,2
25/2-7,3104.2980006,479854.0625,6641097.0,-3078.706543,SHETLAND GP.,Vaale Fm.,12.741999626,2.8060610294,2.8060610294,2.5629351139,2.5685837269,40.36032486,0.0,0.1865659058,3.892670393,81.998199463,64.608734131,12.250000954,0.0,0.0,0.0,-0.002,0.0,0.0,0.0,0.0,Marl,2
25/2-7,3105.3620006,479854.0625,6641097.0,-3079.770264,SHETLAND GP.,Vaale Fm.,12.640999794,2.4578919411,2.4578919411,2.6883256435,2.6229999065,42.233448029,0.0,0.2246148139,4.0786576271,82.993469238,66.419776917,12.250000954,0.0,0.0,0.0,-0.002309688,0.0,0.0,0.0,0.0,Marl,2
25/2-7,3106.2740006,479854.03125,6641097.0,-3080.681885,SHETLAND GP.,Vaale Fm.,12.640999794,7.0041561127,7.0041561127,4.9514336586,2.6182591915,24.210962296,0.0,0.1032992229,4.3672156334,68.097518921,63.229003906,12.250000954,0.0,0.0,0.0,-0.010370452,0.0,0.0,0.0,0.0,Limestone,2
25/2-7,3107.4900006,479854.03125,6641097.0,-3081.897461,SHETLAND GP.,Vaale Fm.,12.593999863,4.8815941811,4.8815941811,4.2215986252,2.6070766449,27.897163391,0.0,0.1199098453,4.4005627632,72.287818909,65.369224548,12.250000954,0.0,0.0,0.0,-0.004653914,0.0,0.0,0.0,0.0,Limestone,2
25/2-7,3107.9460006,479854.03125,6641097.0,-3082.353271,SHETLAND GP.,Vaale Fm.,12.569999695,4.225736618,4.225736618,3.7545211315,2.6001267433,32.956794739,0.0,0.1269224882,4.3396630287,74.00957489,65.797370911,12.250000954,0.0,0.0,0.0,-0.005354458,0.0,0.0,0.0,0.0,Limestone,2
25/2-7,3109.3140006,479854.0,6641097.0,-3083.720947,SHETLAND GP.,Vaale Fm.,12.529047012,5.0695075989,5.0695075989,3.9775421619,2.6150000095,25.015729904,0.0,0.1243825406,4.13879776,72.16267395,62.17590332,12.250000954,0.0,0.0,0.0,2.37627e-05,0.0,0.0,0.0,0.0,Limestone,2
25/2-7,3109.7700006,479854.0,6641097.0,-3084.176758,SHETLAND GP.,Vaale Fm.,12.518704414,5.2267341614,5.2267341614,3.8030147552,2.6032273769,28.284145355,0.0,0.1195186153,4.3649859428,72.400009155,62.43441391,12.250000954,0.0,0.0,0.0,-0.006772684,0.0,0.0,0.0,0.0,Limestone,2
25/2-7,3110.3780006,479853.96875,6641096.5,-3084.784424,SHETLAND GP.,Vaale Fm.,12.479779243,3.2500286102,3.2500286102,2.1964304447,2.4585576057,46.813388824,0.0,0.1558615565,3.7700228691,75.042633057,64.31489563,12.250000954,0.0,0.0,0.0,-0.004366674,0.0,0.0,0.0,0.0,Limestone,2
25/2-7,3111.5940006,479853.96875,6641096.5,-3086.0,SHETLAND GP.,Vaale Fm.,12.538999557,5.9440221786,5.9440221786,3.1433770657,2.5861756802,32.08134079,0.0,0.1093204916,3.4969730377,69.424575806,64.781585693,12.250000954,0.0,0.0,0.0,-0.005252673,0.0,0.0,0.0,0.0,Limestone,2
25/2-7,3115.3940006,479853.90625,6641096.5,-3089.798828,SHETLAND GP.,Vaale Fm.,12.578277588,3.9155015945,3.9155015945,3.6685771942,2.5401735306,33.932308197,0.0,0.16493918,3.4584181309,78.500190735,64.045372009,12.250000954,0.0,0.0,0.0,0.0030347004,0.0,0.0,0.0,0.0,Marl,2
25/2-7,3115.5460006,479853.90625,6641096.5,-3089.950684,SHETLAND GP.,Vaale Fm.,12.577772141,3.8028013706,3.8028013706,3.5837442875,2.5439715385,35.536560059,0.0,0.1697008461,3.2681877613,79.367332458,64.128570557,12.250000954,0.0,0.0,0.0,0.0019429217,0.0,0.0,0.0,0.0,Marl,2
25/2-7,3115.6980006,479853.875,6641096.5,-3090.102539,SHETLAND GP.,Vaale Fm.,12.569999695,3.7568876743,3.7568876743,3.5001010895,2.545044899,35.487064362,0.0,0.1756501645,3.1249175072,80.251274109,64.313903809,12.250000954,0.0,0.0,0.0,0.0030674087,0.0,0.0,0.0,0.0,Marl,2
25/2-7,3117.3700006,479853.875,6641096.5,-3091.77417,SHETLAND GP.,Vaale Fm.,12.618288994,5.0722465515,5.0722465515,4.8206253052,2.5837984085,25.971868515,0.0,0.1407890469,4.6668820381,70.655410767,66.791999817,12.250000954,0.0,0.0,0.0,-0.006449628,0.0,0.0,0.0,0.0,Limestone,2
25/2-7,3119.6500006,479853.84375,6641096.5,-3094.053223,SHETLAND GP.,Vaale Fm.,12.683087349,7.3361535072,7.3361535072,4.8457717896,2.5904564857,26.078216553,0.0,0.1719916761,4.7669038773,70.404037476,65.735740662,12.250000954,0.0,0.0,0.0,-0.006885906,0.0,0.0,0.0,0.0,Limestone,2
25/2-7,3120.7140006,479853.8125,6641096.5,-3095.116943,SHETLAND GP.,Vaale Fm.,12.636399269,4.7867927551,4.7867927551,4.5073823929,2.5971503258,31.256328583,0.0,0.1721799076,4.4849009514,74.396476746,65.672828674,12.250000954,0.0,0.0,0.0,-0.005575126,0.0,0.0,0.0,0.0,Limestone,2
25/2-7,3121.1700006,479853.8125,6641096.5,-3095.572754,SHETLAND GP.,Vaale Fm.,12.656000137,5.5010352135,5.5010352135,4.4860744476,2.5788218975,37.871417999,0.0,0.1254899949,4.3456916809,71.512138367,64.538909912,12.250000954,0.0,0.0,0.0,0.0033312659,0.0,0.0,0.0,0.0,Limestone,2
25/2-7,3121.4740006,479853.8125,6641096.5,-3095.876709,SHETLAND GP.,Vaale Fm.,12.686659813,4.516210556,4.516210556,4.4805979729,2.5663518906,34.785667419,0.0,0.1539859474,4.0030422211,74.824577332,63.90599823,12.250000954,0.0,0.0,0.0,-0.005120104,0.0,0.0,0.0,0.0,Limestone,2
25/2-7,3122.2340006,479853.78125,6641096.5,-3096.636475,SHETLAND GP.,Vaale Fm.,12.722186089,3.6727077961,3.6727077961,3.9486382008,2.5708143711,34.454753876,0.0,0.1703680903,3.5606775284,75.151786804,65.24886322,12.250000954,0.0,0.0,0.0,0.0144254304,0.0,0.0,0.0,0.0,Limestone,2
25/2-7,3123.9060006,479853.75,6641096.5,-3098.307861,SHETLAND GP.,Vaale Fm.,12.646552086,5.2381134033,5.2381134033,3.7209899426,2.5722982883,37.594917297,0.0,0.1448386163,3.837171793,74.330299377,64.361190796,12.250000954,0.0,0.0,0.0,-0.005889527,0.0,0.0,0.0,0.0,Limestone,2
25/2-7,3132.4180006,479853.625,6641096.5,-3106.816895,SHETLAND GP.,Vaale Fm.,13.022304535,2.2062776089,2.2062776089,2.028534174,2.5565540791,49.225078583,0.0,0.2083355337,4.0104107857,86.406478882,69.138519287,12.250000954,0.0,0.0,0.0,-0.003777035,0.0,0.0,0.0,0.0,Marl,1
25/2-7,3132.8740006,479853.625,6641096.5,-3107.272949,SHETLAND GP.,Vaale Fm.,13.038999557,2.335287571,2.335287571,2.1388885975,2.5515751839,36.533168793,0.0,0.2228266746,4.0730724335,85.534492493,67.53099823,12.250000954,0.0,0.0,0.0,-0.000141625,0.0,0.0,0.0,0.0,Marl,1
25/2-7,3133.6340006,479853.59375,6641096.5,-3108.032715,SHETLAND GP.,Vaale Fm.,13.031000137,4.0958204269,4.0958204269,2.2959060669,2.6429743767,36.612003326,0.0,0.154277131,5.8780398369,76.404808044,67.225387573,12.250000954,0.0,0.0,0.0,-0.034017093,0.0,0.0,0.0,0.0,Marl,1
25/2-7,3134.6980006,479853.59375,6641096.0,-3109.096191,SHETLAND GP.,Vaale Fm.,13.106202126,1.9117308855,1.9117308855,1.7258270979,2.5216443539,53.050819397,0.0,0.2502214313,3.5967974663,90.254257202,70.78099823,12.250000954,0.0,0.0,0.0,-0.001548128,0.0,0.0,0.0,0.0,Marl,1
25/2-7,3136.3700006,479853.5625,6641096.0,-3110.767822,SHETLAND GP.,Vaale Fm.,13.062999725,2.3654224873,2.3654224873,2.0715141296,2.6550717354,43.833496094,0.0,0.2269374281,4.9465146065,86.676094055,68.131866455,12.250000954,0.0,0.0,0.0,0.0031546836,0.0,0.0,0.0,0.0,Marl,1
25/2-7,3140.6260006,479853.5,6641096.0,-3115.022217,SHETLAND GP.,Vaale Fm.,13.196284294,2.2008018494,2.2008018494,1.790197134,2.5675985813,41.759552002,0.0,0.2311165631,3.7214663029,87.931915283,70.39756012,12.250000954,0.0,0.0,0.0,-0.002240858,0.0,0.0,0.0,0.0,Marl,1
25/2-7,3144.5780006,479853.4375,6641096.0,-3118.9729,SHETLAND GP.,Vaale Fm.,13.258000374,2.1863002777,2.1863002777,1.8758080006,2.5588800907,53.206378937,0.0,0.2590923607,3.579158783,89.438941956,70.245498657,12.250000954,0.0,0.0,0.0,-0.009048016,0.0,0.0,0.0,0.0,Marl,1
25/2-7,3145.1860006,479853.40625,6641096.0,-3119.580811,SHETLAND GP.,Vaale Fm.,13.265987396,2.1842916012,2.1842916012,1.9060000181,2.5289971828,49.404064178,0.0,0.2685285211,4.048371315,89.920600891,68.125,12.250000954,0.0,0.0,0.0,-0.014009631,0.0,0.0,0.0,0.0,Marl,1
25/2-7,3145.6420006,479853.40625,6641096.0,-3120.036621,SHETLAND GP.,Vaale Fm.,13.26599884,2.1380193233,2.1380193233,1.9478381872,2.5250000954,55.649929047,0.0,0.2271052897,3.6508769989,89.086013794,67.999328613,12.250000954,0.0,0.0,0.0,-0.019994605,0.0,0.0,0.0,0.0,Marl,1
25/2-7,3146.4020006,479853.40625,6641096.0,-3120.796387,SHETLAND GP.,Vaale Fm.,13.390707016,2.2314128876,2.2314128876,1.8935979605,2.5608904362,62.437904358,0.0,0.2459561974,4.0107197762,89.815948486,70.080291748,12.250000954,0.0,0.0,0.0,-0.005109668,0.0,0.0,0.0,0.0,Marl,1
25/2-7,3147.9220006,479853.375,6641096.0,-3122.315918,SHETLAND GP.,Vaale Fm.,13.288999557,2.2403652668,2.2403652668,1.9590542316,2.561136961,60.049041748,0.0,0.2638477683,3.426486969,89.552810669,69.309532166,12.250000954,0.0,0.0,0.0,9.12997e-05,0.0,0.0,0.0,0.0,Marl,1
25/2-7,3148.0740006,479853.375,6641096.0,-3122.467773,SHETLAND GP.,Vaale Fm.,13.288999557,2.1695449352,2.1695449352,1.9474791288,2.5362455845,58.370822906,0.0,0.2674161494,3.4175999165,90.153305054,68.954437256,12.250000954,0.0,0.0,0.0,-0.006664657,0.0,0.0,0.0,0.0,Marl,1
25/2-7,3149.5940006,479853.34375,6641096.0,-3123.987305,SHETLAND GP.,Vaale Fm.,13.336000443,1.931589365,1.931589365,1.7825472355,2.5347054005,52.971809387,0.0,0.2694889009,3.5977094173,91.828361511,71.057167053,12.250000954,0.0,0.0,0.0,-0.000926325,0.0,0.0,0.0,0.0,Marl,1
25/2-7,3152.4820006,479853.3125,6641096.0,-3126.874268,SHETLAND GP.,Vaale Fm.,13.379857063,2.1908142567,2.1908142567,1.8268684149,2.5239963531,47.748958588,0.0,0.2782545984,3.6186382771,91.28137207,71.308860779,12.250000954,0.0,0.0,0.0,-0.006633358,0.0,0.0,0.0,0.0,Marl,1
25/2-7,3152.9380006,479853.28125,6641096.0,-3127.330078,SHETLAND GP.,Vaale Fm.,13.373948097,2.1690618992,2.1690618992,1.8675855398,2.5280506611,49.054527283,0.0,0.2597786486,3.5846312046,90.407394409,72.227676392,12.250000954,0.0,0.0,0.0,0.0017373414,0.0,0.0,0.0,0.0,Marl,1
25/2-7,3154.3060006,479853.28125,6641096.0,-3128.69751,SHETLAND GP.,Vaale Fm.,13.392092705,2.0417773724,2.0417773724,1.9078761339,2.5234057903,55.032180786,0.0,0.2651636899,3.557964325,90.75504303,69.445045471,12.250000954,0.0,0.0,0.0,-0.003687611,0.0,0.0,0.0,0.0,Marl,1
25/2-7,3154.7620006,479853.25,6641096.0,-3129.15332,SHETLAND GP.,Vaale Fm.,13.396857262,2.1960258484,2.1960258484,1.9508367777,2.5199999809,51.775817871,0.0,0.2785818577,3.743555069,90.326156616,69.865196228,12.250000954,0.0,0.0,0.0,-0.000673572,0.0,0.0,0.0,0.0,Marl,1
25/2-7,3155.3700006,479853.25,6641096.0,-3129.761475,SHETLAND GP.,Vaale Fm.,13.272778511,2.2558577061,2.2558577061,2.0925247669,2.4218230247,60.773445129,0.0,0.2619350851,4.2441358566,89.372787476,71.141349792,12.250000954,0.0,0.0,0.0,0.0410016328,0.0,0.0,0.0,0.0,Marl,1
25/2-7,3155.8260006,479853.25,6641096.0,-3130.217041,SHETLAND GP.,Vaale Fm.,13.114629745,2.4678866863,2.4678866863,2.1382622719,2.4925074577,55.884449005,0.0,0.2618516684,3.7552270889,88.869888306,72.227226257,12.250000954,0.0,0.0,0.0,0.0791735053,0.0,0.0,0.0,0.0,Marl,1
25/2-7,3158.4100006,479853.1875,6641096.0,-3132.800293,SHETLAND GP.,Vaale Fm.,13.635743141,2.0954904556,2.0954904556,1.9286873341,2.5280921459,50.271335602,0.0,0.3031870127,3.5709998608,91.689842224,71.640922546,12.250000954,0.0,0.0,0.0,0.0194111168,0.0,0.0,0.0,0.0,Marl,1
25/2-7,3159.6260006,479853.1875,6641095.5,-3134.015869,SHETLAND GP.,Vaale Fm.,13.199333191,2.3054499626,2.3054499626,2.0069739819,2.5514957905,57.476554871,0.0,0.2488301694,3.3896961212,90.071563721,72.210258484,12.250000954,0.0,0.0,0.0,0.0037435272,0.0,0.0,0.0,0.0,Marl,1
25/2-7,3165.5540006,479853.09375,6641095.5,-3139.941895,SHETLAND GP.,Vaale Fm.,12.852000237,2.3366901875,2.3366901875,1.9927042723,2.533100605,46.584774017,0.0,0.2269272506,3.5981843472,88.987747192,73.29548645,12.250000954,0.0,0.0,0.0,-0.011649898,0.0,0.0,0.0,0.0,Marl,1
25/2-7,3167.5300006,479853.0625,6641095.5,-3141.917236,SHETLAND GP.,Vaale Fm.,12.859000206,2.162453413,2.162453413,1.8499265909,2.5350000858,51.627006531,0.0,0.24177517,3.5535237789,90.112968445,73.011924744,12.250000954,0.0,0.0,0.0,-0.012231624,0.0,0.0,0.0,0.0,Marl,1
25/2-7,3169.5060006,479853.03125,6641095.5,-3143.892822,SHETLAND GP.,Vaale Fm.,12.89172554,2.1485714912,2.1485714912,1.7439664602,2.5375096798,50.800495148,0.0,0.270835638,3.5393919945,90.914207458,70.143035889,12.250000954,0.0,0.0,0.0,-0.005418275,0.0,0.0,0.0,0.0,Marl,1
25/2-7,3171.3300006,479853.0,6641095.5,-3145.716064,SHETLAND GP.,Vaale Fm.,12.89799881,2.0956368446,2.0956368446,1.8830894232,2.5336952209,50.158912659,0.0,0.227843076,3.2836639881,90.697090149,72.789077759,12.250000954,0.0,0.0,0.0,-0.007753866,0.0,0.0,0.0,0.0,Marl,1
25/2-7,3171.4820006,479853.0,6641095.5,-3145.86792,SHETLAND GP.,Vaale Fm.,12.89799881,2.1285252571,2.1285252571,1.9290008545,2.5255234241,48.622879028,0.0,0.2452925295,3.4196903706,90.245765686,72.325248718,12.250000954,0.0,0.0,0.0,-0.010547639,0.0,0.0,0.0,0.0,Marl,1
25/2-7,3174.0660006,479852.96875,6641095.5,-3148.451172,SHETLAND GP.,Vaale Fm.,12.9845438,2.2950470448,2.2950470448,2.0683970451,2.5400059223,57.829158783,0.0,0.2587928772,3.5294346809,90.128456116,72.70401001,12.250000954,0.0,0.0,0.0,0.0030058834,0.0,0.0,0.0,0.0,Marl,1
25/2-7,3174.9780006,479852.9375,6641095.5,-3149.362793,SHETLAND GP.,Vaale Fm.,13.062999725,2.636026144,2.636026144,2.1370711327,2.5624089241,44.393001556,0.0,0.2371044457,3.6605119705,86.627632141,70.130378723,12.250000954,0.0,0.0,0.0,-0.006974008,0.0,0.0,0.0,0.0,Marl,1
25/2-7,3176.4980006,479852.9375,6641095.5,-3150.882324,SHETLAND GP.,Vaale Fm.,12.9516325,2.5514914989,2.5514914989,2.2364573479,2.5651512146,49.475070953,0.0,0.246283412,3.8187773228,87.28086853,70.922966003,12.250000954,0.0,0.0,0.0,-0.006232591,0.0,0.0,0.0,0.0,Marl,1
25/2-7,3177.4100006,479852.90625,6641095.5,-3151.793945,SHETLAND GP.,Vaale Fm.,12.921999931,2.5746552944,2.5746552944,2.3634119034,2.5633192062,47.841743469,0.0,0.2059967965,3.947245121,85.738388062,71.947563171,12.250000954,0.0,0.0,0.0,-0.00544538,0.0,0.0,0.0,0.0,Marl,1
25/2-7,3177.5620006,479852.90625,6641095.5,-3151.946045,SHETLAND GP.,Vaale Fm.,12.921999931,2.49182868,2.49182868,2.44272542,2.5567688942,45.981613159,0.0,0.2105787396,3.8405528069,86.702667236,71.466888428,12.250000954,0.0,0.0,0.0,-0.004231061,0.0,0.0,0.0,0.0,Marl,1
25/2-7,3177.7140006,479852.90625,6641095.5,-3152.098145,SHETLAND GP.,Vaale Fm.,12.921999931,2.5872347355,2.5872347355,2.4919195175,2.5590000153,42.367507935,0.0,0.2260536402,3.6333854198,86.420806885,70.843940735,12.250000954,0.0,0.0,0.0,-0.001560022,0.0,0.0,0.0,0.0,Marl,1
25/2-7,3179.0820006,479852.875,6641095.5,-3153.465576,SHETLAND GP.,Vaale Fm.,12.926668167,2.6266007423,2.6266007423,2.3903486729,2.5684139729,45.009052277,0.0,0.2330285162,4.1519570351,86.340232849,69.333053589,12.250000954,0.0,0.0,0.0,-0.002832931,0.0,0.0,0.0,0.0,Marl,1
25/2-7,3183.1860006,479852.8125,6641095.5,-3157.568359,SHETLAND GP.,Vaale Fm.,12.867289543,2.2845506668,2.2845506668,1.8999277353,2.5350723267,54.656578064,0.0,0.2457372844,3.3573074341,89.204444885,75.448707581,12.250000954,0.0,0.0,0.0,-0.002654626,0.0,0.0,0.0,0.0,Marl,1
25/2-7,3183.7940006,479852.8125,6641095.5,-3158.176025,SHETLAND GP.,Vaale Fm.,12.888029099,2.2417531013,2.2417531013,1.8956528902,2.5213234425,52.157112122,0.0,0.2602850199,3.3232996464,90.724769592,73.842529297,12.250000954,0.0,0.0,0.0,-0.014335299,0.0,0.0,0.0,0.0,Marl,1
25/2-7,3186.3780006,479852.78125,6641095.0,-3160.759277,SHETLAND GP.,Vaale Fm.,12.824647903,2.257999897,2.257999897,2.12164855,2.5375809669,60.623317719,0.0,0.2498290539,3.1302747726,89.733230591,75.657104492,12.250000954,0.0,0.0,0.0,-0.00429053,0.0,0.0,0.0,0.0,Marl,1
25/2-7,3186.5300006,479852.78125,6641095.0,-3160.911133,SHETLAND GP.,Vaale Fm.,12.840604782,2.2844786644,2.2844786644,2.1407709122,2.5424537659,61.619495392,0.0,0.2601476908,3.0883214474,90.498512268,75.044128418,12.250000954,0.0,0.0,0.0,-0.00356094,0.0,0.0,0.0,0.0,Marl,1
25/2-7,3186.9860006,479852.75,6641095.0,-3161.367188,SHETLAND GP.,Vaale Fm.,12.829562187,3.2633821964,3.2633821964,2.1667990685,2.5924377441,47.127681732,0.0,0.2973293364,4.0006394386,87.169082642,73.327346802,12.250000954,0.0,0.0,0.0,-0.004279902,0.0,0.0,0.0,0.0,Marl,1
25/2-7,3188.2020006,479852.75,6641095.0,-3162.58252,SHETLAND GP.,Vaale Fm.,12.772999763,2.9175050259,2.9175050259,2.1765174866,2.5731036663,50.734077454,0.0,0.2951878309,4.1111645699,86.951782227,73.912986755,12.250000954,0.0,0.0,0.0,-0.013,0.0,0.0,0.0,0.0,Marl,1
25/2-7,3188.3540006,479852.75,6641095.0,-3162.734619,SHETLAND GP.,Vaale Fm.,12.739156723,3.0631287098,3.0631287098,2.1844096184,2.5755903721,45.580280304,0.0,0.2962344587,3.9248292446,85.379379272,74.597198486,12.250000954,0.0,0.0,0.0,-0.014538332,0.0,0.0,0.0,0.0,Marl,1
25/2-7,3189.7220006,479852.71875,6641095.0,-3164.102051,SHETLAND GP.,Vaale Fm.,12.593999863,3.0964109898,3.0964109898,2.4292738438,2.5605342388,38.61207962,0.0,0.2528158724,4.3142814636,83.210700989,74.384902954,12.250000954,0.0,0.0,0.0,-0.015465751,0.0,0.0,0.0,0.0,Marl,1
25/2-7,3190.6340006,479852.71875,6641095.0,-3165.013916,SHETLAND GP.,Vaale Fm.,12.593999863,2.9559130669,2.9559130669,2.3949804306,2.5620546341,38.17791748,0.0,0.2426799983,4.1705904007,82.987228394,72.304031372,12.250000954,0.0,0.0,0.0,-0.017648397,0.0,0.0,0.0,0.0,Marl,1
25/2-7,3191.6980006,479852.6875,6641095.0,-3166.077637,SHETLAND GP.,Vaale Fm.,12.593999863,2.7406041622,2.7406041622,2.2921748161,2.5841350555,41.926277161,0.0,0.236314401,4.67004776,85.164337158,74.899803162,12.250000954,0.0,0.0,0.0,-0.007,0.0,0.0,0.0,0.0,Marl,1
25/2-7,3193.2180006,479852.65625,6641095.0,-3167.597168,SHETLAND GP.,Vaale Fm.,12.593999863,3.5594484806,3.5594484806,2.6380259991,2.5646853447,34.305595398,0.0,0.191627726,4.1394424438,81.787536621,72.556472778,12.250000954,0.0,0.0,0.0,-0.014485911,0.0,0.0,0.0,0.0,Marl,1
25/2-7,3195.9540006,479852.625,6641095.0,-3170.332275,SHETLAND GP.,Vaale Fm.,12.638015747,2.5124154091,2.5124154091,1.9636269808,2.5559947491,49.371189117,0.0,0.2413318455,3.8116157055,85.965148926,73.499916077,12.250000954,0.0,0.0,0.0,-0.00850265,0.0,0.0,0.0,0.0,Marl,1
25/2-7,3198.8420006,479852.59375,6641095.0,-3173.219238,SHETLAND GP.,Vaale Fm.,12.640999794,1.9946711063,1.9946711063,1.6591986418,2.5787506104,46.226688385,0.0,0.238756597,3.840729475,90.98323822,73.787185669,12.250000954,0.0,0.0,0.0,-0.007924945,0.0,0.0,0.0,0.0,Marl,1
25/2-7,3200.2100006,479852.5625,6641095.0,-3174.586914,SHETLAND GP.,Vaale Fm.,12.640999794,2.2484340668,2.2484340668,1.8650101423,2.5603816509,49.642402649,0.0,0.2176420391,3.8127200603,86.813621521,73.426544189,12.250000954,0.0,0.0,0.0,-0.008051543,0.0,0.0,0.0,0.0,Marl,1
25/2-7,3200.6660006,479852.5625,6641095.0,-3175.042725,SHETLAND GP.,Vaale Fm.,12.640999794,1.9728648663,1.9728648663,1.895791173,2.5453455448,55.635726929,0.0,0.259080112,3.4729127884,91.700950623,75.142524719,12.250000954,0.0,0.0,0.0,0.0002590241,0.0,0.0,0.0,0.0,Marl,1
25/2-7,3201.5780006,479852.53125,6641095.0,-3175.954346,SHETLAND GP.,Vaale Fm.,12.609000206,2.2723152637,2.2723152637,2.0912163258,2.5287761688,52.180038452,0.0,0.2454068363,3.3659482002,89.699691772,75.524002075,12.250000954,0.0,0.0,0.0,-0.01105597,0.0,0.0,0.0,0.0,Marl,1
25/2-7,3204.1620006,479852.5,6641095.0,-3178.537598,SHETLAND GP.,Vaale Fm.,12.569999695,2.7758421898,2.7758421898,2.3137364388,2.5742008686,45.439464569,0.0,0.1852233857,3.6987745762,82.916786194,76.370811462,12.250000954,0.0,0.0,0.0,-0.009916302,0.0,0.0,0.0,0.0,Marl,1
25/2-7,3204.4660006,479852.5,6641095.0,-3178.841553,SHETLAND GP.,Vaale Fm.,12.570364952,2.4148066044,2.4148066044,2.1656885147,2.5530455112,44.97114563,0.0,0.2077090293,3.8338332176,85.63130188,76.255706787,12.250000954,0.0,0.0,0.0,-0.012068455,0.0,0.0,0.0,0.0,Marl,1
25/2-7,3205.9860006,479852.46875,6641095.0,-3180.361084,CROMER KNOLL GP.,Vaale Fm.,12.593610764,1.9636110067,1.9636110067,1.7692366838,2.5332918167,47.146770477,0.0,0.2364486307,3.5076003075,90.486625671,74.27948761,12.250000954,0.0,0.0,0.0,-0.009,0.0,0.0,0.0,0.0,Marl,1
25/2-7,3206.4420006,479852.46875,6641095.0,-3180.81665,CROMER KNOLL GP.,Vaale Fm.,12.652466774,2.0867824554,2.0867824554,1.6470259428,2.564455986,55.459369659,0.0,0.2555708885,3.6668510437,89.33732605,75.560142517,12.250000954,0.0,0.0,0.0,-0.010056996,0.0,0.0,0.0,0.0,Marl,1
25/2-7,3206.5940006,479852.46875,6641095.0,-3180.96875,CROMER KNOLL GP.,Vaale Fm.,12.656000137,1.9031393528,1.9031393528,1.642236948,2.5348367691,51.950443268,0.0,0.2485418022,3.4008557796,90.787315369,76.064376831,12.250000954,0.0,0.0,0.0,-0.00623701,0.0,0.0,0.0,0.0,Marl,1
25/2-7,3207.5060006,479852.4375,6641095.0,-3181.880615,CROMER KNOLL GP.,Vaale Fm.,12.612496376,1.7734965086,1.7734965086,1.55940485,2.5217437744,51.956386566,0.0,0.2491931766,3.5027422905,92.77280426,76.909889221,12.250000954,0.0,0.0,0.0,-0.00022318,0.0,0.0,0.0,0.0,Marl,1
25/2-7,3209.6340006,479852.40625,6641094.5,-3184.007813,CROMER KNOLL GP.,Vaale Fm.,12.702103615,1.8149075508,1.8149075508,1.7211022377,2.5256733894,59.152519226,0.0,0.250543505,3.3921742439,91.867576599,77.207389832,12.250000954,0.0,0.0,0.0,-0.005,0.0,0.0,0.0,0.0,Marl,1
25/2-7,3210.0900006,479852.40625,6641094.5,-3184.463867,CROMER KNOLL GP.,Vaale Fm.,12.703001022,2.1260371208,2.1260371208,1.6546214819,2.5605442524,49.837226868,0.0,0.2585334778,3.4923095703,89.581466675,78.236312866,12.250000954,0.0,0.0,0.0,0.0036892106,0.0,0.0,0.0,0.0,Marl,1
25/2-7,3212.2180006,479852.375,6641094.5,-3186.591064,CROMER KNOLL GP.,Vaale Fm.,12.703001022,1.9166015387,1.9166015387,1.5335292816,2.518116951,58.816040039,0.0,0.2679533064,3.6238143444,92.104492188,76.398773193,12.250000954,0.0,0.0,0.0,-0.006313823,0.0,0.0,0.0,0.0,Marl,1
25/2-7,3212.6740006,479852.375,6641094.5,-3187.046875,CROMER KNOLL GP.,Vaale Fm.,12.65731144,1.8809504509,1.8809504509,1.5605410337,2.5393278599,63.305339813,0.0,0.2448542416,3.6509661674,90.82220459,78.113143921,12.250000954,0.0,0.0,0.0,-0.000491796,0.0,0.0,0.0,0.0,Marl,1
25/2-7,3213.4340006,479852.34375,6641094.5,-3187.806641,CROMER KNOLL GP.,Vaale Fm.,12.666829109,1.8962515593,1.8962515593,1.5291826725,2.5612258911,40.30115509,0.0,0.2760675848,4.0274300575,91.479652405,78.988304138,12.250000954,0.0,0.0,0.0,0.0144754313,0.0,0.0,0.0,0.0,Marl,1
25/2-7,3214.9540006,479852.34375,6641094.5,-3189.326172,CROMER KNOLL GP.,Vaale Fm.,12.60979557,1.7202897072,1.7202897072,1.5319806337,2.5199999809,60.372817993,0.0,0.2780389488,3.3423786163,93.473648071,76.06300354,12.250000954,0.0,0.0,0.0,0.0412038639,0.0,0.0,0.0,0.0,Marl,1
25/2-7,3215.8660006,479852.3125,6641094.5,-3190.237793,CROMER KNOLL GP.,Vaale Fm.,12.656000137,1.7331151962,1.7331151962,1.5620000362,2.5155353546,56.109004974,0.0,0.2840489745,3.4663367271,92.512359619,78.413879395,12.250000954,0.0,0.0,0.0,0.0115613416,0.0,0.0,0.0,0.0,Marl,1
25/2-7,3216.0180006,479852.3125,6641094.5,-3190.389893,CROMER KNOLL GP.,Vaale Fm.,12.656000137,1.7896083593,1.7896083593,1.5363123417,2.5241193771,55.464981079,0.0,0.2808514237,3.643954277,92.713951111,78.632606506,12.250000954,0.0,0.0,0.0,0.0120000001,0.0,0.0,0.0,0.0,Marl,1
25/2-7,3217.6900006,479852.28125,6641094.5,-3192.061279,CROMER KNOLL GP.,Vaale Fm.,12.765999794,1.701536417,1.701536417,1.4247293472,2.5105121136,59.730781555,0.0,0.2974953949,4.0585827827,93.610458374,75.593795776,12.250000954,0.0,0.0,0.0,0.0117584979,0.0,0.0,0.0,0.0,Marl,1
25/2-7,3218.1460006,479852.28125,6641094.5,-3192.51709,CROMER KNOLL GP.,Vaale Fm.,12.794926643,1.6363373995,1.6363373995,1.4595183134,2.513999939,56.466426849,0.0,0.2815237045,3.8479721546,93.451774597,76.311607361,12.250000954,0.0,0.0,0.0,0.0105183404,0.0,0.0,0.0,0.0,Marl,1
25/2-7,3220.1220006,479852.25,6641094.5,-3194.492676,CROMER KNOLL GP.,Vaale Fm.,12.805961609,1.7056245804,1.7056245804,1.3398797512,2.525826931,58.213062286,0.0,0.274694711,3.8794109821,92.660858154,76.244064331,12.250000954,0.0,0.0,0.0,0.0132258246,0.0,0.0,0.0,0.0,Marl,1
25/2-7,3221.4900006,479852.21875,6641094.5,-3195.860107,CROMER KNOLL GP.,Vaale Fm.,12.866569519,1.4368008375,1.4368008375,1.2684162855,2.4949860573,59.835674286,0.0,0.315628022,3.854732275,96.785171509,77.600227356,12.250000954,0.0,0.0,0.0,0.0033167321,0.0,0.0,0.0,0.0,Marl,1
25/2-7,3222.2500006,479852.21875,6641094.5,-3196.619873,CROMER KNOLL GP.,Vaale Fm.,12.682265282,1.4717372656,1.4717372656,1.2593300343,2.4724071026,58.778026581,0.0,0.3021373153,3.6935567856,96.651138306,79.030769348,12.250000954,0.0,0.0,0.0,0.0740866438,0.0,0.0,0.0,0.0,Marl,1
25/2-7,3222.4020006,479852.21875,6641094.5,-3196.771973,CROMER KNOLL GP.,Vaale Fm.,12.669708252,1.4796676636,1.4796676636,1.259667635,2.4973580837,62.215240479,0.0,0.3050108552,3.6283984184,96.724349976,78.864562988,12.250000954,0.0,0.0,0.0,0.0890085772,0.0,0.0,0.0,0.0,Marl,1
25/2-7,3223.1620006,479852.1875,6641094.5,-3197.531738,CROMER KNOLL GP.,Vaale Fm.,12.824724197,1.4683938026,1.4683938026,1.2761663198,2.5107619762,61.88809967,0.0,0.3063538671,3.3235740662,97.71257782,76.248245239,12.250000954,0.0,0.0,0.0,0.0609768964,0.0,0.0,0.0,0.0,Marl,1
25/2-7,3224.0740006,479852.1875,6641094.5,-3198.443359,CROMER KNOLL GP.,Vaale Fm.,12.856470108,1.5741429329,1.5741429329,1.2979999781,2.4965057373,58.225990295,0.0,0.2999573946,3.5343856812,96.381721497,76.702209473,12.250000954,0.0,0.0,0.0,0.0054457188,0.0,0.0,0.0,0.0,Marl,1
25/2-7,3224.2260006,479852.1875,6641094.5,-3198.595459,CROMER KNOLL GP.,Vaale Fm.,12.844377518,1.4782409668,1.4782409668,1.2960927486,2.4817354679,55.767715454,0.0,0.3078030348,3.5853235722,96.60295105,77.098869324,12.250000954,0.0,0.0,0.0,0.0103573482,0.0,0.0,0.0,0.0,Marl,1
25/2-7,3226.0500006,479852.15625,6641094.5,-3200.418701,CROMER KNOLL GP.,Vaale Fm.,12.875,1.5960825682,1.5960825682,1.4392017126,2.5343904495,61.936553955,0.0,0.2793127596,3.7624638081,95.236503601,77.21900177,12.250000954,0.0,0.0,0.0,0.0242493879,0.0,0.0,0.0,0.0,Marl,1
25/2-7,3229.6980006,479852.09375,6641094.5,-3204.065674,CROMER KNOLL GP.,Vaale Fm.,12.891841888,1.5704977512,1.5704977512,1.2648748159,2.5651493073,81.390655518,0.0,0.3517539203,4.9660358429,96.626502991,77.024627686,12.250000954,0.0,0.0,0.0,0.0930627212,0.0,0.0,0.0,0.0,Shale,1
25/2-7,3231.0660006,479852.0625,6641094.5,-3205.433105,CROMER KNOLL GP.,Vaale Fm.,13.425954819,1.044754982,1.044754982,0.8538640141,2.4290394783,76.739738464,0.0,0.3670547307,2.9640440941,107.6516037,79.811935425,12.250000954,0.0,0.0,0.0,0.023,0.0,0.0,0.0,0.0,Shale,1
25/2-7,3232.5860006,479852.03125,6641094.5,-3206.952881,CROMER KNOLL GP.,Vaale Fm.,13.406121254,1.1328825951,1.1328825951,0.9793741703,2.4489760399,73.165008545,0.0,0.3911802471,3.3322954178,109.43061829,77.182258606,12.250000954,0.0,0.0,0.0,0.0479640253,0.0,0.0,0.0,0.0,Shale,1
25/2-7,3233.1940006,479852.03125,6641094.5,-3207.560791,CROMER KNOLL GP.,Vaale Fm.,13.368030548,1.1007453203,1.1007453203,1.0232150555,2.4788849354,91.194625854,0.0,0.3613736928,3.6744229794,107.36356354,78.697059631,12.250000954,0.0,0.0,0.0,0.0306496173,0.0,0.0,0.0,0.0,Shale,1
25/2-7,3233.3460006,479852.03125,6641094.5,-3207.712646,CROMER KNOLL GP.,Vaale Fm.,13.332157135,1.2094540596,1.2094540596,1.030044198,2.5056855679,92.135047913,0.0,0.3577512801,3.5493075848,106.16835022,79.324607849,12.250000954,0.0,0.0,0.0,0.0255196504,0.0,0.0,0.0,0.0,Shale,1
25/2-7,3235.0180006,479852.0,6641094.5,-3209.384033,CROMER KNOLL GP.,Vaale Fm.,13.266604424,1.3300490379,1.3300490379,1.1652940512,2.445194006,80.655899048,0.0,0.3545685112,3.4842097759,105.98453522,78.69909668,12.250000954,0.0,0.0,0.0,0.0595783331,0.0,0.0,0.0,0.0,Shale,1
25/2-7,3235.7780006,479851.96875,6641094.5,-3210.143799,CROMER KNOLL GP.,Vaale Fm.,13.317912102,1.6147649288,1.6147649288,1.2786060572,2.4638772011,80.574783325,0.0,0.3758797944,3.4403467178,105.03553772,79.26461792,12.250000954,0.0,0.0,0.0,0.0701050833,0.0,0.0,0.0,0.0,Shale,1
25/2-7,3236.2340006,479851.96875,6641094.5,-3210.599609,CROMER KNOLL GP.,Vaale Fm.,13.165442467,1.2332884073,1.2332884073,1.1907094717,2.4723138809,77.687423706,0.0,0.3933434784,3.8738231659,106.11419678,80.598457336,12.250000954,0.0,0.0,0.0,0.0469999984,0.0,0.0,0.0,0.0,Shale,1
25/2-7,3236.3860006,479851.96875,6641094.5,-3210.751709,CROMER KNOLL GP.,Vaale Fm.,13.168926239,1.318692565,1.318692565,1.1249603033,2.5140984058,72.885856628,0.0,0.3876346648,4.0869021416,105.68431091,81.09500885,12.250000954,0.0,0.0,0.0,0.049995847,0.0,0.0,0.0,0.0,Shale,1
25/2-7,3239.2740006,479851.90625,6641094.0,-3213.638672,CROMER KNOLL GP.,Vaale Fm.,12.982671738,1.2202372551,1.2202372551,1.0167510509,2.4341590405,91.587875366,0.0,0.3539380133,3.1292610168,106.42241669,80.677886963,12.250000954,0.0,0.0,0.0,0.0752685443,0.0,0.0,0.0,0.0,Shale,1
25/2-7,3242.0100006,479851.875,6641094.0,-3216.374023,CROMER KNOLL GP.,Vaale Fm.,13.000745773,1.2545477152,1.2545477152,1.1376130581,2.4757742882,91.256088257,0.0,0.3411189616,3.1979243755,103.80285645,79.610603333,12.250000954,0.0,0.0,0.0,0.0445964821,0.0,0.0,0.0,0.0,Shale,1
25/2-7,3247.1780006,479851.78125,6641094.0,-3221.540527,CROMER KNOLL GP.,Vaale Fm.,12.54506588,1.8120199442,1.8120199442,1.5621203184,2.6600658894,81.883018494,0.0,0.3957252204,5.5021743774,97.124916077,78.146942139,12.250000954,0.0,0.0,0.0,0.0860990658,0.0,0.0,0.0,0.0,Shale,1
25/2-7,3247.4820006,479851.78125,6641094.0,-3221.844238,CROMER KNOLL GP.,Vaale Fm.,12.529794693,2.0705838203,2.0705838203,1.636900425,2.6452918053,78.981491089,0.0,0.3774608076,5.0227980614,94.703117371,78.29699707,12.250000954,0.0,0.0,0.0,0.0556398295,0.0,0.0,0.0,0.0,Shale,1
25/2-7,3247.6340006,479851.78125,6641094.0,-3221.996338,CROMER KNOLL GP.,Vaale Fm.,12.505375862,2.0372474194,2.0372474194,1.6625453234,2.6434674263,77.962364197,0.0,0.3747657239,4.8837361336,95.325630188,78.359176636,12.250000954,0.0,0.0,0.0,0.0519739278,0.0,0.0,0.0,0.0,Shale,1
25/2-7,3249.6100006,479851.71875,6641094.0,-3223.971924,CROMER KNOLL GP.,Vaale Fm.,12.739006042,2.1263420582,2.1263420582,1.9013744593,2.5729773045,75.44128418,0.0,0.3821413815,4.0713267326,92.050697327,77.925292969,12.250000954,0.0,0.0,0.0,0.0893916264,0.0,0.0,0.0,0.0,Shale,1
25/2-7,3252.3460006,479851.6875,6641094.0,-3226.706787,CROMER KNOLL GP.,Vaale Fm.,12.680000305,2.7822299004,2.7822299004,2.3123896122,2.5259156227,61.160404205,0.0,0.3097536564,3.9387845993,88.848526001,76.728660583,12.250000954,0.0,0.0,0.0,-0.001457781,0.0,0.0,0.0,0.0,Shale,1
25/2-7,3252.6500006,479851.6875,6641094.0,-3227.010742,CROMER KNOLL GP.,Vaale Fm.,12.682197571,3.034938097,3.034938097,2.3072929382,2.5233888626,57.74502182,0.0,0.2737365961,3.993969202,88.296981812,75.790008545,12.250000954,0.0,0.0,0.0,-0.004,0.0,0.0,0.0,0.0,Shale,1
25/2-7,3255.3860006,479851.625,6641094.0,-3229.746094,CROMER KNOLL GP.,Vaale Fm.,12.752287865,2.4459943771,2.4459943771,2.2442765236,2.548204422,64.843345642,0.0,0.2988700569,3.7106120586,91.066230774,77.572189331,12.250000954,0.0,0.0,0.0,0.0094032837,0.0,0.0,0.0,0.0,Shale,1
25/2-7,3257.6660006,479851.59375,6641094.0,-3232.025391,CROMER KNOLL GP.,Vaale Fm.,12.751396179,2.904566288,2.904566288,2.3694856167,2.5483930111,42.388114929,0.0,0.2497909218,4.4191846848,80.731330872,79.108856201,12.250000954,0.0,0.0,0.0,-0.011453685,0.0,0.0,0.0,0.0,Shale,1
25/2-7,3261.1620006,479851.53125,6641094.0,-3235.520508,CROMER KNOLL GP.,Vaale Fm.,12.789048195,2.8199863434,2.8199863434,2.9409630299,2.6639885902,49.720046997,0.0,0.2670990527,5.2901368141,78.235916138,75.844802856,12.250000954,0.0,0.0,0.0,0.0079950104,0.0,0.0,0.0,0.0,Marl,1
25/2-7,3261.4660006,479851.53125,6641094.0,-3235.824219,CROMER KNOLL GP.,Vaale Fm.,12.812999725,3.4728622437,3.4728622437,2.9879214764,2.6968693733,47.96622467,0.0,0.2359063774,5.0010352135,76.136543274,74.598571777,12.250000954,0.0,0.0,0.0,0.0049790926,0.0,0.0,0.0,0.0,Marl,1
25/2-7,3263.5940006,479851.5,6641094.0,-3237.95166,VIKING GP.,Draupne Fm.,12.811171532,1.7693858147,1.7693858147,1.2389999628,2.3145825863,178.05215454,0.0,0.4214702249,3.2267720699,118.99432373,76.21900177,12.250000954,0.0,0.0,0.0,0.0040416243,0.0,0.0,0.0,0.0,Shale,1
25/2-7,3266.3300006,479851.4375,6641094.0,-3240.687012,VIKING GP.,Draupne Fm.,12.593999863,1.9734396935,1.9734396935,1.2656220198,2.3715407848,174.99203491,0.0,0.4157057405,3.6279463768,122.95747375,80.562599182,12.250000954,0.0,0.0,0.0,0.0037296761,0.0,0.0,0.0,0.0,Shale,1
25/2-7,3269.5220006,479851.375,6641093.5,-3243.87793,VIKING GP.,Draupne Fm.,12.538999557,1.8970416784,1.8970416784,1.2744321823,2.3128893375,199.52320862,0.0,0.4460756183,2.9390079975,125.42604828,82.944717407,12.250000954,0.0,0.0,0.0,0.0045678583,0.0,0.0,0.0,0.0,Shale,1
25/2-7,3273.9300006,479851.28125,6641093.5,-3248.284668,VIKING GP.,Draupne Fm.,12.5,3.1328341961,3.1328341961,2.267385006,2.2112071514,220.71289063,0.0,0.4428003132,2.6595475674,116.4954834,79.347312927,12.250000954,0.0,0.0,0.0,-0.006,0.0,0.0,0.0,0.0,Shale,1
25/2-7,3275.4500006,479851.25,6641093.5,-3249.804199,VIKING GP.,Heather Fm.,12.5,4.1850619316,4.1850619316,3.1862952709,2.2374789715,186.42427063,0.0,0.4335398674,3.1113262177,116.03309631,81.549179077,12.250000954,0.0,0.0,0.0,0.0009858814,0.0,0.0,0.0,0.0,Shale,1
25/2-7,3275.9060006,479851.25,6641093.5,-3250.260254,VIKING GP.,Heather Fm.,12.521215439,4.2378907204,4.2378907204,2.7383620739,2.2925903797,180.28427124,0.0,0.4448130429,3.9355528355,115.72381592,79.783416748,12.250000954,0.0,0.0,0.0,-0.009745157,0.0,0.0,0.0,0.0,Shale,1
25/2-7,3276.9700006,479851.21875,6641093.5,-3251.323975,VIKING GP.,Heather Fm.,12.52299881,3.2030246258,3.2030246258,2.1452736855,2.3429045677,163.42727661,0.0,0.4010692239,4.0030765533,115.36612701,79.177154541,12.250000954,0.0,0.0,0.0,-0.006178474,0.0,0.0,0.0,0.0,Shale,1
25/2-7,3278.1860006,479851.1875,6641093.5,-3252.539307,VIKING GP.,Heather Fm.,12.5,3.3475651741,3.3475651741,2.5277416706,2.3691074848,158.95429993,0.0,0.4114480019,4.1126141548,115.11199188,81.780921936,12.250000954,0.0,0.0,0.0,-0.004294626,0.0,0.0,0.0,0.0,Shale,1
25/2-7,3278.4900006,479851.1875,6641093.5,-3252.843262,VIKING GP.,Heather Fm.,12.5,4.1884317398,4.1884317398,2.5483930111,2.3935990334,145.19650269,0.0,0.4211447537,3.8669877052,114.74372101,80.98260498,12.250000954,0.0,0.0,0.0,-0.006299612,0.0,0.0,0.0,0.0,Shale,1
25/2-7,3279.8580006,479851.15625,6641093.5,-3254.210449,VIKING GP.,Heather Fm.,12.453000069,4.1628346443,4.1628346443,2.3038055897,2.1443016529,621.04095459,0.0,0.3820616305,6.638543129,109.4269104,78.892745972,12.250000954,0.0,0.0,0.0,-0.001384379,0.0,0.0,0.0,0.0,Shale,1
25/2-7,3280.3140006,479851.15625,6641093.5,-3254.66626,VIKING GP.,Heather Fm.,12.612706184,3.4921107292,3.4921107292,1.950917244,1.6709172726,710.98699951,0.0,0.3961103559,6.4234209061,93.512237549,79.550003052,12.250000954,0.0,0.0,0.0,0.0070110238,0.0,0.0,0.0,0.0,Shale,1
25/2-7,3280.4660006,479851.125,6641093.5,-3254.818359,VIKING GP.,Heather Fm.,13.262968063,2.0689384937,2.0689384937,1.8420590162,1.6560000181,478.93997192,0.0,0.4474602044,6.2478265762,94.143707275,79.799842834,12.250000954,0.0,0.0,0.0,0.010332495,0.0,0.0,0.0,0.0,Shale,1
25/2-7,3282.1380006,479851.09375,6641093.5,-3256.489502,VIKING GP.,Heather Fm.,15.307202339,2.2269668579,2.2269668579,1.8659207821,1.7455118895,149.65055847,0.0,0.4704545438,6.4174265862,108.28909302,81.373809814,12.250000954,0.0,0.0,0.0,0.0316372029,0.0,0.0,0.0,0.0,Shale,1
25/2-7,3284.8740006,479851.03125,6641093.5,-3259.224121,VIKING GP.,Heather Fm.,17.999094009,1.8190116882,1.8190116882,1.6082774401,1.9003697634,131.47251892,0.0,0.4659700692,5.1785473824,111.77275848,80.817199707,12.250000954,0.0,0.0,0.0,0.0686126873,0.0,0.0,0.0,0.0,Shale,1
25/2-7,3285.6340006,479851.0,6641093.5,-3259.983887,VIKING GP.,Heather Fm.,19.228948593,2.2784435749,2.2784435749,1.8245822191,1.8584140539,141.91937256,0.0,0.399564594,6.0700964928,111.14651489,81.611999512,12.250000954,0.0,0.0,0.0,0.0908891112,0.0,0.0,0.0,0.0,Shale,1
25/2-7,3286.0900006,479851.0,6641093.5,-3260.439697,VIKING GP.,Heather Fm.,18.457357407,1.9721176624,1.9721176624,1.9275149107,1.6624513865,128.0745697,0.0,0.4491763115,6.7449445724,110.71097565,80.782745361,12.250000954,0.0,0.0,0.0,0.0092929164,0.0,0.0,0.0,0.0,Shale,1
25/2-7,3289.2820006,479850.90625,6641093.5,-3263.630127,VIKING GP.,Heather Fm.,17.100349426,1.9767514467,1.9767514467,1.7110396624,1.7597057819,141.9803772,0.0,0.4476461112,6.5375185013,107.77787781,75.5443573,12.250000954,0.0,0.0,0.0,0.0484588407,0.0,0.0,0.0,0.0,Shale,1
25/2-7,3290.0420006,479850.875,6641093.5,-3264.389893,VIKING GP.,Heather Fm.,18.195512772,1.8072545528,1.8072545528,1.4889554977,1.6940479279,130.18247986,0.0,0.4381962717,6.3842277527,112.47663879,74.1743927,12.250000954,0.0,0.0,0.0,0.0175162498,0.0,0.0,0.0,0.0,Shale,1
25/2-7,3290.1940006,479850.875,6641093.5,-3264.541748,VIKING GP.,Heather Fm.,18.241827011,1.7127842903,1.7127842903,1.4535418749,1.7772556543,121.43222809,0.0,0.4199701548,6.5684213638,114.61369324,73.894462585,12.250000954,0.0,0.0,0.0,0.0598547272,0.0,0.0,0.0,0.0,Shale,1
25/2-7,3295.0580006,479850.75,6641093.5,-3269.40332,VIKING GP.,Heather Fm.,19.105144501,1.8772642612,1.8772642612,1.6131395102,1.7669239044,121.93457031,0.0,0.4650043547,6.2187161446,110.94120026,70.873207092,10.696091652,0.0,0.0,0.0,0.1058625504,0.0,0.0,0.0,0.0,Shale,1
25/2-7,3295.9700006,479850.71875,6641093.5,-3270.314941,VIKING GP.,Heather Fm.,11.317357063,2.8649003506,2.8649003506,1.9669713974,2.2281455994,160.94882202,0.0,0.386729151,5.0626058578,101.92514038,70.386108398,8.5,0.0,0.0,0.0,0.1404094696,0.0,0.0,0.0,0.0,Shale,1
25/2-7,3296.4260006,479850.71875,6641093.5,-3270.770752,VIKING GP.,Heather Fm.,11.836208344,2.3391268253,2.3391268253,2.0704112053,2.2179899216,158.58757019,0.0,0.361471951,4.3895888329,104.88204193,70.734344482,8.5,0.0,0.0,0.0,0.0802994892,0.0,0.0,0.0,0.0,Shale,1
25/2-7,3297.4900006,479850.6875,6641093.5,-3271.834229,VIKING GP.,Heather Fm.,11.277879715,1.8781505823,1.8781505823,1.4114220142,1.9973870516,146.50190735,0.0,0.390786469,5.6556763649,111.65570831,70.861999512,8.5,0.0,0.0,0.0,0.1150000021,0.0,0.0,0.0,0.0,Shale,1
25/2-7,3299.9220006,479850.625,6641093.5,-3274.265137,VIKING GP.,Heather Fm.,10.609575272,2.3593449593,2.3593449593,1.4829641581,2.2646348476,155.95500183,0.0,0.3618572354,4.638833046,107.08384705,70.883834839,8.5,0.0,0.0,0.0,0.1936586946,0.0,0.0,0.0,0.0,Shale,1
25/2-7,3300.5300006,479850.625,6641093.5,-3274.872803,VIKING GP.,Heather Fm.,10.216441154,2.1112480164,2.1112480164,1.4696801901,2.274283886,164.4707489,0.0,0.3851163685,5.0274972916,108.52415466,73.231796265,8.5,0.0,0.0,0.0,0.2045226395,0.0,0.0,0.0,0.0,Shale,1
25/2-7,3303.1140006,479850.53125,6641093.0,-3277.455566,VIKING GP.,Heather Fm.,10.394369125,2.2745068073,2.2745068073,1.5363755226,2.2335283756,143.81065369,0.0,0.4169435203,5.0186696053,106.54973602,73.182785034,8.5,0.0,0.0,0.0,0.1978516132,0.0,0.0,0.0,0.0,Shale,1
25/2-7,3303.4180006,479850.53125,6641093.0,-3277.759521,VIKING GP.,Heather Fm.,10.510375977,2.2493057251,2.2493057251,1.5534249544,2.2453055382,160.77667236,0.0,0.4101358354,4.9564490318,106.94223022,73.138694763,8.5,0.0,0.0,0.0,0.2049999982,0.0,0.0,0.0,0.0,Shale,1
25/2-7,3304.0260006,479850.53125,6641093.0,-3278.366943,VIKING GP.,Heather Fm.,11.048258781,2.2193052769,2.2193052769,1.5674118996,2.2856585979,137.34994507,0.0,0.4066451192,4.7089400291,107.54180908,74.857597351,8.5,0.0,0.0,0.0,0.1854823828,0.0,0.0,0.0,0.0,Shale,1
25/2-7,3305.5460006,479850.46875,6641093.0,-3279.88623,VIKING GP.,Heather Fm.,10.830952644,2.3172922134,2.3172922134,1.6440677643,2.1010677814,134.99151611,0.0,0.3821189404,5.7833766937,106.34571838,72.52684021,8.5,0.0,0.0,0.0,0.1231356636,0.0,0.0,0.0,0.0,Shale,1
25/2-7,3309.6500006,479850.375,6641093.0,-3283.988281,VIKING GP.,Heather Fm.,9.9720020294,2.2703337669,2.2703337669,1.5336755514,2.231672287,127.86173248,0.0,0.3725599945,5.0619192123,103.35785675,71.323600769,8.5,0.0,0.0,0.0,0.1504040956,0.0,0.0,0.0,0.0,Shale,1
25/2-7,3309.8020006,479850.375,6641093.0,-3284.140381,VIKING GP.,Heather Fm.,10.606789589,2.3718216419,2.3718216419,1.5356488228,2.1918609142,131.68382263,0.0,0.3727154732,5.2754569054,102.82209015,70.790008545,8.5,0.0,0.0,0.0,0.1339857429,0.0,0.0,0.0,0.0,Shale,1
25/2-7,3309.9540006,479850.375,6641093.0,-3284.292236,VIKING GP.,Heather Fm.,10.848556519,2.4150373936,2.4150373936,1.5512466431,2.1546256542,141.12721252,0.0,0.3778923154,5.5051765442,103.36716461,70.678352356,8.5,0.0,0.0,0.0,0.119563885,0.0,0.0,0.0,0.0,Shale,1
25/2-7,3310.5620006,479850.34375,6641093.0,-3284.900146,VIKING GP.,Heather Fm.,10.647546768,2.1400539875,2.1400539875,1.5210237503,2.301833868,145.97880554,0.0,0.3839450181,4.6127295494,106.18166351,69.977966309,8.5,0.0,0.0,0.0,0.2043153346,0.0,0.0,0.0,0.0,Shale,1
25/2-7,3312.9940006,479850.28125,6641093.0,-3287.330811,VIKING GP.,Heather Fm.,9.9674911499,2.3221237659,2.3221237659,1.630559206,2.2266969681,148.77755737,0.0,0.3660686612,5.6099820137,103.66394043,70.379150391,8.5,0.0,0.0,0.0,0.1101983339,0.0,0.0,0.0,0.0,Shale,1
25/2-7,3313.6020006,479850.28125,6641093.0,-3287.938721,VIKING GP.,Heather Fm.,10.289952278,2.6622331142,2.6622331142,1.7902718782,2.350728035,129.6999054,0.0,0.3826640844,5.1222701073,103.75661469,70.311759949,8.5,0.0,0.0,0.0,0.1870695651,0.0,0.0,0.0,0.0,Shale,1
25/2-7,3314.6660006,479850.25,6641093.0,-3289.002197,VIKING GP.,Heather Fm.,10.027592659,2.428920269,2.428920269,1.6547522545,2.3907301426,138.14933777,0.0,0.3388454914,4.8532061577,102.50026703,72.423156738,8.5,0.0,0.0,0.0,0.1578805447,0.0,0.0,0.0,0.0,Shale,1
25/2-7,3319.2260006,479850.125,6641093.0,-3293.560059,VIKING GP.,Heather Fm.,10.220433235,3.0899777412,3.0899777412,1.8445426226,2.4200000763,124.55493164,0.0,0.3700356185,4.9232721329,95.56414032,70.298851013,8.5,0.0,0.0,0.0,0.2089926302,0.0,0.0,0.0,0.0,Shale,1
25/2-7,3321.5060006,479850.0625,6641093.0,-3295.838867,VIKING GP.,Heather Fm.,10.690384865,1.8918370008,1.8918370008,1.2373324633,2.2580647469,125.80098724,0.0,0.3853197694,5.8801593781,97.180450439,70.002876282,8.5,0.0,0.0,0.0,0.2330162078,0.0,0.0,0.0,0.0,Shale,1
25/2-7,3324.6980006,479849.96875,6641093.0,-3299.029297,VIKING GP.,Heather Fm.,10.312999725,2.0173690319,2.0173690319,1.4645332098,2.0876016617,122.72415161,0.0,0.385011524,4.4476037025,97.921859741,70.193283081,8.5,0.0,0.0,0.0,0.0770452097,0.0,0.0,0.0,0.0,Shale,1
25/2-7,3326.5220006,479849.9375,6641093.0,-3300.852539,VIKING GP.,Heather Fm.,9.8979635239,1.4360384941,1.4360384941,0.8616294861,2.3507959843,113.85546112,0.0,0.3513202965,4.8679594994,90.248527527,70.172187805,8.5,0.0,0.0,0.0,0.2265184969,0.0,0.0,0.0,0.0,Shale,1
25/2-7,3326.6740006,479849.9375,6641093.0,-3301.004395,VIKING GP.,Heather Fm.,9.9129447937,1.4925711155,1.4925711155,0.8441100717,2.3173520565,126.78555298,0.0,0.3678661883,4.8525261879,92.931060791,69.966148376,8.5,0.0,0.0,0.0,0.2095057368,0.0,0.0,0.0,0.0,Shale,1
25/2-7,3328.1940006,479849.875,6641093.0,-3302.523682,VIKING GP.,Heather Fm.,9.8129997253,1.6608151197,1.6608151197,1.370259285,2.8015055656,111.6804657,0.0,0.328605175,7.0614204407,94.160148621,69.625236511,8.5,0.0,0.0,0.0,0.0904769972,0.0,0.0,0.0,0.0,Shale,1
25/2-7,3328.8020006,479849.875,6641093.0,-3303.131348,VIKING GP.,Heather Fm.,9.3386316299,3.232894659,3.232894659,1.3799010515,2.5289778709,101.68466949,0.0,0.3834205866,5.6373624802,83.240188599,70.537879944,8.5,0.0,0.0,0.0,0.1362931728,0.0,0.0,0.0,0.0,Limestone,1
25/2-7,3331.0820006,479849.8125,6641093.0,-3305.4104,VIKING GP.,Heather Fm.,9.8146009445,2.8708333969,2.8708333969,1.9582560062,2.2839670181,130.35064697,0.0,0.3778197169,5.1255545616,92.386802673,72.945732117,8.5,0.0,0.0,0.0,0.1945877522,0.0,0.0,0.0,0.0,Shale,1
25/2-7,3333.3620006,479849.75,6641093.0,-3307.689209,VIKING GP.,Heather Fm.,9.8411550522,2.4310908318,2.4310908318,1.6194608212,2.165528059,123.83546448,0.0,0.3559990823,6.0943293571,99.078605652,72.329498291,8.5,0.0,0.0,0.0,0.1075281203,0.0,0.0,0.0,0.0,Shale,1
25/2-7,3336.7060006,479849.65625,6641092.5,-3311.031738,VIKING GP.,Heather Fm.,9.503455162,2.1112053394,2.1112053394,1.7355687618,2.3384475708,132.87782288,0.0,0.3214746118,5.4688749313,95.84954071,71.367485046,8.5,0.0,0.0,0.0,0.1947844177,0.0,0.0,0.0,0.0,Shale,1
25/2-7,3339.4420006,479849.59375,6641092.5,-3313.766357,VIKING GP.,Heather Fm.,9.874045372,2.4806735516,2.4806735516,1.6887763739,2.2842776775,127.18203735,0.0,0.3558550477,5.0830788612,87.471405029,71.325370789,8.5,0.0,0.0,0.0,0.1821388155,0.0,0.0,0.0,0.0,Limestone,1
25/2-7,3340.5060006,479849.5625,6641092.5,-3314.829834,VIKING GP.,Heather Fm.,10.49418354,2.5491621494,2.5491621494,1.7144421339,2.3736755848,134.8344574,0.0,0.3338019848,4.4600663185,96.002876282,71.550003052,8.5,0.0,0.0,0.0,0.1815764457,0.0,0.0,0.0,0.0,Shale,1
25/2-7,3340.6580006,479849.5625,6641092.5,-3314.981689,VIKING GP.,Heather Fm.,10.475357056,2.2935142517,2.2935142517,1.8953844309,2.3501014709,138.14640808,0.0,0.3352254927,4.5628437996,94.832687378,71.784706116,8.5,0.0,0.0,0.0,0.1422168314,0.0,0.0,0.0,0.0,Shale,1
25/2-7,3344.7620006,479849.4375,6641092.5,-3319.08374,VIKING GP.,Heather Fm.,10.054493904,2.6585519314,2.6585519314,2.1140873432,2.2738535404,139.98355103,0.0,0.3888398111,5.3443865776,94.191246033,72.056343079,8.5,0.0,0.0,0.0,0.203094691,0.0,0.0,0.0,0.0,Shale,1
25/2-7,3345.2180006,479849.4375,6641092.5,-3319.539551,VIKING GP.,Heather Fm.,9.8771190643,2.9236097336,2.9236097336,2.2491438389,2.3620541096,154.13902283,0.0,0.3447088003,5.3703622818,92.305168152,71.83392334,8.5,0.0,0.0,0.0,0.1731883585,0.0,0.0,0.0,0.0,Shale,1
25/2-7,3347.3460006,479849.375,6641092.5,-3321.666504,VIKING GP.,Heather Fm.,9.7030000687,3.0815849304,3.0815849304,2.5098803043,2.3019003868,163.57473755,0.0,0.3533164561,5.4863548279,93.939094543,73.802497864,8.5,0.0,0.0,0.0,0.2198006809,0.0,0.0,0.0,0.0,Shale,1
25/2-7,3348.5620006,479849.34375,6641092.5,-3322.88208,VIKING GP.,Heather Fm.,10.140679359,2.9600682259,2.9600682259,2.4539370537,2.2534973621,148.32592773,0.0,0.3657353818,4.6551198959,94.788513184,71.344741821,8.5,0.0,0.0,0.0,0.1503010094,0.0,0.0,0.0,0.0,Shale,1
25/2-7,3349.4740006,479849.34375,6641092.5,-3323.793701,VIKING GP.,Heather Fm.,9.8200159073,2.8294095993,2.8294095993,2.3042666912,2.3990528584,153.01927185,0.0,0.3541350067,4.9591312408,93.63735199,72.30280304,8.5,0.0,0.0,0.0,0.1926299632,0.0,0.0,0.0,1.26057446,Shale,1
25/2-7,3352.0580006,479849.25,6641092.5,-3326.376465,VIKING GP.,Heather Fm.,9.7521982193,2.2422609329,2.2811281681,2.5150802135,2.3995616436,135.75079346,0.0,0.3235572278,4.8836741447,81.108573914,71.130187988,8.5,0.0,0.0,0.0,0.2012784332,0.0,0.0,0.0,2.7403764725,Shale,1
25/2-7,3352.6660006,479849.25,6641092.5,-3326.984131,VIKING GP.,Heather Fm.,9.8776187897,2.2158002853,2.2807810307,2.4495463371,2.4169819355,144.70231628,0.0,0.3527377248,5.1839723587,86.902259827,71.501991272,8.5,0.0,0.0,0.0,0.2370180488,0.0,0.0,0.0,1.975133419,Shale,1
25/2-7,3353.2740006,479849.21875,6641092.5,-3327.591797,VIKING GP.,Heather Fm.,9.5213165283,2.5934402943,2.5296788216,2.7124013901,2.2068941593,135.74954224,0.0,0.3814671934,5.0498142242,89.606117249,72.526885986,8.5,0.0,0.0,0.0,0.1147810146,0.0,0.0,0.0,1.6823157072,Shale,1
25/2-7,3354.1860006,479849.21875,6641092.5,-3328.503418,VIKING GP.,Heather Fm.,9.6841011047,3.0308737755,3.0591266155,2.7449731827,2.3362784386,135.08544922,0.0,0.3604028523,6.4712061882,92.259483337,70.732254028,8.5,0.0,0.0,0.0,0.2250127643,0.0,0.0,0.0,1.7760510445,Shale,1
25/2-7,3355.0980006,479849.1875,6641092.5,-3329.414795,VIKING GP.,Heather Fm.,10.043035507,3.0171830654,3.155172348,2.8820474148,2.3953766823,134.05503845,0.0,0.3752427101,5.3482260704,89.999252319,71.972412109,8.5,0.0,0.0,0.0,0.2131167203,0.0,0.0,0.0,2.6740274429,Shale,1
25/2-7,3355.7060006,479849.15625,6641092.5,-3330.022705,VIKING GP.,Heather Fm.,9.1891641617,4.4007387161,4.223988533,4.0082798004,2.4640717506,120.54956055,0.0,0.3219814003,4.0875277519,82.166595459,73.108024597,8.5,0.0,0.0,0.0,0.1039469987,0.0,0.0,0.0,11.634153366,Shale,1
25/2-7,3355.8580006,479849.15625,6641092.5,-3330.174561,VIKING GP.,Heather Fm.,9.1861562729,4.9727501869,4.7082505226,4.479282856,2.4517445564,128.99124146,0.0,0.3415554166,4.0270829201,82.691101074,73.356803894,8.5,0.0,0.0,0.0,0.0834700838,0.0,0.0,0.0,7.2988438606,Shale,1
25/2-7,3357.0740006,479849.125,6641092.5,-3331.389893,VIKING GP.,Heather Fm.,9.2112216949,5.2855114937,5.1767807007,4.8438591957,2.4483702183,150.79627991,0.0,0.3684823513,4.4873275757,97.870101929,72.064315796,8.5,0.0,0.0,0.0,0.1363980025,0.0,0.0,0.0,7.2667684555,Shale,1
25/2-7,3358.2900006,479849.09375,6641092.5,-3332.605469,VIKING GP.,Heather Fm.,10.179127693,4.5095624924,4.2543182373,3.8857066631,2.4598724842,146.77024841,0.0,0.4130972624,4.5436501503,99.379425049,73.29750824,8.5,0.0,0.0,0.0,0.2267003804,0.0,0.0,0.0,4.6825876236,Shale,1
25/2-7,3359.3540006,479849.0625,6641092.5,-3333.668945,VIKING GP.,Heather Fm.,8.9689998627,4.9640846252,4.9481925964,4.6088900566,2.4536056519,140.46710205,0.0,0.370821625,4.3360862732,97.461143494,74.887145996,8.5,0.0,0.0,0.0,0.1868116558,0.0,0.0,0.0,6.1497712135,Shale,1
25/2-7,3359.6580006,479849.0625,6641092.5,-3333.972656,VIKING GP.,Heather Fm.,8.9770002365,4.5489573479,4.527276516,4.2555742264,2.380872488,136.61436462,0.0,0.3668445051,4.3134684563,99.473693848,74.137771606,8.5,0.0,0.0,0.0,0.1492765695,0.0,0.0,0.0,5.1121206284,Shale,1
25/2-7,3360.7220006,479849.03125,6641092.5,-3335.036133,VIKING GP.,Heather Fm.,9.6610517502,4.3436927795,4.2498869896,4.0667133331,2.3452751637,133.71861267,0.0,0.3942121267,5.0335917473,96.682235718,73.399841309,8.5,0.0,0.0,0.0,0.1832185537,0.0,0.0,0.0,2.630699873,Shale,1
25/2-7,3361.3300006,479849.03125,6641092.5,-3335.644043,VIKING GP.,Heather Fm.,9.7159605026,3.9832246304,3.9706299305,3.7018897533,2.4629075527,140.08920288,0.0,0.3732292354,4.6345844269,95.578804016,74.816665649,8.5,0.0,0.0,0.0,0.2140705138,0.0,0.0,0.0,6.178273201,Shale,1
25/2-7,3361.6340006,479849.0,6641092.5,-3335.947754,VIKING GP.,Heather Fm.,9.9788455963,4.1661505699,4.1751847267,4.0069375038,2.3739953041,130.03297424,0.0,0.3543314338,4.9539899826,95.315574646,74.710922241,8.5,0.0,0.0,0.0,0.1178226247,0.0,0.0,0.0,4.4047608376,Shale,1
25/2-7,3362.0900006,479849.0,6641092.5,-3336.403564,VIKING GP.,Heather Fm.,9.4031381607,4.2119250298,4.1590456963,4.2062478065,2.328674078,139.46801758,0.0,0.3590293229,4.9516878128,95.104064941,74.734077454,8.5,0.0,0.0,0.0,0.1473169625,0.0,0.0,0.0,5.2838587761,Shale,1
25/2-7,3363.9140006,479848.96875,6641092.5,-3338.226807,VIKING GP.,Heather Fm.,9.6479997635,3.6489136219,3.3461568356,3.1353952885,2.4307367802,133.99610901,0.0,0.3681667745,5.0647130013,96.8516922,73.980987549,8.5,0.0,0.0,0.0,0.1668944359,0.0,0.0,0.0,4.8500900269,Shale,1
25/2-7,3364.2180006,479848.9375,6641092.5,-3338.530518,VIKING GP.,Heather Fm.,9.337521553,3.034611702,3.201253891,3.1481800079,2.4886844158,137.76193237,0.0,0.374201715,5.5511360168,96.684341431,74.209609985,8.5,0.0,0.0,0.0,0.2170318514,0.0,0.0,0.0,3.0250771046,Shale,1
25/2-7,3364.8260006,479848.9375,6641092.5,-3339.138184,VIKING GP.,Heather Fm.,9.9316835403,3.651252985,3.5907566547,3.4464731216,2.5074315071,133.57566833,0.0,0.3308766484,5.3530106544,96.999977112,75.067443848,8.5,0.0,0.0,0.0,0.251108408,0.0,0.0,0.0,4.4756202698,Shale,1
25/2-7,3365.7380006,479848.90625,6641092.5,-3340.049805,VIKING GP.,Heather Fm.,9.9610004425,3.0857744217,3.1733756065,2.9876828194,2.3681259155,138.05220032,0.0,0.3944899738,4.9473500252,97.252372742,73.429962158,8.5,0.0,0.0,0.0,0.2064151168,0.0,0.0,0.0,3.878610611,Shale,1
25/2-7,3369.5380006,479848.8125,6641092.0,-3343.848145,VIKING GP.,Heather Fm.,9.7187223434,2.9359588623,2.8355548382,2.8744285107,2.2623331547,139.16662598,0.0,0.3711448014,5.0728874207,94.024421692,71.221069336,8.5,0.0,0.0,0.0,0.0815236643,0.0,0.0,0.0,2.1672263145,Shale,1
25/2-7,3369.6900006,479848.8125,6641092.0,-3344.0,VIKING GP.,Heather Fm.,9.543627739,3.1328032017,3.1881771088,3.1354441643,2.311466217,142.58100891,0.0,0.3773840666,4.9296092987,94.041984558,71.197166443,8.5,0.0,0.0,0.0,0.1137750372,0.0,0.0,0.0,2.1740856171,Shale,1
25/2-7,3373.7940006,479848.6875,6641092.0,-3348.102051,VIKING GP.,Heather Fm.,9.5959663391,5.3576107025,4.2154855728,3.9104676247,2.412219286,139.26039124,0.0,0.3943060637,5.2950530052,100.28826141,69.79335022,8.5,0.0,0.0,0.0,0.1367511451,0.0,0.0,0.0,7.0736551285,Shale,1
25/2-7,3375.9220006,479848.625,6641092.0,-3350.229004,VIKING GP.,Heather Fm.,10.125424385,7.0352396965,7.1900792122,6.1818881035,2.3362214565,157.8033905,0.0,0.4084983766,5.0419969559,101.74802399,70.189750671,8.5,0.0,0.0,0.0,0.2061660737,0.0,0.0,0.0,10.163214684,Shale,1
25/2-7,3376.3780006,479848.625,6641092.0,-3350.684814,VIKING GP.,Heather Fm.,10.163051605,6.965057373,6.4285678864,5.5597114563,2.4261512756,153.03179932,0.0,0.3696457446,4.3090491295,101.60231781,71.800003052,8.5,0.0,0.0,0.0,0.2159092724,0.0,0.0,0.0,8.6748790741,Shale,1
25/2-7,3376.9860006,479848.625,6641092.0,-3351.292725,VIKING GP.,Heather Fm.,9.6796503067,6.9528436661,6.7271323204,5.5681838989,2.310997963,156.87876892,0.0,0.4018656015,4.8069224358,101.04525757,71.175003052,8.5,0.0,0.0,0.0,0.2019765079,0.0,0.0,0.0,9.4379997253,Shale,1
25/2-7,3379.7220006,479848.53125,6641092.0,-3354.026855,VIKING GP.,Heather Fm.,9.0005378723,11.580981255,10.41145134,9.2685432434,2.3535275459,154.85125732,0.0,0.4220398366,5.2001338005,109.05277252,72.925003052,8.5,0.0,0.0,0.0,0.1227650791,0.0,0.0,0.0,13.27670002,Shale,1
25/2-7,3380.3300006,479848.53125,6641092.0,-3354.634766,VIKING GP.,Heather Fm.,9.4117336273,8.3795814514,7.7990407944,7.2160673141,2.3488717079,145.50996399,0.0,0.4115069211,5.0032577515,104.02117157,73.358398438,8.5,0.0,0.0,0.0,0.1884648502,0.0,0.0,0.0,8.6652889252,Shale,1
25/2-7,3384.4340006,479848.4375,6641092.0,-3358.736328,VIKING GP.,Heather Fm.,9.7629585266,4.9255957603,5.1084070206,4.9738111496,2.5687725544,136.58045959,0.0,0.3751926124,4.8225312233,98.942596436,74.64855957,8.5,0.0,0.0,0.0,0.3375149667,0.0,0.0,0.0,6.2813711166,Shale,1
25/2-7,3385.1940006,479848.40625,6641092.0,-3359.49585,VIKING GP.,Heather Fm.,9.6926422119,5.1660895348,4.535378933,4.2222576141,2.4744508266,138.51661682,0.0,0.3640608191,4.8708457947,98.260704041,75.871894836,8.5,0.0,0.0,0.0,0.2395837605,0.0,0.0,0.0,6.225253582,Shale,1
25/2-7,3386.7140006,479848.375,6641092.0,-3361.014893,VIKING GP.,Heather Fm.,9.5117902756,3.8909912109,5.0968728065,4.879029274,2.406819582,146.83151245,0.0,0.3852481544,5.1284866333,98.975868225,73.560317993,8.5,0.0,0.0,0.0,0.1041673943,0.0,0.0,0.0,9.7518396378,Shale,1
25/2-7,3388.0820006,479848.34375,6641092.0,-3362.38208,VIKING GP.,Heather Fm.,9.6002187729,5.3846449852,4.5455899239,4.4743266106,2.3872725964,134.24319458,0.0,0.4006464481,4.5619707108,100.4637146,73.925003052,8.5,0.0,0.0,0.0,0.1441273689,0.0,0.0,0.0,7.2851252556,Shale,1
25/2-7,3388.3860006,479848.3125,6641092.0,-3362.685791,VIKING GP.,Heather Fm.,9.4101171494,4.473982811,4.5549221039,4.3629522324,2.5060114861,144.21563721,0.0,0.3944474459,4.8625946045,98.368118286,74.599784851,8.5,0.0,0.0,0.0,0.2383310497,0.0,0.0,0.0,6.0821194649,Shale,1
25/2-7,3394.4660006,479848.1875,6641091.5,-3368.762207,VIKING GP.,Heather Fm.,9.9044523239,5.799413681,6.0263357162,5.7431192398,2.2528271675,142.6207428,0.0,0.343888551,5.3901538849,88.621673584,69.177131653,8.5,0.0,0.0,0.0,0.0099901585,0.0,0.0,0.0,8.7283363342,Shale,1
25/2-7,3395.5300006,479848.15625,6641091.5,-3369.825439,VIKING GP.,Heather Fm.,9.5704631805,6.0057373047,6.576151371,6.1434783936,2.4961340427,144.94351196,0.0,0.3458972275,3.7055523396,89.982933044,68.425933838,8.5,0.0,0.0,0.0,0.214568451,0.0,0.0,0.0,7.560997963,Shale,1
25/2-7,3396.7460006,479848.125,6641091.5,-3371.040771,VIKING GP.,Heather Fm.,9.3827028275,6.0854048729,6.4161472321,5.9444580078,2.4171235561,140.09114075,0.0,0.3763821721,5.0563893318,92.951759338,70.934051514,8.5,0.0,0.0,0.0,0.2390021682,0.0,0.0,0.0,11.502583504,Shale,1
25/2-7,3398.4180006,479848.0625,6641091.5,-3372.71167,VIKING GP.,Heather Fm.,9.3020401001,8.1343173981,6.0209360123,5.6121277809,2.4238603115,126.62651825,0.0,0.3713277578,5.0387792587,87.549789429,68.848258972,8.5,0.0,0.0,0.0,0.2621396184,0.0,0.0,0.0,6.1139745712,Shale,1
25/2-7,3398.7220006,479848.0625,6641091.5,-3373.015625,VIKING GP.,Heather Fm.,9.3113002777,5.6256608963,5.3329052925,5.0990428925,2.4679961205,134.10919189,0.0,0.3695106208,5.2143988609,91.31526947,68.861999512,8.5,0.0,0.0,0.0,0.1795377582,0.0,0.0,0.0,5.8239369392,Shale,1
25/2-7,3399.6340006,479848.03125,6641091.5,-3373.927002,VIKING GP.,Heather Fm.,9.1754798889,7.00131464,6.523501873,6.0582480431,2.502468586,121.79911804,0.0,0.3331976533,5.6955366135,83.699188232,70.878639221,8.5,0.0,0.0,0.0,0.1617809832,0.0,0.0,0.0,7.7596149445,Shale,1
25/2-7,3400.0900006,479848.03125,6641091.5,-3374.382813,VIKING GP.,Heather Fm.,9.5502328873,6.3555803299,5.6321678162,5.3310599327,2.327631712,115.36066437,0.0,0.3144564927,5.9100561142,84.771888733,71.149223328,8.5,0.0,0.0,0.0,0.2018236369,0.0,0.0,0.0,7.3158874512,Shale,1
25/2-7,3400.3940006,479848.03125,6641091.5,-3374.686523,VIKING GP.,Heather Fm.,9.5860004425,5.2453899384,5.0787525177,4.8215403557,2.3808760643,135.08041382,0.0,0.3520836532,5.7902827263,85.853637695,71.111999512,8.5,0.0,0.0,0.0,0.2333216369,0.0,0.0,0.0,7.3675355911,Shale,1
25/2-7,3401.6100006,479848.0,6641091.5,-3375.901855,VIKING GP.,Heather Fm.,9.7429046631,5.9492588043,4.9376292229,4.5796656609,2.3772537708,126.21703339,0.0,0.3483333588,5.4583387375,92.985687256,70.335624695,8.5,0.0,0.0,0.0,0.2769553363,0.0,0.0,0.0,8.2490701675,Shale,1
25/2-7,3404.0420006,479847.9375,6641091.5,-3378.33252,VIKING GP.,Heather Fm.,9.4379997253,5.4418625832,4.8440461159,4.5123028755,2.5056147575,138.33766174,0.0,0.3751863241,4.2078566551,91.762313843,69.725463867,8.5,0.0,0.0,0.0,-0.008045812,0.0,0.0,0.0,6.0373716354,Shale,2
25/2-7,3406.4740006,479847.875,6641091.5,-3380.762939,VESTLAND GP.,Hugin Fm.,8.754070282,5.4241976738,5.1309914589,5.372938633,2.5757043362,105.55177307,0.0,0.2519929707,3.4879891872,73.689697266,68.425598145,8.5,0.0,0.0,0.0,-0.001473589,0.0,0.0,0.0,6.2357664108,Sandstone/Shale,2
25/2-7,3408.6020006,479847.8125,6641091.5,-3382.889648,VESTLAND GP.,Hugin Fm.,8.3129997253,3.9300031662,3.4612045288,3.8001387119,2.3500053883,49.39453125,0.0,0.205828771,2.7280116081,85.713691711,68.935882568,8.5,0.0,0.0,0.0,0.0049133589,0.0,0.0,0.0,2.9905750751,Sandstone,2
25/2-7,3408.9060006,479847.8125,6641091.5,-3383.193604,VESTLAND GP.,Hugin Fm.,8.3129997253,3.6706266403,3.5216867924,3.9744958878,2.3636274338,51.728427887,0.0,0.2249916494,2.7012050152,84.978874207,69.53717041,8.5,0.0,0.0,0.0,0.001205266,0.0,0.0,0.0,2.978726387,Sandstone,2
25/2-7,3412.4020006,479847.71875,6641091.5,-3386.6875,VESTLAND GP.,Hugin Fm.,8.3562784195,4.5786652565,4.620139122,4.4819169044,2.4274427891,68.125259399,0.0,0.218072176,3.0070779324,80.960716248,60.637123108,8.5,0.0,0.0,0.0,0.0130000003,0.0,0.0,0.0,12.168082237,Sandstone,1
25/2-7,3412.5540006,479847.71875,6641091.5,-3386.839355,VESTLAND GP.,Hugin Fm.,8.3547010422,4.6025938988,5.1559147835,5.0247035027,2.4545230865,67.666511536,0.0,0.2133415937,3.3732075691,80.429473877,59.91545105,8.5,0.0,0.0,0.0,0.0114564067,0.0,0.0,0.0,101.01424408,Sandstone,1
25/2-7,3414.2260006,479847.6875,6641091.0,-3388.510254,VESTLAND GP.,Hugin Fm.,8.3544988632,181.86820984,81.960021973,76.345916748,2.6412191391,48.669612885,0.0,0.0803374052,4.0087175369,60.854076385,61.117095947,8.5,0.0,0.0,0.0,-0.003286223,0.0,0.0,0.0,16.624046326,Sandstone,1
25/2-7,3414.8340006,479847.65625,6641091.0,-3389.11792,VESTLAND GP.,Hugin Fm.,8.359000206,15.410299301,16.838830948,15.789888382,2.5922327042,53.375183105,0.0,0.1693281382,3.5898010731,70.474182129,61.619945526,8.5,0.0,0.0,0.0,-0.002077563,0.0,0.0,0.0,52.591594696,Sandstone,1
25/2-7,3414.9860006,479847.65625,6641091.0,-3389.269775,VESTLAND GP.,Hugin Fm.,8.3565921783,17.287187576,21.42698288,20.144300461,2.6091601849,57.527359009,0.0,0.1771710068,3.6758723259,70.834739685,62.009326935,8.5,0.0,0.0,0.0,-0.005655996,0.0,0.0,0.0,56.90536499,Sandstone,1
25/2-7,3415.5940006,479847.65625,6641091.0,-3389.877441,VESTLAND GP.,Hugin Fm.,8.359000206,60.863948822,42.882369995,42.78307724,2.6076664925,82.042541504,0.0,0.117026642,4.0302343369,63.688903809,61.258666992,8.5,0.0,0.0,0.0,0.002666879,0.0,0.0,0.0,42.39994812,Sandstone/Shale,1
25/2-7,3415.8980006,479847.65625,6641091.0,-3390.181152,VESTLAND GP.,Hugin Fm.,8.3514728546,25.210357666,21.744874954,22.37115097,2.6103088856,108.35926819,0.0,0.1398728937,4.2593860626,65.095497131,61.426475525,8.5,0.0,0.0,0.0,0.01032726,0.0,0.0,0.0,12.812501907,Sandstone/Shale,1
25/2-7,3416.0500006,479847.625,6641091.0,-3390.333252,VESTLAND GP.,Hugin Fm.,8.3386001587,16.853927612,14.471498489,14.923723221,2.6048748493,105.53797913,0.0,0.1559850574,4.0598840714,66.754516602,61.421875,8.5,0.0,0.0,0.0,0.0103499917,0.0,0.0,0.0,11.992397308,Sandstone/Shale,1
25/2-7,3418.4820006,479847.59375,6641091.0,-3392.763672,VESTLAND GP.,Sleipner Fm.,8.3439998627,3.4474179745,3.448587656,3.991887331,2.3789999485,59.927394867,0.0,0.2308963239,2.6563558578,86.297286987,63.980930328,8.5,0.0,0.0,0.0,-0.003847474,0.0,0.0,0.0,3.3367607594,Sandstone,1
25/2-7,3418.6340006,479847.5625,6641091.0,-3392.915771,VESTLAND GP.,Sleipner Fm.,8.3439998627,3.4009056091,3.4769468307,4.0539913177,2.3784394264,59.188732147,0.0,0.231406793,2.6126189232,86.563331604,63.487998962,8.5,0.0,0.0,0.0,-0.004879061,0.0,0.0,0.0,3.0672359467,Sandstone,1
25/2-7,3420.1540006,479847.53125,6641091.0,-3394.434814,VESTLAND GP.,Sleipner Fm.,8.3439998627,4.1666612625,4.0811696053,4.9878077507,2.4289822578,66.360443115,0.0,0.2153487653,2.8514506817,83.44367218,64.117210388,8.5,0.0,0.0,0.0,0.0002366034,0.0,0.0,0.0,4.0665988922,Sandstone,1
25/2-7,3421.5220006,479847.5,6641091.0,-3395.801758,VESTLAND GP.,Sleipner Fm.,8.3536167145,4.9256620407,4.8867120743,6.0285310745,2.4663808346,76.639251709,0.0,0.2226361483,2.9237830639,80.366287231,65.002090454,8.5,0.0,0.0,0.0,0.0023833311,0.0,0.0,0.0,4.8347711563,Sandstone,1
25/2-7,3422.4340006,479847.46875,6641091.0,-3396.713379,VESTLAND GP.,Sleipner Fm.,8.3520002365,3.6820678711,3.7341411114,4.3616542816,2.3881430626,66.915763855,0.0,0.1994674057,2.6379778385,83.910697937,64.495880127,8.5,0.0,0.0,0.0,-0.005,0.0,0.0,0.0,3.6460299492,Sandstone,1
25/2-7,3424.5620006,479847.4375,6641091.0,-3398.840088,VESTLAND GP.,Sleipner Fm.,8.5014228821,7.890352726,9.147819519,10.394227982,2.5661337376,92.568519592,0.0,0.2465109974,3.4682044983,78.147712708,60.040626526,8.5,0.0,0.0,0.0,-0.00306687,0.0,0.0,0.0,8.2433052063,Sandstone/Shale,1
25/2-7,3426.6900006,479847.375,6641091.0,-3400.966797,VESTLAND GP.,Sleipner Fm.,8.4022521973,4.6395354271,9.0647583008,8.4170207977,2.4971818924,81.211997986,0.0,0.2779970765,3.6614878178,86.168190002,55.308906555,8.5,0.0,0.0,0.0,-0.001282829,0.0,0.0,0.0,9.018740654,Sandstone/Shale,1
25/2-7,3427.9060006,479847.34375,6641091.0,-3402.182129,VESTLAND GP.,Sleipner Fm.,8.4990386963,32.926055908,20.256967545,18.775463104,2.4822599888,82.609489441,0.0,0.3281409442,2.4675009251,97.651069641,55.653217316,8.5,0.0,0.0,0.0,-0.006158895,0.0,0.0,0.0,21.781774521,Coal,1
25/2-7,3428.2100006,479847.34375,6641091.0,-3402.48584,VESTLAND GP.,Sleipner Fm.,8.5,21.651388168,17.94972229,16.183475494,2.5496146679,74.879402161,0.0,0.2192657143,2.4251348972,80.060348511,57.360618591,8.5,0.0,0.0,0.0,-0.00288454,0.0,0.0,0.0,13.511115074,Coal,1
25/2-7,3428.8180006,479847.3125,6641091.0,-3403.093506,VESTLAND GP.,Sleipner Fm.,8.4991607666,20.319963455,21.62887764,18.651266098,2.5580406189,71.670921326,0.0,0.2168712169,2.7524321079,79.167793274,60.527317047,8.5,0.0,0.0,0.0,-0.001790302,0.0,0.0,0.0,14.009864807,Sandstone,1
25/2-7,3435.3540006,479847.15625,6641090.5,-3409.625488,VESTLAND GP.,Sleipner Fm.,8.3671922684,41.477905273,21.118717194,20.63035202,2.6210963726,109.0905838,0.0,0.264249742,3.3335654736,74.347244263,70.170982361,8.5,0.0,0.0,0.0,0.0080160694,0.0,0.0,0.0,47.611415863,Shale,1
25/2-7,3440.8260006,479847.03125,6641090.5,-3415.094238,VESTLAND GP.,Sleipner Fm.,8.2810001373,3.2966530323,3.4143178463,3.5432827473,2.327242136,54.994163513,0.0,0.1969228834,2.4061312675,83.684242249,73.993522644,8.5,0.0,0.0,0.0,0.00441409,0.0,0.0,0.0,3.6175498962,Sandstone,1
25/2-7,3441.4340006,479847.0,6641090.5,-3415.701904,VESTLAND GP.,Sleipner Fm.,8.3040876389,3.2633535862,3.238907814,3.3028042316,2.3548314571,59.533809662,0.0,0.1953001022,2.6125786304,82.931167603,74.111999512,8.5,0.0,0.0,0.0,0.0024293321,0.0,0.0,0.0,3.2900149822,Sandstone,1
25/2-7,3441.5860006,479847.0,6641090.5,-3415.85376,VESTLAND GP.,Sleipner Fm.,8.3050003052,3.2879872322,3.3249928951,3.4385142326,2.371134758,65.794319153,0.0,0.1958000064,2.5836145878,82.173698425,73.615516663,8.5,0.0,0.0,0.0,0.0074171359,0.0,0.0,0.0,3.2865772247,Sandstone,1
25/2-7,3442.6500006,479846.96875,6641090.5,-3416.917236,VESTLAND GP.,Sleipner Fm.,8.3050003052,5.6057376862,5.7280812263,6.3350667953,2.4521963596,77.97808075,0.0,0.1679130197,2.9265553951,75.766937256,70.503746033,8.5,0.0,0.0,0.0,0.0032679406,0.0,0.0,0.0,9.2678222656,Sandstone,1
25/2-7,3442.9540006,479846.96875,6641090.5,-3417.220947,VESTLAND GP.,Sleipner Fm.,8.3050003052,5.9166526794,5.4186120033,5.9447951317,2.425961256,71.4633255,0.0,0.1750963777,2.8187315464,75.866210938,69.843711853,8.5,0.0,0.0,0.0,0.0027198286,0.0,0.0,0.0,5.1221652031,Sandstone,1
25/2-7,3443.2580006,479846.96875,6641090.5,-3417.524902,VESTLAND GP.,Sleipner Fm.,8.3050003052,4.9316320419,4.8605957031,5.2574753761,2.4188432693,65.504570007,0.0,0.184821263,2.8055348396,77.346313477,68.711486816,8.5,0.0,0.0,0.0,0.0037108031,0.0,0.0,0.0,5.4674835205,Sandstone,1
25/2-7,3444.1700006,479846.9375,6641090.5,-3418.436035,VESTLAND GP.,Sleipner Fm.,8.3347120285,4.4800162315,4.9818806648,5.4874100685,2.472556591,77.570381165,0.0,0.1831485182,2.9105863571,79.221374512,65.16242218,8.5,0.0,0.0,0.0,0.001644336,0.0,0.0,0.0,6.0861496925,Sandstone/Shale,1
25/2-7,3445.2340006,479846.90625,6641090.5,-3419.499512,VESTLAND GP.,Sleipner Fm.,8.3940820694,7.0552549362,6.7062520981,7.4827919006,2.5002126694,79.032577515,0.0,0.1859056503,2.9709396362,74.825325012,61.385341644,8.5,0.0,0.0,0.0,0.0232126042,0.0,0.0,0.0,9.5721883774,Sandstone/Shale,1
25/2-7,3445.6900006,479846.90625,6641090.5,-3419.955322,VESTLAND GP.,Sleipner Fm.,8.3634910583,5.5917458534,5.1643104553,5.6902275085,2.4429233074,71.839157104,0.0,0.176236555,2.8573231697,77.006355286,59.397987366,8.5,0.0,0.0,0.0,0.0058711139,0.0,0.0,0.0,4.9951505661,Sandstone,1
25/2-7,3447.0580006,479846.875,6641090.5,-3421.32251,VESTLAND GP.,Sleipner Fm.,8.353474617,3.5910260677,3.3912367821,3.4991798401,2.3771061897,70.763282776,0.0,0.1938714385,2.7915711403,81.235336304,57.734283447,8.5,0.0,0.0,0.0,0.003789376,0.0,0.0,0.0,3.4257876873,Sandstone,1
25/2-7,3451.3140006,479846.75,6641090.5,-3425.575928,VESTLAND GP.,Sleipner Fm.,8.4541063309,7.0493359566,5.8567037582,6.1077713966,2.4606912136,70.829284668,0.0,0.1927234083,2.7490332127,74.996520996,50.639427185,8.5,0.0,0.0,0.0,0.0035771721,0.0,0.0,0.0,5.780807972,Sandstone,1
25/2-7,3451.6180006,479846.75,6641090.5,-3425.879639,VESTLAND GP.,Sleipner Fm.,8.3462409973,5.3853416443,4.3961257935,4.4938158989,2.4326057434,65.854064941,0.0,0.188412711,2.7690923214,75.92918396,50.334373474,8.5,0.0,0.0,0.0,0.0085523278,0.0,0.0,0.0,4.7907686234,Sandstone,1
25/2-7,3451.7700006,479846.75,6641090.5,-3426.031738,VESTLAND GP.,Sleipner Fm.,8.3280000687,4.8526549339,4.0492939949,4.0681357384,2.4087538719,63.866485596,0.0,0.1821118593,2.7262773514,77.03099823,50.513526917,8.5,0.0,0.0,0.0,0.006458954,0.0,0.0,0.0,3.8820447922,Sandstone,1
25/2-7,3452.0740006,479846.75,6641090.5,-3426.335449,VESTLAND GP.,Sleipner Fm.,8.3280000687,3.8379056454,3.6840965748,3.6857173443,2.3705692291,59.033592224,0.0,0.1847830266,2.7383921146,78.596641541,50.657665253,8.5,0.0,0.0,0.0,0.0007845775,0.0,0.0,0.0,3.715400219,Sandstone,1
25/2-7,3455.4180006,479846.65625,6641090.0,-3429.67749,VESTLAND GP.,Sleipner Fm.,8.4404888153,5.9161329269,5.9205107689,6.2175321579,2.5177998543,75.398933411,0.0,0.1800535172,3.6712813377,69.552658081,52.349819183,8.5,0.0,0.0,0.0,0.0024222403,0.0,0.0,0.0,33.675712585,Sandstone,1
25/2-7,3457.8500006,479846.59375,6641090.0,-3432.108154,VESTLAND GP.,Sleipner Fm.,8.488820076,7.2081151009,7.2286925316,7.8138971329,2.5039744377,99.337539673,0.0,0.2129066586,2.9220657349,77.935623169,54.113601685,8.5,0.0,0.0,0.0,0.0067820521,0.0,0.0,0.0,9.2104091644,Sandstone/Shale,1
25/2-7,3459.2180006,479846.5625,6641090.0,-3433.475098,VESTLAND GP.,Sleipner Fm.,8.3520002365,4.9211072922,4.6452302933,4.9764852524,2.4258928299,67.312957764,0.0,0.1914165765,3.097638607,75.233917236,56.020839691,8.5,0.0,0.0,0.0,0.0095254676,0.0,0.0,0.0,4.6420378685,Sandstone,1
25/2-7,3466.8180006,479846.375,6641090.0,-3441.070557,VESTLAND GP.,Sleipner Fm.,8.4964160919,27.423984528,26.937631607,24.145292282,2.6002080441,55.959014893,0.0,0.1375425458,3.3758871555,65.134101868,57.445011139,8.5,0.0,0.0,0.0,-0.011895931,0.0,0.0,0.0,39.504722595,Sandstone,1
25/2-7,3467.1220006,479846.375,6641090.0,-3441.374512,VESTLAND GP.,Sleipner Fm.,8.4734582901,26.64922905,40.794303894,38.143821716,2.6327402592,53.068920135,0.0,0.121666871,3.8887791634,65.692230225,57.544078827,8.5,0.0,0.0,0.0,-0.008786284,0.0,0.0,0.0,169.4355011,Sandstone,1
25/2-7,3467.5780006,479846.375,6641090.0,-3441.830078,VESTLAND GP.,Sleipner Fm.,8.4770002365,103.56615448,253.96200562,237.94770813,2.7074420452,54.103652954,0.0,0.0847190991,3.6158809662,61.240940094,56.990566254,8.5,0.0,0.0,0.0,-0.008435081,0.0,0.0,0.0,445.60263062,Sandstone,1
25/2-7,3468.4900006,479846.34375,6641090.0,-3442.741699,VESTLAND GP.,Sleipner Fm.,8.4770002365,588.84680176,398.58932495,338.06134033,2.693836689,44.40826416,0.0,0.0710977241,4.2080712318,58.24048996,56.025398254,8.5,0.0,0.0,0.0,-0.000163325,0.0,0.0,0.0,252.69093323,Sandstone,1
25/2-7,3470.0100006,479846.3125,6641090.0,-3444.260742,VESTLAND GP.,Sleipner Fm.,8.4919996262,87.914779663,74.260002136,63.430858612,2.733925581,47.688358307,0.0,0.1117978618,3.6761124134,61.968723297,55.998802185,8.5,0.0,0.0,0.0,-0.006214864,0.0,0.0,0.0,192.4977417,Sandstone,1
25/2-7,3470.3140006,479846.28125,6641090.0,-3444.564453,VESTLAND GP.,Sleipner Fm.,8.4555807114,93.372581482,19.844854355,16.467735291,2.6724555492,55.202888489,0.0,0.1263221949,3.2102458477,59.956665039,56.82440567,8.5,0.0,0.0,0.0,0.0007748688,0.0,0.0,0.0,44.653270721,Sandstone,1
25/2-7,3470.7700006,479846.28125,6641090.0,-3445.020264,VESTLAND GP.,Sleipner Fm.,8.3520002365,12.333929062,6.0301017761,5.0044813156,2.4577109814,70.425666809,0.0,0.1586074233,2.974134922,67.331550598,57.722457886,8.5,0.0,0.0,0.0,0.003,0.0,0.0,0.0,5.1558766365,Sandstone,1
25/2-7,3471.5300006,479846.25,6641090.0,-3445.779785,VESTLAND GP.,Sleipner Fm.,8.369934082,7.7100477219,7.2050232887,6.0586333275,2.488297224,70.010940552,0.0,0.1736723632,2.8617310524,74.529891968,58.004150391,8.5,0.0,0.0,0.0,0.0150656085,0.0,0.0,0.0,6.4750337601,Sandstone,1
25/2-7,3472.5940006,479846.25,6641090.0,-3446.843262,VESTLAND GP.,Sleipner Fm.,8.3979997635,7.5895924568,6.9543104172,6.2512674332,2.4951307774,71.861984253,0.0,0.1796254665,3.1677229404,74.535415649,58.987998962,8.5,0.0,0.0,0.0,0.0076522012,0.0,0.0,0.0,7.1622185707,Sandstone,1
25/2-7,3473.0500006,479846.21875,6641090.0,-3447.298828,VESTLAND GP.,Sleipner Fm.,8.3933830261,6.2281074524,7.1214404106,6.4649524689,2.4868097305,72.811676025,0.0,0.1796281636,2.972774744,76.083488464,59.200801849,8.5,0.0,0.0,0.0,0.0086595155,0.0,0.0,0.0,8.1376914978,Sandstone,1
25/2-7,3474.1140006,479846.1875,6641090.0,-3448.362305,VESTLAND GP.,Sleipner Fm.,8.4139995575,7.1568646431,6.742831707,6.2945261002,2.5065762997,82.128334045,0.0,0.1833692938,2.7724237442,75.0157547,60.299999237,8.5,0.0,0.0,0.0,0.01067797,0.0,0.0,0.0,6.8774085045,Sandstone/Shale,1
25/2-7,3474.8740006,479846.1875,6641090.0,-3449.121826,VESTLAND GP.,Sleipner Fm.,8.4689998627,10.00445652,9.9390773773,9.7730712891,2.5563817024,81.8568573,0.0,0.1940301508,2.8056333065,73.599845886,61.343521118,8.5,0.0,0.0,0.0,-0.00361829,0.0,0.0,0.0,11.749191284,Sandstone/Shale,1
25/2-7,3475.4820006,479846.15625,6641090.0,-3449.729248,VESTLAND GP.,Sleipner Fm.,8.4332237244,9.8726472855,7.380645752,7.2314219475,2.5391490459,83.544921875,0.0,0.1974647194,2.7933974266,72.875846863,62.731121063,8.5,0.0,0.0,0.0,0.0194029659,0.0,0.0,0.0,11.455508232,Sandstone/Shale,1
25/2-7,3475.7860006,479846.15625,6641090.0,-3450.033203,VESTLAND GP.,Sleipner Fm.,8.3865966797,6.8165388107,6.2521395683,6.0834498405,2.4942455292,82.683486938,0.0,0.183271125,2.6481347084,75.643203735,63.261978149,8.5,0.0,0.0,0.0,0.0166607872,0.0,0.0,0.0,5.0928034782,Sandstone/Shale,1
25/2-7,3478.6740006,479846.09375,6641089.5,-3452.919434,VESTLAND GP.,Sleipner Fm.,8.2810001373,5.1808714867,5.1620731354,5.3641328812,2.4419174194,64.739593506,0.0,0.1930320263,3.2783975601,78.20715332,66.034683228,8.5,0.0,0.0,0.0,0.0292431191,0.0,0.0,0.0,4.4786682129,Sandstone,1
25/2-7,3480.4980006,479846.03125,6641089.5,-3454.742432,VESTLAND GP.,Sleipner Fm.,8.3471689224,4.2601771355,5.4178791046,5.8021798134,2.4571259022,76.110183716,0.0,0.1796212941,2.6969418526,78.81552887,64.109100342,8.5,0.0,0.0,0.0,0.0106764175,0.0,0.0,0.0,5.8676981926,Sandstone,1
25/2-7,3481.1060006,479846.03125,6641089.5,-3455.349854,VESTLAND GP.,Sleipner Fm.,8.4403858185,8.0633649826,5.9415841103,6.3557391167,2.5103890896,92.034515381,0.0,0.1886176616,2.9293045998,73.493186951,63.824695587,8.5,0.0,0.0,0.0,-0.001197574,0.0,0.0,0.0,8.3842725754,Sandstone/Shale,1
25/2-7,3482.1700006,479846.0,6641089.5,-3456.41333,VESTLAND GP.,Sleipner Fm.,8.3439998627,5.0994067192,4.4152097702,4.5813560486,2.4298050404,77.964286804,0.0,0.1948236525,2.9353237152,77.54725647,63.323711395,8.5,0.0,0.0,0.0,0.0027316641,0.0,0.0,0.0,4.6186470985,Sandstone/Shale,1
25/2-7,3483.0820006,479845.96875,6641089.5,-3457.324951,VESTLAND GP.,Sleipner Fm.,8.345331192,4.9394741058,5.0739431381,5.1861252785,2.4426672459,69.613777161,0.0,0.1878329366,2.9635665417,78.354179382,62.873363495,8.5,0.0,0.0,0.0,0.0103341378,0.0,0.0,0.0,5.2352852821,Sandstone,1
25/2-7,3484.1460006,479845.9375,6641089.5,-3458.388184,VESTLAND GP.,Sleipner Fm.,8.359000206,4.2718296051,4.4149684906,4.4392375946,2.4123814106,74.779174805,0.0,0.190215677,2.641443491,80.123451233,61.397167206,8.5,0.0,0.0,0.0,0.0075953184,0.0,0.0,0.0,4.1240134239,Sandstone,1
25/2-7,3485.3620006,479845.90625,6641089.5,-3459.603516,VESTLAND GP.,Sleipner Fm.,8.4919996262,9.5900659561,9.1088886261,9.4516401291,2.5754888058,86.362854004,0.0,0.1962468624,2.6384890079,74.358161926,62.433052063,8.5,0.0,0.0,0.0,0.0016165649,0.0,0.0,0.0,11.041055679,Sandstone/Shale,1
25/2-7,3485.8180006,479845.90625,6641089.5,-3460.059326,VESTLAND GP.,Sleipner Fm.,8.4910440445,8.8878469467,8.1168136597,8.3533248901,2.5492389202,84.47013855,0.0,0.2048115581,3.0662288666,74.308990479,60.189929962,8.5,0.0,0.0,0.0,-0.00388056,0.0,0.0,0.0,10.733694077,Sandstone/Shale,1
25/2-7,3488.8580006,479845.875,6641089.5,-3463.098145,VESTLAND GP.,Sleipner Fm.,8.3979997635,5.7378730774,5.6221327782,5.2479338646,2.439132452,84.349449158,0.0,0.1915120184,2.9346113205,78.612297058,57.817386627,8.5,0.0,0.0,0.0,0.0058011035,0.0,0.0,0.0,5.1749839783,Sandstone/Shale,1
25/2-7,3490.2260006,479845.84375,6641089.5,-3464.46582,VESTLAND GP.,Sleipner Fm.,8.4382991791,24.023294449,25.822542191,26.729312897,2.7290000916,64.960014343,0.0,0.154113695,4.9028477669,67.605697632,56.299999237,8.5,0.0,0.0,0.0,0.0133582093,0.0,0.0,0.0,45.438858032,Sandstone,1
25/2-7,3493.4180006,479845.8125,6641089.5,-3467.656738,VESTLAND GP.,Sleipner Fm.,8.3520002365,15.130109787,8.9312162399,9.6096782684,2.5087926388,44.941864014,0.0,0.1531316936,3.859183073,68.681381226,60.980426788,8.5,0.0,0.0,0.0,-0.003966974,0.0,0.0,0.0,5.110209465,Sandstone,1
25/2-7,3494.1780006,479845.78125,6641089.5,-3468.416504,VESTLAND GP.,Sleipner Fm.,8.359000206,4.6264038086,4.5189056396,4.6047201157,2.3983564377,55.912509918,0.0,0.1944085211,3.2043118477,80.89515686,63.92181778,8.5,0.0,0.0,0.0,0.0060763657,0.0,0.0,0.0,3.8667833805,Sandstone,1
25/2-7,3495.0900006,479845.78125,6641089.5,-3469.328369,VESTLAND GP.,Sleipner Fm.,8.4219999313,4.9309344292,4.4142317772,4.7754278183,2.4303252697,56.409816742,0.0,0.2023779601,2.6686003208,78.525756836,62.440238953,8.5,0.0,0.0,0.0,0.0011625481,0.0,0.0,0.0,5.3417239189,Sandstone,1
25/2-7,3498.1300006,479845.75,6641089.0,-3472.366943,VESTLAND GP.,Sleipner Fm.,8.3597488403,5.1435213089,4.9933328629,5.7600779533,2.4395616055,84.374771118,0.0,0.2024335563,3.0252454281,78.162460327,62.573406219,8.5,0.0,0.0,0.0,-0.005719116,0.0,0.0,0.0,7.0716085434,Sandstone/Shale,1
25/2-7,3504.5140006,479845.65625,6641089.0,-3478.748779,VESTLAND GP.,Sleipner Fm.,8.3129997253,5.6387476921,4.8631734848,4.3746042252,2.4048464298,72.980079651,0.0,0.2154273391,2.7926061153,81.745582581,55.437255859,8.5,0.0,0.0,0.0,0.0022150455,0.0,0.0,0.0,4.7309536934,Sandstone/Shale,1
25/2-7,3507.7060006,479845.59375,6641089.0,-3481.939941,VESTLAND GP.,Sleipner Fm.,8.3520002365,11.818175316,11.709477425,10.280442238,2.513999939,77.667037964,0.0,0.1978190988,2.6644778252,77.635047913,56.80418396,8.5,0.0,0.0,0.0,0.0132567659,0.0,0.0,0.0,38.734340668,Sandstone,1
25/2-7,3508.6180006,479845.59375,6641089.0,-3482.851563,VESTLAND GP.,Sleipner Fm.,8.3611755371,10.411802292,10.482956886,8.3422403336,2.4504561424,67.380348206,0.0,0.1746814698,2.4865953922,80.187057495,60.674999237,8.5,0.0,0.0,0.0,-0.000359531,0.0,0.0,0.0,8.0800924301,Sandstone,1
25/2-7,3509.6820006,479845.5625,6641089.0,-3483.915039,VESTLAND GP.,Sleipner Fm.,8.4379997253,44.049129486,45.357837677,39.762306213,2.5853455067,106.82266998,0.0,0.2612299919,3.1465644836,78.89176178,60.414871216,8.5,0.0,0.0,0.0,-0.001872719,0.0,0.0,0.0,52.389556885,Shale,1
25/2-7,3511.6580006,479845.53125,6641089.0,-3485.890381,VESTLAND GP.,Sleipner Fm.,8.380200386,55.313854218,26.393692017,22.200658798,2.5616500378,103.13373566,0.0,0.2284847349,2.7316162586,81.179252625,63.067596436,8.5,0.0,0.0,0.0,0.0006749528,0.0,0.0,0.0,43.302509308,Shale,1
25/2-7,3513.6340006,479845.5,6641089.0,-3487.865723,VESTLAND GP.,Sleipner Fm.,8.5310001373,24.255273819,23.37610817,21.345878601,2.5744082928,66.966064453,0.0,0.1765779257,2.5908176899,73.685440063,63.019966125,8.5,0.0,0.0,0.0,-0.014359188,0.0,0.0,0.0,9.338804245,Sandstone,1
25/2-7,3520.1700006,479845.40625,6641089.0,-3494.399414,VESTLAND GP.,Sleipner Fm.,8.5512218475,50.930793762,46.030197144,43.19833374,2.5841109753,102.46027374,0.0,0.2682695985,2.9213862419,75.695518494,48.699329376,8.5,0.0,0.0,0.0,-0.009583281,0.0,0.0,0.0,54.041873932,Shale,1
25/2-7,3529.2900006,479845.28125,6641088.5,-3503.516357,VESTLAND GP.,Sleipner Fm.,8.6598377228,364.4090271,769.85577393,518.30578613,1.4152601957,21.499849319,0.0,0.5602473021,0.8969029188,124.05975342,44.767482758,8.5,0.0,0.0,0.0,-0.00173988,0.0,0.0,0.0,418.83328247,Coal,1
25/2-7,3529.4420006,479845.28125,6641088.5,-3503.668213,VESTLAND GP.,Sleipner Fm.,8.6884565353,834.52392578,1196.1749268,758.3659668,1.4117939472,18.083236694,0.0,0.5582840443,0.903834641,126.62818909,45.407398224,8.5,0.0,0.0,0.0,-0.005573784,0.0,0.0,0.0,463.57788086,Coal,1
25/2-7,3530.5060006,479845.25,6641088.5,-3504.731934,VESTLAND GP.,Sleipner Fm.,8.5691976547,599.75543213,63.367084503,67.200485229,2.1133615971,109.52703094,0.0,0.5367118716,2.8297324181,118.90600586,54.094989777,8.5,0.0,0.0,0.0,-0.012861849,0.0,0.0,0.0,85.013771057,Coal,1
25/2-7,3533.8500006,479845.21875,6641088.5,-3508.074951,VESTLAND GP.,Sleipner Fm.,8.2580003738,2.8583431244,2.5314612389,3.2162313461,2.3448884487,44.224552155,0.0,0.1868732125,2.5220375061,79.368377686,70.508972168,8.5,0.0,0.0,0.0,0.0051269112,0.0,0.0,0.0,2.7715382576,Sandstone,1
25/2-7,3535.6740006,479845.1875,6641088.5,-3509.898193,VESTLAND GP.,Sleipner Fm.,8.2580003738,2.9054090977,2.8516571522,3.9973015785,2.3908221722,37.721904755,0.0,0.1767547876,3.1219148636,78.105979919,68.563316345,8.5,0.0,0.0,0.0,0.0087396698,0.0,0.0,0.0,3.6096651554,Sandstone,1
25/2-7,3537.1940006,479845.15625,6641088.5,-3511.417725,VESTLAND GP.,Sleipner Fm.,8.2580003738,2.4943637848,2.3658332825,3.5601994991,2.3811328411,31.52073288,0.0,0.1698655039,3.0198857784,78.017448425,68.591140747,8.5,0.0,0.0,0.0,0.0184328668,0.0,0.0,0.0,3.1741266251,Sandstone,1
25/2-7,3537.3460006,479845.15625,6641088.5,-3511.56958,VESTLAND GP.,Sleipner Fm.,8.2580003738,2.4376842976,2.3594577312,3.5523867607,2.3731510639,31.366212845,0.0,0.1722783744,2.9485983849,77.94115448,68.054222107,8.5,0.0,0.0,0.0,0.0095377611,0.0,0.0,0.0,3.0962193012,Sandstone,1
25/2-7,3538.4100006,479845.15625,6641088.5,-3512.633301,VESTLAND GP.,Sleipner Fm.,8.2580003738,2.0885453224,2.0059394836,3.0340301991,2.3558485508,29.518238068,0.0,0.1723996848,2.8597285748,78.48323822,62.789031982,8.5,0.0,0.0,0.0,0.0094242385,0.0,0.0,0.0,2.746999979,Sandstone,1
25/2-7,3540.3860006,479845.125,6641088.5,-3514.608643,VESTLAND GP.,Sleipner Fm.,8.265999794,2.0979652405,1.8926274776,2.4431266785,2.3327963352,26.559181213,0.0,0.181399256,2.6688029766,79.956611633,48.025737762,8.5,0.0,0.0,0.0,0.0047541512,0.0,0.0,0.0,3.0072538853,Sandstone,1
25/2-7,3540.9940006,479845.125,6641088.5,-3515.216309,VESTLAND GP.,Sleipner Fm.,8.2810001373,1.9226324558,1.7894897461,2.2186613083,2.3049917221,28.781513214,0.0,0.1690393686,2.6389210224,80.831192017,43.41386795,8.5,0.0,0.0,0.0,-0.000669401,0.0,0.0,0.0,2.2864158154,Sandstone,1
25/2-7,3541.4500006,479845.09375,6641088.5,-3515.672119,VESTLAND GP.,Sleipner Fm.,8.2810001373,1.819532752,1.8845908642,2.3342986107,2.2949268818,32.02602005,0.0,0.1940363646,2.4782035351,81.74471283,40.114780426,8.5,0.0,0.0,0.0,-3.6514e-05,0.0,0.0,0.0,2.1055619717,Sandstone,1
25/2-7,3544.1860006,479845.0625,6641088.0,-3518.407227,VESTLAND GP.,Sleipner Fm.,8.4449996948,27.358156204,26.388385773,27.307426453,2.535040617,105.33879852,0.0,0.3104477227,3.1700520515,81.195159912,42.410827637,8.5,0.0,0.0,0.0,-0.011319758,0.0,0.0,0.0,30.508111954,Shale,1
25/2-7,3544.6420006,479845.0625,6641088.0,-3518.863281,VESTLAND GP.,Sleipner Fm.,8.4449996948,26.43113327,25.039506912,25.510820389,2.5443689823,97.415008545,0.0,0.2976129949,3.5166864395,81.474388123,43.644920349,8.5,0.0,0.0,0.0,-0.019894816,0.0,0.0,0.0,35.681259155,Shale,1
25/2-7,3545.5540006,479845.03125,6641088.0,-3519.774658,VESTLAND GP.,Sleipner Fm.,8.4689998627,9.7766113281,9.9571933746,9.7917041779,2.5472111702,87.977020264,0.0,0.2371426076,3.0278096199,80.258834839,46.197109222,8.5,0.0,0.0,0.0,-0.009292481,0.0,0.0,0.0,12.688093185,Sandstone/Shale,1
25/2-7,3547.2260006,479845.03125,6641088.0,-3521.446289,VESTLAND GP.,Sleipner Fm.,8.4219999313,18.97202301,19.621171951,21.716239929,2.5454833508,106.23288727,0.0,0.278133601,3.1770646572,78.029167175,46.318847656,8.5,0.0,0.0,0.0,-0.005818757,0.0,0.0,0.0,29.501369476,Shale,1
25/2-7,3548.7460006,479845.0,6641088.0,-3522.96582,VESTLAND GP.,Sleipner Fm.,8.4209280014,10.624353409,8.9456882477,10.282151222,2.5127892494,71.187225342,0.0,0.1791660935,2.7149090767,76.14957428,47.51322937,8.5,0.0,0.0,0.0,0.0101037687,0.0,0.0,0.0,12.275209427,Sandstone,1
25/2-7,3549.9620006,479844.96875,6641088.0,-3524.181152,VESTLAND GP.,Sleipner Fm.,8.3050003052,2.8095254898,3.2620918751,3.7978725433,2.3462543488,35.914749146,0.0,0.1696261466,2.7414295673,82.20324707,43.193408966,8.5,0.0,0.0,0.0,0.0069464459,0.0,0.0,0.0,4.0436258316,Sandstone,1
25/2-7,3550.5700006,479844.96875,6641088.0,-3524.789063,VESTLAND GP.,Sleipner Fm.,8.3050222397,4.4447436333,4.1589226723,5.0429172516,2.4019889832,54.781684875,0.0,0.2089551985,2.8150215149,81.659996033,46.17672348,8.5,0.0,0.0,0.0,0.0119972397,0.0,0.0,0.0,5.3094611168,Sandstone,1
25/2-7,3552.5460006,479844.9375,6641088.0,-3526.764404,VESTLAND GP.,Sleipner Fm.,8.3667488098,3.7276148796,3.5837574005,4.2691149712,2.3871254921,62.786064148,0.0,0.2045732439,3.0938255787,82.217918396,49.405387878,8.5,0.0,0.0,0.0,0.0127489557,0.0,0.0,0.0,3.6299245358,Sandstone,1
25/2-7,3553.9140006,479844.9375,6641088.0,-3528.13208,VESTLAND GP.,Sleipner Fm.,8.5229997635,8.11282444,8.7206993103,10.321722984,2.5548901558,82.99760437,0.0,0.1895839423,2.8627996445,75.465034485,55.335796356,8.5,0.0,0.0,0.0,-0.006890214,0.0,0.0,0.0,10.179381371,Sandstone,1
25/2-7,3554.8260006,479844.90625,6641088.0,-3529.043457,VESTLAND GP.,Sleipner Fm.,8.5229997635,8.8562917709,12.742488861,14.252041817,2.583427906,103.68767548,0.0,0.2325274944,3.5856325626,77.400535583,57.63923645,8.5,0.0,0.0,0.0,-0.000357612,0.0,0.0,0.0,17.69701004,Sandstone/Shale,1
25/2-7,3557.2580006,479844.875,6641088.0,-3531.474854,VESTLAND GP.,Sleipner Fm.,8.523900032,142.24031067,161.63047791,162.85865784,2.2579133511,138.69648743,0.0,0.4615232646,3.215890646,106.07009125,53.981273651,8.5,0.0,0.0,0.0,-0.011887453,0.0,0.0,0.0,315.77719116,Shale,1
25/2-7,3558.1700006,479844.875,6641088.0,-3532.386475,VESTLAND GP.,Sleipner Fm.,8.5310001373,94.43800354,94.922523499,99.297142029,2.4002583027,145.28555298,0.0,0.4009714127,3.1071801186,94.110786438,51.269271851,8.5,0.0,0.0,0.0,-0.008129084,0.0,0.0,0.0,130.34761047,Shale,1
25/2-7,3558.6260006,479844.84375,6641088.0,-3532.842285,VESTLAND GP.,Sleipner Fm.,8.5310001373,95.101295471,78.581016541,83.604858398,2.450510025,144.67945862,0.0,0.4129712284,2.8864450455,92.977546692,50.754005432,8.5,0.0,0.0,0.0,-0.008,0.0,0.0,0.0,84.28691864,Shale,1
25/2-7,3558.7780006,479844.84375,6641088.0,-3532.994385,VESTLAND GP.,Sleipner Fm.,8.5310001373,80.350509644,67.683479309,71.56590271,2.4919929504,136.2048645,0.0,0.3797625303,2.9303767681,90.578926086,50.576122284,8.5,0.0,0.0,0.0,-0.00627939,0.0,0.0,0.0,61.529754639,Shale,1
25/2-7,3560.2980006,479844.84375,6641088.0,-3534.513916,VESTLAND GP.,Sleipner Fm.,8.5310001373,18.858999252,18.472270966,14.008999825,2.5618166924,81.00453949,0.0,0.198005721,2.4082663059,72.919845581,51.664562225,8.5,0.0,0.0,0.0,-0.011668623,0.0,0.0,0.0,18.620597839,Sandstone/Shale,1
25/2-7,3560.7540006,479844.8125,6641088.0,-3534.969482,VESTLAND GP.,Sleipner Fm.,8.5310001373,18.065555573,14.976249695,12.163726807,2.5496098995,79.809829712,0.0,0.2208770066,2.3619320393,75.476325989,50.04139328,8.5,0.0,0.0,0.0,-0.00404269,0.0,0.0,0.0,13.290968895,Sandstone/Shale,1
25/2-7,3563.3380006,479844.78125,6641088.0,-3537.55249,VESTLAND GP.,Sleipner Fm.,8.5612516403,307.1703186,147.86688232,122.69856262,1.4306553602,31.488862991,0.0,0.5907643437,0.869643867,128.76057434,53.071144104,8.5,0.0,0.0,0.0,-0.001344563,0.0,0.0,0.0,98.157150269,Coal,1
25/2-7,3563.6420006,479844.78125,6641088.0,-3537.856689,VESTLAND GP.,Sleipner Fm.,8.5389995575,93.434875488,62.429244995,50.836624146,1.4284466505,23.40388298,0.0,0.5574547648,0.8791567087,129.58206177,53.45217514,8.5,0.0,0.0,0.0,0.0,0.0,0.0,0.0,30.694255829,Coal,1
25/2-7,3565.3140006,479844.75,6641088.0,-3539.527832,VESTLAND GP.,Sleipner Fm.,8.515999794,94.720497131,104.27810669,101.54885101,1.4249281883,13.962816238,0.0,0.636233449,0.8314302564,128.73623657,57.723369598,8.5,0.0,0.0,0.0,-0.006505131,0.0,0.0,0.0,129.21386719,Coal,1
25/2-7,3566.5300006,479844.75,6641088.0,-3540.743652,VESTLAND GP.,Sleipner Fm.,8.390999794,11.78268528,10.389638901,12.835089684,2.4914548397,56.11076355,0.0,0.1611701548,2.7330121994,73.945846558,60.981842041,8.5,0.0,0.0,0.0,0.0218190067,0.0,0.0,0.0,7.3463759422,Sandstone,1
25/2-7,3567.5940006,479844.71875,6641087.5,-3541.807129,VESTLAND GP.,Sleipner Fm.,8.515999794,11.437106133,10.752438545,13.540232658,2.5023329258,81.221343994,0.0,0.1782944947,2.6773660183,74.326560974,60.88854599,8.5,0.0,0.0,0.0,-0.003583248,0.0,0.0,0.0,7.6345977783,Sandstone/Shale,1
25/2-7,3568.5060006,479844.71875,6641087.5,-3542.718994,VESTLAND GP.,Sleipner Fm.,8.5080003738,14.028344154,12.982434273,17.953367233,2.5181474686,81.624404907,0.0,0.1686072499,2.6638865471,74.623291016,61.86763382,8.5,0.0,0.0,0.0,0.0203864686,0.0,0.0,0.0,14.840843201,Sandstone/Shale,1
25/2-7,3568.6580006,479844.71875,6641087.5,-3542.87085,VESTLAND GP.,Sleipner Fm.,8.5135192871,13.147039413,12.33272171,17.05623436,2.5049619675,83.444618225,0.0,0.1741859466,2.6182105541,75.093505859,61.795993805,8.5,0.0,0.0,0.0,0.0168607626,0.0,0.0,0.0,11.508010864,Sandstone/Shale,1
25/2-7,3571.0900006,479844.6875,6641087.5,-3545.302002,VESTLAND GP.,Sleipner Fm.,8.525812149,11.792681694,11.614893913,14.483286858,2.5393755436,69.526451111,0.0,0.2026404291,2.2449064255,74.67250061,59.049999237,8.5,0.0,0.0,0.0,-0.012406138,0.0,0.0,0.0,10.948534012,Sandstone,1
25/2-7,3573.5220006,479844.625,6641087.5,-3547.733154,VESTLAND GP.,Sleipner Fm.,8.5444078445,19.698802948,11.407898903,11.004605293,2.3795514107,79.655212402,0.0,0.2829746306,2.2351574898,97.629890442,58.402233124,8.5,0.0,0.0,0.0,-0.005063087,0.0,0.0,0.0,7.7630324364,Coal,1
25/2-7,3577.6260006,479844.59375,6641087.5,-3551.835693,VESTLAND GP.,Sleipner Fm.,8.4486856461,7.4161381721,8.1224212646,10.810506821,2.6132185459,83.644805908,0.0,0.2055227011,4.1413636208,77.615386963,63.43655777,8.5,0.0,0.0,0.0,-0.011,0.0,0.0,0.0,15.009420395,Sandstone,1
25/2-7,3581.1220006,479844.53125,6641087.5,-3555.330566,VESTLAND GP.,Sleipner Fm.,8.3302316666,3.8623425961,4.0282001495,5.7350478172,2.4020199776,61.494632721,0.0,0.1842492372,2.8291525841,78.245170593,53.462882996,8.5,0.0,0.0,0.0,0.0082726888,0.0,0.0,0.0,4.8082518578,Sandstone,1
25/2-7,3583.5540006,479844.5,6641087.5,-3557.761963,VESTLAND GP.,Sleipner Fm.,8.4449996948,25.345245361,27.217306137,32.57818985,2.6231443882,49.228843689,0.0,0.1700194925,3.6160845757,70.946136475,41.958503723,8.5,0.0,0.0,0.0,-0.000164956,0.0,0.0,0.0,30.675672531,Sandstone,1
25/2-7,3586.8980006,479844.46875,6641087.5,-3561.105469,VESTLAND GP.,Sleipner Fm.,8.3136196136,12.237232208,13.598620415,12.992850304,2.5623641014,88.581237793,0.0,0.1339142323,2.9460880756,74.383201599,29.128156662,8.5,0.0,0.0,0.0,0.0191263165,0.0,0.0,0.0,11.476197243,Sandstone,1
25/2-7,3587.6580006,479844.46875,6641087.5,-3561.865234,VESTLAND GP.,Sleipner Fm.,8.5310001373,33.581283569,33.244308472,32.758644104,2.6174006462,104.48526764,0.0,0.2149789929,3.1075539589,69.648551941,30.35593605,8.5,0.0,0.0,0.0,-0.005085619,0.0,0.0,0.0,42.400348663,Sandstone,1
25/2-7,3587.8100006,479844.46875,6641087.5,-3562.017334,VESTLAND GP.,Sleipner Fm.,8.5310001373,36.863178253,33.267105103,32.651222229,2.6040000916,106.14944458,0.0,0.2185591459,3.1691091061,69.880470276,30.966176987,8.5,0.0,0.0,0.0,-0.005924219,0.0,0.0,0.0,40.196918488,Sandstone,1
25/2-7,3588.4180006,479844.4375,6641087.5,-3562.625244,VESTLAND GP.,Sleipner Fm.,8.5550003052,27.544437408,26.03247261,26.049846649,2.3370428085,105.7002182,0.0,0.2352662235,2.4683675766,72.094993591,34.827060699,8.5,0.0,0.0,0.0,-0.02282762,0.0,0.0,0.0,39.127857208,Coal,1
25/2-7,3591.9140006,479844.40625,6641087.5,-3566.120605,VESTLAND GP.,Sleipner Fm.,8.2523040771,10.419888496,10.968227386,10.638957977,2.4830491543,60.911067963,0.0,0.1496154517,2.9913892746,74.514053345,60.104152679,8.5,0.0,0.0,0.0,0.0007119447,0.0,0.0,0.0,13.340626717,Sandstone,1
25/2-7,3593.5860006,479844.40625,6641087.0,-3567.791992,VESTLAND GP.,Sleipner Fm.,8.2711820602,13.707706451,10.951677322,12.450023651,2.5238366127,63.987514496,0.0,0.1522042155,2.9836575985,68.650352478,62.485095978,8.5,0.0,0.0,0.0,0.0057019321,0.0,0.0,0.0,16.956310272,Sandstone/Shale,1
25/2-7,3593.7380006,479844.375,6641087.0,-3567.944092,VESTLAND GP.,Sleipner Fm.,8.2560091019,11.030684471,8.9251699448,10.085299492,2.4845712185,60.948425293,0.0,0.1599401236,2.929265976,70.435386658,62.47624588,8.5,0.0,0.0,0.0,0.0014876587,0.0,0.0,0.0,8.0039014816,Sandstone/Shale,1
25/2-7,3594.0420006,479844.375,6641087.0,-3568.248047,VESTLAND GP.,Sleipner Fm.,8.2440128326,8.0652503967,7.8345103264,8.8957557678,2.4692914486,59.168487549,0.0,0.1717290729,3.0159142017,75.46534729,63.22297287,8.5,0.0,0.0,0.0,0.0022516579,0.0,0.0,0.0,6.4526228905,Sandstone/Shale,1
25/2-7,3597.3860006,479844.34375,6641087.0,-3571.591309,VESTLAND GP.,Sleipner Fm.,8.2810001373,9.8265504837,8.9441709518,10.810744286,2.4810898304,63.531253815,0.0,0.1708002388,3.2822110653,76.628479004,60.89099884,8.5,0.0,0.0,0.0,0.001611992,0.0,0.0,0.0,10.511645317,Sandstone,1
25/2-7,3599.5140006,479844.3125,6641087.0,-3573.718994,VESTLAND GP.,Sleipner Fm.,8.3347520828,43.188751221,39.950595856,49.614349365,2.6735599041,44.789634705,0.0,0.1375715435,4.3946580887,65.117454529,47.100494385,8.5,0.0,0.0,0.0,-0.010468012,0.0,0.0,0.0,63.789009094,Sandstone,1
25/2-7,3599.6660006,479844.3125,6641087.0,-3573.871094,VESTLAND GP.,Sleipner Fm.,8.3244638443,61.831638336,59.806613922,74.461975098,2.6846137047,38.946949005,0.0,0.114332743,4.5794467926,61.653556824,46.285125732,8.5,0.0,0.0,0.0,-0.013153748,0.0,0.0,0.0,65.466911316,Sandstone,1
25/2-7,3602.8580006,479844.28125,6641087.0,-3577.062256,VESTLAND GP.,Sleipner Fm.,11.147294044,19.606895447,19.274152756,20.469600677,2.5490000248,85.815063477,0.0,0.2035709172,3.9950044155,74.710174561,32.294433594,8.5,0.0,0.0,0.0,-0.0121967,0.0,0.0,0.0,18.267414093,Sandstone/Shale,1
25/2-7,3604.5300006,479844.28125,6641087.0,-3578.734131,VESTLAND GP.,Sleipner Fm.,10.40173912,19.718381882,21.17322731,20.386861801,2.56001544,84.182670593,0.0,0.1665277928,3.1223886013,73.66078949,28.023628235,8.5,0.0,0.0,0.0,-0.012140649,0.0,0.0,0.0,30.099765778,Shale,1
25/2-7,3604.6820006,479844.28125,6641087.0,-3578.885986,VESTLAND GP.,Sleipner Fm.,10.753417015,21.865070343,22.54901886,21.89919281,2.5467281342,88.279769897,0.0,0.1713268012,3.154818058,72.906730652,27.674999237,8.5,0.0,0.0,0.0,-0.014203878,0.0,0.0,0.0,20.563034058,Shale,1
25/2-7,3605.2900006,479844.25,6641087.0,-3579.493896,VESTLAND GP.,Sleipner Fm.,10.74170208,24.267976761,21.574928284,21.038272858,2.6544015408,77.996200562,0.0,0.2720849812,3.6150898933,75.196929932,28.822601318,8.5,0.0,0.0,0.0,-0.007025084,0.0,0.0,0.0,14.620527267,Sandstone,1
25/2-7,3606.5060006,479844.25,6641087.0,-3580.709717,VESTLAND GP.,Sleipner Fm.,10.260605812,151.66116333,139.12799072,119.26848602,1.6446939707,92.678672791,0.0,0.5227614641,1.7097549438,114.11376953,32.150463104,8.5,0.0,0.0,0.0,0.0513387918,0.0,0.0,0.0,54.546485901,Coal,1
25/2-7,3607.4180006,479844.25,6641087.0,-3581.621582,VESTLAND GP.,Sleipner Fm.,9.2854099274,85.932502747,9.515750885,7.4606308937,1.8068553209,97.643081665,0.0,0.4642547369,1.3787043095,117.16362,35.181064606,8.5,0.0,0.0,0.0,0.0114471177,0.0,0.0,0.0,47.54523468,Coal,1
25/2-7,3607.7220006,479844.25,6641087.0,-3581.925293,VESTLAND GP.,Sleipner Fm.,8.9541196823,6.8014011383,7.9616770744,6.1820344925,1.827029705,89.918418884,0.0,0.4664111733,1.7450067997,115.71147919,36.746330261,8.5,0.0,0.0,0.0,0.0410149284,0.0,0.0,0.0,1.8801323175,Coal,1
25/2-7,3608.6340006,479844.21875,6641087.0,-3582.837402,VESTLAND GP.,Sleipner Fm.,9.2340745926,27.472904205,12.994659424,11.3240242,1.8309994936,72.501899719,0.0,0.4842335582,1.6008446217,117.32798004,45.861743927,8.5,0.0,0.0,0.0,0.0859987214,0.0,0.0,0.0,18.950553894,Coal,1
25/2-7,3614.1060006,479844.15625,6641087.0,-3588.308105,VESTLAND GP.,Sleipner Fm.,9.2249450684,11.124677658,10.628651619,13.310515404,2.6602461338,107.42479706,0.0,0.2755134702,3.5745863914,73.056182861,72.793045044,8.5,0.0,0.0,0.0,-0.001383471,0.0,0.0,0.0,11.212281227,Shale,1
25/2-7,3614.7140006,479844.15625,6641087.0,-3588.91626,VESTLAND GP.,Sleipner Fm.,9.234000206,10.432151794,11.83450985,15.899441719,2.6268937588,117.39274597,0.0,0.310189873,3.7764434814,76.052246094,72.284751892,8.5,0.0,0.0,0.0,0.0084683718,0.0,0.0,0.0,12.22916317,Shale,1
25/2-7,3615.6260006,479844.15625,6641087.0,-3589.827881,VESTLAND GP.,Sleipner Fm.,9.1165399551,17.562023163,15.405370712,20.373941422,2.7495810986,79.898544312,0.0,0.3334285915,5.4463815689,73.338890076,69.527565002,8.5,0.0,0.0,0.0,0.0021485409,0.0,0.0,0.0,32.414230347,Sandstone/Shale,1
25/2-7,3617.7540006,479844.125,6641087.0,-3591.955322,VESTLAND GP.,Sleipner Fm.,10.398143768,13.354291916,12.810434341,14.572813034,2.2819428444,117.0197525,0.0,0.3633566797,3.7701244354,80.911636353,56.129550934,8.5,0.0,0.0,0.0,0.0101088956,0.0,0.0,0.0,18.422351837,Shale,1
25/2-7,3618.9700006,479844.125,6641087.0,-3593.171143,VESTLAND GP.,Sleipner Fm.,11.374623299,13.679531097,28.033975601,29.60959053,1.5629012585,122.95823669,0.0,0.4532776475,1.9356963634,95.744361877,52.811237335,8.5,0.0,0.0,0.0,0.0491236933,0.0,0.0,0.0,62.817119598,Shale,1
25/2-7,3619.5780006,479844.09375,6641087.0,-3593.779053,VESTLAND GP.,Sleipner Fm.,12.65825367,75.271980286,55.777061462,42.130752563,1.6198334694,97.022834778,0.0,0.4650309384,3.1914796829,115.69126129,51.078178406,8.5,0.0,0.0,0.0,0.0305697564,0.0,0.0,0.0,34.858966827,Coal,1
25/2-7,3620.0340006,479844.09375,6641087.0,-3594.235107,VESTLAND GP.,Sleipner Fm.,14.549085617,81.177124023,75.569618225,57.422134399,1.5106906891,57.456794739,0.0,0.4839369953,1.2097873688,118.06343842,50.462505341,8.5,0.0,0.0,0.0,0.0130000003,0.0,0.0,0.0,133.47303772,Coal,1
25/2-7,3620.9460006,479844.09375,6641087.0,-3595.146973,VESTLAND GP.,Sleipner Fm.,10.996925354,171.42282104,197.24884033,160.5246582,1.4552805424,23.842599869,0.0,0.524533391,1.0057226419,126.23725891,50.323318481,8.5,0.0,0.0,0.0,0.0034268638,0.0,0.0,0.0,85.129920959,Coal,1
25/2-7,3625.0500006,479844.03125,6641086.5,-3599.250244,VESTLAND GP.,Sleipner Fm.,13.659885406,64.024978638,71.868812561,46.900112152,2.0132164955,39.351032257,0.0,0.5051294565,2.8063762188,125.2579422,53.654628754,8.5,0.0,0.0,0.0,0.1092701629,0.0,0.0,0.0,20.1965065,Sandstone,1
25/2-7,3625.9620006,479844.03125,6641086.5,-3600.161865,VESTLAND GP.,Sleipner Fm.,11.21505928,113.61195374,113.61195374,25.048894882,1.4720214605,36.365039825,0.0,0.4882112741,1.2361471653,123.48744965,55.474052429,8.5,0.0,0.0,0.0,0.0073985723,0.0,0.0,0.0,8.88534832,Coal,1
25/2-7,3626.2660006,479844.03125,6641086.5,-3600.466064,VESTLAND GP.,Sleipner Fm.,11.794732094,112.87160492,112.87160492,49.179153442,1.4894014597,28.678756714,0.0,0.4410312772,1.6250898838,128.83001709,55.877613068,8.5,0.0,0.0,0.0,0.0069156801,0.0,0.0,0.0,25.514820099,Coal,1
25/2-7,3627.7860006,479844.0,6641086.5,-3601.985352,VESTLAND GP.,Sleipner Fm.,12.440660477,24.449342728,24.449342728,16.446645737,1.5401406288,43.228492737,0.0,0.2363811582,1.6422976255,118.36830139,66.205718994,8.5,0.0,0.0,0.0,0.0113358675,0.0,0.0,0.0,3.1787319183,Coal,1
25/2-7,3630.2180006,479844.0,6641086.5,-3604.416992,DUNLIN GP.,Sleipner Fm.,13.09228611,11.136013031,11.136013031,3.9889342785,2.0042555332,41.652633667,0.0,0.1840873361,5.3538961411,72.149703979,75.58555603,8.5,0.0,0.0,0.0,0.1747840345,0.0,0.0,0.0,0.8096942902,Sandstone,1
25/2-7,3630.5220006,479843.96875,6641086.5,-3604.720947,DUNLIN GP.,Sleipner Fm.,14.089546204,10.11819458,10.11819458,6.5830087662,1.6409345865,60.370422363,0.0,0.2703090012,5.4393587112,73.753334045,76.512557983,8.5,0.0,0.0,0.0,0.042462714,0.0,0.0,0.0,0.7133479714,Shale,1
25/2-7,3630.8260006,479843.96875,6641086.5,-3605.024902,DUNLIN GP.,Sleipner Fm.,14.185416222,6.4035973549,6.4035973549,11.416773796,1.5866283178,85.167991638,0.0,0.3343906999,5.6378364563,80.341194153,76.569000244,8.5,0.0,0.0,0.0,0.0149269029,0.0,0.0,0.0,0.9656838775,Shale,1
25/2-7,3630.9780006,479843.96875,6641086.5,-3605.177002,DUNLIN GP.,Sleipner Fm.,14.469967842,5.0604948997,5.0604948997,9.3554105759,1.6239987612,91.632583618,0.0,0.3423447907,5.5846824646,80.28326416,76.645698547,8.5,0.0,0.0,0.0,0.0284313112,0.0,0.0,0.0,0.9346197844,Shale,1
25/2-7,3632.0420006,479843.96875,6641086.5,-3606.240723,DUNLIN GP.,Sleipner Fm.,10.999814987,11.451038361,11.451038361,14.798179626,2.244594574,73.594856262,0.0,0.2505297661,5.8385882378,68.965332031,76.55329895,8.5,0.0,0.0,0.0,0.2353788763,0.0,0.0,0.0,0.9221544862,Sandstone,1
25/2-7,3632.1940006,479843.96875,6641086.5,-3606.392822,DUNLIN GP.,Sleipner Fm.,11.129069328,10.65840435,10.65840435,12.108484268,2.2343375683,69.183937073,0.0,0.2896362841,5.6976447105,68.955360413,76.830039978,8.5,0.0,0.0,0.0,0.234821856,0.0,0.0,0.0,0.9448186159,Sandstone,1
25/2-7,3632.8020006,479843.96875,6641086.5,-3607.000488,DUNLIN GP.,Sleipner Fm.,12.773190498,9.2475652695,9.2475652695,7.3471460342,2.2362935543,61.547008514,0.0,0.1994728595,5.5128183365,70.358093262,76.876785278,8.5,0.0,0.0,0.0,0.1892548352,0.0,0.0,0.0,0.6155822873,Sandstone,1
25/2-7,3634.6260006,479843.9375,6641086.5,-3608.824219,DUNLIN GP.,Sleipner Fm.,12.424687386,11.673362732,11.673362732,5.9983258247,2.2515563965,94.491172791,0.0,0.3364910781,3.6122376919,82.076683044,76.599647522,8.5,0.0,0.0,0.0,0.157106176,0.0,0.0,0.0,0.9018395543,Shale,1
25/2-7,3635.6900006,479843.9375,6641086.5,-3609.887939,DUNLIN GP.,Sleipner Fm.,12.233185768,10.34105587,10.34105587,8.8105506897,1.9628320932,80.806526184,0.0,0.3577084243,3.9856889248,95.340255737,77.194000244,8.5,0.0,0.0,0.0,0.0956317559,0.0,0.0,0.0,0.0,Shale,1
25/2-7,3636.1460006,479843.90625,6641086.5,-3610.343994,DUNLIN GP.,Sleipner Fm.,13.583748817,6.3296771049,6.3296771049,5.5268721581,1.8694704771,96.552627563,0.0,0.29482162,5.0014190674,77.68447113,76.99747467,8.5,0.0,0.0,0.0,0.0554277971,0.0,0.0,0.0,0.0,Shale,1
25/2-7,3636.2980006,479843.90625,6641086.5,-3610.496094,DUNLIN GP.,Sleipner Fm.,13.674048424,5.0718479156,5.0718479156,5.0410275459,1.8574370146,93.422538757,0.0,0.3276824057,5.6017308235,81.742530823,76.655929565,8.5,0.0,0.0,0.0,0.0670244247,0.0,0.0,0.0,0.0,Shale,1
25/2-7,3638.7300006,479843.90625,6641086.5,-3612.92749,DUNLIN GP.,Sleipner Fm.,14.874067307,5.9832243919,5.9832243919,6.7841439247,1.8810607195,87.814537048,0.0,0.3639176786,5.3552117348,77.264686584,72.067199707,8.5,0.0,0.0,0.0,0.071862869,0.0,0.0,0.0,0.0,Shale,1
25/2-7,3639.4900006,479843.875,6641086.5,-3613.687256,DUNLIN GP.,Sleipner Fm.,15.344112396,5.4420776367,5.4420776367,5.2773747444,2.1641077995,94.382736206,0.0,0.3930788636,5.8783159256,86.977607727,71.325027466,8.5,0.0,0.0,0.0,0.176447764,0.0,0.0,0.0,0.0,Shale,1
25/2-7,3641.6180006,479843.875,6641086.5,-3615.814941,DUNLIN GP.,Sleipner Fm.,9.2573804855,2.1415495872,2.1415495872,2.3615899086,2.3104741573,38.5157547,0.0,0.2412941009,2.4704179764,87.541320801,62.661334991,8.5,0.0,0.0,0.0,0.057273522,0.0,0.0,0.0,0.0,Sandstone,1
25/2-7,3642.8340006,479843.84375,6641086.5,-3617.030762,DUNLIN GP.,Sleipner Fm.,10.292028427,3.3392915726,3.3392915726,3.088288784,2.4618570805,44.024929047,0.0,0.2748703063,4.183142662,86.301025391,60.233657837,8.5,0.0,0.0,0.0,0.0569046848,0.0,0.0,0.0,0.0,Sandstone,1
25/2-7,3645.1140006,479843.8125,6641086.5,-3619.310303,DUNLIN GP.,Sleipner Fm.,12.961341858,19.701187134,19.701187134,5.9091320038,1.8268896341,63.939174652,0.0,0.4334302843,5.6497673988,118.44017792,67.805595398,8.5,0.0,0.0,0.0,0.100441277,0.0,0.0,0.0,0.0,Coal,1
25/2-7,3646.6340006,479843.8125,6641086.5,-3620.830078,DUNLIN GP.,Sleipner Fm.,10.779414177,10.544582367,10.544582367,7.3629212379,2.3806653023,85.886909485,0.0,0.2970089018,3.786203146,84.301551819,76.588294983,8.5,0.0,0.0,0.0,0.1744199991,0.0,0.0,0.0,0.0,Shale,1
25/2-7,3647.0900006,479843.8125,6641086.5,-3621.285889,DUNLIN GP.,Sleipner Fm.,11.12836647,8.7278318405,8.7278318405,6.9734845161,2.1316246986,95.023460388,0.0,0.2452741116,4.4100236893,72.980438232,79.162986755,8.5,0.0,0.0,0.0,0.0457508974,0.0,0.0,0.0,0.0,Shale,1
25/2-7,3647.2420006,479843.8125,6641086.5,-3621.437744,DUNLIN GP.,Sleipner Fm.,11.323020935,6.9932761192,6.9932761192,7.9289455414,2.1420238018,97.722679138,0.0,0.2544076741,4.1904530525,75.823242188,79.78742218,8.5,0.0,0.0,0.0,0.0836854577,0.0,0.0,0.0,0.0,Shale,1
25/2-7,3648.0020006,479843.78125,6641086.5,-3622.19751,DUNLIN GP.,Sleipner Fm.,10.570000648,6.2129454613,6.2129454613,4.5858516693,2.4851574898,106.18860626,0.0,0.2957900465,3.6677320004,79.189086914,81.298789978,8.5,0.0,0.0,0.0,0.238095656,0.0,0.0,0.0,0.0,Shale,1
25/2-7,3648.3060006,479843.78125,6641086.5,-3622.501465,DUNLIN GP.,Sleipner Fm.,10.521836281,6.1686906815,6.1686906815,5.6729512215,2.5379476547,114.68280792,0.0,0.3155617416,2.9872384071,79.902633667,81.163902283,8.5,0.0,0.0,0.0,0.2099477202,0.0,0.0,0.0,0.0,Shale,1
25/2-7,3650.1300006,479843.78125,6641086.5,-3624.325195,DUNLIN GP.,Sleipner Fm.,10.830060959,7.4769186974,7.4769186974,6.3138456345,2.7052574158,70.208747864,0.0,0.2020261288,3.5433118343,77.383911133,78.409576416,8.5,0.0,0.0,0.0,0.2970270216,0.0,0.0,0.0,0.0,Sandstone/Shale,1
25/2-7,3651.9540006,479843.75,6641086.5,-3626.148926,DUNLIN GP.,Sleipner Fm.,8.255979538,2.4554440975,2.4554440975,2.2648866177,2.3385252953,42.276039124,0.0,0.2122663558,2.3792307377,86.774032593,71.395950317,8.5,0.0,0.0,0.0,0.0277576279,0.0,0.0,0.0,0.0,Sandstone,1
25/2-7,3652.7140006,479843.75,6641086.5,-3626.908936,DUNLIN GP.,Sleipner Fm.,8.2030000687,3.1809043884,3.1809043884,2.1136519909,2.4778430462,34.938922882,0.0,0.2329807281,3.1944782734,82.491065979,70.040084839,8.5,0.0,0.0,0.0,0.0865206793,0.0,0.0,0.0,0.0,Sandstone,1
25/2-7,3653.4740006,479843.71875,6641086.5,-3627.668701,DUNLIN GP.,Sleipner Fm.,8.3908491135,3.1853401661,3.1853401661,2.490773201,2.4938113689,29.098058701,0.0,0.2173201591,3.9922947884,79.335205078,69.32169342,8.5,0.0,0.0,0.0,0.0068679485,0.0,0.0,0.0,0.0,Sandstone,1
25/2-7,3654.6900006,479843.71875,6641086.5,-3628.884277,DUNLIN GP.,Sleipner Fm.,8.540643692,3.2309172153,3.2309172153,2.5588068962,2.4813835621,32.042224884,0.0,0.3122244477,3.331428051,82.97832489,68.402709961,8.5,0.0,0.0,0.0,0.012177933,0.0,0.0,0.0,0.0,Sandstone,1
25/2-7,3655.1460006,479843.71875,6641086.0,-3629.340332,DUNLIN GP.,Sleipner Fm.,8.5749120712,2.4171285629,2.4171285629,2.623486042,2.5370259285,37.232883453,0.0,0.3264050484,4.1478643417,84.646438599,69.791526794,8.5,0.0,0.0,0.0,0.0194058623,0.0,0.0,0.0,0.0,Sandstone,2
25/2-7,3657.8820006,479843.6875,6641086.0,-3632.075928,DUNLIN GP.,Sleipner Fm.,12.875257492,6.0765423775,6.0765423775,5.4249663353,1.8690270185,97.345947266,0.0,0.2483932078,5.0762805939,76.230888367,76.003074646,8.5,0.0,0.0,0.0,0.0322978497,0.0,0.0,0.0,0.0,Coal,2
25/2-7,3659.5540006,479843.65625,6641086.0,-3633.747314,DUNLIN GP.,Sleipner Fm.,10.154769897,7.9950766563,7.9950766563,8.0911140442,2.4817836285,95.712585449,0.0,0.2586276233,4.3761882782,76.206855774,74.588569641,8.5,0.0,0.0,0.0,0.1635065228,0.0,0.0,0.0,0.0,Shale,2
25/2-7,3660.6180006,479843.65625,6641086.0,-3634.811035,DUNLIN GP.,Sleipner Fm.,10.356040001,10.14908886,10.14908886,3.7598657608,2.5629689693,73.48891449,0.0,0.2546938658,4.3721280098,72.541748047,70.311340332,8.5,0.0,0.0,0.0,0.1679793447,0.0,0.0,0.0,0.0,Sandstone,2
25/2-7,3660.9220006,479843.65625,6641086.0,-3635.115234,DUNLIN GP.,Sleipner Fm.,9.5815763474,3.5865387917,3.5865387917,3.1137011051,2.4506120682,57.264595032,0.0,0.2712296247,4.5916876793,82.264083862,69.265144348,8.5,0.0,0.0,0.0,0.148230508,0.0,0.0,0.0,0.0,Sandstone,2
25/2-7,3664.1140006,479843.625,6641086.0,-3638.306641,DUNLIN GP.,Sleipner Fm.,11.331941605,5.7826766968,5.7826766968,5.7083086967,2.4004511833,76.938369751,0.0,0.2749426365,3.5485346317,77.000663757,71.995597839,8.5,0.0,0.0,0.0,-0.008752571,0.0,0.0,0.0,0.0,Sandstone/Shale,2
25/2-7,3665.0260006,479843.59375,6641086.0,-3639.218262,DUNLIN GP.,Sleipner Fm.,8.99447155,7.6652965546,7.6652965546,4.5951910019,2.5585241318,104.7467041,0.0,0.2634877264,3.844399929,74.025360107,69.234527588,8.5,0.0,0.0,0.0,0.0608413629,0.0,0.0,0.0,0.0,Shale,2
25/2-7,3666.2420006,479843.59375,6641086.0,-3640.434082,DUNLIN GP.,Sleipner Fm.,8.7591972351,3.6157767773,3.6157767773,2.2943313122,2.3959116936,41.659870148,0.0,0.2345511168,2.8728559017,82.839782715,63.098373413,8.5,0.0,0.0,0.0,0.0320622027,0.0,0.0,0.0,0.0,Sandstone,2
25/2-7,3667.3060006,479843.5625,6641086.0,-3641.497803,DUNLIN GP.,Sleipner Fm.,8.1699514389,2.5055692196,2.5055692196,1.8828901052,2.4126703739,26.905414581,0.0,0.2195428461,3.078316927,84.244430542,61.286239624,8.5,0.0,0.0,0.0,0.0599755719,0.0,0.0,0.0,0.0,Sandstone,1
25/2-7,3668.8260006,479843.5625,6641086.0,-3643.017578,DUNLIN GP.,Sleipner Fm.,8.2332611084,8.7039222717,8.7039222717,3.6789567471,2.6734621525,25.330387115,0.0,0.2232072204,4.2658200264,70.041404724,60.774669647,8.5,0.0,0.0,0.0,0.0418694951,0.0,0.0,0.0,0.0,Sandstone,1
25/2-7,3669.7380006,479843.5625,6641086.0,-3643.929443,DUNLIN GP.,Sleipner Fm.,8.1555080414,2.2679255009,2.2679255009,2.3900001049,2.3684926033,28.985198975,0.0,0.217115134,2.6166400909,85.444297791,61.016475677,8.5,0.0,0.0,0.0,0.01183582,0.0,0.0,0.0,0.0,Sandstone,1
25/2-7,3669.8900006,479843.5625,6641086.0,-3644.081299,DUNLIN GP.,Sleipner Fm.,8.1560001373,2.2265384197,2.2265384197,2.143245697,2.3604557514,28.514453888,0.0,0.2147962451,2.4708273411,86.780761719,61.508506775,8.5,0.0,0.0,0.0,0.0101139657,0.0,0.0,0.0,0.0,Sandstone,1
25/2-7,3671.5620006,479843.53125,6641086.0,-3645.753174,DUNLIN GP.,Sleipner Fm.,9.0248346329,7.5650520325,7.5650520325,6.5258755684,2.5667243004,63.517585754,0.0,0.1920048296,2.5036284924,72.608833313,66.324371338,8.5,0.0,0.0,0.0,-0.000173223,0.0,0.0,0.0,0.0,Sandstone,1
25/2-7,3672.0180006,479843.53125,6641086.0,-3646.208984,DUNLIN GP.,Sleipner Fm.,9.0266208649,7.073533535,7.073533535,7.3316717148,2.4895172119,47.314899445,0.0,0.1725064218,2.1549229622,75.211593628,67.226409912,8.5,0.0,0.0,0.0,0.0138103385,0.0,0.0,0.0,0.0,Sandstone,1
25/2-7,3673.5380006,479843.5,6641086.0,-3647.72876,DUNLIN GP.,Sleipner Fm.,9.3909435272,8.7467041016,8.7467041016,6.7428631783,2.5635168552,72.842193604,0.0,0.1551777422,2.9944598675,73.046043396,71.173355103,8.5,0.0,0.0,0.0,0.1328076422,0.0,0.0,0.0,0.0,Sandstone,1
25/2-7,3675.0580006,479843.5,6641086.0,-3649.248535,DUNLIN GP.,Sleipner Fm.,9.8034391403,6.4130835533,6.4130835533,5.6859412193,2.3795933723,76.223014832,0.0,0.2596641183,4.6350178719,77.806236267,72.207862854,8.5,0.0,0.0,0.0,0.1326043457,0.0,0.0,0.0,0.0,Sandstone,1
25/2-7,3676.2740006,479843.46875,6641086.0,-3650.464111,DUNLIN GP.,Sleipner Fm.,9.6653909683,7.6595277786,7.6595277786,6.6756868362,2.6154098511,110.39061737,0.0,0.2302276045,2.7341253757,75.953468323,73.537536621,8.5,0.0,0.0,0.0,0.1811411083,0.0,0.0,0.0,0.0,Shale,1
25/2-7,3678.5540006,479843.46875,6641086.0,-3652.743652,DUNLIN GP.,Sleipner Fm.,8.9778928757,5.3658680916,5.3658680916,4.731194973,2.5338156223,52.670764923,0.0,0.1762179434,3.8660409451,76.61819458,69.729812622,8.5,0.0,0.0,0.0,0.0403768942,0.0,0.0,0.0,0.0,Sandstone,1
25/2-7,3678.7060006,479843.4375,6641086.0,-3652.895752,DUNLIN GP.,Sleipner Fm.,8.9526262283,5.3349308968,5.3349308968,4.6443600655,2.5311589241,49.219154358,0.0,0.1680892259,3.7963187695,76.126106262,69.378089905,8.5,0.0,0.0,0.0,0.059953019,0.0,0.0,0.0,0.0,Sandstone,1
25/2-7,3678.8580006,479843.4375,6641086.0,-3653.047607,DUNLIN GP.,Sleipner Fm.,8.9503622055,5.2278680801,5.2278680801,4.6519618034,2.5201880932,45.618030548,0.0,0.1619027704,3.3660678864,76.003173828,69.220565796,8.5,0.0,0.0,0.0,0.0681498125,0.0,0.0,0.0,0.0,Sandstone,1
25/2-7,3679.3140006,479843.4375,6641086.0,-3653.503662,DUNLIN GP.,Sleipner Fm.,8.2993354797,5.4480581284,5.4480581284,4.364923954,2.4670729637,43.624736786,0.0,0.1785359383,2.5844168663,74.376609802,68.359420776,8.5,0.0,0.0,0.0,0.0348673537,0.0,0.0,0.0,0.0,Sandstone,1
25/2-7,3680.2260006,479843.4375,6641086.0,-3654.415527,DUNLIN GP.,Sleipner Fm.,8.369600296,4.7785243988,4.7785243988,3.2386934757,2.4035112858,64.481437683,0.0,0.2092599124,2.5559430122,76.862968445,66.113143921,8.5,0.0,0.0,0.0,0.0257639401,0.0,0.0,0.0,0.0,Sandstone,1
25/2-7,3684.0260006,479843.40625,6641086.0,-3658.2146,DUNLIN GP.,Sleipner Fm.,8.1800003052,2.3506660461,2.3506660461,1.5801458359,2.3707916737,21.487634659,0.0,0.1428349763,2.2498071194,78.8957901,62.598194122,8.5,0.0,0.0,0.0,0.0160000008,0.0,0.0,0.0,0.0,Sandstone,1
25/2-7,3687.0660006,479843.375,6641085.5,-3661.25415,DUNLIN GP.,Sleipner Fm.,13.552657127,9.8559761047,9.8559761047,8.2446966171,1.6975622177,94.008117676,0.0,0.4339008331,1.3001008034,106.50315857,76.150909424,8.5,0.0,0.0,0.0,0.0510985218,0.0,0.0,0.0,0.0,Shale,1
25/2-7,3689.1940006,479843.34375,6641085.5,-3663.381836,DUNLIN GP.,Sleipner Fm.,13.881910324,7.5305562019,7.5305562019,4.8237504959,1.9033601284,110.2239151,0.0,0.3588242531,5.1707663536,81.681175232,82.738128662,8.5,0.0,0.0,0.0,0.0733909979,0.0,0.0,0.0,0.0,Shale,1
25/2-7,3689.9540006,479843.3125,6641085.5,-3664.141602,DUNLIN GP.,Sleipner Fm.,11.252297401,7.5766963959,7.5766963959,8.4307889938,1.8293938637,110.7649765,0.0,0.3055953979,5.266058445,76.677879333,83.699516296,8.5,0.0,0.0,0.0,0.095876649,0.0,0.0,0.0,0.0,Shale,1
25/2-7,3692.2340006,479843.3125,6641085.5,-3666.420898,DUNLIN GP.,Sleipner Fm.,8.6162948608,3.5800230503,3.5800230503,3.7902765274,2.3839094639,54.836257935,0.0,0.176974535,2.3772954941,81.235725403,77.127479553,8.5,0.0,0.0,0.0,0.0152273504,0.0,0.0,0.0,0.0,Sandstone,1
25/2-7,3700.2900006,479843.21875,6641085.5,-3674.475586,DUNLIN GP.,Sleipner Fm.,8.4674158096,3.2857077122,3.2857077122,2.5009686947,2.6588673592,40.389900208,0.0,0.2614305615,4.3464627266,80.685768127,59.465179443,8.5,0.0,0.0,0.0,0.0952061862,0.0,0.0,0.0,0.0,Sandstone,1
25/2-7,3706.0660006,479843.1875,6641085.5,-3680.250488,DUNLIN GP.,Sleipner Fm.,11.353748322,4.8615708351,4.8615708351,7.8798308372,1.9095692635,94.749191284,0.0,0.3299111426,5.5042252541,88.300621033,63.710781097,8.5,0.0,0.0,0.0,0.052882541,0.0,0.0,0.0,0.0,Shale,2
25/2-7,3709.1060006,479843.15625,6641085.5,-3683.289795,DUNLIN GP.,Sleipner Fm.,12.965117455,7.5031218529,7.5031218529,5.0851764679,1.8965884447,71.743087769,0.0,0.4038489461,6.5631814003,96.565101624,66.891921997,8.5,0.0,0.0,0.0,0.0161470361,0.0,0.0,0.0,0.0,Coal,2
25/2-7,3709.5620006,479843.15625,6641085.5,-3683.74585,DUNLIN GP.,Sleipner Fm.,12.298698425,8.6847238541,8.6847238541,5.4941153526,2.0354337692,90.662666321,0.0,0.288126111,5.2357225418,78.584381104,70.061317444,8.5,0.0,0.0,0.0,0.017357735,0.0,0.0,0.0,0.0,Coal,2
25/2-7,3710.7780006,479843.125,6641085.5,-3684.96167,DUNLIN GP.,Sleipner Fm.,9.8641853333,10.166136742,10.166136742,8.918012619,2.5702190399,95.643135071,0.0,0.1584794372,4.0148653984,72.330604553,75.917861938,8.5,0.0,0.0,0.0,0.1075102091,0.0,0.0,0.0,0.0,Shale,2
25/2-7,3712.1460006,479843.125,6641085.5,-3686.329346,DUNLIN GP.,Sleipner Fm.,9.3042964935,8.503405571,8.503405571,6.3449783325,2.6835479736,107.44000244,0.0,0.2148119062,3.1404545307,73.471084595,76.958961487,8.5,0.0,0.0,0.0,0.0186822508,0.0,0.0,0.0,0.0,Shale,2
25/2-7,3712.2980006,479843.125,6641085.5,-3686.481201,DUNLIN GP.,Sleipner Fm.,9.0166969299,8.3933429718,8.3933429718,5.6761798859,2.6085343361,100.00634766,0.0,0.2175781578,2.6850216389,72.936897278,75.818016052,8.5,0.0,0.0,0.0,0.0424886607,0.0,0.0,0.0,0.0,Shale,2
25/2-7,3714.2740006,479843.125,6641085.5,-3688.456787,DUNLIN GP.,Sleipner Fm.,8.1563282013,2.6513640881,2.6513640881,1.9016785622,2.3361752033,25.968732834,0.0,0.174348861,2.1340563297,84.318649292,70.504241943,8.5,0.0,0.0,0.0,0.0248248298,0.0,0.0,0.0,0.0,Sandstone,1
25/2-7,3714.7300006,479843.125,6641085.0,-3688.912842,DUNLIN GP.,Sleipner Fm.,8.2100353241,2.6360087395,2.6360087395,2.0160880089,2.3570086956,28.757101059,0.0,0.1875869036,2.1124687195,82.784980774,69.963531494,8.5,0.0,0.0,0.0,0.0301593393,0.0,0.0,0.0,0.0,Sandstone,1
25/2-7,3717.1620006,479843.09375,6641085.0,-3691.344482,DUNLIN GP.,Sleipner Fm.,8.3129997253,3.6238529682,3.6238529682,2.8629980087,2.3308670521,41.004543304,0.0,0.2031146884,2.2945652008,85.572517395,68.638038635,8.5,0.0,0.0,0.0,0.0211258885,0.0,0.0,0.0,0.0,Sandstone,1
25/2-7,3717.9220006,479843.09375,6641085.0,-3692.104248,DUNLIN GP.,Sleipner Fm.,8.3419952393,3.4585177898,3.4585177898,2.7582519054,2.3276102543,42.608516693,0.0,0.1979399472,2.3877496719,86.835884094,68.06048584,8.5,0.0,0.0,0.0,0.0153846964,0.0,0.0,0.0,0.0,Sandstone,1
25/2-7,3718.3780006,479843.09375,6641085.0,-3692.560059,DUNLIN GP.,Sleipner Fm.,9.4426240921,4.0413451195,4.0413451195,3.9000141621,2.5058715343,34.989391327,0.0,0.2148931026,2.5837292671,92.110969543,70.018379211,8.5,0.0,0.0,0.0,0.2061149925,0.0,0.0,0.0,0.0,Sandstone,1
25/2-7,3723.2420006,479843.0625,6641085.0,-3697.423096,DUNLIN GP.,Sleipner Fm.,9.3009147644,11.017787933,11.017787933,8.0809259415,2.7052378654,71.252578735,0.0,0.171072945,3.7986290455,68.750045776,78.787002563,8.5,0.0,0.0,0.0,0.0105929058,0.0,0.0,0.0,0.0,Shale,1
25/2-7,3723.8500006,479843.03125,6641085.0,-3698.031006,DUNLIN GP.,Sleipner Fm.,9.5099534988,10.633091927,10.633091927,9.2683830261,2.8692393303,82.843467712,0.0,0.2227595598,4.4652695656,69.563690186,77.824279785,8.5,0.0,0.0,0.0,0.0844401121,0.0,0.0,0.0,0.0,Shale,1
25/2-7,3724.9140006,479843.03125,6641085.0,-3699.094971,DUNLIN GP.,Sleipner Fm.,9.3912124634,5.742333889,5.742333889,5.2035040855,2.4394292831,85.881851196,0.0,0.2500405014,2.5453152657,78.772232056,75.951370239,8.5,0.0,0.0,0.0,0.0839410648,0.0,0.0,0.0,0.0,Shale,1
25/2-7,3725.5220006,479843.03125,6641085.0,-3699.702637,DUNLIN GP.,Sleipner Fm.,8.7790288925,3.8041427135,3.8041427135,3.4597997665,2.4078476429,49.979557037,0.0,0.2061139941,2.16167593,84.010932922,74.23690033,8.5,0.0,0.0,0.0,0.0518285744,0.0,0.0,0.0,0.0,Sandstone,1
25/2-7,3725.8260006,479843.03125,6641085.0,-3700.006592,DUNLIN GP.,Sleipner Fm.,8.7528352737,3.6880235672,3.6880235672,3.4505052567,2.4149999619,40.659740448,0.0,0.1921374798,3.1678600311,84.797767639,73.662002563,8.5,0.0,0.0,0.0,0.0580235571,0.0,0.0,0.0,0.0,Sandstone,1
25/2-7,3727.4980006,479843.03125,6641085.0,-3701.678467,DUNLIN GP.,Sleipner Fm.,10.885059357,9.3074550629,9.3074550629,6.0388207436,2.365660429,111.53853607,0.0,0.2728281021,5.4975671768,79.062835693,72.894294739,8.5,0.0,0.0,0.0,0.0901915953,0.0,0.0,0.0,0.0,Shale,1
25/2-7,3730.0820006,479843.0,6641085.0,-3704.261963,DUNLIN GP.,Sleipner Fm.,9.4451227188,9.6311588287,9.6311588287,9.7130374908,2.6314241886,81.00806427,0.0,0.2384164035,4.4965438843,72.469688416,66.698394775,8.5,0.0,0.0,0.0,0.1103143021,0.0,0.0,0.0,0.0,Shale,1
25/2-7,3731.1460006,479843.0,6641085.0,-3705.325684,DUNLIN GP.,Sleipner Fm.,9.5252552032,4.3911366463,4.3911366463,4.2646846771,2.442807436,62.018688202,0.0,0.1609870791,2.7792072296,78.985473633,64.701148987,8.5,0.0,0.0,0.0,0.0625767708,0.0,0.0,0.0,0.0,Sandstone,1
25/2-7,3731.4500006,479843.0,6641085.0,-3705.629395,DUNLIN GP.,Sleipner Fm.,9.3756074905,4.3190112114,4.3190112114,3.960231781,2.4366357327,39.47095871,0.0,0.168122068,2.4938061237,80.147956848,63.831050873,8.5,0.0,0.0,0.0,0.0661497116,0.0,0.0,0.0,0.0,Sandstone,1
25/2-7,3732.8180006,479842.96875,6641085.0,-3706.997314,DUNLIN GP.,Sleipner Fm.,8.8658037186,12.398625374,12.398625374,4.1579971313,2.6915390491,39.9116745,0.0,0.1777372062,3.2041716576,69.186882019,61.089508057,8.5,0.0,0.0,0.0,0.0563903041,0.0,0.0,0.0,0.0,Sandstone,1
25/2-7,3736.0100006,479842.96875,6641085.0,-3710.188721,DUNLIN GP.,Sleipner Fm.,12.254785538,7.2287459373,7.2287459373,4.1236348152,1.908177495,103.73169708,0.0,0.4607897401,5.3716859818,103.70573425,71.01890564,8.5,0.0,0.0,0.0,0.0843988582,0.0,0.0,0.0,0.0,Shale,2
25/2-7,3737.3780006,479842.9375,6641085.0,-3711.556396,DUNLIN GP.,Sleipner Fm.,12.435317993,10.583654404,10.583654404,6.5584259033,1.7572848797,104.62730408,0.0,0.3463991284,6.2164664268,80.138526917,74.277961731,8.5,0.0,0.0,0.0,0.0653141364,0.0,0.0,0.0,0.0,Coal,2
25/2-7,3738.5940006,479842.9375,6641085.0,-3712.772217,DUNLIN GP.,Sleipner Fm.,12.198204994,5.4041376114,5.4041376114,4.0209364891,1.9705873728,105.53627014,0.0,0.3160499334,5.4165344238,98.795806885,75.067649841,8.5,0.0,0.0,0.0,0.0877548456,0.0,0.0,0.0,0.0,Shale,2
25/2-7,3739.2020006,479842.9375,6641085.0,-3713.379883,DUNLIN GP.,Sleipner Fm.,12.580446243,6.5465979576,6.5465979576,8.0288505554,2.142332077,114.25976563,0.0,0.3067159057,4.6291384697,81.854125977,75.102684021,8.5,0.0,0.0,0.0,0.0939761922,0.0,0.0,0.0,0.0,Shale,2
25/2-7,3741.3300006,479842.90625,6641085.0,-3715.507813,DUNLIN GP.,Sleipner Fm.,10.239227295,3.0487530231,3.0487530231,2.5402383804,1.8795621395,41.982521057,0.0,0.2050427794,4.6739258766,89.155609131,72.085289001,8.5,0.0,0.0,0.0,0.01184351,0.0,0.0,0.0,0.0,Sandstone,2
25/2-7,3742.6980006,479842.90625,6641084.5,-3716.875488,DUNLIN GP.,Sleipner Fm.,10.288481712,9.480427742,9.480427742,7.3739776611,2.5727958679,76.256034851,0.0,0.1575461924,2.9668488503,73.219200134,71.629196167,8.5,0.0,0.0,0.0,0.0314215571,0.0,0.0,0.0,0.0,Shale,2
25/2-7,3744.2180006,479842.90625,6641084.5,-3718.39502,DUNLIN GP.,Sleipner Fm.,10.116246223,8.6677360535,8.6677360535,7.2574439049,2.1999754906,85.759460449,0.0,0.2032423168,4.3099269867,77.856498718,70.874900818,8.5,0.0,0.0,0.0,0.1035610512,0.0,0.0,0.0,0.0,Sandstone,2
25/2-7,3744.9780006,479842.90625,6641084.5,-3719.155029,DUNLIN GP.,Sleipner Fm.,10.53873539,12.974782944,12.974782944,13.92751503,2.1317112446,104.94901276,0.0,0.2644997239,5.1933674812,76.924819946,72.627891541,8.5,0.0,0.0,0.0,0.1492644995,0.0,0.0,0.0,0.0,Shale,2
25/2-7,3745.8900006,479842.875,6641084.5,-3720.06665,DUNLIN GP.,Sleipner Fm.,13.544640541,4.2621798515,4.2621798515,3.9960701466,1.897120595,101.96070862,0.0,0.4369416833,5.706764698,96.799354553,72.937461853,8.5,0.0,0.0,0.0,0.1064530313,0.0,0.0,0.0,0.0,Shale,2
25/2-7,3747.8660006,479842.875,6641084.5,-3722.04248,DUNLIN GP.,Sleipner Fm.,14.913013458,5.7853736877,5.7853736877,128.24507141,1.9575362206,81.526329041,0.0,0.4002873898,3.8785390854,84.547538757,74.243438721,8.5,0.0,0.0,0.0,0.0366993062,0.0,0.0,0.0,0.0,Shale,2
25/2-7,3748.3220006,479842.875,6641084.5,-3722.498291,DUNLIN GP.,Sleipner Fm.,11.012785912,9.3363618851,9.3363618851,14.126921654,2.2532787323,84.627128601,0.0,0.1414149851,4.595099926,73.786758423,75.051071167,8.5,0.0,0.0,0.0,0.0516566522,0.0,0.0,0.0,0.0,Shale,2
25/2-7,3749.0820006,479842.875,6641084.5,-3723.258057,DUNLIN GP.,Sleipner Fm.,11.933718681,8.5700540543,8.5700540543,8.2136211395,2.2976603508,110.01725006,0.0,0.2955808043,4.6260962486,77.474327087,75.157241821,8.5,0.0,0.0,0.0,0.1944557279,0.0,0.0,0.0,0.0,Shale,2
25/2-7,3749.5380006,479842.84375,6641084.5,-3723.714111,DUNLIN GP.,Sleipner Fm.,10.348075867,10.376068115,10.376068115,6.3396515846,2.5991358757,94.887504578,0.0,0.2976604104,4.2015447617,72.433853149,74.201843262,8.5,0.0,0.0,0.0,0.1901031584,0.0,0.0,0.0,0.0,Shale,2
25/2-7,3750.6020006,479842.84375,6641084.5,-3724.777832,DUNLIN GP.,Sleipner Fm.,9.1915025711,9.0415859222,9.0415859222,4.4070000648,2.7925333977,81.971824646,0.0,0.19323273,4.5369558334,73.419998169,73.069000244,8.5,0.0,0.0,0.0,0.0215927958,0.0,0.0,0.0,0.0,Shale,2
25/2-7,3750.9060006,479842.84375,6641084.5,-3725.081787,DUNLIN GP.,Sleipner Fm.,8.6968984604,3.798432827,3.798432827,3.5803918839,2.6750860214,55.594528198,0.0,0.2566596568,2.8782019615,77.238990784,71.855018616,8.5,0.0,0.0,0.0,0.0142541938,0.0,0.0,0.0,0.0,Sandstone,2
25/2-7,3752.1220006,479842.84375,6641084.5,-3726.297607,DUNLIN GP.,Sleipner Fm.,8.2709617615,3.8394339085,3.8394339085,2.7269120216,2.5322196484,50.875480652,0.0,0.1695374846,3.768430233,78.316986084,69.788276672,8.5,0.0,0.0,0.0,0.0750879124,0.0,0.0,0.0,0.0,Sandstone,1
25/2-7,3756.9860006,479842.8125,6641084.5,-3731.160645,DUNLIN GP.,Sleipner Fm.,8.140999794,2.5675253868,2.5675253868,1.9125542641,2.3693196774,30.740558624,0.0,0.1849661916,2.4150154591,83.507141113,65.338142395,8.5,0.0,0.0,0.0,0.0735043809,0.0,0.0,0.0,0.0,Sandstone,1
25/2-7,3760.0260006,479842.78125,6641084.5,-3734.199951,DUNLIN GP.,Sleipner Fm.,14.007530212,4.4758238792,4.4758238792,3.5712497234,1.9058541059,111.98077393,0.0,0.4573997557,4.3350114822,97.734832764,72.294715881,8.5,0.0,0.0,0.0,0.0617812164,0.0,0.0,0.0,0.0,Shale,1
25/2-7,3760.4820006,479842.78125,6641084.5,-3734.656006,DUNLIN GP.,Sleipner Fm.,15.301494598,4.9061131477,4.9061131477,4.086499691,1.8248357773,104.69605255,0.0,0.4660671949,4.7536401749,102.98680115,72.208869934,8.5,0.0,0.0,0.0,0.0954097211,0.0,0.0,0.0,0.0,Shale,1
25/2-7,3763.0660006,479842.75,6641084.5,-3737.239502,DUNLIN GP.,Sleipner Fm.,11.670304298,6.5574383736,6.5574383736,7.5783843994,2.4523165226,81.641204834,0.0,0.2608869672,3.7336113453,77.285011292,73.861190796,8.5,0.0,0.0,0.0,0.2813131809,0.0,0.0,0.0,0.0,Sandstone/Shale,1
25/2-7,3763.3700006,479842.75,6641084.5,-3737.543457,DUNLIN GP.,Sleipner Fm.,11.161616325,8.1603984833,8.1603984833,8.8299036026,2.47747159,75.307624817,0.0,0.165387392,3.7658736706,75.613708496,74.169616699,8.5,0.0,0.0,0.0,0.2615833282,0.0,0.0,0.0,0.0,Sandstone/Shale,1
25/2-7,3765.1940006,479842.75,6641084.5,-3739.367188,DUNLIN GP.,Sleipner Fm.,10.40781498,9.4347820282,9.4347820282,7.9400701523,2.7565205097,59.807899475,0.0,0.1610670388,4.3969750404,75.004211426,74.36265564,8.5,0.0,0.0,0.0,0.2816670537,0.0,0.0,0.0,0.0,Sandstone,1
25/2-7,3765.8020006,479842.75,6641084.5,-3739.974854,DUNLIN GP.,Sleipner Fm.,9.6743774414,10.558257103,10.558257103,8.7012481689,2.6275274754,80.706619263,0.0,0.212043196,5.1608343124,73.53503418,74.711685181,8.5,0.0,0.0,0.0,0.3014752567,0.0,0.0,0.0,0.0,Sandstone,1
25/2-7,3773.8580006,479842.6875,6641084.0,-3748.029297,DUNLIN GP.,Sleipner Fm.,12.176341057,6.0293388367,6.0293388367,6.987818718,2.2990293503,118.28910828,0.0,0.31185323,4.2148647308,93.682846069,79.737724304,8.5,0.0,0.0,0.0,0.2077837586,0.0,0.0,0.0,0.0,Shale,1
25/2-7,3774.0100006,479842.6875,6641084.0,-3748.181396,DUNLIN GP.,Sleipner Fm.,11.934354782,6.3498067856,6.3498067856,7.141245842,2.2655804157,119.81130219,0.0,0.3619880378,4.1781554222,93.873954773,79.559715271,8.5,0.0,0.0,0.0,0.1854357868,0.0,0.0,0.0,0.0,Shale,1
25/2-7,3774.4660006,479842.6875,6641084.0,-3748.637451,DUNLIN GP.,Sleipner Fm.,12.220099449,16.369291306,16.369291306,5.1412100792,2.151771307,107.70314026,0.0,0.3489542007,4.6331825256,86.408943176,79.26373291,8.5,0.0,0.0,0.0,0.1489389688,0.0,0.0,0.0,0.0,Shale,1
25/2-7,3776.5940006,479842.65625,6641084.0,-3750.764893,DUNLIN GP.,Sleipner Fm.,10.485694885,5.7454667091,5.7454667091,5.9159851074,2.4176061153,75.635536194,0.0,0.2576975822,2.9186799526,83.834281921,76.527770996,8.5,0.0,0.0,0.0,0.1848387569,0.0,0.0,0.0,0.0,Sandstone,1
25/2-7,3778.8740006,479842.65625,6641084.0,-3753.044434,DUNLIN GP.,Sleipner Fm.,8.5206689835,4.9209494591,4.9209494591,4.6886935234,2.4531588554,44.933200836,0.0,0.1569759399,2.8388419151,81.57081604,75.025939941,8.5,0.0,0.0,0.0,0.0493084081,0.0,0.0,0.0,0.0,Sandstone,1
25/2-7,3779.0260006,479842.65625,6641084.0,-3753.196289,DUNLIN GP.,Sleipner Fm.,8.541762352,5.5205621719,5.5205621719,4.6448888779,2.503228426,49.521877289,0.0,0.1735173464,3.1179850101,80.911354065,74.839302063,8.5,0.0,0.0,0.0,0.0852924585,0.0,0.0,0.0,0.0,Sandstone,1
25/2-7,3780.8500006,479842.625,6641084.0,-3755.02002,DUNLIN GP.,Sleipner Fm.,8.8814516068,11.400975227,11.400975227,6.1368575096,2.6552660465,89.725364685,0.0,0.2777037919,3.2497982979,78.892478943,74.397628784,8.5,0.0,0.0,0.0,0.0070532132,0.0,0.0,0.0,0.0,Shale,1
25/2-7,3781.4580006,479842.625,6641084.0,-3755.62793,DUNLIN GP.,Sleipner Fm.,8.9278793335,18.656282425,18.656282425,11.453383446,2.7688176632,122.83348846,0.0,0.3117468059,6.1670861244,77.270317078,75.570999146,8.5,0.0,0.0,0.0,0.0209267456,0.0,0.0,0.0,0.0,Shale,1
25/2-7,3782.0660006,479842.625,6641084.0,-3756.235596,DUNLIN GP.,Sleipner Fm.,9.679851532,12.673433304,12.673433304,7.7330884933,2.5997271538,74.114456177,0.0,0.1862711459,2.9587569237,71.708457947,75.192329407,8.5,0.0,0.0,0.0,0.1666147858,0.0,0.0,0.0,0.0,Sandstone/Shale,1
25/2-7,3784.8020006,479842.59375,6641084.0,-3758.971191,DUNLIN GP.,Sleipner Fm.,8.783249855,18.690467834,18.690467834,9.8264894485,2.7722921371,74.986381531,0.0,0.1892132163,3.3334023952,74.97744751,68.347633362,8.5,0.0,0.0,0.0,0.0049583246,0.0,0.0,0.0,0.0,Shale,1
25/2-7,3786.1700006,479842.5625,6641084.0,-3760.338867,DUNLIN GP.,Sleipner Fm.,9.7480230331,12.853288651,12.853288651,11.802084923,2.6106088161,64.763404846,0.0,0.1981455237,3.6132495403,73.682975769,64.171737671,8.5,0.0,0.0,0.0,0.1744119674,0.0,0.0,0.0,0.0,Sandstone,1
25/2-7,3787.5380006,479842.5625,6641084.0,-3761.706787,DUNLIN GP.,Sleipner Fm.,9.009554863,19.951938629,19.951938629,16.458265305,2.793879509,82.872589111,0.0,0.2799740732,4.2032198906,74.855270386,62.673084259,8.5,0.0,0.0,0.0,0.016580781,0.0,0.0,0.0,0.0,Shale,1
25/2-7,3789.0580006,479842.53125,6641084.0,-3763.226563,DUNLIN GP.,Sleipner Fm.,8.8306331635,25.091386795,25.091386795,18.926763535,2.691488266,74.25226593,0.0,0.2354668081,3.5102152824,68.468444824,62.092788696,8.5,0.0,0.0,0.0,-0.001656589,0.0,0.0,0.0,0.0,Shale,1
25/2-7,3790.7300006,479842.5,6641084.0,-3764.897949,DUNLIN GP.,Sleipner Fm.,8.7280092239,19.261089325,19.261089325,16.027429581,2.7767379284,80.034225464,0.0,0.2390990406,3.8931214809,70.646255493,62.62694931,8.5,0.0,0.0,0.0,0.0068559018,0.0,0.0,0.0,0.0,Shale,1
25/2-7,3792.4020006,479842.5,6641084.0,-3766.569824,DUNLIN GP.,Sleipner Fm.,8.6675815582,17.827999115,17.827999115,13.829277039,2.674967289,87.392837524,0.0,0.2635748386,2.9611384869,70.771591187,62.828483582,8.5,0.0,0.0,0.0,0.0028278758,0.0,0.0,0.0,0.0,Shale,1
25/2-7,3795.8980006,479842.4375,6641084.0,-3770.064941,DUNLIN GP.,Sleipner Fm.,8.6719999313,16.116455078,16.116455078,10.54736805,2.6716330051,103.73181915,0.0,0.3321762085,3.0692329407,75.302497864,67.845748901,8.5,0.0,0.0,0.0,0.0131663159,0.0,0.0,0.0,0.0,Shale,1
25/2-7,3800.7620006,479842.375,6641084.0,-3774.927979,DUNLIN GP.,Sleipner Fm.,9.2195100784,8.5423927307,8.5423927307,6.5423707962,2.4912188053,110.25899506,0.0,0.2819203436,4.1017146111,80.809524536,76.176734924,8.5,0.0,0.0,0.0,0.1027081534,0.0,0.0,0.0,0.0,Shale,1
25/2-7,3804.1060006,479842.34375,6641083.5,-3778.271484,DUNLIN GP.,Sleipner Fm.,10.696878433,5.9620022774,5.9620022774,4.4544272423,2.468859911,117.71056366,0.0,0.3378915489,5.1177010536,85.926841736,80.670394897,8.5,0.0,0.0,0.0,0.3233678639,0.0,0.0,0.0,0.0,Shale,1
25/2-7,3806.9940006,479842.3125,6641083.5,-3781.158691,DUNLIN GP.,Sleipner Fm.,11.20819664,6.0725693703,6.0725693703,4.5620832443,2.2286996841,117.09938812,0.0,0.3462058902,5.846323967,86.26764679,81.739112854,8.5,0.0,0.0,0.0,0.1877986789,0.0,0.0,0.0,0.0,Shale,1
25/2-7,3807.7540006,479842.28125,6641083.5,-3781.918701,DUNLIN GP.,Sleipner Fm.,11.117742538,6.1827468872,6.1827468872,4.2594218254,2.4520645142,118.48430634,0.0,0.3056286573,5.6400556564,84.221252441,81.451271057,8.5,0.0,0.0,0.0,0.3058111072,0.0,0.0,0.0,0.0,Shale,1
25/2-7,3809.2740006,479842.28125,6641083.5,-3783.438232,DUNLIN GP.,Sleipner Fm.,11.253252029,4.9938316345,4.9938316345,3.4228589535,2.1141791344,120.6536026,0.0,0.3409603238,5.6047854424,88.061943054,80.97278595,8.5,0.0,0.0,0.0,0.1202859804,0.0,0.0,0.0,0.0,Shale,1
25/2-7,3810.6420006,479842.25,6641083.5,-3784.806152,DUNLIN GP.,Sleipner Fm.,10.78298378,5.520283699,5.520283699,3.8617324829,2.2597062588,114.67631531,0.0,0.2976173162,5.4164514542,81.294670105,80.472976685,8.5,0.0,0.0,0.0,0.2531957626,0.0,0.0,0.0,0.0,Shale,1
25/2-7,3811.0980006,479842.25,6641083.5,-3785.261963,DUNLIN GP.,Sleipner Fm.,10.655929565,5.2450652122,5.2450652122,4.0776104927,2.401743412,111.04645538,0.0,0.3175763786,5.2286696434,83.22694397,80.129798889,8.5,0.0,0.0,0.0,0.3260154426,0.0,0.0,0.0,0.0,Shale,1
25/2-7,3813.3780006,479842.21875,6641083.5,-3787.541504,DUNLIN GP.,Sleipner Fm.,10.744026184,5.2353000641,5.2353000641,4.1468648911,2.4068827629,116.82759857,0.0,0.3012666702,5.2680234909,86.607398987,79.755996704,8.5,0.0,0.0,0.0,0.2797435224,0.0,0.0,0.0,0.0,Shale,1
25/2-7,3814.1380006,479842.21875,6641083.5,-3788.301514,DUNLIN GP.,Sleipner Fm.,10.593151093,5.656662941,5.656662941,4.1219315529,2.3089313507,121.48609161,0.0,0.3162744045,5.6657705307,87.593177795,79.628044128,8.5,0.0,0.0,0.0,0.1707407534,0.0,0.0,0.0,0.0,Shale,1
25/2-7,3814.7460006,479842.21875,6641083.5,-3788.909424,DUNLIN GP.,Sleipner Fm.,10.56518364,5.2114167213,5.2114167213,4.1485404968,2.2953994274,119.69940948,0.0,0.3478219509,5.7934718132,87.643852234,79.960426331,8.5,0.0,0.0,0.0,0.1970424056,0.0,0.0,0.0,0.0,Shale,1
25/2-7,3815.3540006,479842.1875,6641083.5,-3789.517334,DUNLIN GP.,Sleipner Fm.,11.333123207,4.9771904945,4.9771904945,3.5549125671,2.1015863419,119.08531952,0.0,0.3370692134,5.614426136,86.825279236,80.055610657,8.5,0.0,0.0,0.0,0.1457067877,0.0,0.0,0.0,0.0,Shale,1
25/2-7,3817.7860006,479842.15625,6641083.5,-3791.94873,DUNLIN GP.,Sleipner Fm.,10.647550583,5.7085542679,5.7085542679,4.0748462677,2.4116234779,121.80702209,0.0,0.280388087,5.2087125778,84.476341248,80.228134155,8.5,0.0,0.0,0.0,0.2750059962,0.0,0.0,0.0,0.0,Shale,1
25/2-7,3823.7140006,479842.09375,6641083.5,-3797.875732,DUNLIN GP.,Sleipner Fm.,10.422860146,5.801692009,5.801692009,4.7127108574,2.3274335861,114.07468414,0.0,0.2580459118,4.7412991524,81.337913513,80.979400635,8.5,0.0,0.0,0.0,0.1540058553,0.0,0.0,0.0,0.0,Shale,1
25/2-7,3825.9940006,479842.0625,6641083.5,-3800.155029,DUNLIN GP.,Sleipner Fm.,10.857542992,6.1979436874,6.1979436874,4.9464902878,2.3637411594,110.28942108,0.0,0.270642668,4.5056304932,82.596557617,79.942886353,8.5,0.0,0.0,0.0,0.0904824957,0.0,0.0,0.0,0.0,Shale,1
25/2-7,3826.1460006,479842.0625,6641083.5,-3800.307129,DUNLIN GP.,Sleipner Fm.,10.916359901,6.2448420525,6.2448420525,4.82097435,2.3689234257,106.88834381,0.0,0.2770263553,4.6482992172,82.103286743,80.082801819,8.5,0.0,0.0,0.0,0.0996287689,0.0,0.0,0.0,0.0,Shale,1
25/2-7,3829.3380006,479842.03125,6641083.5,-3803.498291,DUNLIN GP.,Sleipner Fm.,9.9851369858,5.9488506317,5.9488506317,4.6474313736,2.2371292114,114.751297,0.0,0.281878531,4.9496574402,84.482093811,81.037002563,8.5,0.0,0.0,0.0,0.182653293,0.0,0.0,0.0,0.0,Shale,1
25/2-7,3831.0100006,479842.0,6641083.5,-3805.170166,DUNLIN GP.,Sleipner Fm.,10.253267288,6.568631649,6.568631649,5.109000206,2.6712427139,114.42802429,0.0,0.3185493648,4.7930474281,83.997512817,81.009040833,8.5,0.0,0.0,0.0,0.3802815676,0.0,0.0,0.0,0.0,Shale,1
25/2-7,3832.8340006,479841.96875,6641083.5,-3806.993652,DUNLIN GP.,Sleipner Fm.,10.261740685,7.331548214,7.331548214,5.5064702034,2.4243543148,117.31282806,0.0,0.2985663116,4.6759347916,81.893852234,81.654045105,8.5,0.0,0.0,0.0,0.2706108987,0.0,0.0,0.0,0.0,Shale,1
25/2-7,3839.9780006,479841.875,6641083.5,-3814.13623,DUNLIN GP.,Sleipner Fm.,11.126213074,5.33071661,5.33071661,3.7399630547,2.2950000763,118.88320923,0.0,0.3031075299,4.9271764755,85.89415741,83.816970825,8.5,0.0,0.0,0.0,0.2269907296,0.0,0.0,0.0,0.0,Shale,1
25/2-7,3840.2820006,479841.875,6641083.0,-3814.440186,DUNLIN GP.,Sleipner Fm.,11.170993805,4.714949131,4.714949131,3.8049893379,2.2890021801,115.25692749,0.0,0.2943492532,4.9268016815,86.656394958,83.630989075,8.5,0.0,0.0,0.0,0.2230006009,0.0,0.0,0.0,0.0,Shale,1
25/2-7,3842.2580006,479841.84375,6641083.0,-3816.416016,DUNLIN GP.,Sleipner Fm.,10.221371651,5.0341982841,5.0341982841,3.7287082672,2.4000341892,112.21711731,0.0,0.2639701664,4.7353625298,84.660217285,83.122489929,8.5,0.0,0.0,0.0,0.2520000041,0.0,0.0,0.0,0.0,Shale,1
25/2-7,3843.7780006,479841.84375,6641083.0,-3817.935547,DUNLIN GP.,Sleipner Fm.,10.633880615,6.0932035446,6.0932035446,4.4734826088,2.4890599251,119.19952393,0.0,0.3070973158,4.9657855034,85.542076111,83.691337585,8.5,0.0,0.0,0.0,0.2890000045,0.0,0.0,0.0,0.0,Shale,1
25/2-7,3846.9700006,479841.8125,6641083.0,-3821.126953,DUNLIN GP.,Sleipner Fm.,10.339632034,5.8565382957,5.8565382957,4.5798110962,2.3721313477,116.64084625,0.0,0.2892412841,5.2535271645,85.187492371,82.659790039,8.5,0.0,0.0,0.0,0.2577176094,0.0,0.0,0.0,0.0,Shale,1
25/2-7,3847.1220006,479841.78125,6641083.0,-3821.279053,DUNLIN GP.,Sleipner Fm.,10.660596848,6.0034403801,6.0034403801,4.6164193153,2.2883956432,118.8718338,0.0,0.2835835814,5.1809182167,85.421440125,82.576278687,8.5,0.0,0.0,0.0,0.1979292333,0.0,0.0,0.0,0.0,Shale,1
25/2-7,3847.2740006,479841.78125,6641083.0,-3821.430908,DUNLIN GP.,Sleipner Fm.,10.807982445,6.1430444717,6.1430444717,4.6763701439,2.2526333332,119.79650116,0.0,0.2745378017,5.1568307877,84.9376297,82.513626099,8.5,0.0,0.0,0.0,0.1540866047,0.0,0.0,0.0,0.0,Shale,1
25/2-7,3847.8820006,479841.78125,6641083.0,-3822.038818,DUNLIN GP.,Sleipner Fm.,10.994941711,5.8742957115,5.8742957115,4.4222984314,2.3061854839,117.11219788,0.0,0.2756874263,4.9539113045,83.414123535,82.489532471,8.5,0.0,0.0,0.0,0.199682802,0.0,0.0,0.0,0.0,Shale,1
25/2-7,3848.7940006,479841.78125,6641083.0,-3822.950439,DUNLIN GP.,Sleipner Fm.,9.7566652298,6.490231514,6.490231514,4.7849111557,2.8731760979,113.29832458,0.0,0.2932446301,4.7943658829,81.558204651,82.68473053,8.5,0.0,0.0,0.0,0.4159114659,0.0,0.0,0.0,0.0,Shale,1
25/2-7,3849.0980006,479841.78125,6641083.0,-3823.254395,DUNLIN GP.,Sleipner Fm.,9.8561286926,6.9729542732,6.9729542732,4.8888821602,2.7110588551,107.83705139,0.0,0.2905476689,4.5013689995,80.552452087,82.996513367,8.5,0.0,0.0,0.0,0.3875176907,0.0,0.0,0.0,0.0,Shale,1
25/2-7,3849.5540006,479841.75,6641083.0,-3823.710449,DUNLIN GP.,Sleipner Fm.,10.126674652,5.9760699272,5.9760699272,4.9020309448,2.4586780071,116.8539505,0.0,0.275005579,5.0724320412,82.311340332,82.733985901,8.5,0.0,0.0,0.0,0.3143590987,0.0,0.0,0.0,0.0,Shale,1
25/2-7,3850.6180006,479841.75,6641083.0,-3824.77417,DUNLIN GP.,Sleipner Fm.,10.343999863,7.0198082924,7.0198082924,4.6502428055,2.4227788448,112.2297821,0.0,0.2919762433,5.0362429619,80.271972656,82.517272949,8.5,0.0,0.0,0.0,0.2615683377,0.0,0.0,0.0,0.0,Shale,1
25/2-7,3850.9220006,479841.75,6641083.0,-3825.078369,DUNLIN GP.,Sleipner Fm.,9.8649806976,6.092291832,6.092291832,4.5736694336,2.4138710499,112.40208435,0.0,0.3376924396,5.2713317871,80.214752197,82.705375671,8.5,0.0,0.0,0.0,0.2586512268,0.0,0.0,0.0,0.0,Shale,1
25/2-7,3853.0500006,479841.71875,6641083.0,-3827.205811,DUNLIN GP.,Sleipner Fm.,10.644208908,6.2656612396,6.2656612396,4.3878283501,2.2590198517,114.62416077,0.0,0.3148020804,5.9375753403,85.369499207,82.944000244,8.5,0.0,0.0,0.0,0.2036733031,0.0,0.0,0.0,0.0,Shale,1
25/2-7,3853.2020006,479841.71875,6641083.0,-3827.357666,DUNLIN GP.,Sleipner Fm.,10.498925209,6.1785860062,6.1785860062,4.3708305359,2.2979323864,116.30961609,0.0,0.3120449781,6.0197315216,85.815574646,82.992126465,8.5,0.0,0.0,0.0,0.2329458296,0.0,0.0,0.0,0.0,Shale,1
25/2-7,3854.7220006,479841.6875,6641083.0,-3828.877441,DUNLIN GP.,Sleipner Fm.,10.017014503,6.1298894882,6.1298894882,4.6350908279,2.5207264423,112.58036041,0.0,0.3607828915,5.5038805008,82.566635132,84.022094727,8.5,0.0,0.0,0.0,0.2849899232,0.0,0.0,0.0,0.0,Shale,1
25/2-7,3855.4820006,479841.6875,6641083.0,-3829.637207,DUNLIN GP.,Sleipner Fm.,10.933756828,6.2903814316,6.2903814316,4.4249806404,2.1904160976,115.39817047,0.0,0.320217371,5.47321558,82.386688232,83.751197815,8.5,0.0,0.0,0.0,0.2000347525,0.0,0.0,0.0,0.0,Shale,1
25/2-7,3855.9380006,479841.6875,6641083.0,-3830.093262,DUNLIN GP.,Sleipner Fm.,11.330088615,5.8227968216,5.8227968216,4.627954483,2.3223438263,108.02944946,0.0,0.3183363974,5.8361639977,81.846847534,83.585784912,8.5,0.0,0.0,0.0,0.1671481729,0.0,0.0,0.0,0.0,Shale,1
25/2-7,3857.4580006,479841.65625,6641083.0,-3831.612793,DUNLIN GP.,Sleipner Fm.,10.909971237,6.0342488289,6.0342488289,4.8730611801,2.2451512814,117.47087097,0.0,0.3235476613,5.7517695427,85.402435303,84.587875366,8.5,0.0,0.0,0.0,0.2167034745,0.0,0.0,0.0,0.0,Shale,1
25/2-7,3858.0660006,479841.65625,6641083.0,-3832.220703,DUNLIN GP.,Sleipner Fm.,11.378249168,4.8626856804,4.8626856804,3.660159111,2.3880000114,123.69799805,0.0,0.341906935,5.5231165886,85.224357605,84.280311584,8.5,0.0,0.0,0.0,0.314535737,0.0,0.0,0.0,0.0,Shale,1
25/2-7,3858.8260006,479841.65625,6641083.0,-3832.980469,DUNLIN GP.,Sleipner Fm.,11.642640114,3.974514246,3.974514246,3.1192383766,2.1392021179,104.26980591,0.0,0.3294210434,5.3859615326,86.655128479,83.755996704,8.5,0.0,0.0,0.0,0.1532809883,0.0,0.0,0.0,0.0,Shale,1
25/2-7,3858.9780006,479841.65625,6641083.0,-3833.132568,DUNLIN GP.,Sleipner Fm.,11.175127983,4.3653125763,4.3653125763,3.1221740246,2.1402988434,103.43656921,0.0,0.3316701055,4.8470001221,85.894569397,83.840576172,8.5,0.0,0.0,0.0,0.1514428705,0.0,0.0,0.0,0.0,Shale,1
25/2-7,3859.7380006,479841.625,6641083.0,-3833.892334,DUNLIN GP.,Sleipner Fm.,10.84624958,5.0258021355,5.0258021355,3.7686686516,2.3048729897,115.72626495,0.0,0.3201346397,4.9603948593,87.521652222,84.153060913,8.5,0.0,0.0,0.0,0.1941656321,0.0,0.0,0.0,0.0,Shale,1
25/2-7,3861.1060006,479841.625,6641083.0,-3835.26001,DUNLIN GP.,Sleipner Fm.,10.681213379,5.5106253624,5.5106253624,4.3489484787,2.1872866154,116.35174561,0.0,0.3164703548,5.3919730186,85.812416077,84.17603302,8.5,0.0,0.0,0.0,0.1414043605,0.0,0.0,0.0,0.0,Shale,1
25/2-7,3861.4100006,479841.625,6641083.0,-3835.563965,DUNLIN GP.,Sleipner Fm.,10.686797142,5.7568588257,5.7568588257,4.3490815163,2.176905632,120.81062317,0.0,0.3052709103,5.3918061256,87.09588623,84.130996704,8.5,0.0,0.0,0.0,0.1359055936,0.0,0.0,0.0,0.0,Shale,1
25/2-7,3862.6260006,479841.59375,6641083.0,-3836.779785,DUNLIN GP.,Sleipner Fm.,11.098064423,5.9186997414,5.9186997414,4.3992977142,2.3788552284,114.93811798,0.0,0.3244207203,4.6394386292,85.332542419,84.194000244,8.5,0.0,0.0,0.0,0.2599436641,0.0,0.0,0.0,0.0,Shale,1
25/2-7,3869.4660006,479841.46875,6641083.0,-3843.61792,DUNLIN GP.,Sleipner Fm.,11.169124603,3.7985374928,3.7985374928,3.6426649094,2.3412659168,127.80516052,0.0,0.3474084735,5.8953022957,88.016464233,82.726379395,8.5,0.0,0.0,0.0,-0.036964655,0.0,0.0,0.0,0.0,Shale,1
25/2-7,3872.5060006,479841.40625,6641083.0,-3846.656738,DUNLIN GP.,Sleipner Fm.,9.0,8.5394306183,8.5394306183,6.5328521729,2.7005567551,97.518730164,0.0,0.2252947837,3.38747859,75.497436523,81.308784485,8.5,0.0,0.0,0.0,0.0075567653,0.0,0.0,0.0,0.0,Sandstone/Shale,1
25/2-7,3874.7860006,479841.34375,6641083.0,-3848.935547,DUNLIN GP.,Sleipner Fm.,8.7889995575,9.0194911957,9.0194911957,6.8901405334,2.6191921234,100.06524658,0.0,0.2203523219,3.3243749142,74.504127502,79.880996704,8.5,0.0,0.0,0.0,0.0070000002,0.0,0.0,0.0,0.0,Sandstone/Shale,1
25/2-7,3874.9380006,479841.34375,6641083.0,-3849.087646,DUNLIN GP.,Sleipner Fm.,8.7898015976,9.1408843994,9.1408843994,7.2645630836,2.6196029186,98.645683289,0.0,0.2178235352,3.2031366825,74.049781799,79.730728149,8.5,0.0,0.0,0.0,0.0078014438,0.0,0.0,0.0,0.0,Sandstone/Shale,1
25/2-7,3877.3700006,479841.28125,6641083.0,-3851.518799,DUNLIN GP.,Sleipner Fm.,9.0330877304,9.8299388885,9.8299388885,7.595038414,2.6488444805,100.54323578,0.0,0.2434800714,3.6034266949,77.039680481,78.130996704,8.5,0.0,0.0,0.0,0.0056407638,0.0,0.0,0.0,0.0,Shale,1
25/2-7,3879.8020006,479841.21875,6641082.5,-3853.949707,DUNLIN GP.,Sleipner Fm.,9.0629997253,10.792974472,10.792974472,8.3421239853,2.6832211018,89.775550842,0.0,0.2102731317,3.141153574,72.867141724,78.56565094,8.5,0.0,0.0,0.0,0.0143654021,0.0,0.0,0.0,0.0,Sandstone/Shale,1
25/2-7,3882.3860006,479841.15625,6641082.5,-3856.532715,DUNLIN GP.,Sleipner Fm.,9.1125516891,10.766283989,10.766283989,8.1463823318,2.6319077015,102.48818207,0.0,0.2625664175,3.2715544701,78.116081238,79.694000244,8.5,0.0,0.0,0.0,0.0013626482,0.0,0.0,0.0,0.0,Shale,1
25/2-7,3882.8420006,479841.15625,6641082.5,-3856.988525,DUNLIN GP.,Sleipner Fm.,9.0676984787,10.447942734,10.447942734,8.0895853043,2.6377925873,102.42986298,0.0,0.2666341662,3.1051754951,78.908882141,80.102020264,8.5,0.0,0.0,0.0,0.0054716845,0.0,0.0,0.0,0.0,Shale,1
25/2-7,3883.4500006,479841.125,6641082.5,-3857.596191,DUNLIN GP.,Sleipner Fm.,9.0764789581,10.300365448,10.300365448,7.9991269112,2.6515071392,106.86908722,0.0,0.2583128214,2.9930632114,78.891334534,80.146972656,8.5,0.0,0.0,0.0,0.0119858813,0.0,0.0,0.0,0.0,Shale,1
25/2-7,3883.6020006,479841.125,6641082.5,-3857.748291,DUNLIN GP.,Sleipner Fm.,9.0559186935,10.214979172,10.214979172,7.9730000496,2.6509900093,108.52953339,0.0,0.25720191,2.9363763332,78.831863403,80.194000244,8.5,0.0,0.0,0.0,0.007241087,0.0,0.0,0.0,0.0,Shale,1
25/2-7,3884.5140006,479841.125,6641082.5,-3858.659668,DUNLIN GP.,Sleipner Fm.,9.0002365112,10.762307167,10.762307167,8.2601633072,2.6477639675,104.93738556,0.0,0.2573396266,3.0780742168,78.720672607,80.366355896,8.5,0.0,0.0,0.0,0.003,0.0,0.0,0.0,0.0,Shale,1
25/2-7,3887.5540006,479841.03125,6641082.5,-3861.69873,DUNLIN GP.,Sleipner Fm.,8.9770002365,12.567094803,12.567094803,8.8796834946,2.6692681313,95.695152283,0.0,0.1855835021,2.7040641308,71.406311035,79.773254395,8.5,0.0,0.0,0.0,-0.005195894,0.0,0.0,0.0,0.0,Sandstone/Shale,1
25/2-7,3889.2260006,479841.0,6641082.5,-3863.370117,DUNLIN GP.,Sleipner Fm.,9.0027618408,10.389034271,10.389034271,8.6816940308,2.6400001049,96.75352478,0.0,0.2142031789,2.8732948303,74.42137146,79.380996704,8.5,0.0,0.0,0.0,0.0104641523,0.0,0.0,0.0,0.0,Sandstone/Shale,1
25/2-7,3891.8100006,479840.9375,6641082.5,-3865.953125,DUNLIN GP.,Sleipner Fm.,8.9792098999,9.4467601776,9.4467601776,8.0166187286,2.6342396736,96.615394592,0.0,0.2127281576,2.85136199,74.083564758,78.214736938,8.5,0.0,0.0,0.0,0.0097897798,0.0,0.0,0.0,0.0,Sandstone/Shale,1
25/2-7,3892.5700006,479840.90625,6641082.5,-3866.712646,DUNLIN GP.,Sleipner Fm.,9.0080003738,9.7937297821,9.7937297821,8.1139640808,2.6348614693,93.098617554,0.0,0.2095123231,2.7950677872,74.265556335,77.101135254,8.5,0.0,0.0,0.0,0.0062871273,0.0,0.0,0.0,0.0,Sandstone/Shale,1
25/2-7,3892.7220006,479840.90625,6641082.5,-3866.864502,DUNLIN GP.,Sleipner Fm.,9.0076265335,9.9344654083,9.9344654083,8.23503685,2.6430933475,93.131988525,0.0,0.2103283107,2.8814566135,74.384536743,76.819000244,8.5,0.0,0.0,0.0,0.0091869049,0.0,0.0,0.0,0.0,Sandstone/Shale,1
25/2-7,3895.6100006,479840.84375,6641082.5,-3869.751465,DUNLIN GP.,Sleipner Fm.,8.9836626053,11.437999725,11.437999725,10.114006996,2.6390440464,97.002632141,0.0,0.1980791986,2.8306777477,73.425270081,75.628257751,8.5,0.0,0.0,0.0,0.001,0.0,0.0,0.0,0.0,Shale,1
25/2-7,3896.6740006,479840.8125,6641082.5,-3870.815186,DUNLIN GP.,Sleipner Fm.,9.0,11.360707283,11.360707283,9.0186958313,2.6379747391,95.593582153,0.0,0.2125913501,2.8907194138,73.906219482,76.010726929,8.5,0.0,0.0,0.0,0.004025171,0.0,0.0,0.0,0.0,Shale,1
25/2-7,3897.8900006,479840.78125,6641082.5,-3872.030518,DUNLIN GP.,Sleipner Fm.,8.9530000687,12.232440948,12.232440948,9.1883325577,2.6869530678,100.78568268,0.0,0.1922015548,3.1765038967,74.775115967,75.568267822,8.5,0.0,0.0,0.0,0.0,0.0,0.0,0.0,0.0,Shale,1
25/2-7,3898.4980006,479840.78125,6641082.5,-3872.638428,DUNLIN GP.,Sleipner Fm.,8.9530000687,12.02965641,12.02965641,9.4687919617,2.63798666,90.416603088,0.0,0.2252784222,3.0991995335,74.005912781,75.319839478,8.5,0.0,0.0,0.0,0.0009731873,0.0,0.0,0.0,0.0,Sandstone/Shale,1
25/2-7,3902.1460006,479840.6875,6641082.5,-3876.284912,DUNLIN GP.,Sleipner Fm.,8.9139995575,11.995178223,11.995178223,8.9472036362,2.6555509567,104.69923401,0.0,0.2731750906,3.4073524475,77.702262878,77.176780701,8.5,0.0,0.0,0.0,0.0043444033,0.0,0.0,0.0,0.0,Shale,1
25/2-7,3902.2980006,479840.6875,6641082.5,-3876.437012,DUNLIN GP.,Sleipner Fm.,8.9139995575,11.862528801,11.862528801,8.8799791336,2.6531424522,105.24064636,0.0,0.2755270004,3.4542236328,77.826675415,77.31010437,8.5,0.0,0.0,0.0,0.0012134111,0.0,0.0,0.0,0.0,Shale,1
25/2-7,3903.5140006,479840.65625,6641082.5,-3877.652344,DUNLIN GP.,Sleipner Fm.,8.9219999313,12.183548927,12.183548927,8.8953418732,2.6489238739,102.48648071,0.0,0.2776468694,3.5862560272,78.549858093,78.125267029,8.5,0.0,0.0,0.0,0.0010923935,0.0,0.0,0.0,0.0,Shale,1
25/2-7,3903.6660006,479840.65625,6641082.5,-3877.804199,DUNLIN GP.,Sleipner Fm.,8.9174728394,11.931177139,11.931177139,8.8973369598,2.6362304688,104.29519653,0.0,0.2785310745,3.4950635433,78.976554871,77.904655457,8.5,0.0,0.0,0.0,0.0019053502,0.0,0.0,0.0,0.0,Shale,1
25/2-7,3904.1220006,479840.625,6641082.5,-3878.260254,DUNLIN GP.,Sleipner Fm.,8.8979997635,11.602000237,11.602000237,8.8090181351,2.6600425243,107.02839661,0.0,0.2848668098,3.1909179688,79.843109131,78.424629211,8.5,0.0,0.0,0.0,0.0353516527,0.0,0.0,0.0,0.0,Shale,1
25/2-7,3904.2740006,479840.625,6641082.5,-3878.411865,DUNLIN GP.,Sleipner Fm.,8.8979997635,11.699524879,11.699524879,8.7906837463,2.667368412,109.63790131,0.0,0.2901278138,3.2323336601,79.767547607,78.499473572,8.5,0.0,0.0,0.0,0.0414736085,0.0,0.0,0.0,0.0,Shale,1
25/2-7,3904.4260006,479840.625,6641082.5,-3878.563965,DUNLIN GP.,Sleipner Fm.,8.8979997635,11.884752274,11.884752274,8.7818717957,2.6573073864,108.19429016,0.0,0.290930599,3.2083935738,79.529754639,78.784896851,8.5,0.0,0.0,0.0,0.0321985856,0.0,0.0,0.0,0.0,Shale,1
25/2-7,3905.0340006,479840.625,6641082.5,-3879.171631,DUNLIN GP.,Sleipner Fm.,8.8979997635,12.102000237,12.102000237,8.9139995575,2.6478042603,102.90280914,0.0,0.2446486652,3.0074818134,79.263130188,79.498580933,8.5,0.0,0.0,0.0,0.0131195737,0.0,0.0,0.0,0.0,Shale,1
25/2-7,3905.7940006,479840.59375,6641082.5,-3879.931396,DUNLIN GP.,Sleipner Fm.,8.8973379135,12.227000237,12.227000237,9.3222799301,2.6424567699,106.97612762,0.0,0.2649165094,3.1098377705,78.535125732,80.344673157,8.5,0.0,0.0,0.0,0.005264875,0.0,0.0,0.0,0.0,Shale,1
25/2-7,3907.0100006,479840.5625,6641082.5,-3881.146973,DUNLIN GP.,Sleipner Fm.,8.875,14.048779488,14.048779488,10.096304893,2.6603829861,92.973686218,0.0,0.2328661233,3.1958272457,74.77696228,80.559318542,8.5,0.0,0.0,0.0,0.0096926801,0.0,0.0,0.0,0.0,Sandstone/Shale,1
25/2-7,3907.1620006,479840.5625,6641082.5,-3881.299072,DUNLIN GP.,Sleipner Fm.,8.875,13.428761482,13.428761482,10.087249756,2.6488740444,95.918083191,0.0,0.2440124005,3.1177208424,75.490280151,80.252563477,8.5,0.0,0.0,0.0,0.0083123259,0.0,0.0,0.0,0.0,Sandstone/Shale,1
25/2-7,3907.3140006,479840.5625,6641082.5,-3881.450684,DUNLIN GP.,Sleipner Fm.,8.875,13.039763451,13.039763451,9.9673366547,2.6385843754,98.587089539,0.0,0.2528463006,3.1038763523,76.204162598,80.140975952,8.5,0.0,0.0,0.0,0.0037920955,0.0,0.0,0.0,0.0,Shale,1
25/2-7,3907.7700006,479840.53125,6641082.5,-3881.906738,DUNLIN GP.,Sleipner Fm.,8.875,12.48830986,12.48830986,9.489815712,2.6438324451,100.59727478,0.0,0.2391397506,3.2911112309,77.337341309,80.933509827,8.5,0.0,0.0,0.0,0.0099999998,0.0,0.0,0.0,0.0,Shale,1
25/2-7,3908.0740006,479840.53125,6641082.5,-3882.210449,DUNLIN GP.,Sleipner Fm.,8.8979997635,12.204421043,12.204421043,9.2337837219,2.640198946,101.73017883,0.0,0.2564885616,3.2990660667,77.806190491,81.483345032,8.5,0.0,0.0,0.0,0.0031991259,0.0,0.0,0.0,0.0,Shale,1
25/2-7,3908.6820006,479840.53125,6641082.5,-3882.818359,DUNLIN GP.,Sleipner Fm.,8.890999794,12.231184959,12.231184959,8.9925508499,2.5937302113,100.96934509,0.0,0.2519546151,3.8504083157,78.406486511,81.562774658,8.5,0.0,0.0,0.0,0.0124529535,0.0,0.0,0.0,0.0,Shale,1
25/2-7,3909.4420006,479840.5,6641082.5,-3883.577881,DUNLIN GP.,Sleipner Fm.,8.788403511,11.477000237,11.477000237,8.9064016342,2.5946104527,102.8920517,0.0,0.2864530385,3.3836259842,78.587432861,81.618919373,8.5,0.0,0.0,0.0,0.0047015133,0.0,0.0,0.0,0.0,Shale,1
25/2-7,3910.2020006,479840.5,6641082.5,-3884.337646,DUNLIN GP.,Sleipner Fm.,8.7810001373,12.594260216,12.594260216,9.3101377487,2.6407923698,98.494117737,0.0,0.2380301654,2.8382344246,76.292304993,81.269081116,8.5,0.0,0.0,0.0,-0.005,0.0,0.0,0.0,0.0,Shale,1
25/2-7,3911.5700006,479840.4375,6641082.5,-3885.705322,DUNLIN GP.,Sleipner Fm.,8.7810001373,12.845040321,12.845040321,10.527427673,2.66345644,100.86510468,0.0,0.2531435788,3.677908659,74.720947266,81.313796997,8.5,0.0,0.0,0.0,0.0075375726,0.0,0.0,0.0,0.0,Shale,1
25/2-7,3914.4580006,479840.375,6641082.5,-3888.592041,DUNLIN GP.,Sleipner Fm.,8.734000206,12.198526382,12.198526382,9.517288208,2.6344399452,101.11904144,0.0,0.2493751198,2.9203987122,76.994033813,80.532012939,8.5,0.0,0.0,0.0,-0.006840141,0.0,0.0,0.0,0.0,Shale,1
25/2-7,3914.6100006,479840.375,6641082.5,-3888.744141,DUNLIN GP.,Sleipner Fm.,8.734000206,12.172820091,12.172820091,9.422454834,2.6428897381,101.01459503,0.0,0.2567928135,2.8811440468,76.829856873,80.220001221,8.5,0.0,0.0,0.0,-0.000262019,0.0,0.0,0.0,0.0,Shale,1
25/2-7,3916.1300006,479840.34375,6641082.0,-3890.263184,DUNLIN GP.,Sleipner Fm.,8.7033195496,12.312209129,12.312209129,9.9433364868,2.6592340469,100.17715454,0.0,0.2455359846,3.0038471222,75.428237915,79.866867065,8.5,0.0,0.0,0.0,0.0206278246,0.0,0.0,0.0,0.0,Shale,1
25/2-7,3916.2820006,479840.34375,6641082.0,-3890.415283,DUNLIN GP.,Sleipner Fm.,8.7038249969,12.826425552,12.826425552,10.186911583,2.6573107243,96.367446899,0.0,0.2283850312,2.9668643475,74.11504364,79.728271484,8.5,0.0,0.0,0.0,0.0125538902,0.0,0.0,0.0,0.0,Shale,1
25/2-7,3917.0420006,479840.3125,6641082.0,-3891.175049,DUNLIN GP.,Sleipner Fm.,8.7110004425,15.651094437,15.651094437,11.844622612,2.6673762798,82.455619812,0.0,0.1870186627,3.0351164341,70.04145813,79.004722595,8.5,0.0,0.0,0.0,0.0120772971,0.0,0.0,0.0,0.0,Sandstone/Shale,1
25/2-7,3921.6020006,479840.21875,6641082.0,-3895.733154,DUNLIN GP.,Sleipner Fm.,9.0119819641,9.758687973,9.758687973,6.8941445351,2.6292822361,109.5636673,0.0,0.2698184252,3.8387079239,81.898841858,79.299560547,8.5,0.0,0.0,0.0,0.0847729072,0.0,0.0,0.0,0.0,Shale,1
25/2-7,3922.0580006,479840.1875,6641082.0,-3896.189209,DUNLIN GP.,Sleipner Fm.,8.9468631744,8.7028675079,8.7028675079,6.2423682213,2.5523014069,116.19400024,0.0,0.2906684577,4.6111593246,83.297782898,79.572212219,8.5,0.0,0.0,0.0,0.1613980383,0.0,0.0,0.0,0.0,Shale,1
25/2-7,3922.8180006,479840.1875,6641082.0,-3896.94873,DUNLIN GP.,Sleipner Fm.,8.9679803848,8.0211162567,8.0211162567,5.8113379478,2.5125508308,111.75574493,0.0,0.2861671746,4.2072305679,84.741508484,79.710678101,8.5,0.0,0.0,0.0,0.0923651457,0.0,0.0,0.0,0.0,Shale,1
25/2-7,3924.0340006,479840.15625,6641082.0,-3898.164307,DUNLIN GP.,Sleipner Fm.,9.1622190475,8.4044857025,8.4044857025,6.2892832756,2.6523411274,112.42201233,0.0,0.2836058438,4.2898001671,83.528152466,79.825363159,8.5,0.0,0.0,0.0,0.321895957,0.0,0.0,0.0,0.0,Shale,1
25/2-7,3924.9460006,479840.125,6641082.0,-3899.075928,DUNLIN GP.,Sleipner Fm.,9.0739164352,8.8985700607,8.8985700607,6.5751905441,2.6533112526,118.99034119,0.0,0.2933867574,3.9711949825,83.191856384,80.569000244,8.5,0.0,0.0,0.0,0.2576109171,0.0,0.0,0.0,0.0,Shale,1
25/2-7,3925.7060006,479840.125,6641082.0,-3899.835693,DUNLIN GP.,Sleipner Fm.,9.1345758438,9.3594150543,9.3594150543,7.1578354836,2.6565055847,112.84973907,0.0,0.3043410182,4.0954060555,82.085372925,80.380996704,8.5,0.0,0.0,0.0,0.2680310011,0.0,0.0,0.0,0.0,Shale,1
25/2-7,3925.8580006,479840.09375,6641082.0,-3899.987549,DUNLIN GP.,Sleipner Fm.,9.121878624,9.6591558456,9.6591558456,7.4415836334,2.6843059063,110.75577545,0.0,0.2987459302,3.9815182686,81.05091095,80.315620422,8.5,0.0,0.0,0.0,0.284799397,0.0,0.0,0.0,0.0,Shale,1
25/2-7,3926.6180006,479840.09375,6641082.0,-3900.74707,DUNLIN GP.,Sleipner Fm.,9.0055513382,16.398948669,16.398948669,10.319756508,2.7352404594,103.25675201,0.0,0.2738674879,4.5313668251,78.361251831,79.694000244,8.5,0.0,0.0,0.0,0.1957333386,0.0,0.0,0.0,0.0,Sandstone/Shale,1
25/2-7,3926.9220006,479840.09375,6641082.0,-3901.05127,DUNLIN GP.,Sleipner Fm.,9.0129327774,18.986410141,18.986410141,10.841997147,2.9590933323,101.97401428,0.0,0.2736045718,6.523250103,77.412796021,79.755897522,8.5,0.0,0.0,0.0,0.2937266827,0.0,0.0,0.0,0.0,Sandstone/Shale,1
25/2-7,3927.5300006,479840.0625,6641082.0,-3901.658936,DUNLIN GP.,Sleipner Fm.,9.1422348022,15.072948456,15.072948456,13.699017525,2.8759536743,121.02565765,0.0,0.2952892184,7.2946147919,88.591377258,80.349639893,8.5,0.0,0.0,0.0,0.0690115765,0.0,0.0,0.0,0.0,Shale,1
25/2-7,3931.7860006,479839.96875,6641082.0,-3905.913086,DUNLIN GP.,Sleipner Fm.,8.6648750305,12.672160149,12.672160149,8.618637085,2.6801116467,118.38456726,0.0,0.3865532577,3.326751709,96.428695679,82.32522583,8.5,0.0,0.0,0.0,0.076446034,0.0,0.0,0.0,0.0,Shale,1
25/2-7,3932.8500006,479839.9375,6641082.0,-3906.976807,DUNLIN GP.,Sleipner Fm.,9.3187923431,13.592981339,13.592981339,8.3993005753,2.598089695,118.16665649,0.0,0.3685344756,4.7118067741,96.096191406,83.537002563,8.5,0.0,0.0,0.0,0.2975820303,0.0,0.0,0.0,0.0,Shale,1
25/2-7,3936.3460006,479839.84375,6641082.0,-3910.471436,DUNLIN GP.,Sleipner Fm.,9.4012031555,11.66724968,11.66724968,7.7644920349,2.6039652824,120.59363556,0.0,0.3771574199,4.5873589516,93.883392334,87.517707825,8.5,0.0,0.0,0.0,0.2624982297,0.0,0.0,0.0,0.0,Shale,1
25/2-7,3936.6500006,479839.84375,6641082.0,-3910.775146,DUNLIN GP.,Sleipner Fm.,9.3280925751,11.591753006,11.591753006,7.8734989166,2.5309076309,117.0517807,0.0,0.3584844768,4.4749307632,92.546607971,87.26714325,8.5,0.0,0.0,0.0,0.1695473194,0.0,0.0,0.0,0.0,Shale,1
25/2-7,3937.1060006,479839.84375,6641082.0,-3911.230957,DUNLIN GP.,Sleipner Fm.,9.6617059708,11.881007195,11.881007195,7.9293456078,2.6042370796,113.33439636,0.0,0.3714411855,4.5208683014,89.310646057,86.9322052,8.5,0.0,0.0,0.0,0.2628404796,0.0,0.0,0.0,0.0,Shale,1
25/2-7,3939.3860006,479839.78125,6641082.0,-3913.510254,DUNLIN GP.,Sleipner Fm.,8.5190725327,14.71784687,14.71784687,9.7668743134,2.680785656,122.22011566,0.0,0.3448961377,3.8578710556,95.334014893,86.866363525,8.5,0.0,0.0,0.0,0.0977019444,0.0,0.0,0.0,0.0,Shale,1
25/2-7,3939.6900006,479839.78125,6641082.0,-3913.813965,DUNLIN GP.,Sleipner Fm.,8.5425796509,14.570240021,14.570240021,9.4858837128,2.6735796928,119.38694763,0.0,0.3530738056,4.1879048347,94.714447021,86.462486267,8.5,0.0,0.0,0.0,0.0625797883,0.0,0.0,0.0,0.0,Shale,1
25/2-7,3940.7540006,479839.75,6641082.0,-3914.877441,DUNLIN GP.,Sleipner Fm.,8.9142694473,14.613227844,14.613227844,8.9396295547,2.5954699516,117.09098816,0.0,0.3276771009,4.7462396622,92.79045105,86.069000244,8.5,0.0,0.0,0.0,0.3219154775,0.0,0.0,0.0,0.0,Shale,1
25/2-7,3941.2100006,479839.75,6641082.0,-3915.333496,DUNLIN GP.,Sleipner Fm.,8.9053449631,13.21408844,13.21408844,8.8840513229,2.533642292,118.29494476,0.0,0.3528975844,4.9109463692,92.78666687,86.781295776,8.5,0.0,0.0,0.0,0.254185617,0.0,0.0,0.0,0.0,Shale,1
25/2-7,3945.1620006,479839.625,6641082.0,-3919.283936,DUNLIN GP.,Sleipner Fm.,10.077870369,9.7797040939,9.7797040939,6.8708000183,2.6521000862,113.07289124,0.0,0.3065775633,4.5741815567,89.951644897,87.349998474,8.5,0.0,0.0,0.0,0.3626200259,0.0,0.0,0.0,0.0,Shale,1
25/2-7,3946.0740006,479839.625,6641082.0,-3920.195557,DUNLIN GP.,Sleipner Fm.,9.8422431946,9.1094655991,9.1094655991,6.4124979973,2.6229846478,112.95021057,0.0,0.3022877872,3.9618139267,91.069412231,87.349998474,8.5,0.0,0.0,0.0,0.3459363282,0.0,0.0,0.0,0.0,Shale,1
25/2-7,3946.9860006,479839.59375,6641082.0,-3921.107178,DUNLIN GP.,Sleipner Fm.,9.4312648773,10.655007362,10.655007362,6.8282580376,2.6086838245,113.36208344,0.0,0.3143410087,4.6106987,90.927055359,87.878288269,8.5,0.0,0.0,0.0,0.3532094657,0.0,0.0,0.0,0.0,Shale,1
25/2-7,3948.9620006,479839.5625,6641082.0,-3923.082275,DUNLIN GP.,Sleipner Fm.,8.6848506927,9.899728775,9.899728775,6.9071989059,2.6635124683,101.07795715,0.0,0.3099139035,3.6376814842,81.011756897,88.724998474,8.5,0.0,0.0,0.0,0.1991653442,0.0,0.0,0.0,0.0,Sandstone/Shale,1
25/2-7,3950.7860006,479839.5,6641082.0,-3924.905518,DUNLIN GP.,Sleipner Fm.,9.6234731674,5.4575099945,5.4575099945,4.0184364319,2.7482247353,103.72682953,0.0,0.2716678381,4.6555342674,85.129547119,89.701980591,8.5,0.0,0.0,0.0,0.3978950083,0.0,0.0,0.0,0.0,Shale,1
25/2-7,3951.5460006,479839.5,6641082.0,-3925.665283,DUNLIN GP.,Sleipner Fm.,9.3990402222,4.8941268921,4.8941268921,3.7508914471,2.4633169174,109.41021729,0.0,0.3178350329,5.6745781898,86.283508301,88.849998474,8.5,0.0,0.0,0.0,0.3200791776,0.0,0.0,0.0,0.0,Shale,1
25/2-7,3952.3060006,479839.46875,6641082.0,-3926.425049,DUNLIN GP.,Sleipner Fm.,9.4583053589,5.0888414383,5.0888414383,3.8030107021,2.5001935959,110.4088974,0.0,0.3012962341,4.9236960411,87.227806091,88.569000244,8.5,0.0,0.0,0.0,0.3248620629,0.0,0.0,0.0,0.0,Shale,1
25/2-7,3955.0420006,479839.40625,6641081.5,-3929.159912,DUNLIN GP.,Sleipner Fm.,10.647999763,4.9740252495,4.9740252495,3.5691964626,2.279096365,112.94525909,0.0,0.307408452,4.8819975853,88.993919373,87.856620789,8.5,0.0,0.0,0.0,0.227922976,0.0,0.0,0.0,0.0,Shale,1
25/2-7,3955.8020006,479839.375,6641081.5,-3929.919678,DUNLIN GP.,Sleipner Fm.,9.9304952621,5.8128724098,5.8128724098,4.160050869,2.5870127678,107.97904968,0.0,0.3173956573,4.9117946625,85.829216003,88.694000244,8.5,0.0,0.0,0.0,0.3279872239,0.0,0.0,0.0,0.0,Shale,1
25/2-7,3958.5380006,479839.3125,6641081.5,-3932.654785,DUNLIN GP.,Sleipner Fm.,10.053431511,4.681306839,4.681306839,3.4128956795,2.5098011494,110.81495667,0.0,0.2859268785,5.0638384819,86.633430481,87.969726563,8.5,0.0,0.0,0.0,0.318505913,0.0,0.0,0.0,0.0,Shale,1
25/2-7,3958.8420006,479839.3125,6641081.5,-3932.958496,DUNLIN GP.,Sleipner Fm.,10.306632042,4.2504525185,4.2504525185,3.0585718155,2.5051403046,110.69804382,0.0,0.289830178,5.4164333344,86.485343933,87.820449829,8.5,0.0,0.0,0.0,0.3348130584,0.0,0.0,0.0,0.0,Shale,1
25/2-7,3966.5940006,479839.125,6641081.5,-3940.70752,DUNLIN GP.,Sleipner Fm.,9.234000206,7.5346913338,7.5346913338,5.7365179062,2.723077774,97.082061768,0.0,0.2451277822,4.3167796135,79.671882629,87.523735046,8.5,0.0,0.0,0.0,0.3424568474,0.0,0.0,0.0,0.0,Shale,1
25/2-7,3969.7860006,479839.03125,6641081.5,-3943.898193,DUNLIN GP.,Sleipner Fm.,9.6836004257,5.2795495987,5.2795495987,4.0904922485,2.4652862549,99.257858276,0.0,0.2768769264,4.3746643066,82.109893799,87.724998474,8.5,0.0,0.0,0.0,0.2595964372,0.0,0.0,0.0,0.0,Shale,1
25/2-7,3969.9380006,479839.03125,6641081.5,-3944.050049,DUNLIN GP.,Sleipner Fm.,9.736574173,5.1403927803,5.1403927803,4.0890455246,2.5086905956,98.154022217,0.0,0.2931703925,4.4042825699,82.923934937,87.724998474,8.5,0.0,0.0,0.0,0.2936002612,0.0,0.0,0.0,0.0,Shale,1
25/2-7,3970.2420006,479839.03125,6641081.5,-3944.354004,DUNLIN GP.,Sleipner Fm.,9.7758388519,5.1869478226,5.1869478226,4.4736843109,2.5484604836,100.98048401,0.0,0.2900612652,4.4856300354,83.198600769,87.785804749,8.5,0.0,0.0,0.0,0.3110542893,0.0,0.0,0.0,0.0,Shale,1
25/2-7,3970.8500006,479839.03125,6641081.5,-3944.961914,DUNLIN GP.,Sleipner Fm.,9.2112913132,9.3939247131,9.3939247131,5.5175857544,2.638453722,93.242973328,0.0,0.2984656394,4.1305942535,76.008491516,87.506729126,8.5,0.0,0.0,0.0,0.1113073677,0.0,0.0,0.0,0.0,Sandstone/Shale,1
25/2-7,3975.1060006,479838.90625,6641081.5,-3949.216064,DUNLIN GP.,Sleipner Fm.,9.5330314636,5.1949386597,5.1949386597,4.2399702072,2.5980305672,99.972549438,0.0,0.2909146845,4.1226010323,83.639091492,88.849998474,8.5,0.0,0.0,0.0,0.3253129721,0.0,0.0,0.0,0.0,Shale,1
25/2-7,3975.5620006,479838.90625,6641081.5,-3949.671875,DUNLIN GP.,Sleipner Fm.,9.9242706299,5.9282102585,5.9282102585,4.7430968285,2.61895895,102.3234024,0.0,0.2876106203,4.1076288223,80.861785889,88.932991028,8.5,0.0,0.0,0.0,0.256385386,0.0,0.0,0.0,0.0,Shale,1
25/2-7,3980.1220006,479838.78125,6641081.5,-3954.22998,DUNLIN GP.,Sleipner Fm.,8.4530000687,12.127822876,12.127822876,8.180352211,2.7038207054,73.898742676,0.0,0.2359269857,3.4418480396,72.614776611,88.120857239,8.5,0.0,0.0,0.0,0.0906285793,0.0,0.0,0.0,0.0,Sandstone/Shale,1
25/2-7,3980.7300006,479838.78125,6641081.5,-3954.837646,DUNLIN GP.,Sleipner Fm.,8.5639238358,8.9942979813,8.9942979813,6.5580420494,2.6476318836,86.447898865,0.0,0.2648423314,3.4170796871,76.726959229,88.569000244,8.5,0.0,0.0,0.0,0.1340181082,0.0,0.0,0.0,0.0,Shale,1
25/2-7,3981.6420006,479838.75,6641081.5,-3955.749023,DUNLIN GP.,Sleipner Fm.,8.6550197601,8.6973199844,8.6973199844,5.959125042,2.6598582268,93.824935913,0.0,0.2687267661,3.7747519016,79.637077332,88.624160767,8.5,0.0,0.0,0.0,0.1771819592,0.0,0.0,0.0,0.0,Shale,1
25/2-7,3982.8580006,479838.6875,6641081.5,-3956.964111,DUNLIN GP.,Sleipner Fm.,9.0843019485,9.8503541946,9.8503541946,6.5370483398,2.7412290573,92.85269928,0.0,0.2678156495,4.6476359367,79.208999634,88.838096619,8.5,0.0,0.0,0.0,0.2187813222,0.0,0.0,0.0,0.0,Sandstone/Shale,1
25/2-7,3984.2260006,479838.65625,6641081.5,-3958.331543,DUNLIN GP.,Sleipner Fm.,9.2395009995,5.5505900383,5.5505900383,4.3103041649,2.6167054176,95.687088013,0.0,0.2793349028,5.1242966652,82.95401001,90.569000244,8.5,0.0,0.0,0.0,0.3389999866,0.0,0.0,0.0,0.0,Sandstone/Shale,1
25/2-7,3988.6340006,479838.53125,6641081.0,-3962.736816,DUNLIN GP.,Sleipner Fm.,10.404283524,4.1715946198,4.1715946198,3.4999945164,2.4491109848,95.841590881,0.0,0.2595702708,4.593457222,85.836715698,92.12386322,8.5,0.0,0.0,0.0,0.251288861,0.0,0.0,0.0,0.0,Sandstone/Shale,1
25/2-7,3989.0900006,479838.53125,6641081.0,-3963.192627,DUNLIN GP.,Sleipner Fm.,9.9478282928,5.3625121117,5.3625121117,3.6038990021,2.6165831089,89.12877655,0.0,0.2557148933,4.4990944862,82.740570068,92.412002563,8.5,0.0,0.0,0.0,0.3305558562,0.0,0.0,0.0,0.0,Sandstone/Shale,1
25/2-7,3989.2420006,479838.53125,6641081.0,-3963.344482,DUNLIN GP.,Sleipner Fm.,10.151049614,5.252954483,5.252954483,3.6965434551,2.6101498604,88.557647705,0.0,0.2676984072,4.629837513,82.563995361,92.412002563,8.5,0.0,0.0,0.0,0.3152934909,0.0,0.0,0.0,0.0,Sandstone/Shale,1
25/2-7,3992.4340006,479838.40625,6641081.0,-3966.534424,DUNLIN GP.,Sleipner Fm.,9.8767738342,4.6571154594,4.6571154594,3.1985030174,2.5903396606,94.596717834,0.0,0.262367785,4.9660687447,84.155281067,90.428390503,8.5,0.0,0.0,0.0,0.3626613319,0.0,0.0,0.0,0.0,Sandstone/Shale,1
25/2-7,3992.5860006,479838.40625,6641081.0,-3966.686279,DUNLIN GP.,Sleipner Fm.,9.9397745132,4.8277220726,4.8277220726,3.4635131359,2.5599298477,90.418876648,0.0,0.2584027648,5.0058689117,82.970283508,90.303749084,8.5,0.0,0.0,0.0,0.3501499295,0.0,0.0,0.0,0.0,Sandstone/Shale,1
25/2-7,3993.1940006,479838.40625,6641081.0,-3967.294189,DUNLIN GP.,Sleipner Fm.,9.5946416855,4.5854735374,4.5854735374,3.942761898,2.5759196281,89.077987671,0.0,0.2908741534,4.6323571205,83.598632813,89.389007568,8.5,0.0,0.0,0.0,0.3352397978,0.0,0.0,0.0,0.0,Sandstone/Shale,1
25/2-7,3993.6500006,479838.375,6641081.0,-3967.749756,DUNLIN GP.,Sleipner Fm.,9.5611639023,5.3985748291,5.3985748291,3.8264708519,2.6156389713,86.096138,0.0,0.2483460009,4.5523123741,78.595748901,88.819000244,8.5,0.0,0.0,0.0,0.3529678881,0.0,0.0,0.0,0.0,Sandstone/Shale,1
25/2-7,3995.4740006,479838.34375,6641081.0,-3969.572754,DUNLIN GP.,Sleipner Fm.,8.9655923843,5.1160535812,5.1160535812,4.0877480507,2.6333127022,90.977340698,0.0,0.2632479072,4.0837583542,80.384223938,88.279037476,8.5,0.0,0.0,0.0,0.1762311012,0.0,0.0,0.0,0.0,Sandstone/Shale,1
25/2-7,3997.4500006,479838.28125,6641081.0,-3971.547607,DUNLIN GP.,Sleipner Fm.,8.4139995575,6.7708568573,6.7708568573,5.1832623482,2.6332883835,83.634353638,0.0,0.2470772266,3.4315340519,77.586486816,88.283302307,8.5,0.0,0.0,0.0,0.0612874478,0.0,0.0,0.0,0.0,Sandstone/Shale,1
25/2-7,3998.8180006,479838.21875,6641081.0,-3972.914795,DUNLIN GP.,Sleipner Fm.,8.4175243378,8.2806615829,8.2806615829,6.2546410561,2.6476895809,78.948097229,0.0,0.2354729027,3.3910989761,75.249984741,87.003486633,8.5,0.0,0.0,0.0,0.0163793191,0.0,0.0,0.0,0.0,Sandstone/Shale,1
25/2-7,3999.2740006,479838.21875,6641081.0,-3973.370361,DUNLIN GP.,Sleipner Fm.,8.4498233795,8.4386644363,8.4386644363,6.4521570206,2.6382157803,82.581962585,0.0,0.2288276851,3.0917465687,74.663047791,86.632720947,8.5,0.0,0.0,0.0,0.0020000001,0.0,0.0,0.0,0.0,Sandstone/Shale,1
25/2-7,3999.7300006,479838.1875,6641081.0,-3973.826172,DUNLIN GP.,Sleipner Fm.,8.4563446045,8.12458992,8.12458992,6.3739142418,2.6359877586,81.519477844,0.0,0.2383424789,3.5919880867,75.356796265,86.724868774,8.5,0.0,0.0,0.0,0.0274692718,0.0,0.0,0.0,0.0,Sandstone/Shale,1
25/2-7,3999.8820006,479838.1875,6641081.0,-3973.978027,DUNLIN GP.,Sleipner Fm.,8.4290914536,7.9523963928,7.9523963928,6.3786334991,2.638999939,81.43497467,0.0,0.2456836104,3.4856977463,75.907958984,86.849533081,8.5,0.0,0.0,0.0,0.0337786041,0.0,0.0,0.0,0.0,Sandstone/Shale,1
25/2-7,4001.5540006,479838.15625,6641081.0,-3975.64917,DUNLIN GP.,Sleipner Fm.,8.5931911469,7.1841535568,7.1841535568,5.5761938095,2.6169247627,84.034210205,0.0,0.256012857,3.4345600605,77.484481812,87.194000244,8.5,0.0,0.0,0.0,0.0394194908,0.0,0.0,0.0,0.0,Sandstone/Shale,1
25/2-7,4002.1620006,479838.125,6641081.0,-3976.256836,DUNLIN GP.,Sleipner Fm.,8.4476575851,6.9404296875,6.9404296875,5.4952983856,2.6534090042,85.424209595,0.0,0.2394655645,3.2754123211,77.496711731,87.444000244,8.5,0.0,0.0,0.0,0.0425691009,0.0,0.0,0.0,0.0,Sandstone/Shale,1
25/2-7,4003.5300006,479838.09375,6641081.0,-3977.624023,DUNLIN GP.,Sleipner Fm.,8.5090093613,7.1570653915,7.1570653915,5.6083316803,2.6391909122,83.543495178,0.0,0.25769189,3.2423920631,77.811470032,88.694000244,8.5,0.0,0.0,0.0,0.0419999994,0.0,0.0,0.0,0.0,Sandstone/Shale,1
25/2-7,4003.8340006,479838.09375,6641081.0,-3977.927734,DUNLIN GP.,Sleipner Fm.,8.4977169037,7.3216047287,7.3216047287,5.6445727348,2.6379370689,84.09588623,0.0,0.2618950307,3.2475323677,77.419258118,88.774971008,8.5,0.0,0.0,0.0,0.0740504488,0.0,0.0,0.0,0.0,Sandstone/Shale,1
25/2-7,4004.2900006,479838.0625,6641081.0,-3978.383545,DUNLIN GP.,Sleipner Fm.,8.4641923904,7.2226901054,7.2226901054,5.75,2.6337914467,84.385910034,0.0,0.2568948269,3.3225185871,77.420028687,88.569000244,8.5,0.0,0.0,0.0,0.0738238841,0.0,0.0,0.0,0.0,Sandstone/Shale,1
25/2-7,4005.8100006,479838.03125,6641081.0,-3979.902588,DUNLIN GP.,Sleipner Fm.,8.4219999313,7.268597126,7.268597126,5.7421889305,2.6558814049,87.345184326,0.0,0.2388456762,2.8398823738,78.521461487,89.867752075,8.5,0.0,0.0,0.0,0.0381596014,0.0,0.0,0.0,0.0,Sandstone/Shale,1
25/2-7,4007.6340006,479837.96875,6641081.0,-3981.725586,DUNLIN GP.,Sleipner Fm.,8.7037391663,6.4436435699,6.4436435699,4.8886189461,2.6406486034,92.290939331,0.0,0.2751185,3.8796989918,79.972053528,90.430206299,8.5,0.0,0.0,0.0,0.1585316211,0.0,0.0,0.0,0.0,Shale,1
25/2-7,4009.4580006,479837.90625,6641081.0,-3983.54834,DUNLIN GP.,Sleipner Fm.,8.9120407104,6.5826196671,6.5826196671,5.1679310799,2.7031974792,89.380050659,0.0,0.2339557856,3.8743488789,78.91620636,91.069000244,8.5,0.0,0.0,0.0,0.3320986927,0.0,0.0,0.0,0.0,Sandstone/Shale,1
25/2-7,4011.5860006,479837.84375,6641081.0,-3985.675049,DUNLIN GP.,Sleipner Fm.,9.0103263855,5.9120221138,5.9120221138,4.3310317993,2.6786954403,96.539772034,0.0,0.2933743298,3.7224993706,82.618522644,92.329521179,8.5,0.0,0.0,0.0,0.2451583892,0.0,0.0,0.0,0.0,Shale,1
25/2-7,4015.0820006,479837.75,6641081.0,-3989.168945,DUNLIN GP.,Sleipner Fm.,9.6620388031,5.254216671,5.254216671,3.7602522373,2.5390775204,98.510108948,0.0,0.3229091167,4.6211910248,85.77456665,93.071426392,8.5,0.0,0.0,0.0,0.305174619,0.0,0.0,0.0,0.0,Shale,1
25/2-7,4015.6900006,479837.71875,6641081.0,-3989.776611,DUNLIN GP.,Sleipner Fm.,9.8986282349,4.5682077408,4.5682077408,3.6670527458,2.5860569477,94.123451233,0.0,0.2639675736,4.8134627342,84.304206848,92.971443176,8.5,0.0,0.0,0.0,0.3487154245,0.0,0.0,0.0,0.0,Shale,1
25/2-7,4016.9060006,479837.6875,6641081.0,-3990.991943,DUNLIN GP.,Sleipner Fm.,9.4572582245,4.2180094719,4.2180094719,3.3155524731,2.353613615,102.15119171,0.0,0.2821515501,4.9405417442,88.405693054,93.599998474,8.5,0.0,0.0,0.0,0.2472542822,0.0,0.0,0.0,0.0,Shale,1
25/2-7,4017.0580006,479837.6875,6641081.0,-3991.144043,DUNLIN GP.,Sleipner Fm.,9.4585180283,4.1740860939,4.1740860939,3.3074812889,2.4288816452,100.56646729,0.0,0.2781141698,5.022892952,88.782653809,93.718315125,8.5,0.0,0.0,0.0,0.2754488885,0.0,0.0,0.0,0.0,Shale,1
25/2-7,4018.7300006,479837.625,6641080.5,-3992.814697,DUNLIN GP.,Sleipner Fm.,9.4407548904,4.5121645927,4.5121645927,3.5580208302,2.4821023941,101.58997345,0.0,0.3020913601,4.7081079483,86.997657776,93.808799744,8.5,0.0,0.0,0.0,0.3084079921,0.0,0.0,0.0,0.0,Shale,1
25/2-7,4019.4900006,479837.625,6641080.5,-3993.574463,DUNLIN GP.,Sleipner Fm.,10.388751984,4.7257394791,4.7257394791,3.5593779087,2.3514170647,96.602897644,0.0,0.2943751514,5.0891542435,85.566734314,94.045379639,8.5,0.0,0.0,0.0,0.2847165465,0.0,0.0,0.0,0.0,Sandstone/Shale,1
